tx_id,sender_id,receiver_id,amount,timestamp,is_mule_flag
TXN-ad5fbfcb,ACC-1871,ACC-1683,2922.46,2026-08-05 01:06:06.161838,False
TXN-f4014f3a,ACC-1189,ACC-1120,1595.27,2026-08-05 01:10:06.161838,False
TXN-ec57fb30,ACC-1470,ACC-1338,2112.09,2026-08-05 01:14:06.161838,False
TXN-94405a72,ACC-1280,ACC-1480,3680.71,2026-08-05 01:18:06.161838,False
TXN-36f66e40,ACC-1784,ACC-1672,4081.94,2026-08-05 01:22:06.161838,False
TXN-c416f3a6,ACC-1884,ACC-1695,4119.32,2026-08-05 01:26:06.161838,False
TXN-4a8f523e,ACC-1626,ACC-1870,2248.73,2026-08-05 01:30:06.161838,False
TXN-ddf775c2,ACC-1842,ACC-1422,3829.51,2026-08-05 01:34:06.161838,False
TXN-cb05583b,ACC-1653,ACC-1300,3442.48,2026-08-05 01:38:06.161838,False
TXN-3f695304,ACC-1000,ACC-1815,4941.06,2026-08-05 01:42:06.161838,False
TXN-da4b750a,ACC-1433,ACC-1789,67310.24,2026-08-05 01:46:06.161838,True
TXN-595a76c9,ACC-1130,ACC-1758,3668.01,2026-08-05 01:50:06.161838,False
TXN-e87caf0f,ACC-1180,ACC-1325,1827.42,2026-08-05 01:54:06.161838,False
TXN-ef577b97,ACC-1164,ACC-1095,2506.31,2026-08-05 01:58:06.161838,False
TXN-846e4c85,ACC-1641,ACC-1154,181.23,2026-08-05 02:02:06.161838,False
TXN-25feb83b,ACC-1237,ACC-1539,111.46,2026-08-05 02:06:06.161838,False
TXN-5f236345,ACC-1890,ACC-1235,4814.79,2026-08-05 02:10:06.161838,False
TXN-45fe1442,ACC-1304,ACC-1235,3116.0,2026-08-05 02:14:06.161838,False
TXN-16e27271,ACC-1248,ACC-1035,2604.49,2026-08-05 02:18:06.161838,False
TXN-0625b628,ACC-1817,ACC-1287,72328.27,2026-08-05 02:22:06.161838,True
TXN-7ca6564b,ACC-1110,ACC-1573,4284.43,2026-08-05 02:26:06.161838,False
TXN-a09a41f4,ACC-1348,ACC-1906,3451.87,2026-08-05 02:30:06.161838,False
TXN-57a09fab,ACC-1764,ACC-1522,1381.62,2026-08-05 02:34:06.161838,False
TXN-4ae26cc0,ACC-1495,ACC-1743,4117.46,2026-08-05 02:38:06.161838,False
TXN-deff4754,ACC-1772,ACC-1054,4155.07,2026-08-05 02:42:06.161838,False
TXN-8315417d,ACC-1970,ACC-1687,669.63,2026-08-05 02:46:06.161838,False
TXN-b6ef08ba,ACC-1384,ACC-1305,3570.96,2026-08-05 02:50:06.161838,False
TXN-be4ad7d4,ACC-1542,ACC-1097,3421.17,2026-08-05 02:54:06.161838,False
TXN-3a85c57a,ACC-1343,ACC-1960,563.01,2026-08-05 02:58:06.161838,False
TXN-c6447e6d,ACC-1380,ACC-1942,1222.6,2026-08-05 03:02:06.161838,False
TXN-10b55cc9,ACC-1032,ACC-1583,2765.82,2026-08-05 03:06:06.161838,False
TXN-ea29997a,ACC-1520,ACC-1378,3087.45,2026-08-05 03:10:06.161838,False
TXN-d59e0a72,ACC-1968,ACC-1675,3312.2,2026-08-05 03:14:06.161838,False
TXN-c0a4fbc9,ACC-1745,ACC-1018,4955.42,2026-08-05 03:18:06.161838,False
TXN-5563227a,ACC-1194,ACC-1471,4986.55,2026-08-05 03:22:06.161838,False
TXN-ed700b7e,ACC-1057,ACC-1198,3732.26,2026-08-05 03:26:06.161838,False
TXN-ce13d464,ACC-1494,ACC-1509,4731.11,2026-08-05 03:30:06.161838,False
TXN-e4d79643,ACC-1203,ACC-1380,1395.49,2026-08-05 03:34:06.161838,False
TXN-09da5b01,ACC-1079,ACC-1648,4732.59,2026-08-05 03:38:06.161838,False
TXN-2a79ddbb,ACC-1165,ACC-1244,139359.83,2026-08-05 03:42:06.161838,True
TXN-3af9ded6,ACC-1141,ACC-1461,3243.61,2026-08-05 03:46:06.161838,False
TXN-fbfcc279,ACC-1513,ACC-1769,111.04,2026-08-05 03:50:06.161838,False
TXN-3d207b4b,ACC-1933,ACC-1197,699.29,2026-08-05 03:54:06.161838,False
TXN-a604b43b,ACC-1900,ACC-1173,2153.05,2026-08-05 03:58:06.161838,False
TXN-958dbe2c,ACC-1137,ACC-1030,1957.16,2026-08-05 04:02:06.161838,False
TXN-581263e1,ACC-1781,ACC-1854,3339.33,2026-08-05 04:06:06.161838,False
TXN-a80a0345,ACC-1402,ACC-1229,3305.24,2026-08-05 04:10:06.161838,False
TXN-be060f0e,ACC-1508,ACC-1311,3902.15,2026-08-05 04:14:06.161838,False
TXN-64fae439,ACC-1850,ACC-1277,2155.76,2026-08-05 04:18:06.161838,False
TXN-85cd51cd,ACC-1846,ACC-1969,418.47,2026-08-05 04:22:06.161838,False
TXN-a4a9c4a9,ACC-1085,ACC-1062,3130.32,2026-08-05 04:26:06.161838,False
TXN-3d56cc39,ACC-1004,ACC-1982,3548.24,2026-08-05 04:30:06.161838,False
TXN-7eaa9fb6,ACC-1059,ACC-1306,1524.34,2026-08-05 04:34:06.161838,False
TXN-50ba969f,ACC-1315,ACC-1803,2764.14,2026-08-05 04:38:06.161838,False
TXN-6b95c648,ACC-1245,ACC-1895,1823.88,2026-08-05 04:42:06.161838,False
TXN-869d16ca,ACC-1048,ACC-1798,4680.96,2026-08-05 04:46:06.161838,False
TXN-514f8c98,ACC-1297,ACC-1357,827.88,2026-08-05 04:50:06.161838,False
TXN-0b7771c4,ACC-1188,ACC-1784,4902.84,2026-08-05 04:54:06.161838,False
TXN-0bdca4aa,ACC-1789,ACC-1198,3196.28,2026-08-05 04:58:06.161838,False
TXN-e43f5ae7,ACC-1883,ACC-1296,196.3,2026-08-05 05:02:06.161838,False
TXN-36646ffa,ACC-1877,ACC-1450,3783.5,2026-08-05 05:06:06.161838,False
TXN-73694d60,ACC-1440,ACC-1067,4128.92,2026-08-05 05:10:06.161838,False
TXN-95a045d1,ACC-1689,ACC-1806,4809.65,2026-08-05 05:14:06.161838,False
TXN-5c73ad08,ACC-1919,ACC-1767,4053.46,2026-08-05 05:18:06.161838,False
TXN-57ed9d9e,ACC-1899,ACC-1990,3541.6,2026-08-05 05:22:06.161838,False
TXN-15c5f6e2,ACC-1399,ACC-1954,1326.49,2026-08-05 05:26:06.161838,False
TXN-99e97165,ACC-1131,ACC-1085,3605.57,2026-08-05 05:30:06.161838,False
TXN-21e54b5d,ACC-1286,ACC-1846,3145.63,2026-08-05 05:34:06.161838,False
TXN-9ec55727,ACC-1970,ACC-1893,3044.2,2026-08-05 05:38:06.161838,False
TXN-a23f2a5c,ACC-1706,ACC-1741,2979.53,2026-08-05 05:42:06.161838,False
TXN-062c3871,ACC-1507,ACC-1619,3385.05,2026-08-05 05:46:06.161838,False
TXN-5cc63a7c,ACC-1787,ACC-1373,679.97,2026-08-05 05:50:06.161838,False
TXN-c0029411,ACC-1548,ACC-1793,2678.82,2026-08-05 05:54:06.161838,False
TXN-2855d2c2,ACC-1126,ACC-1225,3638.44,2026-08-05 05:58:06.161838,False
TXN-d1064b6f,ACC-1782,ACC-1053,2531.12,2026-08-05 06:02:06.161838,False
TXN-75f0d540,ACC-1354,ACC-1659,1481.71,2026-08-05 06:06:06.161838,False
TXN-d89bb1b2,ACC-1206,ACC-1130,4236.69,2026-08-05 06:10:06.161838,False
TXN-a828c131,ACC-1676,ACC-1882,1531.21,2026-08-05 06:14:06.161838,False
TXN-4798023d,ACC-1088,ACC-1677,384.29,2026-08-05 06:18:06.161838,False
TXN-4827ac1b,ACC-1172,ACC-1878,1178.48,2026-08-05 06:22:06.161838,False
TXN-3713ada7,ACC-1868,ACC-1666,2695.44,2026-08-05 06:26:06.161838,False
TXN-220de045,ACC-1182,ACC-1219,895.86,2026-08-05 06:30:06.161838,False
TXN-15005b99,ACC-1974,ACC-1877,1068.31,2026-08-05 06:34:06.161838,False
TXN-4f191ac3,ACC-1796,ACC-1087,2665.33,2026-08-05 06:38:06.161838,False
TXN-81f57501,ACC-1900,ACC-1174,3423.64,2026-08-05 06:42:06.161838,False
TXN-f95493c1,ACC-1252,ACC-1111,3797.11,2026-08-05 06:46:06.161838,False
TXN-3a1640e3,ACC-1258,ACC-1018,736.67,2026-08-05 06:50:06.161838,False
TXN-002e9746,ACC-1903,ACC-1261,3779.69,2026-08-05 06:54:06.161838,False
TXN-c945166e,ACC-1434,ACC-1357,4060.6,2026-08-05 06:58:06.161838,False
TXN-2c29a2c6,ACC-1296,ACC-1642,1740.29,2026-08-05 07:02:06.161838,False
TXN-956506b5,ACC-1003,ACC-1860,1586.12,2026-08-05 07:06:06.161838,False
TXN-d24a82f2,ACC-1486,ACC-1499,2386.67,2026-08-05 07:10:06.161838,False
TXN-eae6a689,ACC-1127,ACC-1303,2856.77,2026-08-05 07:14:06.161838,False
TXN-e2b46c4c,ACC-1689,ACC-1997,1384.23,2026-08-05 07:18:06.161838,False
TXN-a2787dc2,ACC-1077,ACC-1838,1906.36,2026-08-05 07:22:06.161838,False
TXN-13b08837,ACC-1930,ACC-1355,3463.25,2026-08-05 07:26:06.161838,False
TXN-8bbc59e3,ACC-1193,ACC-1224,1172.57,2026-08-05 07:30:06.161838,False
TXN-5c7f8dad,ACC-1723,ACC-1893,2001.05,2026-08-05 07:34:06.161838,False
TXN-faa778a0,ACC-1377,ACC-1358,4881.53,2026-08-05 07:38:06.161838,False
TXN-5cc7fe5b,ACC-1824,ACC-1470,415.17,2026-08-05 07:42:06.161838,False
TXN-8e6a322a,ACC-1363,ACC-1729,2242.08,2026-08-05 07:46:06.161838,False
TXN-ba73cd96,ACC-1004,ACC-1006,874.85,2026-08-05 07:50:06.161838,False
TXN-69f59cf0,ACC-1937,ACC-1696,2878.63,2026-08-05 07:54:06.161838,False
TXN-b1a9e42f,ACC-1887,ACC-1764,3471.23,2026-08-05 07:58:06.161838,False
TXN-e87d69d7,ACC-1063,ACC-1202,558.21,2026-08-05 08:02:06.161838,False
TXN-ba121a76,ACC-1734,ACC-1694,3545.51,2026-08-05 08:06:06.161838,False
TXN-ae2f5ea5,ACC-1450,ACC-1932,1790.69,2026-08-05 08:10:06.161838,False
TXN-238d5dad,ACC-1076,ACC-1481,4339.72,2026-08-05 08:14:06.161838,False
TXN-aacc43e2,ACC-1189,ACC-1342,1397.57,2026-08-05 08:18:06.161838,False
TXN-c6a195d8,ACC-1350,ACC-1546,3200.28,2026-08-05 08:22:06.161838,False
TXN-8009c4d1,ACC-1446,ACC-1332,3061.33,2026-08-05 08:26:06.161838,False
TXN-a29f6fc0,ACC-1932,ACC-1829,722.81,2026-08-05 08:30:06.161838,False
TXN-d8130c82,ACC-1948,ACC-1784,150108.01,2026-08-05 08:34:06.161838,True
TXN-0884c76a,ACC-1484,ACC-1812,3825.03,2026-08-05 08:38:06.161838,False
TXN-94e63a82,ACC-1030,ACC-1865,1663.66,2026-08-05 08:42:06.161838,False
TXN-84780b16,ACC-1207,ACC-1555,3892.54,2026-08-05 08:46:06.161838,False
TXN-766ade9a,ACC-1626,ACC-1092,3053.87,2026-08-05 08:50:06.161838,False
TXN-4172916f,ACC-1076,ACC-1994,986.18,2026-08-05 08:54:06.161838,False
TXN-b31d122b,ACC-1325,ACC-1817,1001.9,2026-08-05 08:58:06.161838,False
TXN-ed0220e7,ACC-1694,ACC-1248,64041.02,2026-08-05 09:02:06.161838,True
TXN-266c56d7,ACC-1964,ACC-1638,1271.66,2026-08-05 09:06:06.161838,False
TXN-8f13f23e,ACC-1536,ACC-1729,183478.02,2026-08-05 09:10:06.161838,True
TXN-e18943e6,ACC-1144,ACC-1865,3990.2,2026-08-05 09:14:06.161838,False
TXN-f8d08859,ACC-1099,ACC-1504,4286.68,2026-08-05 09:18:06.161838,False
TXN-5f4039fb,ACC-1038,ACC-1478,3434.79,2026-08-05 09:22:06.161838,False
TXN-56c7ee25,ACC-1820,ACC-1484,714.36,2026-08-05 09:26:06.161838,False
TXN-45dd9a31,ACC-1923,ACC-1158,3337.72,2026-08-05 09:30:06.161838,False
TXN-c77162f8,ACC-1050,ACC-1289,3713.83,2026-08-05 09:34:06.161838,False
TXN-434d18e0,ACC-1061,ACC-1278,4520.66,2026-08-05 09:38:06.161838,False
TXN-8897ac9c,ACC-1395,ACC-1424,1089.0,2026-08-05 09:42:06.161838,False
TXN-98a3fec5,ACC-1139,ACC-1071,1241.46,2026-08-05 09:46:06.161838,False
TXN-26b0a61f,ACC-1701,ACC-1831,2235.36,2026-08-05 09:50:06.161838,False
TXN-8055290f,ACC-1017,ACC-1949,1361.28,2026-08-05 09:54:06.161838,False
TXN-38c7c83b,ACC-1511,ACC-1173,148836.63,2026-08-05 09:58:06.161838,True
TXN-fa832cce,ACC-1423,ACC-1064,3312.27,2026-08-05 10:02:06.161838,False
TXN-b35c96b0,ACC-1505,ACC-1218,2919.77,2026-08-05 10:06:06.161838,False
TXN-8716783a,ACC-1802,ACC-1161,547.06,2026-08-05 10:10:06.161838,False
TXN-0d24f384,ACC-1546,ACC-1138,3976.64,2026-08-05 10:14:06.161838,False
TXN-53077b52,ACC-1951,ACC-1531,3745.87,2026-08-05 10:18:06.161838,False
TXN-6a3c3679,ACC-1398,ACC-1351,149073.95,2026-08-05 10:22:06.161838,True
TXN-c01eee38,ACC-1270,ACC-1892,888.44,2026-08-05 10:26:06.161838,False
TXN-02de0aae,ACC-1737,ACC-1189,4472.09,2026-08-05 10:30:06.161838,False
TXN-019bbc60,ACC-1686,ACC-1086,218.59,2026-08-05 10:34:06.161838,False
TXN-887b1cec,ACC-1808,ACC-1029,2364.44,2026-08-05 10:38:06.161838,False
TXN-4a3153af,ACC-1081,ACC-1287,4718.92,2026-08-05 10:42:06.161838,False
TXN-6ac2b4ce,ACC-1959,ACC-1501,446.23,2026-08-05 10:46:06.161838,False
TXN-2c5d1029,ACC-1126,ACC-1098,2855.19,2026-08-05 10:50:06.161838,False
TXN-06ff2cc7,ACC-1568,ACC-1029,4877.8,2026-08-05 10:54:06.161838,False
TXN-25d1700b,ACC-1607,ACC-1543,3428.62,2026-08-05 10:58:06.161838,False
TXN-550d2482,ACC-1177,ACC-1652,4551.48,2026-08-05 11:02:06.161838,False
TXN-a34a6ccd,ACC-1378,ACC-1067,128073.9,2026-08-05 11:06:06.161838,True
TXN-916534b7,ACC-1508,ACC-1933,3163.63,2026-08-05 11:10:06.161838,False
TXN-0c747d4c,ACC-1385,ACC-1212,4901.95,2026-08-05 11:14:06.161838,False
TXN-e5e47c22,ACC-1792,ACC-1809,722.25,2026-08-05 11:18:06.161838,False
TXN-880f038a,ACC-1018,ACC-1582,180053.18,2026-08-05 11:22:06.161838,True
TXN-3d410211,ACC-1111,ACC-1370,4402.84,2026-08-05 11:26:06.161838,False
TXN-07a054f0,ACC-1668,ACC-1809,2626.29,2026-08-05 11:30:06.161838,False
TXN-5fcd779b,ACC-1297,ACC-1665,4160.96,2026-08-05 11:34:06.161838,False
TXN-4f93a67c,ACC-1644,ACC-1572,2837.15,2026-08-05 11:38:06.161838,False
TXN-5940c8c1,ACC-1481,ACC-1441,2775.82,2026-08-05 11:42:06.161838,False
TXN-ecc03912,ACC-1914,ACC-1978,4122.48,2026-08-05 11:46:06.161838,False
TXN-8c5233f2,ACC-1707,ACC-1817,3193.51,2026-08-05 11:50:06.161838,False
TXN-fd3507e6,ACC-1390,ACC-1332,3527.88,2026-08-05 11:54:06.161838,False
TXN-e6e7734f,ACC-1838,ACC-1155,4657.45,2026-08-05 11:58:06.161838,False
TXN-8095656d,ACC-1532,ACC-1833,2945.31,2026-08-05 12:02:06.161838,False
TXN-36b78ae8,ACC-1947,ACC-1042,803.95,2026-08-05 12:06:06.161838,False
TXN-0fdef53c,ACC-1788,ACC-1577,2936.7,2026-08-05 12:10:06.161838,False
TXN-49c1ef38,ACC-1847,ACC-1168,3051.18,2026-08-05 12:14:06.161838,False
TXN-3132f5fa,ACC-1006,ACC-1866,2395.72,2026-08-05 12:18:06.161838,False
TXN-ec7e5874,ACC-1112,ACC-1551,1271.28,2026-08-05 12:22:06.161838,False
TXN-8486d39f,ACC-1897,ACC-1084,2905.31,2026-08-05 12:26:06.161838,False
TXN-9e09cbcf,ACC-1362,ACC-1242,2966.39,2026-08-05 12:30:06.161838,False
TXN-f19d9e62,ACC-1538,ACC-1590,2837.66,2026-08-05 12:34:06.161838,False
TXN-cceaff93,ACC-1315,ACC-1580,683.89,2026-08-05 12:38:06.161838,False
TXN-e5c824c3,ACC-1127,ACC-1793,3590.69,2026-08-05 12:42:06.161838,False
TXN-26413706,ACC-1137,ACC-1157,1648.21,2026-08-05 12:46:06.161838,False
TXN-d54435d9,ACC-1135,ACC-1771,4325.03,2026-08-05 12:50:06.161838,False
TXN-79d6b9d9,ACC-1065,ACC-1496,4065.92,2026-08-05 12:54:06.161838,False
TXN-2fc9efe9,ACC-1604,ACC-1729,949.57,2026-08-05 12:58:06.161838,False
TXN-1d57b214,ACC-1938,ACC-1012,3698.3,2026-08-05 13:02:06.161838,False
TXN-9a6efb81,ACC-1822,ACC-1941,3763.72,2026-08-05 13:06:06.161838,False
TXN-577d7a60,ACC-1591,ACC-1294,3411.87,2026-08-05 13:10:06.161838,False
TXN-dd2e1d33,ACC-1090,ACC-1684,1845.86,2026-08-05 13:14:06.161838,False
TXN-acb00fc4,ACC-1062,ACC-1116,2578.01,2026-08-05 13:18:06.161838,False
TXN-281be9ff,ACC-1656,ACC-1032,3611.78,2026-08-05 13:22:06.161838,False
TXN-b66dee0d,ACC-1696,ACC-1549,2026.37,2026-08-05 13:26:06.161838,False
TXN-e9fb37c1,ACC-1032,ACC-1624,705.72,2026-08-05 13:30:06.161838,False
TXN-3d7a8522,ACC-1624,ACC-1155,1357.29,2026-08-05 13:34:06.161838,False
TXN-2f2ecd12,ACC-1207,ACC-1203,122778.81,2026-08-05 13:38:06.161838,True
TXN-531ca820,ACC-1117,ACC-1691,1285.39,2026-08-05 13:42:06.161838,False
TXN-47d321ef,ACC-1999,ACC-1132,2014.79,2026-08-05 13:46:06.161838,False
TXN-57c87572,ACC-1233,ACC-1623,3701.71,2026-08-05 13:50:06.161838,False
TXN-985ed19b,ACC-1976,ACC-1543,556.75,2026-08-05 13:54:06.161838,False
TXN-f8d0f1a8,ACC-1514,ACC-1566,1001.63,2026-08-05 13:58:06.161838,False
TXN-43cea9be,ACC-1123,ACC-1374,4273.85,2026-08-05 14:02:06.161838,False
TXN-7a25926b,ACC-1863,ACC-1624,492.72,2026-08-05 14:06:06.161838,False
TXN-3f979c05,ACC-1058,ACC-1178,3789.72,2026-08-05 14:10:06.161838,False
TXN-a5b1b7ab,ACC-1222,ACC-1038,4853.34,2026-08-05 14:14:06.161838,False
TXN-05e8e8ed,ACC-1705,ACC-1729,4381.01,2026-08-05 14:18:06.161838,False
TXN-b9e241fe,ACC-1403,ACC-1239,4320.77,2026-08-05 14:22:06.161838,False
TXN-cd761b2d,ACC-1500,ACC-1766,2437.46,2026-08-05 14:26:06.161838,False
TXN-9ce62e9c,ACC-1333,ACC-1840,4115.76,2026-08-05 14:30:06.161838,False
TXN-59f4975c,ACC-1402,ACC-1234,4164.73,2026-08-05 14:34:06.161838,False
TXN-cbfea748,ACC-1340,ACC-1322,790.7,2026-08-05 14:38:06.161838,False
TXN-7b55cb54,ACC-1201,ACC-1445,3989.08,2026-08-05 14:42:06.161838,False
TXN-7f4f8776,ACC-1549,ACC-1782,821.43,2026-08-05 14:46:06.161838,False
TXN-87df699d,ACC-1572,ACC-1998,69438.42,2026-08-05 14:50:06.161838,True
TXN-93a94305,ACC-1695,ACC-1729,3422.0,2026-08-05 14:54:06.161838,False
TXN-3218bd7d,ACC-1538,ACC-1483,2589.32,2026-08-05 14:58:06.161838,False
TXN-7e45c753,ACC-1605,ACC-1281,4023.45,2026-08-05 15:02:06.161838,False
TXN-b806446b,ACC-1587,ACC-1517,1706.66,2026-08-05 15:06:06.161838,False
TXN-239100a7,ACC-1556,ACC-1020,132741.55,2026-08-05 15:10:06.161838,True
TXN-adb94e13,ACC-1731,ACC-1346,589.73,2026-08-05 15:14:06.161838,False
TXN-ee04ffd8,ACC-1562,ACC-1916,1577.55,2026-08-05 15:18:06.161838,False
TXN-d97a494e,ACC-1070,ACC-1026,638.89,2026-08-05 15:22:06.161838,False
TXN-5c686f50,ACC-1671,ACC-1419,2684.71,2026-08-05 15:26:06.161838,False
TXN-925906b8,ACC-1172,ACC-1112,4262.31,2026-08-05 15:30:06.161838,False
TXN-926528fc,ACC-1088,ACC-1456,2125.98,2026-08-05 15:34:06.161838,False
TXN-020cab78,ACC-1114,ACC-1327,4927.59,2026-08-05 15:38:06.161838,False
TXN-4d315cfe,ACC-1240,ACC-1881,3999.56,2026-08-05 15:42:06.161838,False
TXN-35ba39c3,ACC-1240,ACC-1062,3324.61,2026-08-05 15:46:06.161838,False
TXN-e4414fba,ACC-1221,ACC-1254,1216.86,2026-08-05 15:50:06.161838,False
TXN-cfc8f017,ACC-1263,ACC-1357,4727.24,2026-08-05 15:54:06.161838,False
TXN-debc895e,ACC-1905,ACC-1572,3679.6,2026-08-05 15:58:06.161838,False
TXN-1b5d6b57,ACC-1866,ACC-1416,334.51,2026-08-05 16:02:06.161838,False
TXN-7201f759,ACC-1095,ACC-1225,4168.08,2026-08-05 16:06:06.161838,False
TXN-3a066b32,ACC-1825,ACC-1729,3994.92,2026-08-05 16:10:06.161838,False
TXN-b2beaa1f,ACC-1750,ACC-1414,393.96,2026-08-05 16:14:06.161838,False
TXN-d8399ebe,ACC-1545,ACC-1986,4747.87,2026-08-05 16:18:06.161838,False
TXN-22234492,ACC-1627,ACC-1209,3774.27,2026-08-05 16:22:06.161838,False
TXN-5caecfad,ACC-1171,ACC-1978,129976.74,2026-08-05 16:26:06.161838,True
TXN-d057bb2d,ACC-1708,ACC-1488,103.07,2026-08-05 16:30:06.161838,False
TXN-37a7345a,ACC-1740,ACC-1263,947.82,2026-08-05 16:34:06.161838,False
TXN-04850508,ACC-1501,ACC-1610,2717.95,2026-08-05 16:38:06.161838,False
TXN-3ff32229,ACC-1610,ACC-1269,2817.3,2026-08-05 16:42:06.161838,False
TXN-e2656e1a,ACC-1416,ACC-1937,3744.8,2026-08-05 16:46:06.161838,False
TXN-252a72c2,ACC-1220,ACC-1725,4861.11,2026-08-05 16:50:06.161838,False
TXN-f4ae8638,ACC-1195,ACC-1586,3328.94,2026-08-05 16:54:06.161838,False
TXN-160e57a1,ACC-1258,ACC-1839,454.6,2026-08-05 16:58:06.161838,False
TXN-0b6423a5,ACC-1257,ACC-1405,2649.52,2026-08-05 17:02:06.161838,False
TXN-fd7b900c,ACC-1408,ACC-1896,865.62,2026-08-05 17:06:06.161838,False
TXN-4c76f215,ACC-1292,ACC-1243,3066.08,2026-08-05 17:10:06.161838,False
TXN-b1e7f90e,ACC-1131,ACC-1149,193080.23,2026-08-05 17:14:06.161838,True
TXN-17aee227,ACC-1967,ACC-1674,4026.6,2026-08-05 17:18:06.161838,False
TXN-2ebffc83,ACC-1227,ACC-1691,3576.16,2026-08-05 17:22:06.161838,False
TXN-05cf3f06,ACC-1286,ACC-1779,1226.74,2026-08-05 17:26:06.161838,False
TXN-a9270752,ACC-1714,ACC-1696,4258.34,2026-08-05 17:30:06.161838,False
TXN-57b2091a,ACC-1898,ACC-1220,659.41,2026-08-05 17:34:06.161838,False
TXN-5c6908f1,ACC-1723,ACC-1296,3419.58,2026-08-05 17:38:06.161838,False
TXN-358caea7,ACC-1264,ACC-1579,4998.45,2026-08-05 17:42:06.161838,False
TXN-c7d6bccb,ACC-1549,ACC-1720,684.5,2026-08-05 17:46:06.161838,False
TXN-b28b8320,ACC-1964,ACC-1188,1722.21,2026-08-05 17:50:06.161838,False
TXN-a567c1fd,ACC-1117,ACC-1049,4564.22,2026-08-05 17:54:06.161838,False
TXN-95140d20,ACC-1648,ACC-1842,549.28,2026-08-05 17:58:06.161838,False
TXN-091cbbb9,ACC-1961,ACC-1191,529.52,2026-08-05 18:02:06.161838,False
TXN-cca94acd,ACC-1205,ACC-1958,101238.84,2026-08-05 18:06:06.161838,True
TXN-6fa5b794,ACC-1899,ACC-1513,3952.21,2026-08-05 18:10:06.161838,False
TXN-6e7874f4,ACC-1042,ACC-1257,4519.46,2026-08-05 18:14:06.161838,False
TXN-34064dc5,ACC-1960,ACC-1205,860.39,2026-08-05 18:18:06.161838,False
TXN-e32c4cc6,ACC-1622,ACC-1182,1683.63,2026-08-05 18:22:06.161838,False
TXN-c4bf5fb7,ACC-1311,ACC-1418,4031.03,2026-08-05 18:26:06.161838,False
TXN-cbf8537c,ACC-1404,ACC-1191,1981.52,2026-08-05 18:30:06.161838,False
TXN-d4615bde,ACC-1348,ACC-1790,2951.94,2026-08-05 18:34:06.161838,False
TXN-f82c947f,ACC-1219,ACC-1956,2867.48,2026-08-05 18:38:06.161838,False
TXN-4d00e2c4,ACC-1450,ACC-1989,2171.26,2026-08-05 18:42:06.161838,False
TXN-515504ed,ACC-1706,ACC-1205,2760.06,2026-08-05 18:46:06.161838,False
TXN-5356e497,ACC-1983,ACC-1454,3581.74,2026-08-05 18:50:06.161838,False
TXN-2e6794e0,ACC-1768,ACC-1282,1241.84,2026-08-05 18:54:06.161838,False
TXN-bef74be8,ACC-1221,ACC-1623,181027.05,2026-08-05 18:58:06.161838,True
TXN-510a1499,ACC-1131,ACC-1738,120.4,2026-08-05 19:02:06.161838,False
TXN-357e95a0,ACC-1006,ACC-1555,3843.81,2026-08-05 19:06:06.161838,False
TXN-b0815752,ACC-1140,ACC-1970,1750.04,2026-08-05 19:10:06.161838,False
TXN-e1d9c365,ACC-1560,ACC-1251,2152.03,2026-08-05 19:14:06.161838,False
TXN-726215c8,ACC-1195,ACC-1688,87260.08,2026-08-05 19:18:06.161838,True
TXN-408c2063,ACC-1172,ACC-1540,649.58,2026-08-05 19:22:06.161838,False
TXN-8f569b2f,ACC-1940,ACC-1436,1009.93,2026-08-05 19:26:06.161838,False
TXN-4917a6d4,ACC-1928,ACC-1256,2413.18,2026-08-05 19:30:06.161838,False
TXN-ecb2bfc7,ACC-1777,ACC-1620,4079.62,2026-08-05 19:34:06.161838,False
TXN-bcb4ff7c,ACC-1349,ACC-1386,997.0,2026-08-05 19:38:06.161838,False
TXN-4775b9ff,ACC-1086,ACC-1773,3460.66,2026-08-05 19:42:06.161838,False
TXN-874962c8,ACC-1682,ACC-1727,1377.45,2026-08-05 19:46:06.161838,False
TXN-9412f18a,ACC-1680,ACC-1377,2793.36,2026-08-05 19:50:06.161838,False
TXN-969f02e0,ACC-1631,ACC-1722,941.25,2026-08-05 19:54:06.161838,False
TXN-631fdd71,ACC-1934,ACC-1610,1071.78,2026-08-05 19:58:06.161838,False
TXN-af32b47f,ACC-1369,ACC-1358,737.53,2026-08-05 20:02:06.161838,False
TXN-9f8a947a,ACC-1890,ACC-1026,258.34,2026-08-05 20:06:06.161838,False
TXN-f26966c0,ACC-1022,ACC-1323,672.96,2026-08-05 20:10:06.161838,False
TXN-7cd1098f,ACC-1447,ACC-1111,4828.54,2026-08-05 20:14:06.161838,False
TXN-5a878cb6,ACC-1732,ACC-1195,3478.51,2026-08-05 20:18:06.161838,False
TXN-ce468099,ACC-1598,ACC-1295,167.62,2026-08-05 20:22:06.161838,False
TXN-6cfc4ee0,ACC-1488,ACC-1876,3850.63,2026-08-05 20:26:06.161838,False
TXN-d99bd9c7,ACC-1159,ACC-1915,90208.83,2026-08-05 20:30:06.161838,True
TXN-68bb9f45,ACC-1952,ACC-1453,4208.34,2026-08-05 20:34:06.161838,False
TXN-2bfec790,ACC-1415,ACC-1593,154256.72,2026-08-05 20:38:06.161838,True
TXN-d7b1daee,ACC-1831,ACC-1492,3189.41,2026-08-05 20:42:06.161838,False
TXN-ade7535d,ACC-1127,ACC-1848,3224.71,2026-08-05 20:46:06.161838,False
TXN-408077bb,ACC-1194,ACC-1292,393.54,2026-08-05 20:50:06.161838,False
TXN-9d41e9ce,ACC-1358,ACC-1912,1256.87,2026-08-05 20:54:06.161838,False
TXN-e9204e21,ACC-1577,ACC-1042,1210.73,2026-08-05 20:58:06.161838,False
TXN-c07b5fe8,ACC-1013,ACC-1796,1923.34,2026-08-05 21:02:06.161838,False
TXN-8e4e882c,ACC-1525,ACC-1310,907.85,2026-08-05 21:06:06.161838,False
TXN-5c219c76,ACC-1706,ACC-1241,2970.46,2026-08-05 21:10:06.161838,False
TXN-a7e046e7,ACC-1640,ACC-1365,926.68,2026-08-05 21:14:06.161838,False
TXN-8c84d238,ACC-1239,ACC-1071,2652.78,2026-08-05 21:18:06.161838,False
TXN-6a3a5644,ACC-1196,ACC-1756,1460.7,2026-08-05 21:22:06.161838,False
TXN-6dce5f53,ACC-1086,ACC-1823,1138.29,2026-08-05 21:26:06.161838,False
TXN-320c06b5,ACC-1423,ACC-1639,2215.39,2026-08-05 21:30:06.161838,False
TXN-0f050ba7,ACC-1065,ACC-1914,529.21,2026-08-05 21:34:06.161838,False
TXN-aed6103a,ACC-1841,ACC-1451,2262.42,2026-08-05 21:38:06.161838,False
TXN-52c447b8,ACC-1475,ACC-1475,4996.25,2026-08-05 21:42:06.161838,False
TXN-bc9c1efc,ACC-1634,ACC-1920,3062.54,2026-08-05 21:46:06.161838,False
TXN-0147e264,ACC-1087,ACC-1986,236.35,2026-08-05 21:50:06.161838,False
TXN-ac154d61,ACC-1637,ACC-1606,2242.26,2026-08-05 21:54:06.161838,False
TXN-106b9de8,ACC-1229,ACC-1278,2058.55,2026-08-05 21:58:06.161838,False
TXN-c2e85dfa,ACC-1542,ACC-1477,3892.85,2026-08-05 22:02:06.161838,False
TXN-e24396a5,ACC-1705,ACC-1421,3074.72,2026-08-05 22:06:06.161838,False
TXN-4a4404fd,ACC-1794,ACC-1305,571.01,2026-08-05 22:10:06.161838,False
TXN-d8c24978,ACC-1601,ACC-1182,3801.53,2026-08-05 22:14:06.161838,False
TXN-e07f4753,ACC-1456,ACC-1286,1631.94,2026-08-05 22:18:06.161838,False
TXN-6ae66f4c,ACC-1489,ACC-1972,3742.87,2026-08-05 22:22:06.161838,False
TXN-60298e9a,ACC-1820,ACC-1861,1307.28,2026-08-05 22:26:06.161838,False
TXN-eeb916d5,ACC-1059,ACC-1469,2053.32,2026-08-05 22:30:06.161838,False
TXN-e0955da8,ACC-1693,ACC-1552,1524.28,2026-08-05 22:34:06.161838,False
TXN-3936a5e7,ACC-1616,ACC-1938,1247.07,2026-08-05 22:38:06.161838,False
TXN-0f1495a9,ACC-1743,ACC-1803,2284.86,2026-08-05 22:42:06.161838,False
TXN-f942293a,ACC-1719,ACC-1856,509.56,2026-08-05 22:46:06.161838,False
TXN-22ea564e,ACC-1102,ACC-1042,457.51,2026-08-05 22:50:06.161838,False
TXN-f601deee,ACC-1195,ACC-1689,500.96,2026-08-05 22:54:06.161838,False
TXN-004b9376,ACC-1108,ACC-1334,2806.9,2026-08-05 22:58:06.161838,False
TXN-489f0dd6,ACC-1012,ACC-1400,3398.96,2026-08-05 23:02:06.161838,False
TXN-313e9bb5,ACC-1204,ACC-1729,3464.87,2026-08-05 23:06:06.161838,False
TXN-ea123438,ACC-1549,ACC-1516,4177.6,2026-08-05 23:10:06.161838,False
TXN-02c23c79,ACC-1339,ACC-1443,2831.52,2026-08-05 23:14:06.161838,False
TXN-b091d7b7,ACC-1997,ACC-1165,1508.37,2026-08-05 23:18:06.161838,False
TXN-3b733aba,ACC-1007,ACC-1455,3434.31,2026-08-05 23:22:06.161838,False
TXN-d4a99867,ACC-1582,ACC-1051,3612.74,2026-08-05 23:26:06.161838,False
TXN-a5710e65,ACC-1594,ACC-1376,1174.01,2026-08-05 23:30:06.161838,False
TXN-b298b2ab,ACC-1860,ACC-1490,2539.9,2026-08-05 23:34:06.161838,False
TXN-74acee83,ACC-1027,ACC-1906,2633.55,2026-08-05 23:38:06.161838,False
TXN-8d6e2bc9,ACC-1855,ACC-1577,398.45,2026-08-05 23:42:06.161838,False
TXN-2cb2b7c1,ACC-1974,ACC-1209,285.12,2026-08-05 23:46:06.161838,False
TXN-c8637763,ACC-1823,ACC-1811,2873.48,2026-08-05 23:50:06.161838,False
TXN-5aca0114,ACC-1498,ACC-1636,4722.91,2026-08-05 23:54:06.161838,False
TXN-44f7d334,ACC-1853,ACC-1990,478.06,2026-08-05 23:58:06.161838,False
TXN-6590614a,ACC-1444,ACC-1082,3357.48,2026-08-06 00:02:06.161838,False
TXN-2aa77f52,ACC-1772,ACC-1063,2531.6,2026-08-06 00:06:06.161838,False
TXN-bd67554a,ACC-1534,ACC-1588,1555.17,2026-08-06 00:10:06.161838,False
TXN-4dc31cf0,ACC-1296,ACC-1898,3771.64,2026-08-06 00:14:06.161838,False
TXN-1d39689a,ACC-1387,ACC-1889,1781.42,2026-08-06 00:18:06.161838,False
TXN-e1f49e76,ACC-1984,ACC-1824,727.5,2026-08-06 00:22:06.161838,False
TXN-c44bef1c,ACC-1729,ACC-1318,1365.56,2026-08-06 00:26:06.161838,False
TXN-9c018e2f,ACC-1964,ACC-1097,4982.07,2026-08-06 00:30:06.161838,False
TXN-95516a16,ACC-1206,ACC-1539,1901.28,2026-08-06 00:34:06.161838,False
TXN-39b01d34,ACC-1254,ACC-1622,4308.7,2026-08-06 00:38:06.161838,False
TXN-1a7e8ba5,ACC-1828,ACC-1729,1684.99,2026-08-06 00:42:06.161838,False
TXN-bad51d61,ACC-1707,ACC-1854,3941.54,2026-08-06 00:46:06.161838,False
TXN-4925685b,ACC-1843,ACC-1653,155.01,2026-08-06 00:50:06.161838,False
TXN-bdba4264,ACC-1452,ACC-1186,2998.09,2026-08-06 00:54:06.161838,False
TXN-acb9fdc8,ACC-1414,ACC-1915,4192.15,2026-08-06 00:58:06.161838,False
TXN-f9b17971,ACC-1018,ACC-1819,1314.74,2026-08-06 01:02:06.161838,False
TXN-1f6d5add,ACC-1678,ACC-1280,2841.8,2026-08-06 01:06:06.161838,False
TXN-7c5e4a93,ACC-1040,ACC-1892,1127.33,2026-08-06 01:10:06.161838,False
TXN-2abd4b53,ACC-1595,ACC-1815,1006.44,2026-08-06 01:14:06.161838,False
TXN-dd08b294,ACC-1874,ACC-1970,1212.72,2026-08-06 01:18:06.161838,False
TXN-c76510f6,ACC-1839,ACC-1983,4158.68,2026-08-06 01:22:06.161838,False
TXN-508e2492,ACC-1661,ACC-1616,2022.38,2026-08-06 01:26:06.161838,False
TXN-34b43781,ACC-1617,ACC-1479,2743.52,2026-08-06 01:30:06.161838,False
TXN-a5522364,ACC-1932,ACC-1551,137363.87,2026-08-06 01:34:06.161838,True
TXN-d4ada00a,ACC-1390,ACC-1025,1724.94,2026-08-06 01:38:06.161838,False
TXN-7d9ec33a,ACC-1796,ACC-1300,1142.27,2026-08-06 01:42:06.161838,False
TXN-a850e86c,ACC-1212,ACC-1062,2478.25,2026-08-06 01:46:06.161838,False
TXN-b5c47690,ACC-1909,ACC-1166,875.96,2026-08-06 01:50:06.161838,False
TXN-de1dfb9d,ACC-1721,ACC-1365,4161.34,2026-08-06 01:54:06.161838,False
TXN-2b9f75a7,ACC-1192,ACC-1486,4284.76,2026-08-06 01:58:06.161838,False
TXN-c4fe2deb,ACC-1419,ACC-1806,1331.94,2026-08-06 02:02:06.161838,False
TXN-41a7d6e8,ACC-1885,ACC-1228,3836.91,2026-08-06 02:06:06.161838,False
TXN-183332d4,ACC-1517,ACC-1416,3715.95,2026-08-06 02:10:06.161838,False
TXN-45831992,ACC-1605,ACC-1942,2039.98,2026-08-06 02:14:06.161838,False
TXN-e464989a,ACC-1298,ACC-1726,2579.05,2026-08-06 02:18:06.161838,False
TXN-eecfee3f,ACC-1320,ACC-1015,3207.55,2026-08-06 02:22:06.161838,False
TXN-84b80b42,ACC-1659,ACC-1409,3396.56,2026-08-06 02:26:06.161838,False
TXN-00ea35a8,ACC-1222,ACC-1643,3398.56,2026-08-06 02:30:06.161838,False
TXN-8c11a2e6,ACC-1056,ACC-1676,4032.8,2026-08-06 02:34:06.161838,False
TXN-e8a4877b,ACC-1180,ACC-1715,1875.81,2026-08-06 02:38:06.161838,False
TXN-8733f289,ACC-1272,ACC-1444,2304.67,2026-08-06 02:42:06.161838,False
TXN-dfe2f948,ACC-1401,ACC-1368,4318.3,2026-08-06 02:46:06.161838,False
TXN-0fd0fe52,ACC-1351,ACC-1363,2215.19,2026-08-06 02:50:06.161838,False
TXN-3887d651,ACC-1750,ACC-1718,170607.97,2026-08-06 02:54:06.161838,True
TXN-494b6c93,ACC-1248,ACC-1491,423.42,2026-08-06 02:58:06.161838,False
TXN-0e007a1f,ACC-1996,ACC-1955,125199.64,2026-08-06 03:02:06.161838,True
TXN-62eb9ff3,ACC-1689,ACC-1953,489.23,2026-08-06 03:06:06.161838,False
TXN-df71ed70,ACC-1875,ACC-1155,3194.47,2026-08-06 03:10:06.161838,False
TXN-9ece8f88,ACC-1134,ACC-1002,1598.54,2026-08-06 03:14:06.161838,False
TXN-95d8ce04,ACC-1425,ACC-1106,4657.44,2026-08-06 03:18:06.161838,False
TXN-6a315303,ACC-1098,ACC-1183,3305.84,2026-08-06 03:22:06.161838,False
TXN-3a6ad541,ACC-1427,ACC-1723,3258.51,2026-08-06 03:26:06.161838,False
TXN-9bb986c6,ACC-1610,ACC-1333,4195.13,2026-08-06 03:30:06.161838,False
TXN-583e3116,ACC-1680,ACC-1862,3851.68,2026-08-06 03:34:06.161838,False
TXN-b3c6bce3,ACC-1020,ACC-1444,4344.77,2026-08-06 03:38:06.161838,False
TXN-833b6512,ACC-1242,ACC-1012,1355.55,2026-08-06 03:42:06.161838,False
TXN-fa6ab6bc,ACC-1610,ACC-1012,2446.8,2026-08-06 03:46:06.161838,False
TXN-edab9a62,ACC-1054,ACC-1698,2500.09,2026-08-06 03:50:06.161838,False
TXN-0a8bfa34,ACC-1239,ACC-1051,4148.37,2026-08-06 03:54:06.161838,False
TXN-1ecddabb,ACC-1585,ACC-1430,2684.13,2026-08-06 03:58:06.161838,False
TXN-0c145f47,ACC-1652,ACC-1012,1244.7,2026-08-06 04:02:06.161838,False
TXN-8956e87d,ACC-1613,ACC-1093,3071.17,2026-08-06 04:06:06.161838,False
TXN-48eb92c8,ACC-1782,ACC-1490,242.63,2026-08-06 04:10:06.161838,False
TXN-8eb6d08d,ACC-1539,ACC-1323,958.47,2026-08-06 04:14:06.161838,False
TXN-c252f121,ACC-1177,ACC-1511,2157.69,2026-08-06 04:18:06.161838,False
TXN-9bf0133b,ACC-1630,ACC-1012,3575.2,2026-08-06 04:22:06.161838,False
TXN-3fc08b78,ACC-1010,ACC-1549,1050.24,2026-08-06 04:26:06.161838,False
TXN-45d84a76,ACC-1082,ACC-1077,4318.06,2026-08-06 04:30:06.161838,False
TXN-8deb962c,ACC-1667,ACC-1793,820.1,2026-08-06 04:34:06.161838,False
TXN-d7ad78cf,ACC-1764,ACC-1557,1559.71,2026-08-06 04:38:06.161838,False
TXN-dd439106,ACC-1779,ACC-1142,258.65,2026-08-06 04:42:06.161838,False
TXN-74152ce1,ACC-1438,ACC-1768,126.79,2026-08-06 04:46:06.161838,False
TXN-451a6fef,ACC-1792,ACC-1210,4989.04,2026-08-06 04:50:06.161838,False
TXN-5bff3c89,ACC-1834,ACC-1534,2623.46,2026-08-06 04:54:06.161838,False
TXN-9dbf40b8,ACC-1623,ACC-1699,2006.18,2026-08-06 04:58:06.161838,False
TXN-a69a6b26,ACC-1382,ACC-1004,3646.08,2026-08-06 05:02:06.161838,False
TXN-406d93ba,ACC-1131,ACC-1619,4997.14,2026-08-06 05:06:06.161838,False
TXN-45c64840,ACC-1380,ACC-1503,4979.42,2026-08-06 05:10:06.161838,False
TXN-bebf2d2c,ACC-1598,ACC-1381,4029.73,2026-08-06 05:14:06.161838,False
TXN-5db095c2,ACC-1892,ACC-1137,1728.42,2026-08-06 05:18:06.161838,False
TXN-4b894646,ACC-1574,ACC-1546,2750.31,2026-08-06 05:22:06.161838,False
TXN-7039b558,ACC-1052,ACC-1435,4180.97,2026-08-06 05:26:06.161838,False
TXN-5dac1cbb,ACC-1272,ACC-1163,2550.02,2026-08-06 05:30:06.161838,False
TXN-48eb1b57,ACC-1788,ACC-1839,4337.4,2026-08-06 05:34:06.161838,False
TXN-f6e201be,ACC-1933,ACC-1509,861.21,2026-08-06 05:38:06.161838,False
TXN-3fc1930b,ACC-1912,ACC-1280,2478.31,2026-08-06 05:42:06.161838,False
TXN-1dff1088,ACC-1715,ACC-1768,683.71,2026-08-06 05:46:06.161838,False
TXN-b68cd5f5,ACC-1115,ACC-1900,2529.84,2026-08-06 05:50:06.161838,False
TXN-d797ea1b,ACC-1951,ACC-1118,924.87,2026-08-06 05:54:06.161838,False
TXN-24e2e6e5,ACC-1162,ACC-1490,1721.2,2026-08-06 05:58:06.161838,False
TXN-f3e2ef8f,ACC-1472,ACC-1046,285.18,2026-08-06 06:02:06.161838,False
TXN-9d3f5712,ACC-1054,ACC-1066,1795.99,2026-08-06 06:06:06.161838,False
TXN-99b997c2,ACC-1460,ACC-1715,1281.74,2026-08-06 06:10:06.161838,False
TXN-d73008d2,ACC-1679,ACC-1416,1088.04,2026-08-06 06:14:06.161838,False
TXN-b0df4f5a,ACC-1625,ACC-1022,3262.8,2026-08-06 06:18:06.161838,False
TXN-28a77abc,ACC-1218,ACC-1071,2454.98,2026-08-06 06:22:06.161838,False
TXN-8ad0f3df,ACC-1309,ACC-1034,835.53,2026-08-06 06:26:06.161838,False
TXN-f045e613,ACC-1138,ACC-1412,1519.29,2026-08-06 06:30:06.161838,False
TXN-b1d281f1,ACC-1545,ACC-1109,185898.0,2026-08-06 06:34:06.161838,True
TXN-898b2835,ACC-1236,ACC-1423,4909.81,2026-08-06 06:38:06.161838,False
TXN-6d3929a7,ACC-1541,ACC-1964,156470.18,2026-08-06 06:42:06.161838,True
TXN-f49dcc24,ACC-1351,ACC-1991,1288.02,2026-08-06 06:46:06.161838,False
TXN-0dd46888,ACC-1048,ACC-1815,1968.22,2026-08-06 06:50:06.161838,False
TXN-9466716e,ACC-1769,ACC-1499,2515.03,2026-08-06 06:54:06.161838,False
TXN-edbbf214,ACC-1081,ACC-1668,4142.28,2026-08-06 06:58:06.161838,False
TXN-0aac39e9,ACC-1925,ACC-1097,1374.07,2026-08-06 07:02:06.161838,False
TXN-60795d47,ACC-1576,ACC-1296,3000.43,2026-08-06 07:06:06.161838,False
TXN-3b63cd6a,ACC-1861,ACC-1332,4702.89,2026-08-06 07:10:06.161838,False
TXN-07df32a7,ACC-1069,ACC-1262,59795.9,2026-08-06 07:14:06.161838,True
TXN-17c26326,ACC-1588,ACC-1026,2313.5,2026-08-06 07:18:06.161838,False
TXN-5a6ca4fe,ACC-1101,ACC-1168,4137.05,2026-08-06 07:22:06.161838,False
TXN-561fbf67,ACC-1092,ACC-1772,4188.0,2026-08-06 07:26:06.161838,False
TXN-05b7f010,ACC-1224,ACC-1346,2798.57,2026-08-06 07:30:06.161838,False
TXN-b49eed59,ACC-1101,ACC-1340,3648.27,2026-08-06 07:34:06.161838,False
TXN-bb3d862b,ACC-1301,ACC-1546,660.61,2026-08-06 07:38:06.161838,False
TXN-597c5f26,ACC-1479,ACC-1139,996.79,2026-08-06 07:42:06.161838,False
TXN-bbcbdb31,ACC-1982,ACC-1454,3237.51,2026-08-06 07:46:06.161838,False
TXN-d6ac5386,ACC-1917,ACC-1311,2680.08,2026-08-06 07:50:06.161838,False
TXN-7e4332c1,ACC-1840,ACC-1531,120253.13,2026-08-06 07:54:06.161838,True
TXN-18ea298f,ACC-1805,ACC-1777,970.57,2026-08-06 07:58:06.161838,False
TXN-cabdc3f2,ACC-1611,ACC-1827,3653.08,2026-08-06 08:02:06.161838,False
TXN-271f2f63,ACC-1558,ACC-1146,979.9,2026-08-06 08:06:06.161838,False
TXN-229c9e3f,ACC-1445,ACC-1552,1378.65,2026-08-06 08:10:06.161838,False
TXN-647572c9,ACC-1693,ACC-1780,926.55,2026-08-06 08:14:06.161838,False
TXN-4391c3f8,ACC-1477,ACC-1588,1956.01,2026-08-06 08:18:06.161838,False
TXN-e7a640dc,ACC-1912,ACC-1692,528.83,2026-08-06 08:22:06.161838,False
TXN-e8c9a22f,ACC-1119,ACC-1536,1422.28,2026-08-06 08:26:06.161838,False
TXN-37a73ac7,ACC-1489,ACC-1109,4940.94,2026-08-06 08:30:06.161838,False
TXN-0dbf92f4,ACC-1779,ACC-1416,4252.08,2026-08-06 08:34:06.161838,False
TXN-ab5540b9,ACC-1590,ACC-1821,3000.17,2026-08-06 08:38:06.161838,False
TXN-09193da2,ACC-1066,ACC-1815,4575.23,2026-08-06 08:42:06.161838,False
TXN-739d99d5,ACC-1575,ACC-1228,2415.94,2026-08-06 08:46:06.161838,False
TXN-df0e69b7,ACC-1278,ACC-1452,4513.21,2026-08-06 08:50:06.161838,False
TXN-11970574,ACC-1936,ACC-1272,3955.89,2026-08-06 08:54:06.161838,False
TXN-e1925f1b,ACC-1526,ACC-1612,2654.64,2026-08-06 08:58:06.161838,False
TXN-492f3ed6,ACC-1075,ACC-1122,4356.22,2026-08-06 09:02:06.161838,False
TXN-5e4255f0,ACC-1503,ACC-1812,351.09,2026-08-06 09:06:06.161838,False
TXN-0228b671,ACC-1607,ACC-1363,3630.64,2026-08-06 09:10:06.161838,False
TXN-f8a9a292,ACC-1369,ACC-1064,4734.56,2026-08-06 09:14:06.161838,False
TXN-a79cb966,ACC-1863,ACC-1458,3578.69,2026-08-06 09:18:06.161838,False
TXN-80ee0035,ACC-1479,ACC-1787,3478.36,2026-08-06 09:22:06.161838,False
TXN-4d8eb2f6,ACC-1398,ACC-1617,290.02,2026-08-06 09:26:06.161838,False
TXN-c741ff42,ACC-1850,ACC-1167,64612.3,2026-08-06 09:30:06.161838,True
TXN-952a324d,ACC-1142,ACC-1856,408.31,2026-08-06 09:34:06.161838,False
TXN-306c65fd,ACC-1245,ACC-1710,1310.59,2026-08-06 09:38:06.161838,False
TXN-051509fd,ACC-1217,ACC-1565,1353.42,2026-08-06 09:42:06.161838,False
TXN-957c435a,ACC-1423,ACC-1800,4454.24,2026-08-06 09:46:06.161838,False
TXN-55528d75,ACC-1486,ACC-1446,1990.32,2026-08-06 09:50:06.161838,False
TXN-fffe4b06,ACC-1070,ACC-1512,2174.42,2026-08-06 09:54:06.161838,False
TXN-68d677e6,ACC-1584,ACC-1145,1115.18,2026-08-06 09:58:06.161838,False
TXN-0d6eaaea,ACC-1819,ACC-1837,1282.94,2026-08-06 10:02:06.161838,False
TXN-311e9332,ACC-1727,ACC-1847,424.04,2026-08-06 10:06:06.161838,False
TXN-0ee1a8de,ACC-1313,ACC-1868,2995.09,2026-08-06 10:10:06.161838,False
TXN-4b64596f,ACC-1500,ACC-1628,3868.51,2026-08-06 10:14:06.161838,False
TXN-924f489f,ACC-1042,ACC-1990,2414.85,2026-08-06 10:18:06.161838,False
TXN-391fd14f,ACC-1727,ACC-1942,1886.61,2026-08-06 10:22:06.161838,False
TXN-18e711f0,ACC-1575,ACC-1845,896.91,2026-08-06 10:26:06.161838,False
TXN-458ec281,ACC-1687,ACC-1205,4117.97,2026-08-06 10:30:06.161838,False
TXN-521868c7,ACC-1122,ACC-1204,345.48,2026-08-06 10:34:06.161838,False
TXN-a0464471,ACC-1536,ACC-1876,2625.71,2026-08-06 10:38:06.161838,False
TXN-b409bab1,ACC-1260,ACC-1988,3097.85,2026-08-06 10:42:06.161838,False
TXN-dce5087c,ACC-1808,ACC-1058,3124.12,2026-08-06 10:46:06.161838,False
TXN-94ee7c64,ACC-1117,ACC-1432,3078.66,2026-08-06 10:50:06.161838,False
TXN-6725d488,ACC-1803,ACC-1316,2844.18,2026-08-06 10:54:06.161838,False
TXN-f8bc75fc,ACC-1343,ACC-1894,3907.74,2026-08-06 10:58:06.161838,False
TXN-e4e06566,ACC-1852,ACC-1702,3660.68,2026-08-06 11:02:06.161838,False
TXN-0ed9f92c,ACC-1233,ACC-1973,2936.31,2026-08-06 11:06:06.161838,False
TXN-6eb728c2,ACC-1545,ACC-1847,521.79,2026-08-06 11:10:06.161838,False
TXN-243553b5,ACC-1660,ACC-1090,1191.34,2026-08-06 11:14:06.161838,False
TXN-c12af7c0,ACC-1559,ACC-1466,1034.31,2026-08-06 11:18:06.161838,False
TXN-d4b39212,ACC-1931,ACC-1436,4319.62,2026-08-06 11:22:06.161838,False
TXN-75eff437,ACC-1017,ACC-1635,94096.13,2026-08-06 11:26:06.161838,True
TXN-0493d201,ACC-1272,ACC-1160,2450.8,2026-08-06 11:30:06.161838,False
TXN-0bd93a02,ACC-1245,ACC-1779,245.61,2026-08-06 11:34:06.161838,False
TXN-84120c2e,ACC-1730,ACC-1031,975.02,2026-08-06 11:38:06.161838,False
TXN-2e7b50b4,ACC-1966,ACC-1538,2322.51,2026-08-06 11:42:06.161838,False
TXN-48bc7b49,ACC-1052,ACC-1123,622.25,2026-08-06 11:46:06.161838,False
TXN-d2454947,ACC-1984,ACC-1090,1079.95,2026-08-06 11:50:06.161838,False
TXN-2c7bbb9c,ACC-1752,ACC-1152,131.11,2026-08-06 11:54:06.161838,False
TXN-d41033eb,ACC-1729,ACC-1084,835.47,2026-08-06 11:58:06.161838,False
TXN-d66447e6,ACC-1445,ACC-1374,4435.07,2026-08-06 12:02:06.161838,False
TXN-cba9c08d,ACC-1113,ACC-1679,1923.39,2026-08-06 12:06:06.161838,False
TXN-9c102b7c,ACC-1332,ACC-1961,2922.8,2026-08-06 12:10:06.161838,False
TXN-25f0f6ce,ACC-1788,ACC-1169,1964.84,2026-08-06 12:14:06.161838,False
TXN-abbd0200,ACC-1135,ACC-1616,2465.16,2026-08-06 12:18:06.161838,False
TXN-88ac1de2,ACC-1186,ACC-1194,1654.21,2026-08-06 12:22:06.161838,False
TXN-01f83a5f,ACC-1029,ACC-1021,2113.62,2026-08-06 12:26:06.161838,False
TXN-d9cce7ec,ACC-1642,ACC-1524,2089.42,2026-08-06 12:30:06.161838,False
TXN-29c2066f,ACC-1185,ACC-1684,3796.79,2026-08-06 12:34:06.161838,False
TXN-f2f75faa,ACC-1631,ACC-1085,707.24,2026-08-06 12:38:06.161838,False
TXN-f0c4d8e2,ACC-1102,ACC-1683,4364.93,2026-08-06 12:42:06.161838,False
TXN-f108d547,ACC-1888,ACC-1172,3563.01,2026-08-06 12:46:06.161838,False
TXN-8534a185,ACC-1097,ACC-1577,4215.8,2026-08-06 12:50:06.161838,False
TXN-2f87409d,ACC-1644,ACC-1951,3398.32,2026-08-06 12:54:06.161838,False
TXN-d1b6b1f9,ACC-1239,ACC-1109,1526.79,2026-08-06 12:58:06.161838,False
TXN-26efc9c5,ACC-1137,ACC-1277,188201.7,2026-08-06 13:02:06.161838,True
TXN-12ab6ca2,ACC-1003,ACC-1984,3191.51,2026-08-06 13:06:06.161838,False
TXN-bfc5c1dc,ACC-1982,ACC-1292,295.53,2026-08-06 13:10:06.161838,False
TXN-316de35b,ACC-1274,ACC-1645,4377.55,2026-08-06 13:14:06.161838,False
TXN-4132ea49,ACC-1683,ACC-1791,1263.75,2026-08-06 13:18:06.161838,False
TXN-3dcb1aa3,ACC-1310,ACC-1468,1644.36,2026-08-06 13:22:06.161838,False
TXN-04510682,ACC-1232,ACC-1601,78221.69,2026-08-06 13:26:06.161838,True
TXN-85844732,ACC-1577,ACC-1989,2930.13,2026-08-06 13:30:06.161838,False
TXN-a90092bc,ACC-1636,ACC-1344,4022.57,2026-08-06 13:34:06.161838,False
TXN-dd39e718,ACC-1568,ACC-1152,639.71,2026-08-06 13:38:06.161838,False
TXN-20bdb53d,ACC-1833,ACC-1984,3329.48,2026-08-06 13:42:06.161838,False
TXN-13f9e419,ACC-1077,ACC-1493,3990.17,2026-08-06 13:46:06.161838,False
TXN-6d556b7a,ACC-1346,ACC-1900,4877.95,2026-08-06 13:50:06.161838,False
TXN-3a4b6983,ACC-1410,ACC-1924,1417.84,2026-08-06 13:54:06.161838,False
TXN-74f8ba53,ACC-1314,ACC-1260,1777.87,2026-08-06 13:58:06.161838,False
TXN-237b91c3,ACC-1203,ACC-1433,933.07,2026-08-06 14:02:06.161838,False
TXN-61a61f52,ACC-1465,ACC-1203,3436.85,2026-08-06 14:06:06.161838,False
TXN-86195480,ACC-1393,ACC-1098,3898.66,2026-08-06 14:10:06.161838,False
TXN-aabda099,ACC-1456,ACC-1895,2969.23,2026-08-06 14:14:06.161838,False
TXN-918a1fc7,ACC-1794,ACC-1386,4869.91,2026-08-06 14:18:06.161838,False
TXN-be8d4493,ACC-1472,ACC-1662,2636.42,2026-08-06 14:22:06.161838,False
TXN-76bac0ee,ACC-1314,ACC-1163,4567.38,2026-08-06 14:26:06.161838,False
TXN-c60b56bf,ACC-1134,ACC-1906,3185.74,2026-08-06 14:30:06.161838,False
TXN-f289fd57,ACC-1933,ACC-1179,679.96,2026-08-06 14:34:06.161838,False
TXN-cc806c42,ACC-1511,ACC-1334,3744.17,2026-08-06 14:38:06.161838,False
TXN-845bc370,ACC-1811,ACC-1582,1717.59,2026-08-06 14:42:06.161838,False
TXN-737e91c0,ACC-1763,ACC-1926,4715.91,2026-08-06 14:46:06.161838,False
TXN-72e3b27f,ACC-1950,ACC-1393,139760.09,2026-08-06 14:50:06.161838,True
TXN-979f6a3a,ACC-1980,ACC-1806,1034.12,2026-08-06 14:54:06.161838,False
TXN-3f6c98fa,ACC-1272,ACC-1618,1504.33,2026-08-06 14:58:06.161838,False
TXN-fa0da677,ACC-1877,ACC-1352,4002.66,2026-08-06 15:02:06.161838,False
TXN-ca26ff61,ACC-1520,ACC-1151,669.92,2026-08-06 15:06:06.161838,False
TXN-531bc94a,ACC-1268,ACC-1904,4347.43,2026-08-06 15:10:06.161838,False
TXN-3ec1a9ca,ACC-1406,ACC-1781,1197.04,2026-08-06 15:14:06.161838,False
TXN-00451438,ACC-1444,ACC-1741,4239.31,2026-08-06 15:18:06.161838,False
TXN-1f681b1e,ACC-1810,ACC-1715,1050.79,2026-08-06 15:22:06.161838,False
TXN-25daf7d9,ACC-1057,ACC-1313,2489.07,2026-08-06 15:26:06.161838,False
TXN-5b5d264b,ACC-1806,ACC-1662,81925.76,2026-08-06 15:30:06.161838,True
TXN-ff7e7f2e,ACC-1966,ACC-1920,2059.74,2026-08-06 15:34:06.161838,False
TXN-8ad7b6a2,ACC-1173,ACC-1605,4106.33,2026-08-06 15:38:06.161838,False
TXN-1dad0633,ACC-1950,ACC-1318,3956.36,2026-08-06 15:42:06.161838,False
TXN-054421cf,ACC-1758,ACC-1215,4441.28,2026-08-06 15:46:06.161838,False
TXN-e137f2ed,ACC-1833,ACC-1538,1801.92,2026-08-06 15:50:06.161838,False
TXN-14d2bffe,ACC-1664,ACC-1779,1700.55,2026-08-06 15:54:06.161838,False
TXN-f9523437,ACC-1483,ACC-1472,2637.65,2026-08-06 15:58:06.161838,False
TXN-65d42e06,ACC-1021,ACC-1398,1545.67,2026-08-06 16:02:06.161838,False
TXN-658ace03,ACC-1453,ACC-1861,628.65,2026-08-06 16:06:06.161838,False
TXN-cab5d76a,ACC-1581,ACC-1320,1690.91,2026-08-06 16:10:06.161838,False
TXN-077cf12d,ACC-1735,ACC-1218,3954.46,2026-08-06 16:14:06.161838,False
TXN-095b7559,ACC-1101,ACC-1155,4579.62,2026-08-06 16:18:06.161838,False
TXN-e3968b47,ACC-1563,ACC-1371,4365.63,2026-08-06 16:22:06.161838,False
TXN-016e186d,ACC-1569,ACC-1688,3829.61,2026-08-06 16:26:06.161838,False
TXN-fba065c7,ACC-1179,ACC-1102,3167.86,2026-08-06 16:30:06.161838,False
TXN-c591e11d,ACC-1316,ACC-1743,58503.77,2026-08-06 16:34:06.161838,True
TXN-3ebf7446,ACC-1012,ACC-1953,2359.58,2026-08-06 16:38:06.161838,False
TXN-3058a831,ACC-1443,ACC-1080,1846.97,2026-08-06 16:42:06.161838,False
TXN-cca3c0f3,ACC-1074,ACC-1744,4786.11,2026-08-06 16:46:06.161838,False
TXN-201efa52,ACC-1636,ACC-1445,536.73,2026-08-06 16:50:06.161838,False
TXN-7714920d,ACC-1052,ACC-1711,61288.67,2026-08-06 16:54:06.161838,True
TXN-58f5bf4c,ACC-1387,ACC-1437,1836.02,2026-08-06 16:58:06.161838,False
TXN-8bb80283,ACC-1232,ACC-1711,2680.37,2026-08-06 17:02:06.161838,False
TXN-05f681a7,ACC-1013,ACC-1909,1824.09,2026-08-06 17:06:06.161838,False
TXN-834c1aed,ACC-1855,ACC-1581,3703.17,2026-08-06 17:10:06.161838,False
TXN-5b77ae0f,ACC-1178,ACC-1606,4540.77,2026-08-06 17:14:06.161838,False
TXN-8d6be329,ACC-1888,ACC-1085,1853.33,2026-08-06 17:18:06.161838,False
TXN-73fc0d40,ACC-1335,ACC-1978,2691.25,2026-08-06 17:22:06.161838,False
TXN-e654d280,ACC-1886,ACC-1508,2335.34,2026-08-06 17:26:06.161838,False
TXN-046fd316,ACC-1909,ACC-1814,1247.38,2026-08-06 17:30:06.161838,False
TXN-a4fbcbe1,ACC-1878,ACC-1981,1670.4,2026-08-06 17:34:06.161838,False
TXN-cf376689,ACC-1319,ACC-1078,2409.29,2026-08-06 17:38:06.161838,False
TXN-4fb83f5f,ACC-1612,ACC-1189,3211.24,2026-08-06 17:42:06.161838,False
TXN-61680907,ACC-1255,ACC-1137,3102.43,2026-08-06 17:46:06.161838,False
TXN-9b3034bb,ACC-1949,ACC-1328,4934.14,2026-08-06 17:50:06.161838,False
TXN-29b52d72,ACC-1809,ACC-1648,1221.13,2026-08-06 17:54:06.161838,False
TXN-9874bdb1,ACC-1130,ACC-1344,3185.93,2026-08-06 17:58:06.161838,False
TXN-2f085cad,ACC-1189,ACC-1813,1820.63,2026-08-06 18:02:06.161838,False
TXN-b3583a5e,ACC-1941,ACC-1067,2381.21,2026-08-06 18:06:06.161838,False
TXN-dd9cc841,ACC-1507,ACC-1661,1832.29,2026-08-06 18:10:06.161838,False
TXN-1cec10e6,ACC-1892,ACC-1369,3120.77,2026-08-06 18:14:06.161838,False
TXN-6cfccd84,ACC-1788,ACC-1494,1528.9,2026-08-06 18:18:06.161838,False
TXN-ff5dd6c3,ACC-1286,ACC-1159,1236.66,2026-08-06 18:22:06.161838,False
TXN-e66fc688,ACC-1484,ACC-1480,2187.87,2026-08-06 18:26:06.161838,False
TXN-26584f7f,ACC-1059,ACC-1080,4448.31,2026-08-06 18:30:06.161838,False
TXN-4e09fc92,ACC-1285,ACC-1422,3524.02,2026-08-06 18:34:06.161838,False
TXN-fb902cba,ACC-1079,ACC-1334,1869.23,2026-08-06 18:38:06.161838,False
TXN-6b0215ac,ACC-1766,ACC-1305,2003.71,2026-08-06 18:42:06.161838,False
TXN-5f9d6be4,ACC-1639,ACC-1534,403.74,2026-08-06 18:46:06.161838,False
TXN-6be84bd0,ACC-1426,ACC-1106,1282.2,2026-08-06 18:50:06.161838,False
TXN-a852415c,ACC-1730,ACC-1563,3571.8,2026-08-06 18:54:06.161838,False
TXN-13138da7,ACC-1325,ACC-1472,3346.51,2026-08-06 18:58:06.161838,False
TXN-9f4bafd7,ACC-1576,ACC-1149,3700.81,2026-08-06 19:02:06.161838,False
TXN-88d4d90e,ACC-1255,ACC-1165,3976.73,2026-08-06 19:06:06.161838,False
TXN-32609a18,ACC-1945,ACC-1934,4406.98,2026-08-06 19:10:06.161838,False
TXN-e21d9dad,ACC-1878,ACC-1450,1936.61,2026-08-06 19:14:06.161838,False
TXN-04ec0ba6,ACC-1064,ACC-1424,987.61,2026-08-06 19:18:06.161838,False
TXN-15589367,ACC-1763,ACC-1856,3324.09,2026-08-06 19:22:06.161838,False
TXN-e2a6f74f,ACC-1484,ACC-1188,4508.38,2026-08-06 19:26:06.161838,False
TXN-ec14849b,ACC-1618,ACC-1473,2807.84,2026-08-06 19:30:06.161838,False
TXN-d3adb491,ACC-1471,ACC-1613,3721.61,2026-08-06 19:34:06.161838,False
TXN-4dfea2bb,ACC-1742,ACC-1503,2126.18,2026-08-06 19:38:06.161838,False
TXN-2fa958a7,ACC-1055,ACC-1090,186921.66,2026-08-06 19:42:06.161838,True
TXN-6c84fc61,ACC-1524,ACC-1218,867.63,2026-08-06 19:46:06.161838,False
TXN-ebb9da7c,ACC-1281,ACC-1612,4222.06,2026-08-06 19:50:06.161838,False
TXN-55620058,ACC-1181,ACC-1774,583.02,2026-08-06 19:54:06.161838,False
TXN-1fc096e0,ACC-1011,ACC-1341,1085.7,2026-08-06 19:58:06.161838,False
TXN-d1c0d48d,ACC-1822,ACC-1135,4214.78,2026-08-06 20:02:06.161838,False
TXN-41fd6d04,ACC-1405,ACC-1688,3958.32,2026-08-06 20:06:06.161838,False
TXN-482b0596,ACC-1642,ACC-1067,823.34,2026-08-06 20:10:06.161838,False
TXN-9a6256fd,ACC-1154,ACC-1275,973.01,2026-08-06 20:14:06.161838,False
TXN-90d27815,ACC-1905,ACC-1929,678.13,2026-08-06 20:18:06.161838,False
TXN-aa100f16,ACC-1781,ACC-1220,3280.19,2026-08-06 20:22:06.161838,False
TXN-5f7288d6,ACC-1614,ACC-1694,4715.83,2026-08-06 20:26:06.161838,False
TXN-41182c2e,ACC-1874,ACC-1046,2976.96,2026-08-06 20:30:06.161838,False
TXN-0d1e0521,ACC-1360,ACC-1877,4564.36,2026-08-06 20:34:06.161838,False
TXN-b1312fa4,ACC-1392,ACC-1721,4609.83,2026-08-06 20:38:06.161838,False
TXN-afb7b9f4,ACC-1084,ACC-1533,329.78,2026-08-06 20:42:06.161838,False
TXN-93ca353b,ACC-1735,ACC-1414,3614.7,2026-08-06 20:46:06.161838,False
TXN-f0e75e47,ACC-1447,ACC-1640,2968.81,2026-08-06 20:50:06.161838,False
TXN-d3bf46e8,ACC-1566,ACC-1942,260.72,2026-08-06 20:54:06.161838,False
TXN-48f51434,ACC-1067,ACC-1506,945.48,2026-08-06 20:58:06.161838,False
TXN-1147abb7,ACC-1022,ACC-1942,2865.88,2026-08-06 21:02:06.161838,False
TXN-4e70bff2,ACC-1020,ACC-1489,1915.64,2026-08-06 21:06:06.161838,False
TXN-bef196a9,ACC-1449,ACC-1302,2221.73,2026-08-06 21:10:06.161838,False
TXN-c00cdd3f,ACC-1170,ACC-1770,1638.18,2026-08-06 21:14:06.161838,False
TXN-f1417aae,ACC-1622,ACC-1539,2556.36,2026-08-06 21:18:06.161838,False
TXN-0c94bd8e,ACC-1372,ACC-1784,3250.38,2026-08-06 21:22:06.161838,False
TXN-9cda8491,ACC-1356,ACC-1705,4253.07,2026-08-06 21:26:06.161838,False
TXN-c205480f,ACC-1206,ACC-1808,3336.62,2026-08-06 21:30:06.161838,False
TXN-1babec5d,ACC-1067,ACC-1046,4596.66,2026-08-06 21:34:06.161838,False
TXN-0960a2ba,ACC-1260,ACC-1018,3463.91,2026-08-06 21:38:06.161838,False
TXN-54a2fd58,ACC-1789,ACC-1549,3845.53,2026-08-06 21:42:06.161838,False
TXN-e2e44e18,ACC-1259,ACC-1592,4452.91,2026-08-06 21:46:06.161838,False
TXN-a4484381,ACC-1316,ACC-1866,3482.95,2026-08-06 21:50:06.161838,False
TXN-0bc68050,ACC-1548,ACC-1628,3956.91,2026-08-06 21:54:06.161838,False
TXN-540f53de,ACC-1860,ACC-1439,3413.69,2026-08-06 21:58:06.161838,False
TXN-cdbb3529,ACC-1727,ACC-1409,1693.33,2026-08-06 22:02:06.161838,False
TXN-618c28c3,ACC-1717,ACC-1466,4488.09,2026-08-06 22:06:06.161838,False
TXN-3ae00c59,ACC-1140,ACC-1869,3941.03,2026-08-06 22:10:06.161838,False
TXN-9506ff4a,ACC-1783,ACC-1831,1747.86,2026-08-06 22:14:06.161838,False
TXN-e248d9f5,ACC-1542,ACC-1465,77093.62,2026-08-06 22:18:06.161838,True
TXN-5d62ca85,ACC-1460,ACC-1621,202.92,2026-08-06 22:22:06.161838,False
TXN-0ef9c291,ACC-1861,ACC-1582,2656.18,2026-08-06 22:26:06.161838,False
TXN-258132b3,ACC-1010,ACC-1199,2997.16,2026-08-06 22:30:06.161838,False
TXN-71959bd4,ACC-1489,ACC-1684,173788.82,2026-08-06 22:34:06.161838,True
TXN-28b5fb37,ACC-1391,ACC-1630,156432.31,2026-08-06 22:38:06.161838,True
TXN-25775255,ACC-1356,ACC-1561,4657.49,2026-08-06 22:42:06.161838,False
TXN-cec25c97,ACC-1951,ACC-1584,4495.51,2026-08-06 22:46:06.161838,False
TXN-c2fbc3fd,ACC-1067,ACC-1018,4280.19,2026-08-06 22:50:06.161838,False
TXN-c9737157,ACC-1924,ACC-1574,3995.56,2026-08-06 22:54:06.161838,False
TXN-020aa131,ACC-1913,ACC-1035,1368.67,2026-08-06 22:58:06.161838,False
TXN-769f456f,ACC-1906,ACC-1372,4203.28,2026-08-06 23:02:06.161838,False
TXN-b926ddfa,ACC-1826,ACC-1937,2922.99,2026-08-06 23:06:06.161838,False
TXN-1703e746,ACC-1356,ACC-1216,1384.35,2026-08-06 23:10:06.161838,False
TXN-6288677c,ACC-1438,ACC-1337,178392.86,2026-08-06 23:14:06.161838,True
TXN-7bbc92cc,ACC-1891,ACC-1951,4514.27,2026-08-06 23:18:06.161838,False
TXN-9e051b6b,ACC-1971,ACC-1041,2651.54,2026-08-06 23:22:06.161838,False
TXN-f6c256ae,ACC-1901,ACC-1635,4552.26,2026-08-06 23:26:06.161838,False
TXN-522857d3,ACC-1511,ACC-1066,128.29,2026-08-06 23:30:06.161838,False
TXN-37f7d4f0,ACC-1853,ACC-1841,4003.07,2026-08-06 23:34:06.161838,False
TXN-72989946,ACC-1503,ACC-1274,3818.14,2026-08-06 23:38:06.161838,False
TXN-c9a7a9e0,ACC-1788,ACC-1984,4994.14,2026-08-06 23:42:06.161838,False
TXN-a316a60d,ACC-1283,ACC-1174,844.32,2026-08-06 23:46:06.161838,False
TXN-c1905c75,ACC-1457,ACC-1617,2452.41,2026-08-06 23:50:06.161838,False
TXN-76f37bc0,ACC-1748,ACC-1012,4553.36,2026-08-06 23:54:06.161838,False
TXN-3b7634c1,ACC-1961,ACC-1249,2446.83,2026-08-06 23:58:06.161838,False
TXN-068b186d,ACC-1144,ACC-1175,2728.42,2026-08-07 00:02:06.161838,False
TXN-a7c9b0bc,ACC-1181,ACC-1583,1656.34,2026-08-07 00:06:06.161838,False
TXN-2ad8a7a8,ACC-1995,ACC-1509,2209.82,2026-08-07 00:10:06.161838,False
TXN-fbe45201,ACC-1378,ACC-1353,107383.0,2026-08-07 00:14:06.161838,True
TXN-25e139a7,ACC-1443,ACC-1340,108439.93,2026-08-07 00:18:06.161838,True
TXN-88c63ecd,ACC-1709,ACC-1776,3479.21,2026-08-07 00:22:06.161838,False
TXN-6410c51b,ACC-1799,ACC-1728,2017.31,2026-08-07 00:26:06.161838,False
TXN-de5d617b,ACC-1890,ACC-1832,3673.49,2026-08-07 00:30:06.161838,False
TXN-e5e7512b,ACC-1201,ACC-1286,867.77,2026-08-07 00:34:06.161838,False
TXN-e8a80a4b,ACC-1986,ACC-1315,4879.71,2026-08-07 00:38:06.161838,False
TXN-76bb6fa9,ACC-1482,ACC-1442,1629.36,2026-08-07 00:42:06.161838,False
TXN-f4cc1dad,ACC-1696,ACC-1964,937.69,2026-08-07 00:46:06.161838,False
TXN-3025f928,ACC-1192,ACC-1837,685.04,2026-08-07 00:50:06.161838,False
TXN-c7a9b291,ACC-1902,ACC-1494,3522.39,2026-08-07 00:54:06.161838,False
TXN-9048fe19,ACC-1488,ACC-1278,2096.87,2026-08-07 00:58:06.161838,False
TXN-47a02478,ACC-1722,ACC-1304,2264.94,2026-08-07 01:02:06.161838,False
TXN-5f2cbb27,ACC-1120,ACC-1914,4233.81,2026-08-07 01:06:06.161838,False
TXN-cdd897fb,ACC-1747,ACC-1436,1365.64,2026-08-07 01:10:06.161838,False
TXN-982b04a9,ACC-1585,ACC-1809,4304.59,2026-08-07 01:14:06.161838,False
TXN-f06e16dd,ACC-1066,ACC-1407,100424.47,2026-08-07 01:18:06.161838,True
TXN-1ca62ac0,ACC-1418,ACC-1948,2847.64,2026-08-07 01:22:06.161838,False
TXN-04d8a967,ACC-1131,ACC-1231,4742.79,2026-08-07 01:26:06.161838,False
TXN-888672be,ACC-1808,ACC-1196,717.68,2026-08-07 01:30:06.161838,False
TXN-16188fd7,ACC-1014,ACC-1340,4571.31,2026-08-07 01:34:06.161838,False
TXN-4967c860,ACC-1912,ACC-1065,3350.36,2026-08-07 01:38:06.161838,False
TXN-bd1dd534,ACC-1769,ACC-1751,4248.01,2026-08-07 01:42:06.161838,False
TXN-343e09f6,ACC-1639,ACC-1507,1628.98,2026-08-07 01:46:06.161838,False
TXN-076d5a5a,ACC-1551,ACC-1528,1465.31,2026-08-07 01:50:06.161838,False
TXN-3a57e7ba,ACC-1486,ACC-1837,1874.18,2026-08-07 01:54:06.161838,False
TXN-7736f96c,ACC-1980,ACC-1418,2235.04,2026-08-07 01:58:06.161838,False
TXN-6c3a13da,ACC-1492,ACC-1458,1317.88,2026-08-07 02:02:06.161838,False
TXN-f5247ff6,ACC-1425,ACC-1962,473.5,2026-08-07 02:06:06.161838,False
TXN-8ced8d24,ACC-1278,ACC-1942,1827.91,2026-08-07 02:10:06.161838,False
TXN-b3da88c9,ACC-1388,ACC-1860,672.36,2026-08-07 02:14:06.161838,False
TXN-48b026ea,ACC-1948,ACC-1314,2597.28,2026-08-07 02:18:06.161838,False
TXN-97b03f39,ACC-1066,ACC-1977,72660.12,2026-08-07 02:22:06.161838,True
TXN-263fdc41,ACC-1669,ACC-1092,4400.1,2026-08-07 02:26:06.161838,False
TXN-88bb7a33,ACC-1044,ACC-1692,3599.54,2026-08-07 02:30:06.161838,False
TXN-a4df1d8f,ACC-1381,ACC-1959,1960.94,2026-08-07 02:34:06.161838,False
TXN-1c8dbc3f,ACC-1846,ACC-1460,196.37,2026-08-07 02:38:06.161838,False
TXN-eb71ee3c,ACC-1673,ACC-1656,4339.66,2026-08-07 02:42:06.161838,False
TXN-e5d002fd,ACC-1327,ACC-1544,1108.43,2026-08-07 02:46:06.161838,False
TXN-c7e0b903,ACC-1812,ACC-1607,3524.94,2026-08-07 02:50:06.161838,False
TXN-9bee4151,ACC-1369,ACC-1270,3714.96,2026-08-07 02:54:06.161838,False
TXN-1670c1ea,ACC-1826,ACC-1606,4465.65,2026-08-07 02:58:06.161838,False
TXN-74633998,ACC-1516,ACC-1901,3506.81,2026-08-07 03:02:06.161838,False
TXN-35cac3d2,ACC-1187,ACC-1959,4667.08,2026-08-07 03:06:06.161838,False
TXN-00c5fe23,ACC-1517,ACC-1627,1964.83,2026-08-07 03:10:06.161838,False
TXN-5305dd4e,ACC-1566,ACC-1488,4360.83,2026-08-07 03:14:06.161838,False
TXN-c7cec09d,ACC-1908,ACC-1837,3511.12,2026-08-07 03:18:06.161838,False
TXN-bbadd8e1,ACC-1088,ACC-1390,3198.2,2026-08-07 03:22:06.161838,False
TXN-c8cddfc4,ACC-1851,ACC-1419,4874.22,2026-08-07 03:26:06.161838,False
TXN-8db17707,ACC-1506,ACC-1690,1697.13,2026-08-07 03:30:06.161838,False
TXN-22e960dd,ACC-1587,ACC-1807,352.39,2026-08-07 03:34:06.161838,False
TXN-206a82fb,ACC-1587,ACC-1249,2738.24,2026-08-07 03:38:06.161838,False
TXN-736a4130,ACC-1642,ACC-1401,757.48,2026-08-07 03:42:06.161838,False
TXN-27f2b919,ACC-1978,ACC-1182,4653.0,2026-08-07 03:46:06.161838,False
TXN-7b2adbea,ACC-1891,ACC-1952,3584.24,2026-08-07 03:50:06.161838,False
TXN-52311602,ACC-1794,ACC-1816,3364.16,2026-08-07 03:54:06.161838,False
TXN-6ca7797c,ACC-1542,ACC-1031,4330.92,2026-08-07 03:58:06.161838,False
TXN-093bd04f,ACC-1245,ACC-1726,1671.9,2026-08-07 04:02:06.161838,False
TXN-5c6affd7,ACC-1238,ACC-1527,2621.77,2026-08-07 04:06:06.161838,False
TXN-d4b7e6cc,ACC-1004,ACC-1572,1820.82,2026-08-07 04:10:06.161838,False
TXN-5c77c31b,ACC-1696,ACC-1317,3808.21,2026-08-07 04:14:06.161838,False
TXN-b0bdff77,ACC-1523,ACC-1071,4570.69,2026-08-07 04:18:06.161838,False
TXN-5267d12e,ACC-1631,ACC-1039,265.83,2026-08-07 04:22:06.161838,False
TXN-aa1e5a4a,ACC-1660,ACC-1547,3406.14,2026-08-07 04:26:06.161838,False
TXN-21fe50c5,ACC-1695,ACC-1736,3392.93,2026-08-07 04:30:06.161838,False
TXN-692e4cc9,ACC-1512,ACC-1355,3913.96,2026-08-07 04:34:06.161838,False
TXN-84a4280c,ACC-1347,ACC-1623,393.79,2026-08-07 04:38:06.161838,False
TXN-127ebf36,ACC-1008,ACC-1622,576.81,2026-08-07 04:42:06.161838,False
TXN-ce7d1fb0,ACC-1828,ACC-1000,2628.57,2026-08-07 04:46:06.161838,False
TXN-59768ce9,ACC-1784,ACC-1677,393.08,2026-08-07 04:50:06.161838,False
TXN-0c3bea66,ACC-1541,ACC-1507,378.4,2026-08-07 04:54:06.161838,False
TXN-7956cf56,ACC-1954,ACC-1873,189414.04,2026-08-07 04:58:06.161838,True
TXN-34c18e8b,ACC-1623,ACC-1723,2155.26,2026-08-07 05:02:06.161838,False
TXN-d736c064,ACC-1789,ACC-1544,4812.76,2026-08-07 05:06:06.161838,False
TXN-20cbd946,ACC-1994,ACC-1015,1679.84,2026-08-07 05:10:06.161838,False
TXN-c5abc5a6,ACC-1615,ACC-1499,4673.3,2026-08-07 05:14:06.161838,False
TXN-a2da7f62,ACC-1159,ACC-1351,4717.78,2026-08-07 05:18:06.161838,False
TXN-c61a5dec,ACC-1439,ACC-1700,222.78,2026-08-07 05:22:06.161838,False
TXN-dc453762,ACC-1985,ACC-1232,2788.09,2026-08-07 05:26:06.161838,False
TXN-0e4896b9,ACC-1387,ACC-1507,1015.75,2026-08-07 05:30:06.161838,False
TXN-3981107d,ACC-1730,ACC-1658,4565.65,2026-08-07 05:34:06.161838,False
TXN-03407a33,ACC-1733,ACC-1992,4129.27,2026-08-07 05:38:06.161838,False
TXN-f2753c11,ACC-1174,ACC-1430,1575.96,2026-08-07 05:42:06.161838,False
TXN-866318b1,ACC-1315,ACC-1131,2202.47,2026-08-07 05:46:06.161838,False
TXN-d95d85a7,ACC-1853,ACC-1652,3987.06,2026-08-07 05:50:06.161838,False
TXN-f0d87025,ACC-1489,ACC-1568,109299.24,2026-08-07 05:54:06.161838,True
TXN-2fbaa3cd,ACC-1825,ACC-1214,4475.79,2026-08-07 05:58:06.161838,False
TXN-1fe33e6d,ACC-1047,ACC-1418,1813.83,2026-08-07 06:02:06.161838,False
TXN-38d905a6,ACC-1468,ACC-1568,2810.52,2026-08-07 06:06:06.161838,False
TXN-23966777,ACC-1383,ACC-1756,4169.08,2026-08-07 06:10:06.161838,False
TXN-fd10e81b,ACC-1918,ACC-1283,654.43,2026-08-07 06:14:06.161838,False
TXN-46c338f7,ACC-1709,ACC-1366,892.12,2026-08-07 06:18:06.161838,False
TXN-48ebfba5,ACC-1662,ACC-1617,464.34,2026-08-07 06:22:06.161838,False
TXN-f1be1883,ACC-1821,ACC-1043,333.5,2026-08-07 06:26:06.161838,False
TXN-b70d3ac7,ACC-1599,ACC-1861,3109.55,2026-08-07 06:30:06.161838,False
TXN-9aa56ef7,ACC-1129,ACC-1444,3399.11,2026-08-07 06:34:06.161838,False
TXN-745621a3,ACC-1050,ACC-1734,991.09,2026-08-07 06:38:06.161838,False
TXN-80b776f4,ACC-1414,ACC-1346,4867.11,2026-08-07 06:42:06.161838,False
TXN-d5d4b911,ACC-1562,ACC-1099,2362.26,2026-08-07 06:46:06.161838,False
TXN-93e7ec80,ACC-1600,ACC-1940,1864.54,2026-08-07 06:50:06.161838,False
TXN-c9da30b2,ACC-1425,ACC-1389,3680.17,2026-08-07 06:54:06.161838,False
TXN-939f883a,ACC-1441,ACC-1810,2089.73,2026-08-07 06:58:06.161838,False
TXN-aa28d173,ACC-1585,ACC-1766,4086.77,2026-08-07 07:02:06.161838,False
TXN-beb09afa,ACC-1796,ACC-1921,2176.7,2026-08-07 07:06:06.161838,False
TXN-1172c227,ACC-1822,ACC-1481,2286.93,2026-08-07 07:10:06.161838,False
TXN-ac6df8c1,ACC-1568,ACC-1350,1241.36,2026-08-07 07:14:06.161838,False
TXN-3a19ecfa,ACC-1663,ACC-1205,153.3,2026-08-07 07:18:06.161838,False
TXN-2d53c671,ACC-1138,ACC-1327,2138.49,2026-08-07 07:22:06.161838,False
TXN-c61b063c,ACC-1203,ACC-1759,4009.18,2026-08-07 07:26:06.161838,False
TXN-27af0b36,ACC-1244,ACC-1290,4629.64,2026-08-07 07:30:06.161838,False
TXN-e93f5d3c,ACC-1991,ACC-1110,2129.08,2026-08-07 07:34:06.161838,False
TXN-0f745675,ACC-1923,ACC-1723,4088.85,2026-08-07 07:38:06.161838,False
TXN-3d136865,ACC-1311,ACC-1507,4367.6,2026-08-07 07:42:06.161838,False
TXN-2a1fe3be,ACC-1165,ACC-1756,4284.07,2026-08-07 07:46:06.161838,False
TXN-a32b8903,ACC-1133,ACC-1034,2804.15,2026-08-07 07:50:06.161838,False
TXN-401fcc10,ACC-1338,ACC-1696,2956.31,2026-08-07 07:54:06.161838,False
TXN-462d23e2,ACC-1911,ACC-1832,1059.33,2026-08-07 07:58:06.161838,False
TXN-e1ef473a,ACC-1942,ACC-1779,1306.5,2026-08-07 08:02:06.161838,False
TXN-346e9902,ACC-1996,ACC-1870,1684.34,2026-08-07 08:06:06.161838,False
TXN-e3ae3c28,ACC-1159,ACC-1496,1192.59,2026-08-07 08:10:06.161838,False
TXN-c34a6577,ACC-1385,ACC-1491,1528.21,2026-08-07 08:14:06.161838,False
TXN-1be4212c,ACC-1833,ACC-1857,2785.11,2026-08-07 08:18:06.161838,False
TXN-d82d02c0,ACC-1175,ACC-1940,4739.18,2026-08-07 08:22:06.161838,False
TXN-0aa3f860,ACC-1951,ACC-1880,2272.55,2026-08-07 08:26:06.161838,False
TXN-4e8d8566,ACC-1933,ACC-1602,247.93,2026-08-07 08:30:06.161838,False
TXN-e64c4a88,ACC-1676,ACC-1084,3563.32,2026-08-07 08:34:06.161838,False
TXN-4158aadb,ACC-1849,ACC-1497,1293.56,2026-08-07 08:38:06.161838,False
TXN-f91481bb,ACC-1689,ACC-1510,2683.56,2026-08-07 08:42:06.161838,False
TXN-591edae1,ACC-1620,ACC-1918,1148.99,2026-08-07 08:46:06.161838,False
TXN-c386555f,ACC-1015,ACC-1455,648.96,2026-08-07 08:50:06.161838,False
TXN-15392362,ACC-1785,ACC-1015,537.73,2026-08-07 08:54:06.161838,False
TXN-2186107f,ACC-1456,ACC-1306,3048.58,2026-08-07 08:58:06.161838,False
TXN-6c93ddb2,ACC-1213,ACC-1773,2807.02,2026-08-07 09:02:06.161838,False
TXN-8a9873f0,ACC-1032,ACC-1075,69412.23,2026-08-07 09:06:06.161838,True
TXN-e2788adb,ACC-1091,ACC-1630,3356.19,2026-08-07 09:10:06.161838,False
TXN-b98d064f,ACC-1861,ACC-1818,1396.77,2026-08-07 09:14:06.161838,False
TXN-18730a23,ACC-1462,ACC-1469,2968.07,2026-08-07 09:18:06.161838,False
TXN-b6b712cc,ACC-1737,ACC-1162,3635.6,2026-08-07 09:22:06.161838,False
TXN-312009b8,ACC-1085,ACC-1068,1656.03,2026-08-07 09:26:06.161838,False
TXN-de2cfaa5,ACC-1008,ACC-1593,744.81,2026-08-07 09:30:06.161838,False
TXN-069ad430,ACC-1343,ACC-1171,3954.43,2026-08-07 09:34:06.161838,False
TXN-ab16094d,ACC-1424,ACC-1267,3227.54,2026-08-07 09:38:06.161838,False
TXN-7a21ad94,ACC-1473,ACC-1230,2109.88,2026-08-07 09:42:06.161838,False
TXN-5f413be7,ACC-1660,ACC-1403,4928.42,2026-08-07 09:46:06.161838,False
TXN-5f87f7f4,ACC-1616,ACC-1006,4332.18,2026-08-07 09:50:06.161838,False
TXN-6e14a077,ACC-1558,ACC-1587,4721.28,2026-08-07 09:54:06.161838,False
TXN-48d03f8d,ACC-1533,ACC-1406,1380.46,2026-08-07 09:58:06.161838,False
TXN-d957f42e,ACC-1057,ACC-1058,1705.6,2026-08-07 10:02:06.161838,False
TXN-b9f5b3b4,ACC-1756,ACC-1543,3717.11,2026-08-07 10:06:06.161838,False
TXN-51524ad9,ACC-1127,ACC-1294,3468.16,2026-08-07 10:10:06.161838,False
TXN-5895a2c6,ACC-1614,ACC-1984,4751.78,2026-08-07 10:14:06.161838,False
TXN-f9d265bb,ACC-1025,ACC-1404,2386.45,2026-08-07 10:18:06.161838,False
TXN-0ad7052e,ACC-1322,ACC-1818,3169.82,2026-08-07 10:22:06.161838,False
TXN-da08ddc2,ACC-1388,ACC-1237,490.22,2026-08-07 10:26:06.161838,False
TXN-0c520f91,ACC-1697,ACC-1460,3875.04,2026-08-07 10:30:06.161838,False
TXN-63a5f433,ACC-1641,ACC-1491,3127.64,2026-08-07 10:34:06.161838,False
TXN-0ddbc1d4,ACC-1438,ACC-1033,214.11,2026-08-07 10:38:06.161838,False
TXN-4f5741a2,ACC-1129,ACC-1798,3003.73,2026-08-07 10:42:06.161838,False
TXN-3c364be9,ACC-1425,ACC-1520,4525.58,2026-08-07 10:46:06.161838,False
TXN-981fbed4,ACC-1200,ACC-1752,4277.04,2026-08-07 10:50:06.161838,False
TXN-f4610be7,ACC-1094,ACC-1342,4007.25,2026-08-07 10:54:06.161838,False
TXN-fff5f37d,ACC-1058,ACC-1369,994.08,2026-08-07 10:58:06.161838,False
TXN-ba43936d,ACC-1241,ACC-1245,1948.11,2026-08-07 11:02:06.161838,False
TXN-34675b2f,ACC-1285,ACC-1621,1451.72,2026-08-07 11:06:06.161838,False
TXN-2f836606,ACC-1619,ACC-1753,307.35,2026-08-07 11:10:06.161838,False
TXN-07029c88,ACC-1235,ACC-1696,4296.71,2026-08-07 11:14:06.161838,False
TXN-16c15e56,ACC-1703,ACC-1525,4477.4,2026-08-07 11:18:06.161838,False
TXN-956a0bb5,ACC-1284,ACC-1539,341.68,2026-08-07 11:22:06.161838,False
TXN-35932d1f,ACC-1844,ACC-1805,188.07,2026-08-07 11:26:06.161838,False
TXN-08016de3,ACC-1635,ACC-1256,1121.55,2026-08-07 11:30:06.161838,False
TXN-22d92fc3,ACC-1972,ACC-1850,3395.21,2026-08-07 11:34:06.161838,False
TXN-d966c83e,ACC-1817,ACC-1793,128949.8,2026-08-07 11:38:06.161838,True
TXN-477cbe96,ACC-1561,ACC-1806,3978.98,2026-08-07 11:42:06.161838,False
TXN-2e6c3353,ACC-1508,ACC-1942,590.14,2026-08-07 11:46:06.161838,False
TXN-678e00b0,ACC-1918,ACC-1494,4203.13,2026-08-07 11:50:06.161838,False
TXN-6efb144b,ACC-1951,ACC-1789,274.64,2026-08-07 11:54:06.161838,False
TXN-47dff49b,ACC-1918,ACC-1957,938.14,2026-08-07 11:58:06.161838,False
TXN-45dd5eb7,ACC-1071,ACC-1335,2427.64,2026-08-07 12:02:06.161838,False
TXN-5a800d71,ACC-1355,ACC-1088,3213.23,2026-08-07 12:06:06.161838,False
TXN-47ac2b57,ACC-1519,ACC-1709,2146.99,2026-08-07 12:10:06.161838,False
TXN-2fdd8a6a,ACC-1201,ACC-1995,3047.34,2026-08-07 12:14:06.161838,False
TXN-24deef44,ACC-1473,ACC-1458,515.64,2026-08-07 12:18:06.161838,False
TXN-bb9bf3b8,ACC-1608,ACC-1268,651.19,2026-08-07 12:22:06.161838,False
TXN-e3c4a86d,ACC-1493,ACC-1591,4789.9,2026-08-07 12:26:06.161838,False
TXN-63388c1e,ACC-1809,ACC-1173,2183.39,2026-08-07 12:30:06.161838,False
TXN-d7e5cf44,ACC-1822,ACC-1299,1828.92,2026-08-07 12:34:06.161838,False
TXN-5a664faf,ACC-1493,ACC-1017,1327.51,2026-08-07 12:38:06.161838,False
TXN-db63f14c,ACC-1745,ACC-1710,2741.92,2026-08-07 12:42:06.161838,False
TXN-00db728b,ACC-1258,ACC-1523,2715.94,2026-08-07 12:46:06.161838,False
TXN-e79507f2,ACC-1420,ACC-1654,1760.5,2026-08-07 12:50:06.161838,False
TXN-44bd6927,ACC-1917,ACC-1898,66393.98,2026-08-07 12:54:06.161838,True
TXN-24812d45,ACC-1694,ACC-1124,1436.95,2026-08-07 12:58:06.161838,False
TXN-93ada9f9,ACC-1276,ACC-1361,3027.44,2026-08-07 13:02:06.161838,False
TXN-8d65afb9,ACC-1892,ACC-1887,2461.15,2026-08-07 13:06:06.161838,False
TXN-4ffb48ff,ACC-1619,ACC-1837,4537.65,2026-08-07 13:10:06.161838,False
TXN-ca240ce2,ACC-1923,ACC-1206,2536.98,2026-08-07 13:14:06.161838,False
TXN-c51bb0d4,ACC-1205,ACC-1015,1479.75,2026-08-07 13:18:06.161838,False
TXN-d3d2eeb1,ACC-1662,ACC-1664,150150.05,2026-08-07 13:22:06.161838,True
TXN-d7b5626f,ACC-1501,ACC-1907,1445.42,2026-08-07 13:26:06.161838,False
TXN-42b17cd7,ACC-1622,ACC-1500,1536.42,2026-08-07 13:30:06.161838,False
TXN-2e112fbe,ACC-1591,ACC-1332,2253.34,2026-08-07 13:34:06.161838,False
TXN-a32941f4,ACC-1264,ACC-1742,96497.12,2026-08-07 13:38:06.161838,True
TXN-53024ef0,ACC-1525,ACC-1189,4363.11,2026-08-07 13:42:06.161838,False
TXN-c8785ec1,ACC-1035,ACC-1676,4255.29,2026-08-07 13:46:06.161838,False
TXN-bc4cc384,ACC-1117,ACC-1598,4057.2,2026-08-07 13:50:06.161838,False
TXN-3138057f,ACC-1315,ACC-1625,4486.19,2026-08-07 13:54:06.161838,False
TXN-cf76b0a9,ACC-1232,ACC-1969,4420.15,2026-08-07 13:58:06.161838,False
TXN-ac46bbb5,ACC-1714,ACC-1585,2406.95,2026-08-07 14:02:06.161838,False
TXN-0959d0d4,ACC-1570,ACC-1959,159323.27,2026-08-07 14:06:06.161838,True
TXN-ef943b11,ACC-1503,ACC-1528,2974.37,2026-08-07 14:10:06.161838,False
TXN-9c84bcdb,ACC-1007,ACC-1798,913.0,2026-08-07 14:14:06.161838,False
TXN-913c7419,ACC-1863,ACC-1373,458.57,2026-08-07 14:18:06.161838,False
TXN-05c993c2,ACC-1341,ACC-1796,1220.76,2026-08-07 14:22:06.161838,False
TXN-dfa73b9e,ACC-1834,ACC-1333,2274.35,2026-08-07 14:26:06.161838,False
TXN-2834e022,ACC-1884,ACC-1224,288.07,2026-08-07 14:30:06.161838,False
TXN-76df054f,ACC-1809,ACC-1332,4902.14,2026-08-07 14:34:06.161838,False
TXN-01ca6943,ACC-1410,ACC-1589,1852.75,2026-08-07 14:38:06.161838,False
TXN-baf56a5e,ACC-1047,ACC-1997,2049.13,2026-08-07 14:42:06.161838,False
TXN-14c88072,ACC-1041,ACC-1338,4892.54,2026-08-07 14:46:06.161838,False
TXN-092d70a2,ACC-1451,ACC-1234,2823.76,2026-08-07 14:50:06.161838,False
TXN-45288d7c,ACC-1985,ACC-1207,3039.88,2026-08-07 14:54:06.161838,False
TXN-6af98126,ACC-1540,ACC-1330,1453.28,2026-08-07 14:58:06.161838,False
TXN-d1de3b27,ACC-1268,ACC-1453,2281.66,2026-08-07 15:02:06.161838,False
TXN-039bd173,ACC-1640,ACC-1497,3955.12,2026-08-07 15:06:06.161838,False
TXN-2ee7de0b,ACC-1046,ACC-1562,127.51,2026-08-07 15:10:06.161838,False
TXN-ad44065c,ACC-1911,ACC-1120,637.28,2026-08-07 15:14:06.161838,False
TXN-f13e0a60,ACC-1270,ACC-1912,2399.81,2026-08-07 15:18:06.161838,False
TXN-72c1c155,ACC-1580,ACC-1137,4092.55,2026-08-07 15:22:06.161838,False
TXN-3fe0a4f7,ACC-1062,ACC-1901,4148.65,2026-08-07 15:26:06.161838,False
TXN-85b28fa0,ACC-1013,ACC-1656,4967.02,2026-08-07 15:30:06.161838,False
TXN-4190d24b,ACC-1830,ACC-1889,4207.34,2026-08-07 15:34:06.161838,False
TXN-eda79077,ACC-1491,ACC-1894,3548.28,2026-08-07 15:38:06.161838,False
TXN-6d2f5930,ACC-1037,ACC-1886,4046.58,2026-08-07 15:42:06.161838,False
TXN-492923ed,ACC-1734,ACC-1711,4695.25,2026-08-07 15:46:06.161838,False
TXN-2dcff604,ACC-1733,ACC-1564,3498.06,2026-08-07 15:50:06.161838,False
TXN-c01103ef,ACC-1202,ACC-1149,4079.65,2026-08-07 15:54:06.161838,False
TXN-79805158,ACC-1760,ACC-1781,2192.08,2026-08-07 15:58:06.161838,False
TXN-ba5fb35e,ACC-1930,ACC-1440,58562.12,2026-08-07 16:02:06.161838,True
TXN-22186e59,ACC-1773,ACC-1636,3270.62,2026-08-07 16:06:06.161838,False
TXN-2dddeb8b,ACC-1308,ACC-1775,4720.93,2026-08-07 16:10:06.161838,False
TXN-116a57f9,ACC-1171,ACC-1969,2255.41,2026-08-07 16:14:06.161838,False
TXN-689311f9,ACC-1186,ACC-1049,3971.16,2026-08-07 16:18:06.161838,False
TXN-fb33667d,ACC-1807,ACC-1072,3422.55,2026-08-07 16:22:06.161838,False
TXN-15f56932,ACC-1844,ACC-1914,81677.17,2026-08-07 16:26:06.161838,True
TXN-fdd074d6,ACC-1318,ACC-1709,3857.96,2026-08-07 16:30:06.161838,False
TXN-87c42c55,ACC-1595,ACC-1466,1556.33,2026-08-07 16:34:06.161838,False
TXN-4a75f092,ACC-1353,ACC-1123,3424.47,2026-08-07 16:38:06.161838,False
TXN-4d09368e,ACC-1581,ACC-1217,3719.84,2026-08-07 16:42:06.161838,False
TXN-a6a4c75d,ACC-1381,ACC-1362,355.67,2026-08-07 16:46:06.161838,False
TXN-89141085,ACC-1577,ACC-1296,2663.38,2026-08-07 16:50:06.161838,False
TXN-1575b232,ACC-1676,ACC-1198,713.08,2026-08-07 16:54:06.161838,False
TXN-66be3076,ACC-1366,ACC-1277,370.06,2026-08-07 16:58:06.161838,False
TXN-59ffa60f,ACC-1685,ACC-1439,4766.5,2026-08-07 17:02:06.161838,False
TXN-0bc4c075,ACC-1589,ACC-1556,4101.29,2026-08-07 17:06:06.161838,False
TXN-1817d729,ACC-1457,ACC-1404,161.75,2026-08-07 17:10:06.161838,False
TXN-3adc8515,ACC-1249,ACC-1863,2649.51,2026-08-07 17:14:06.161838,False
TXN-72ac164f,ACC-1761,ACC-1077,4351.41,2026-08-07 17:18:06.161838,False
TXN-04347396,ACC-1819,ACC-1482,2359.18,2026-08-07 17:22:06.161838,False
TXN-82fb2ffd,ACC-1556,ACC-1035,2589.62,2026-08-07 17:26:06.161838,False
TXN-986bab78,ACC-1231,ACC-1547,2225.37,2026-08-07 17:30:06.161838,False
TXN-415921b1,ACC-1343,ACC-1740,912.75,2026-08-07 17:34:06.161838,False
TXN-ea6d3887,ACC-1282,ACC-1121,2927.74,2026-08-07 17:38:06.161838,False
TXN-ff267e93,ACC-1527,ACC-1046,4915.54,2026-08-07 17:42:06.161838,False
TXN-2e014d02,ACC-1444,ACC-1169,2699.74,2026-08-07 17:46:06.161838,False
TXN-ea45ae5e,ACC-1485,ACC-1718,1380.35,2026-08-07 17:50:06.161838,False
TXN-b79e96a2,ACC-1040,ACC-1485,4276.46,2026-08-07 17:54:06.161838,False
TXN-3c0a0f30,ACC-1181,ACC-1959,348.32,2026-08-07 17:58:06.161838,False
TXN-b102812b,ACC-1645,ACC-1743,739.85,2026-08-07 18:02:06.161838,False
TXN-d7bff76d,ACC-1992,ACC-1425,3369.1,2026-08-07 18:06:06.161838,False
TXN-cc547fbf,ACC-1298,ACC-1882,370.04,2026-08-07 18:10:06.161838,False
TXN-fd572c94,ACC-1166,ACC-1234,4051.12,2026-08-07 18:14:06.161838,False
TXN-8a424389,ACC-1549,ACC-1144,485.93,2026-08-07 18:18:06.161838,False
TXN-e6493f13,ACC-1741,ACC-1348,2358.09,2026-08-07 18:22:06.161838,False
TXN-70ad6d6c,ACC-1528,ACC-1355,160650.87,2026-08-07 18:26:06.161838,True
TXN-f0c57c5a,ACC-1589,ACC-1530,926.25,2026-08-07 18:30:06.161838,False
TXN-1bbb0d4b,ACC-1688,ACC-1178,4837.91,2026-08-07 18:34:06.161838,False
TXN-e512fcad,ACC-1770,ACC-1517,192637.31,2026-08-07 18:38:06.161838,True
TXN-344aaae9,ACC-1481,ACC-1804,4798.79,2026-08-07 18:42:06.161838,False
TXN-8e3572ce,ACC-1532,ACC-1351,4776.48,2026-08-07 18:46:06.161838,False
TXN-d8de0c46,ACC-1832,ACC-1744,4671.88,2026-08-07 18:50:06.161838,False
TXN-bd478711,ACC-1407,ACC-1897,4665.62,2026-08-07 18:54:06.161838,False
TXN-261540b0,ACC-1277,ACC-1020,2549.82,2026-08-07 18:58:06.161838,False
TXN-add365a6,ACC-1043,ACC-1755,1365.84,2026-08-07 19:02:06.161838,False
TXN-9522d705,ACC-1891,ACC-1342,954.33,2026-08-07 19:06:06.161838,False
TXN-ed94a3f5,ACC-1431,ACC-1470,389.65,2026-08-07 19:10:06.161838,False
TXN-7777ea3d,ACC-1505,ACC-1559,4771.86,2026-08-07 19:14:06.161838,False
TXN-0cd2bcc2,ACC-1632,ACC-1249,178489.75,2026-08-07 19:18:06.161838,True
TXN-a0247ff0,ACC-1162,ACC-1508,2756.79,2026-08-07 19:22:06.161838,False
TXN-8c7c901b,ACC-1836,ACC-1154,180.12,2026-08-07 19:26:06.161838,False
TXN-ee44b2c6,ACC-1015,ACC-1769,148532.98,2026-08-07 19:30:06.161838,True
TXN-f1ebc2bc,ACC-1011,ACC-1265,120051.97,2026-08-07 19:34:06.161838,True
TXN-331c1926,ACC-1477,ACC-1464,708.9,2026-08-07 19:38:06.161838,False
TXN-730092db,ACC-1599,ACC-1885,2016.45,2026-08-07 19:42:06.161838,False
TXN-bf572e20,ACC-1329,ACC-1682,180.24,2026-08-07 19:46:06.161838,False
TXN-bf47030e,ACC-1092,ACC-1322,2882.37,2026-08-07 19:50:06.161838,False
TXN-c1dbe513,ACC-1877,ACC-1174,4230.18,2026-08-07 19:54:06.161838,False
TXN-1a8eba53,ACC-1203,ACC-1990,1940.22,2026-08-07 19:58:06.161838,False
TXN-f142f6e1,ACC-1360,ACC-1050,554.21,2026-08-07 20:02:06.161838,False
TXN-3bea6df3,ACC-1061,ACC-1304,3753.95,2026-08-07 20:06:06.161838,False
TXN-dea8756b,ACC-1933,ACC-1031,4336.38,2026-08-07 20:10:06.161838,False
TXN-63557a4f,ACC-1950,ACC-1692,163212.85,2026-08-07 20:14:06.161838,True
TXN-9ae997c3,ACC-1454,ACC-1136,588.04,2026-08-07 20:18:06.161838,False
TXN-51e92211,ACC-1316,ACC-1390,175.17,2026-08-07 20:22:06.161838,False
TXN-49cc5d19,ACC-1611,ACC-1682,4798.25,2026-08-07 20:26:06.161838,False
TXN-1a0e219b,ACC-1415,ACC-1578,238.43,2026-08-07 20:30:06.161838,False
TXN-ccfda284,ACC-1621,ACC-1156,970.53,2026-08-07 20:34:06.161838,False
TXN-342c721c,ACC-1796,ACC-1678,4798.75,2026-08-07 20:38:06.161838,False
TXN-f951ce48,ACC-1385,ACC-1018,3480.86,2026-08-07 20:42:06.161838,False
TXN-98665ea5,ACC-1211,ACC-1769,1525.85,2026-08-07 20:46:06.161838,False
TXN-5eba90f1,ACC-1189,ACC-1666,4149.47,2026-08-07 20:50:06.161838,False
TXN-62e102e3,ACC-1958,ACC-1222,2460.35,2026-08-07 20:54:06.161838,False
TXN-15a17232,ACC-1280,ACC-1005,4897.86,2026-08-07 20:58:06.161838,False
TXN-5d4d0002,ACC-1351,ACC-1530,470.05,2026-08-07 21:02:06.161838,False
TXN-bad55296,ACC-1602,ACC-1743,1432.52,2026-08-07 21:06:06.161838,False
TXN-bad8d7b6,ACC-1710,ACC-1920,2304.65,2026-08-07 21:10:06.161838,False
TXN-eb56deec,ACC-1411,ACC-1088,776.32,2026-08-07 21:14:06.161838,False
TXN-f577d189,ACC-1713,ACC-1473,614.71,2026-08-07 21:18:06.161838,False
TXN-4a5ea57c,ACC-1563,ACC-1148,2050.98,2026-08-07 21:22:06.161838,False
TXN-c518acf7,ACC-1155,ACC-1817,3360.45,2026-08-07 21:26:06.161838,False
TXN-908ebeba,ACC-1479,ACC-1901,476.96,2026-08-07 21:30:06.161838,False
TXN-ccb242cf,ACC-1014,ACC-1125,323.1,2026-08-07 21:34:06.161838,False
TXN-fd08b49f,ACC-1069,ACC-1229,2399.69,2026-08-07 21:38:06.161838,False
TXN-7e949806,ACC-1131,ACC-1129,3017.87,2026-08-07 21:42:06.161838,False
TXN-ebe537d0,ACC-1353,ACC-1032,4434.63,2026-08-07 21:46:06.161838,False
TXN-5ece01bf,ACC-1657,ACC-1027,3718.26,2026-08-07 21:50:06.161838,False
TXN-b4b582f6,ACC-1700,ACC-1222,2290.3,2026-08-07 21:54:06.161838,False
TXN-cbe593b3,ACC-1786,ACC-1053,4818.9,2026-08-07 21:58:06.161838,False
TXN-b72f8160,ACC-1157,ACC-1102,394.18,2026-08-07 22:02:06.161838,False
TXN-73e6b1fe,ACC-1245,ACC-1130,1821.38,2026-08-07 22:06:06.161838,False
TXN-f3a4c45b,ACC-1567,ACC-1166,3549.02,2026-08-07 22:10:06.161838,False
TXN-482f968c,ACC-1030,ACC-1133,3853.94,2026-08-07 22:14:06.161838,False
TXN-134dc42f,ACC-1358,ACC-1982,2441.69,2026-08-07 22:18:06.161838,False
TXN-16ee6741,ACC-1735,ACC-1702,2581.14,2026-08-07 22:22:06.161838,False
TXN-8ce02b9c,ACC-1600,ACC-1211,563.32,2026-08-07 22:26:06.161838,False
TXN-50986340,ACC-1822,ACC-1331,2838.28,2026-08-07 22:30:06.161838,False
TXN-6a85b027,ACC-1840,ACC-1249,2016.57,2026-08-07 22:34:06.161838,False
TXN-894eb4da,ACC-1438,ACC-1320,1856.19,2026-08-07 22:38:06.161838,False
TXN-9090b587,ACC-1108,ACC-1502,1185.19,2026-08-07 22:42:06.161838,False
TXN-17e66538,ACC-1016,ACC-1905,3837.47,2026-08-07 22:46:06.161838,False
TXN-e9084874,ACC-1153,ACC-1662,4688.52,2026-08-07 22:50:06.161838,False
TXN-3586f3c2,ACC-1472,ACC-1679,405.11,2026-08-07 22:54:06.161838,False
TXN-4ecdc729,ACC-1846,ACC-1410,1727.61,2026-08-07 22:58:06.161838,False
TXN-af45f0b2,ACC-1259,ACC-1570,3244.96,2026-08-07 23:02:06.161838,False
TXN-d0f3f65b,ACC-1829,ACC-1916,4990.23,2026-08-07 23:06:06.161838,False
TXN-f24fbea4,ACC-1664,ACC-1400,2823.02,2026-08-07 23:10:06.161838,False
TXN-1793511e,ACC-1214,ACC-1717,2946.6,2026-08-07 23:14:06.161838,False
TXN-9a2d9626,ACC-1105,ACC-1358,4783.03,2026-08-07 23:18:06.161838,False
TXN-4fa28898,ACC-1232,ACC-1633,4247.33,2026-08-07 23:22:06.161838,False
TXN-4bafdf53,ACC-1255,ACC-1247,2422.37,2026-08-07 23:26:06.161838,False
TXN-a3f9cac4,ACC-1903,ACC-1594,96700.15,2026-08-07 23:30:06.161838,True
TXN-842a212f,ACC-1800,ACC-1447,2241.47,2026-08-07 23:34:06.161838,False
TXN-cedbc627,ACC-1998,ACC-1719,2940.4,2026-08-07 23:38:06.161838,False
TXN-2681020a,ACC-1450,ACC-1139,1568.4,2026-08-07 23:42:06.161838,False
TXN-62a37800,ACC-1087,ACC-1938,761.69,2026-08-07 23:46:06.161838,False
TXN-176c5b09,ACC-1357,ACC-1840,429.14,2026-08-07 23:50:06.161838,False
TXN-bd23f106,ACC-1267,ACC-1200,4255.04,2026-08-07 23:54:06.161838,False
TXN-5e8152d6,ACC-1809,ACC-1572,3683.69,2026-08-07 23:58:06.161838,False
TXN-a28259c8,ACC-1026,ACC-1509,1900.59,2026-08-08 00:02:06.161838,False
TXN-a7fab1f4,ACC-1129,ACC-1968,3629.57,2026-08-08 00:06:06.161838,False
TXN-c8d1fc4b,ACC-1450,ACC-1988,410.36,2026-08-08 00:10:06.161838,False
TXN-8dd328a0,ACC-1061,ACC-1517,4404.87,2026-08-08 00:14:06.161838,False
TXN-37c93dc9,ACC-1087,ACC-1859,4985.16,2026-08-08 00:18:06.161838,False
TXN-a68085e0,ACC-1543,ACC-1060,4708.71,2026-08-08 00:22:06.161838,False
TXN-ed9495c7,ACC-1168,ACC-1625,4078.77,2026-08-08 00:26:06.161838,False
TXN-4417c3f8,ACC-1675,ACC-1529,1820.18,2026-08-08 00:30:06.161838,False
TXN-2a28194c,ACC-1945,ACC-1802,3811.97,2026-08-08 00:34:06.161838,False
TXN-cd25466c,ACC-1798,ACC-1406,4187.68,2026-08-08 00:38:06.161838,False
TXN-14ce896c,ACC-1147,ACC-1998,4351.94,2026-08-08 00:42:06.161838,False
TXN-0db26845,ACC-1566,ACC-1460,414.51,2026-08-08 00:46:06.161838,False
TXN-df2b801b,ACC-1366,ACC-1762,2779.27,2026-08-08 00:50:06.161838,False
TXN-2206ccb8,ACC-1380,ACC-1594,1089.97,2026-08-08 00:54:06.161838,False
TXN-ac148385,ACC-1849,ACC-1372,3053.19,2026-08-08 00:58:06.161838,False
TXN-72c0a392,ACC-1557,ACC-1779,1619.84,2026-08-08 01:02:06.161838,False
TXN-9121372d,ACC-1066,ACC-1748,1981.78,2026-08-08 01:06:06.161838,False
TXN-8a70e7df,ACC-1084,ACC-1550,3477.21,2026-08-08 01:10:06.161838,False
TXN-49cd80ca,ACC-1290,ACC-1305,2171.44,2026-08-08 01:14:06.161838,False
TXN-3b1d6531,ACC-1020,ACC-1471,3023.95,2026-08-08 01:18:06.161838,False
TXN-d3e7e092,ACC-1258,ACC-1592,358.12,2026-08-08 01:22:06.161838,False
TXN-6c585990,ACC-1986,ACC-1327,1142.77,2026-08-08 01:26:06.161838,False
TXN-66e5e903,ACC-1223,ACC-1858,362.56,2026-08-08 01:30:06.161838,False
TXN-20af7d66,ACC-1700,ACC-1517,2969.4,2026-08-08 01:34:06.161838,False
TXN-000476da,ACC-1224,ACC-1724,562.23,2026-08-08 01:38:06.161838,False
TXN-1e232f9d,ACC-1864,ACC-1114,146215.62,2026-08-08 01:42:06.161838,True
TXN-cff2791e,ACC-1402,ACC-1501,3185.31,2026-08-08 01:46:06.161838,False
TXN-3cd41b4c,ACC-1095,ACC-1777,447.63,2026-08-08 01:50:06.161838,False
TXN-0e6b8ba1,ACC-1594,ACC-1326,1046.99,2026-08-08 01:54:06.161838,False
TXN-dee154c9,ACC-1193,ACC-1309,3381.13,2026-08-08 01:58:06.161838,False
TXN-f1b7a35f,ACC-1657,ACC-1530,3296.15,2026-08-08 02:02:06.161838,False
TXN-216d2843,ACC-1862,ACC-1202,3260.74,2026-08-08 02:06:06.161838,False
TXN-adf8d737,ACC-1002,ACC-1926,2056.51,2026-08-08 02:10:06.161838,False
TXN-3f4ac801,ACC-1583,ACC-1517,64917.29,2026-08-08 02:14:06.161838,True
TXN-8e8d583b,ACC-1307,ACC-1059,1064.78,2026-08-08 02:18:06.161838,False
TXN-6e8d4883,ACC-1443,ACC-1106,1234.42,2026-08-08 02:22:06.161838,False
TXN-8d954f98,ACC-1500,ACC-1520,3572.08,2026-08-08 02:26:06.161838,False
TXN-af41526b,ACC-1895,ACC-1357,4114.36,2026-08-08 02:30:06.161838,False
TXN-bb5051e8,ACC-1936,ACC-1896,3635.4,2026-08-08 02:34:06.161838,False
TXN-3c882bba,ACC-1403,ACC-1613,1364.26,2026-08-08 02:38:06.161838,False
TXN-74725911,ACC-1048,ACC-1414,97910.24,2026-08-08 02:42:06.161838,True
TXN-ad5fb6e4,ACC-1668,ACC-1872,2358.59,2026-08-08 02:46:06.161838,False
TXN-4d486fff,ACC-1563,ACC-1202,2484.04,2026-08-08 02:50:06.161838,False
TXN-f19dd14d,ACC-1472,ACC-1174,2199.72,2026-08-08 02:54:06.161838,False
TXN-8c0daf4c,ACC-1739,ACC-1690,2564.95,2026-08-08 02:58:06.161838,False
TXN-6672e65d,ACC-1062,ACC-1669,685.66,2026-08-08 03:02:06.161838,False
TXN-346d5adf,ACC-1515,ACC-1983,4090.07,2026-08-08 03:06:06.161838,False
TXN-799097ea,ACC-1696,ACC-1513,1729.61,2026-08-08 03:10:06.161838,False
TXN-7401b6a1,ACC-1562,ACC-1094,2841.22,2026-08-08 03:14:06.161838,False
TXN-7edc59a7,ACC-1010,ACC-1805,3615.01,2026-08-08 03:18:06.161838,False
TXN-8103ced5,ACC-1680,ACC-1494,816.71,2026-08-08 03:22:06.161838,False
TXN-90c9d536,ACC-1418,ACC-1591,559.26,2026-08-08 03:26:06.161838,False
TXN-fc60e885,ACC-1983,ACC-1393,857.69,2026-08-08 03:30:06.161838,False
TXN-79beaa4d,ACC-1105,ACC-1365,502.78,2026-08-08 03:34:06.161838,False
TXN-42ec6f0f,ACC-1034,ACC-1768,4144.33,2026-08-08 03:38:06.161838,False
TXN-517f823d,ACC-1736,ACC-1513,1454.42,2026-08-08 03:42:06.161838,False
TXN-9467b020,ACC-1024,ACC-1305,2744.35,2026-08-08 03:46:06.161838,False
TXN-220a49b6,ACC-1671,ACC-1498,202.2,2026-08-08 03:50:06.161838,False
TXN-32065ba3,ACC-1047,ACC-1527,1329.77,2026-08-08 03:54:06.161838,False
TXN-1bd96788,ACC-1724,ACC-1959,1561.72,2026-08-08 03:58:06.161838,False
TXN-92df1171,ACC-1936,ACC-1542,4689.58,2026-08-08 04:02:06.161838,False
TXN-5ede1725,ACC-1516,ACC-1259,2593.6,2026-08-08 04:06:06.161838,False
TXN-90d22276,ACC-1137,ACC-1532,604.23,2026-08-08 04:10:06.161838,False
TXN-aa70b46b,ACC-1589,ACC-1199,3036.68,2026-08-08 04:14:06.161838,False
TXN-52fd423f,ACC-1181,ACC-1230,1374.23,2026-08-08 04:18:06.161838,False
TXN-23c629c8,ACC-1745,ACC-1805,4092.21,2026-08-08 04:22:06.161838,False
TXN-4cb9ed5b,ACC-1961,ACC-1887,2181.87,2026-08-08 04:26:06.161838,False
TXN-a58c43aa,ACC-1657,ACC-1001,4670.48,2026-08-08 04:30:06.161838,False
TXN-d6d92ece,ACC-1536,ACC-1200,3181.06,2026-08-08 04:34:06.161838,False
TXN-1f2cd884,ACC-1121,ACC-1926,4604.8,2026-08-08 04:38:06.161838,False
TXN-b9a57cb4,ACC-1848,ACC-1988,304.59,2026-08-08 04:42:06.161838,False
TXN-79f3e9cd,ACC-1145,ACC-1094,2378.3,2026-08-08 04:46:06.161838,False
TXN-3c08746c,ACC-1854,ACC-1738,2186.66,2026-08-08 04:50:06.161838,False
TXN-9250dc75,ACC-1968,ACC-1201,2900.12,2026-08-08 04:54:06.161838,False
TXN-b10d038d,ACC-1036,ACC-1897,3690.78,2026-08-08 04:58:06.161838,False
TXN-004387f0,ACC-1604,ACC-1276,2124.54,2026-08-08 05:02:06.161838,False
TXN-bf56f0d3,ACC-1739,ACC-1086,81283.84,2026-08-08 05:06:06.161838,True
TXN-b1d3a31f,ACC-1879,ACC-1413,2461.66,2026-08-08 05:10:06.161838,False
TXN-296fe962,ACC-1349,ACC-1537,1230.11,2026-08-08 05:14:06.161838,False
TXN-8ac15fdd,ACC-1979,ACC-1716,481.0,2026-08-08 05:18:06.161838,False
TXN-934ce9a4,ACC-1880,ACC-1120,845.67,2026-08-08 05:22:06.161838,False
TXN-00ffbe28,ACC-1127,ACC-1996,581.03,2026-08-08 05:26:06.161838,False
TXN-66be27b4,ACC-1215,ACC-1761,337.69,2026-08-08 05:30:06.161838,False
TXN-a28f6e8d,ACC-1240,ACC-1150,2241.61,2026-08-08 05:34:06.161838,False
TXN-80857e2f,ACC-1311,ACC-1655,685.9,2026-08-08 05:38:06.161838,False
TXN-ff921846,ACC-1585,ACC-1574,2568.83,2026-08-08 05:42:06.161838,False
TXN-d78b2411,ACC-1049,ACC-1396,1380.1,2026-08-08 05:46:06.161838,False
TXN-19d69f2d,ACC-1356,ACC-1338,185494.78,2026-08-08 05:50:06.161838,True
TXN-11fe6cd6,ACC-1584,ACC-1568,1714.75,2026-08-08 05:54:06.161838,False
TXN-a103aeba,ACC-1333,ACC-1553,4130.07,2026-08-08 05:58:06.161838,False
TXN-dfba4b4f,ACC-1018,ACC-1680,4223.37,2026-08-08 06:02:06.161838,False
TXN-57bf99dc,ACC-1936,ACC-1090,3371.63,2026-08-08 06:06:06.161838,False
TXN-0267ad22,ACC-1647,ACC-1138,183.73,2026-08-08 06:10:06.161838,False
TXN-96856597,ACC-1192,ACC-1263,3162.21,2026-08-08 06:14:06.161838,False
TXN-600a1d9e,ACC-1912,ACC-1055,127028.96,2026-08-08 06:18:06.161838,True
TXN-eecdc194,ACC-1589,ACC-1071,3276.62,2026-08-08 06:22:06.161838,False
TXN-cf30f40d,ACC-1243,ACC-1869,4886.36,2026-08-08 06:26:06.161838,False
TXN-1a3b1159,ACC-1781,ACC-1065,4745.53,2026-08-08 06:30:06.161838,False
TXN-4505d310,ACC-1862,ACC-1531,4067.11,2026-08-08 06:34:06.161838,False
TXN-83f451e5,ACC-1021,ACC-1463,521.48,2026-08-08 06:38:06.161838,False
TXN-df614252,ACC-1914,ACC-1100,518.15,2026-08-08 06:42:06.161838,False
TXN-6c3f5fda,ACC-1702,ACC-1359,2010.06,2026-08-08 06:46:06.161838,False
TXN-5946b534,ACC-1529,ACC-1655,2392.97,2026-08-08 06:50:06.161838,False
TXN-f4be1649,ACC-1722,ACC-1753,3598.25,2026-08-08 06:54:06.161838,False
TXN-9f1fa5c4,ACC-1497,ACC-1802,412.95,2026-08-08 06:58:06.161838,False
TXN-c0d65f1c,ACC-1033,ACC-1215,799.75,2026-08-08 07:02:06.161838,False
TXN-8ece14e4,ACC-1138,ACC-1078,2674.01,2026-08-08 07:06:06.161838,False
TXN-a2b80026,ACC-1213,ACC-1419,2987.16,2026-08-08 07:10:06.161838,False
TXN-bc3d1aae,ACC-1812,ACC-1149,1962.06,2026-08-08 07:14:06.161838,False
TXN-78532f93,ACC-1857,ACC-1874,2138.34,2026-08-08 07:18:06.161838,False
TXN-75b2d37a,ACC-1639,ACC-1769,1868.07,2026-08-08 07:22:06.161838,False
TXN-9de3ab67,ACC-1974,ACC-1919,733.21,2026-08-08 07:26:06.161838,False
TXN-9e62ade8,ACC-1517,ACC-1909,4099.36,2026-08-08 07:30:06.161838,False
TXN-39be6cdb,ACC-1467,ACC-1607,1824.05,2026-08-08 07:34:06.161838,False
TXN-5ba4e4df,ACC-1988,ACC-1463,1502.1,2026-08-08 07:38:06.161838,False
TXN-327ed239,ACC-1708,ACC-1513,4614.21,2026-08-08 07:42:06.161838,False
TXN-b9d0d3c1,ACC-1120,ACC-1115,4916.74,2026-08-08 07:46:06.161838,False
TXN-bcce1aa6,ACC-1791,ACC-1036,3339.04,2026-08-08 07:50:06.161838,False
TXN-fc336a96,ACC-1686,ACC-1398,420.28,2026-08-08 07:54:06.161838,False
TXN-caa04905,ACC-1565,ACC-1223,4893.4,2026-08-08 07:58:06.161838,False
TXN-b10fc498,ACC-1057,ACC-1670,3491.76,2026-08-08 08:02:06.161838,False
TXN-10ce6ccb,ACC-1041,ACC-1491,4624.85,2026-08-08 08:06:06.161838,False
TXN-9b7633ab,ACC-1642,ACC-1501,3328.99,2026-08-08 08:10:06.161838,False
TXN-ca5be53b,ACC-1046,ACC-1182,2410.75,2026-08-08 08:14:06.161838,False
TXN-0e85d87f,ACC-1623,ACC-1012,1700.25,2026-08-08 08:18:06.161838,False
TXN-379ad12d,ACC-1627,ACC-1004,98361.5,2026-08-08 08:22:06.161838,True
TXN-f81e7f90,ACC-1557,ACC-1710,4665.56,2026-08-08 08:26:06.161838,False
TXN-110b157c,ACC-1260,ACC-1283,2319.76,2026-08-08 08:30:06.161838,False
TXN-b0cfc95f,ACC-1808,ACC-1070,4969.39,2026-08-08 08:34:06.161838,False
TXN-09f7ba65,ACC-1024,ACC-1972,3508.81,2026-08-08 08:38:06.161838,False
TXN-d2539d82,ACC-1490,ACC-1540,2559.99,2026-08-08 08:42:06.161838,False
TXN-9325c666,ACC-1765,ACC-1305,4525.67,2026-08-08 08:46:06.161838,False
TXN-5d12935d,ACC-1722,ACC-1357,2794.17,2026-08-08 08:50:06.161838,False
TXN-7aa70d7e,ACC-1471,ACC-1863,1976.44,2026-08-08 08:54:06.161838,False
TXN-dafab9ba,ACC-1888,ACC-1081,248.76,2026-08-08 08:58:06.161838,False
TXN-84e80249,ACC-1051,ACC-1427,4182.0,2026-08-08 09:02:06.161838,False
TXN-1f2a9c22,ACC-1991,ACC-1947,613.79,2026-08-08 09:06:06.161838,False
TXN-654c89a3,ACC-1446,ACC-1073,1498.54,2026-08-08 09:10:06.161838,False
TXN-fe81f513,ACC-1368,ACC-1197,509.78,2026-08-08 09:14:06.161838,False
TXN-e9d32aa1,ACC-1395,ACC-1974,3439.75,2026-08-08 09:18:06.161838,False
TXN-91fefb2f,ACC-1527,ACC-1290,3345.75,2026-08-08 09:22:06.161838,False
TXN-10162f00,ACC-1255,ACC-1105,4015.49,2026-08-08 09:26:06.161838,False
TXN-ad76965d,ACC-1486,ACC-1132,1586.73,2026-08-08 09:30:06.161838,False
TXN-fd5d3fd4,ACC-1983,ACC-1183,3495.85,2026-08-08 09:34:06.161838,False
TXN-ceb4c597,ACC-1919,ACC-1344,1778.05,2026-08-08 09:38:06.161838,False
TXN-87e8b259,ACC-1559,ACC-1508,721.72,2026-08-08 09:42:06.161838,False
TXN-925f962e,ACC-1015,ACC-1286,4519.68,2026-08-08 09:46:06.161838,False
TXN-49c68c04,ACC-1909,ACC-1793,828.49,2026-08-08 09:50:06.161838,False
TXN-d18fe347,ACC-1968,ACC-1904,576.79,2026-08-08 09:54:06.161838,False
TXN-adcfafb7,ACC-1137,ACC-1373,4343.23,2026-08-08 09:58:06.161838,False
TXN-5bfeb4f3,ACC-1520,ACC-1612,3296.17,2026-08-08 10:02:06.161838,False
TXN-426461da,ACC-1283,ACC-1361,4061.87,2026-08-08 10:06:06.161838,False
TXN-7b92fcef,ACC-1869,ACC-1867,1536.14,2026-08-08 10:10:06.161838,False
TXN-30618a92,ACC-1176,ACC-1029,4348.42,2026-08-08 10:14:06.161838,False
TXN-c3040a09,ACC-1426,ACC-1554,727.45,2026-08-08 10:18:06.161838,False
TXN-3b5a074b,ACC-1344,ACC-1521,3902.13,2026-08-08 10:22:06.161838,False
TXN-5fb0dc30,ACC-1240,ACC-1974,3194.46,2026-08-08 10:26:06.161838,False
TXN-a0ecc064,ACC-1325,ACC-1686,3314.45,2026-08-08 10:30:06.161838,False
TXN-9b4ba33a,ACC-1661,ACC-1731,1159.58,2026-08-08 10:34:06.161838,False
TXN-2fc7a86b,ACC-1355,ACC-1509,169.69,2026-08-08 10:38:06.161838,False
TXN-1b8e7b5d,ACC-1866,ACC-1218,4695.39,2026-08-08 10:42:06.161838,False
TXN-356e3cd1,ACC-1844,ACC-1964,2662.68,2026-08-08 10:46:06.161838,False
TXN-1601b414,ACC-1331,ACC-1148,3642.52,2026-08-08 10:50:06.161838,False
TXN-bfac2d1d,ACC-1114,ACC-1390,421.32,2026-08-08 10:54:06.161838,False
TXN-1ad16d66,ACC-1244,ACC-1765,1667.37,2026-08-08 10:58:06.161838,False
TXN-df9a4414,ACC-1833,ACC-1197,1234.71,2026-08-08 11:02:06.161838,False
TXN-d22a89d9,ACC-1573,ACC-1430,3708.22,2026-08-08 11:06:06.161838,False
TXN-66e7c135,ACC-1881,ACC-1608,2498.67,2026-08-08 11:10:06.161838,False
TXN-477ee35e,ACC-1396,ACC-1018,579.77,2026-08-08 11:14:06.161838,False
TXN-aeba553f,ACC-1826,ACC-1810,2126.84,2026-08-08 11:18:06.161838,False
TXN-ee0087c8,ACC-1470,ACC-1366,1625.77,2026-08-08 11:22:06.161838,False
TXN-7dd1fa2d,ACC-1675,ACC-1049,1819.98,2026-08-08 11:26:06.161838,False
TXN-e79494a4,ACC-1839,ACC-1753,4837.3,2026-08-08 11:30:06.161838,False
TXN-254fe7a5,ACC-1771,ACC-1201,783.13,2026-08-08 11:34:06.161838,False
TXN-9d293fec,ACC-1649,ACC-1944,598.43,2026-08-08 11:38:06.161838,False
TXN-9a9cea3e,ACC-1435,ACC-1740,1038.47,2026-08-08 11:42:06.161838,False
TXN-ae5ec4e5,ACC-1720,ACC-1199,2726.38,2026-08-08 11:46:06.161838,False
TXN-26636d08,ACC-1615,ACC-1120,1920.36,2026-08-08 11:50:06.161838,False
TXN-3b8bf6f9,ACC-1682,ACC-1153,1553.33,2026-08-08 11:54:06.161838,False
TXN-ee6d604d,ACC-1080,ACC-1855,2314.87,2026-08-08 11:58:06.161838,False
TXN-1e49f91f,ACC-1178,ACC-1376,2161.32,2026-08-08 12:02:06.161838,False
TXN-9766f5e6,ACC-1574,ACC-1163,576.92,2026-08-08 12:06:06.161838,False
TXN-67da83f4,ACC-1340,ACC-1810,3335.67,2026-08-08 12:10:06.161838,False
TXN-4553a6ce,ACC-1830,ACC-1421,722.59,2026-08-08 12:14:06.161838,False
TXN-7204dcdf,ACC-1507,ACC-1421,2337.41,2026-08-08 12:18:06.161838,False
TXN-344c4bc1,ACC-1055,ACC-1656,4810.59,2026-08-08 12:22:06.161838,False
TXN-f9888779,ACC-1790,ACC-1061,3822.12,2026-08-08 12:26:06.161838,False
TXN-fe975d46,ACC-1877,ACC-1148,908.81,2026-08-08 12:30:06.161838,False
TXN-05a086ba,ACC-1589,ACC-1404,2645.51,2026-08-08 12:34:06.161838,False
TXN-c3499d24,ACC-1013,ACC-1233,2684.14,2026-08-08 12:38:06.161838,False
TXN-978f391a,ACC-1702,ACC-1163,144547.73,2026-08-08 12:42:06.161838,True
TXN-a2684c27,ACC-1855,ACC-1089,3496.28,2026-08-08 12:46:06.161838,False
TXN-e69aea36,ACC-1922,ACC-1566,2467.56,2026-08-08 12:50:06.161838,False
TXN-768a8860,ACC-1701,ACC-1127,659.91,2026-08-08 12:54:06.161838,False
TXN-6c11c2d6,ACC-1410,ACC-1150,2465.22,2026-08-08 12:58:06.161838,False
TXN-d9e08965,ACC-1759,ACC-1570,1873.29,2026-08-08 13:02:06.161838,False
TXN-d9e7adcf,ACC-1089,ACC-1694,4037.08,2026-08-08 13:06:06.161838,False
TXN-23340928,ACC-1207,ACC-1982,1811.73,2026-08-08 13:10:06.161838,False
TXN-00922622,ACC-1674,ACC-1418,1524.31,2026-08-08 13:14:06.161838,False
TXN-6d74bf9b,ACC-1829,ACC-1545,2853.48,2026-08-08 13:18:06.161838,False
TXN-7ca942a6,ACC-1355,ACC-1859,621.28,2026-08-08 13:22:06.161838,False
TXN-b4d10b1a,ACC-1168,ACC-1556,2985.84,2026-08-08 13:26:06.161838,False
TXN-1b5e8b05,ACC-1492,ACC-1110,4832.91,2026-08-08 13:30:06.161838,False
TXN-18666191,ACC-1884,ACC-1306,2689.71,2026-08-08 13:34:06.161838,False
TXN-4c280c2e,ACC-1857,ACC-1210,2276.82,2026-08-08 13:38:06.161838,False
TXN-8ce39fa5,ACC-1312,ACC-1038,3274.09,2026-08-08 13:42:06.161838,False
TXN-dffe6011,ACC-1130,ACC-1809,2184.92,2026-08-08 13:46:06.161838,False
TXN-15c1d6a0,ACC-1439,ACC-1589,4919.44,2026-08-08 13:50:06.161838,False
TXN-a465432e,ACC-1017,ACC-1130,1214.41,2026-08-08 13:54:06.161838,False
TXN-7c7360e8,ACC-1773,ACC-1332,894.78,2026-08-08 13:58:06.161838,False
TXN-8dd88f98,ACC-1573,ACC-1222,3260.97,2026-08-08 14:02:06.161838,False
TXN-3eed0283,ACC-1646,ACC-1286,4625.95,2026-08-08 14:06:06.161838,False
TXN-e107b297,ACC-1894,ACC-1667,2466.81,2026-08-08 14:10:06.161838,False
TXN-76437e31,ACC-1499,ACC-1751,196886.41,2026-08-08 14:14:06.161838,True
TXN-13e619c7,ACC-1903,ACC-1117,2228.68,2026-08-08 14:18:06.161838,False
TXN-8bdc503a,ACC-1163,ACC-1181,2320.86,2026-08-08 14:22:06.161838,False
TXN-e19af6d7,ACC-1976,ACC-1230,2623.82,2026-08-08 14:26:06.161838,False
TXN-cfff5cd5,ACC-1112,ACC-1484,122883.69,2026-08-08 14:30:06.161838,True
TXN-8be9cac1,ACC-1532,ACC-1738,3901.13,2026-08-08 14:34:06.161838,False
TXN-a68ea8db,ACC-1257,ACC-1371,4645.64,2026-08-08 14:38:06.161838,False
TXN-29ab1286,ACC-1102,ACC-1359,1479.69,2026-08-08 14:42:06.161838,False
TXN-a7c5eb7c,ACC-1812,ACC-1640,875.57,2026-08-08 14:46:06.161838,False
TXN-6118e463,ACC-1027,ACC-1132,4983.46,2026-08-08 14:50:06.161838,False
TXN-5f5aff17,ACC-1984,ACC-1079,2986.89,2026-08-08 14:54:06.161838,False
TXN-80eda89d,ACC-1112,ACC-1748,2770.74,2026-08-08 14:58:06.161838,False
TXN-4e0c2588,ACC-1769,ACC-1582,4078.68,2026-08-08 15:02:06.161838,False
TXN-7f67b9f1,ACC-1525,ACC-1711,153007.71,2026-08-08 15:06:06.161838,True
TXN-e148157d,ACC-1099,ACC-1098,2632.35,2026-08-08 15:10:06.161838,False
TXN-a1b05ae3,ACC-1305,ACC-1942,3720.36,2026-08-08 15:14:06.161838,False
TXN-195fb75e,ACC-1852,ACC-1196,2905.66,2026-08-08 15:18:06.161838,False
TXN-c1bc1645,ACC-1546,ACC-1009,798.95,2026-08-08 15:22:06.161838,False
TXN-2a56cba3,ACC-1893,ACC-1015,1341.45,2026-08-08 15:26:06.161838,False
TXN-b56cc2d7,ACC-1263,ACC-1219,1177.1,2026-08-08 15:30:06.161838,False
TXN-efefda73,ACC-1680,ACC-1652,2541.83,2026-08-08 15:34:06.161838,False
TXN-99d21f97,ACC-1855,ACC-1665,122119.54,2026-08-08 15:38:06.161838,True
TXN-bd96a7aa,ACC-1357,ACC-1587,4258.75,2026-08-08 15:42:06.161838,False
TXN-10fd5616,ACC-1218,ACC-1011,3406.67,2026-08-08 15:46:06.161838,False
TXN-b6196895,ACC-1671,ACC-1810,4686.54,2026-08-08 15:50:06.161838,False
TXN-b2dc4de2,ACC-1019,ACC-1466,137505.95,2026-08-08 15:54:06.161838,True
TXN-b2fef614,ACC-1525,ACC-1613,2710.05,2026-08-08 15:58:06.161838,False
TXN-4e3b8be4,ACC-1815,ACC-1434,2650.9,2026-08-08 16:02:06.161838,False
TXN-c503ebec,ACC-1350,ACC-1202,3990.55,2026-08-08 16:06:06.161838,False
TXN-17ba6ab0,ACC-1885,ACC-1752,732.01,2026-08-08 16:10:06.161838,False
TXN-60e0e100,ACC-1319,ACC-1512,278.35,2026-08-08 16:14:06.161838,False
TXN-e113a7bb,ACC-1129,ACC-1762,280.77,2026-08-08 16:18:06.161838,False
TXN-ad850e00,ACC-1934,ACC-1043,2478.34,2026-08-08 16:22:06.161838,False
TXN-fac9abd8,ACC-1038,ACC-1831,189320.82,2026-08-08 16:26:06.161838,True
TXN-69065e66,ACC-1878,ACC-1452,1319.78,2026-08-08 16:30:06.161838,False
TXN-70f926d9,ACC-1509,ACC-1812,535.01,2026-08-08 16:34:06.161838,False
TXN-e3016380,ACC-1428,ACC-1078,4748.43,2026-08-08 16:38:06.161838,False
TXN-06fd43ee,ACC-1456,ACC-1030,1857.32,2026-08-08 16:42:06.161838,False
TXN-25decff8,ACC-1372,ACC-1133,4871.56,2026-08-08 16:46:06.161838,False
TXN-bcd5ba98,ACC-1085,ACC-1922,1429.85,2026-08-08 16:50:06.161838,False
TXN-6469624d,ACC-1672,ACC-1557,693.17,2026-08-08 16:54:06.161838,False
TXN-4f84b5bb,ACC-1019,ACC-1420,146404.23,2026-08-08 16:58:06.161838,True
TXN-89abcf5c,ACC-1881,ACC-1689,2002.73,2026-08-08 17:02:06.161838,False
TXN-c5d623a1,ACC-1193,ACC-1360,3929.87,2026-08-08 17:06:06.161838,False
TXN-94869859,ACC-1800,ACC-1782,2448.86,2026-08-08 17:10:06.161838,False
TXN-5ddbf827,ACC-1759,ACC-1227,2332.71,2026-08-08 17:14:06.161838,False
TXN-e437b045,ACC-1263,ACC-1166,2837.18,2026-08-08 17:18:06.161838,False
TXN-298a7027,ACC-1846,ACC-1190,1518.35,2026-08-08 17:22:06.161838,False
TXN-63ac6b92,ACC-1301,ACC-1029,3292.96,2026-08-08 17:26:06.161838,False
TXN-210db6b4,ACC-1604,ACC-1099,4357.4,2026-08-08 17:30:06.161838,False
TXN-f6a4cfc6,ACC-1743,ACC-1152,4279.83,2026-08-08 17:34:06.161838,False
TXN-0b5a5f34,ACC-1980,ACC-1663,2209.38,2026-08-08 17:38:06.161838,False
TXN-e0284975,ACC-1137,ACC-1721,3670.86,2026-08-08 17:42:06.161838,False
TXN-0907e454,ACC-1925,ACC-1695,860.06,2026-08-08 17:46:06.161838,False
TXN-f127b0b5,ACC-1384,ACC-1038,2480.23,2026-08-08 17:50:06.161838,False
TXN-b159c573,ACC-1915,ACC-1296,4968.94,2026-08-08 17:54:06.161838,False
TXN-d7b5b469,ACC-1066,ACC-1539,2539.87,2026-08-08 17:58:06.161838,False
TXN-38f9cffe,ACC-1341,ACC-1204,4665.62,2026-08-08 18:02:06.161838,False
TXN-abe14856,ACC-1022,ACC-1737,4291.99,2026-08-08 18:06:06.161838,False
TXN-8572382a,ACC-1223,ACC-1017,1834.17,2026-08-08 18:10:06.161838,False
TXN-5ade30c2,ACC-1573,ACC-1890,151.06,2026-08-08 18:14:06.161838,False
TXN-8cbb57e4,ACC-1830,ACC-1581,4801.56,2026-08-08 18:18:06.161838,False
TXN-afc5b8b3,ACC-1794,ACC-1124,3478.86,2026-08-08 18:22:06.161838,False
TXN-9de06d15,ACC-1409,ACC-1708,134.68,2026-08-08 18:26:06.161838,False
TXN-14debe65,ACC-1256,ACC-1232,2932.11,2026-08-08 18:30:06.161838,False
TXN-eba66120,ACC-1917,ACC-1880,4026.76,2026-08-08 18:34:06.161838,False
TXN-ec81bb85,ACC-1152,ACC-1394,3033.78,2026-08-08 18:38:06.161838,False
TXN-d1188619,ACC-1522,ACC-1832,319.83,2026-08-08 18:42:06.161838,False
TXN-6c94081e,ACC-1132,ACC-1719,3623.45,2026-08-08 18:46:06.161838,False
TXN-bf621f8f,ACC-1430,ACC-1578,4482.03,2026-08-08 18:50:06.161838,False
TXN-14d9cdc4,ACC-1645,ACC-1660,1818.71,2026-08-08 18:54:06.161838,False
TXN-deab982a,ACC-1846,ACC-1547,4973.59,2026-08-08 18:58:06.161838,False
TXN-747ffee7,ACC-1354,ACC-1144,139854.08,2026-08-08 19:02:06.161838,True
TXN-657fada1,ACC-1405,ACC-1791,2245.31,2026-08-08 19:06:06.161838,False
TXN-0a6c1319,ACC-1492,ACC-1057,1881.16,2026-08-08 19:10:06.161838,False
TXN-17e7e87f,ACC-1294,ACC-1595,174.04,2026-08-08 19:14:06.161838,False
TXN-911220ba,ACC-1408,ACC-1343,3818.64,2026-08-08 19:18:06.161838,False
TXN-2f17d082,ACC-1974,ACC-1073,453.55,2026-08-08 19:22:06.161838,False
TXN-dd921243,ACC-1254,ACC-1157,2389.61,2026-08-08 19:26:06.161838,False
TXN-7d8f256a,ACC-1296,ACC-1348,2628.43,2026-08-08 19:30:06.161838,False
TXN-1733f370,ACC-1379,ACC-1319,250.6,2026-08-08 19:34:06.161838,False
TXN-6a58d59c,ACC-1818,ACC-1046,4494.64,2026-08-08 19:38:06.161838,False
TXN-91a2c29b,ACC-1403,ACC-1722,800.35,2026-08-08 19:42:06.161838,False
TXN-7facba34,ACC-1914,ACC-1715,1230.82,2026-08-08 19:46:06.161838,False
TXN-160355c1,ACC-1844,ACC-1261,2271.71,2026-08-08 19:50:06.161838,False
TXN-539c07d1,ACC-1551,ACC-1303,1244.41,2026-08-08 19:54:06.161838,False
TXN-1282164b,ACC-1800,ACC-1843,1331.15,2026-08-08 19:58:06.161838,False
TXN-8afb05d2,ACC-1311,ACC-1001,4730.64,2026-08-08 20:02:06.161838,False
TXN-50613282,ACC-1346,ACC-1684,136388.06,2026-08-08 20:06:06.161838,True
TXN-36d19811,ACC-1511,ACC-1701,514.41,2026-08-08 20:10:06.161838,False
TXN-fab5b048,ACC-1975,ACC-1497,1864.38,2026-08-08 20:14:06.161838,False
TXN-f7399527,ACC-1224,ACC-1472,62470.85,2026-08-08 20:18:06.161838,True
TXN-366804df,ACC-1180,ACC-1315,3331.65,2026-08-08 20:22:06.161838,False
TXN-45468e4f,ACC-1860,ACC-1945,3713.22,2026-08-08 20:26:06.161838,False
TXN-a5ac1c79,ACC-1560,ACC-1032,1520.93,2026-08-08 20:30:06.161838,False
TXN-2f8487be,ACC-1759,ACC-1906,1584.79,2026-08-08 20:34:06.161838,False
TXN-21a203b6,ACC-1617,ACC-1394,1779.19,2026-08-08 20:38:06.161838,False
TXN-b734ca14,ACC-1337,ACC-1643,448.66,2026-08-08 20:42:06.161838,False
TXN-61476280,ACC-1539,ACC-1499,4714.26,2026-08-08 20:46:06.161838,False
TXN-b36af1b7,ACC-1784,ACC-1617,3984.33,2026-08-08 20:50:06.161838,False
TXN-1ff13814,ACC-1745,ACC-1187,1272.0,2026-08-08 20:54:06.161838,False
TXN-92de9f35,ACC-1633,ACC-1402,1789.38,2026-08-08 20:58:06.161838,False
TXN-5f72f41d,ACC-1670,ACC-1189,536.85,2026-08-08 21:02:06.161838,False
TXN-1edcc25a,ACC-1581,ACC-1113,4233.21,2026-08-08 21:06:06.161838,False
TXN-619c31f6,ACC-1813,ACC-1411,1499.33,2026-08-08 21:10:06.161838,False
TXN-e3c515de,ACC-1596,ACC-1543,1429.69,2026-08-08 21:14:06.161838,False
TXN-0c53d030,ACC-1207,ACC-1793,2797.61,2026-08-08 21:18:06.161838,False
TXN-fa1c86aa,ACC-1932,ACC-1145,2358.41,2026-08-08 21:22:06.161838,False
TXN-dcc9245f,ACC-1789,ACC-1786,2892.29,2026-08-08 21:26:06.161838,False
TXN-d7a928b0,ACC-1979,ACC-1523,419.36,2026-08-08 21:30:06.161838,False
TXN-7cff4626,ACC-1376,ACC-1682,4006.61,2026-08-08 21:34:06.161838,False
TXN-b3b5e7de,ACC-1767,ACC-1529,3802.35,2026-08-08 21:38:06.161838,False
TXN-62f66193,ACC-1881,ACC-1645,1286.22,2026-08-08 21:42:06.161838,False
TXN-34a36c36,ACC-1167,ACC-1865,2537.13,2026-08-08 21:46:06.161838,False
TXN-0a4359d4,ACC-1888,ACC-1969,3897.96,2026-08-08 21:50:06.161838,False
TXN-b5d6c2ea,ACC-1585,ACC-1754,378.48,2026-08-08 21:54:06.161838,False
TXN-d57c3881,ACC-1111,ACC-1782,3064.09,2026-08-08 21:58:06.161838,False
TXN-312dc4e4,ACC-1483,ACC-1351,1407.04,2026-08-08 22:02:06.161838,False
TXN-bd41d014,ACC-1660,ACC-1881,261.43,2026-08-08 22:06:06.161838,False
TXN-a75e0c9b,ACC-1130,ACC-1524,3033.56,2026-08-08 22:10:06.161838,False
TXN-4975bec3,ACC-1513,ACC-1488,4537.13,2026-08-08 22:14:06.161838,False
TXN-8913f400,ACC-1793,ACC-1010,1464.81,2026-08-08 22:18:06.161838,False
TXN-14327089,ACC-1532,ACC-1742,4652.87,2026-08-08 22:22:06.161838,False
TXN-29aed4f1,ACC-1682,ACC-1331,3374.62,2026-08-08 22:26:06.161838,False
TXN-8b586f4e,ACC-1493,ACC-1993,218.53,2026-08-08 22:30:06.161838,False
TXN-9fdd6a34,ACC-1902,ACC-1265,3723.34,2026-08-08 22:34:06.161838,False
TXN-25da8c2f,ACC-1422,ACC-1473,2445.42,2026-08-08 22:38:06.161838,False
TXN-0af6e691,ACC-1876,ACC-1083,3040.82,2026-08-08 22:42:06.161838,False
TXN-98a94456,ACC-1738,ACC-1008,2099.89,2026-08-08 22:46:06.161838,False
TXN-e8278de4,ACC-1033,ACC-1944,2947.41,2026-08-08 22:50:06.161838,False
TXN-35a10790,ACC-1068,ACC-1830,3312.64,2026-08-08 22:54:06.161838,False
TXN-c23c03dc,ACC-1060,ACC-1066,3455.53,2026-08-08 22:58:06.161838,False
TXN-d414a885,ACC-1065,ACC-1978,3516.12,2026-08-08 23:02:06.161838,False
TXN-fa86614c,ACC-1191,ACC-1175,3455.53,2026-08-08 23:06:06.161838,False
TXN-2379d598,ACC-1394,ACC-1562,3692.68,2026-08-08 23:10:06.161838,False
TXN-bdecb2a2,ACC-1996,ACC-1488,2432.68,2026-08-08 23:14:06.161838,False
TXN-01ba4ed6,ACC-1170,ACC-1985,202.59,2026-08-08 23:18:06.161838,False
TXN-0290ebc4,ACC-1704,ACC-1833,4938.38,2026-08-08 23:22:06.161838,False
TXN-0bbb1afb,ACC-1598,ACC-1715,4418.47,2026-08-08 23:26:06.161838,False
TXN-57aac390,ACC-1727,ACC-1345,1141.81,2026-08-08 23:30:06.161838,False
TXN-fca009fc,ACC-1579,ACC-1021,2975.41,2026-08-08 23:34:06.161838,False
TXN-77fe84d7,ACC-1549,ACC-1832,2614.69,2026-08-08 23:38:06.161838,False
TXN-0e98fe25,ACC-1488,ACC-1239,1017.65,2026-08-08 23:42:06.161838,False
TXN-c60a9a5a,ACC-1503,ACC-1362,863.02,2026-08-08 23:46:06.161838,False
TXN-aeb77e5a,ACC-1200,ACC-1661,2566.39,2026-08-08 23:50:06.161838,False
TXN-be256dc1,ACC-1079,ACC-1389,4725.83,2026-08-08 23:54:06.161838,False
TXN-96edb8a3,ACC-1620,ACC-1627,582.92,2026-08-08 23:58:06.161838,False
TXN-39da6cf1,ACC-1683,ACC-1542,1746.89,2026-08-09 00:02:06.161838,False
TXN-109feac4,ACC-1753,ACC-1831,425.53,2026-08-09 00:06:06.161838,False
TXN-af6da69e,ACC-1823,ACC-1764,2446.62,2026-08-09 00:10:06.161838,False
TXN-bc1bc602,ACC-1802,ACC-1956,2399.83,2026-08-09 00:14:06.161838,False
TXN-5c85e6d3,ACC-1679,ACC-1442,2756.66,2026-08-09 00:18:06.161838,False
TXN-ee28dcbd,ACC-1781,ACC-1275,4738.31,2026-08-09 00:22:06.161838,False
TXN-21f16ed7,ACC-1228,ACC-1401,1303.6,2026-08-09 00:26:06.161838,False
TXN-28093bce,ACC-1816,ACC-1654,4088.08,2026-08-09 00:30:06.161838,False
TXN-0d19dd20,ACC-1780,ACC-1936,2890.24,2026-08-09 00:34:06.161838,False
TXN-f952750c,ACC-1322,ACC-1637,4970.34,2026-08-09 00:38:06.161838,False
TXN-3a3cbe0e,ACC-1810,ACC-1168,4127.91,2026-08-09 00:42:06.161838,False
TXN-ac4726a4,ACC-1114,ACC-1591,4252.04,2026-08-09 00:46:06.161838,False
TXN-ff306a77,ACC-1100,ACC-1024,2987.94,2026-08-09 00:50:06.161838,False
TXN-ef72431d,ACC-1993,ACC-1823,1604.22,2026-08-09 00:54:06.161838,False
TXN-86f78015,ACC-1749,ACC-1124,522.73,2026-08-09 00:58:06.161838,False
TXN-0c1d67dd,ACC-1526,ACC-1078,121266.85,2026-08-09 01:02:06.161838,True
TXN-4d28db65,ACC-1453,ACC-1790,3415.29,2026-08-09 01:06:06.161838,False
TXN-034552b5,ACC-1984,ACC-1900,4829.1,2026-08-09 01:10:06.161838,False
TXN-266a9821,ACC-1192,ACC-1687,2593.0,2026-08-09 01:14:06.161838,False
TXN-6442c440,ACC-1237,ACC-1624,1045.06,2026-08-09 01:18:06.161838,False
TXN-b1d97393,ACC-1320,ACC-1509,4552.99,2026-08-09 01:22:06.161838,False
TXN-5203f9c5,ACC-1768,ACC-1590,1878.12,2026-08-09 01:26:06.161838,False
TXN-6c59d567,ACC-1511,ACC-1431,4901.59,2026-08-09 01:30:06.161838,False
TXN-d7b7b2d9,ACC-1044,ACC-1253,2643.85,2026-08-09 01:34:06.161838,False
TXN-a3b51d49,ACC-1578,ACC-1647,3475.8,2026-08-09 01:38:06.161838,False
TXN-8d2844e6,ACC-1631,ACC-1074,3770.13,2026-08-09 01:42:06.161838,False
TXN-792700b5,ACC-1522,ACC-1403,4494.49,2026-08-09 01:46:06.161838,False
TXN-5825d604,ACC-1925,ACC-1645,3839.03,2026-08-09 01:50:06.161838,False
TXN-aeb1448f,ACC-1392,ACC-1976,3250.28,2026-08-09 01:54:06.161838,False
TXN-c49322f1,ACC-1628,ACC-1749,4565.83,2026-08-09 01:58:06.161838,False
TXN-e5320f53,ACC-1028,ACC-1869,104.98,2026-08-09 02:02:06.161838,False
TXN-e1602ae5,ACC-1713,ACC-1276,1758.81,2026-08-09 02:06:06.161838,False
TXN-ca66ded9,ACC-1401,ACC-1016,4269.55,2026-08-09 02:10:06.161838,False
TXN-a81025ac,ACC-1182,ACC-1218,1862.7,2026-08-09 02:14:06.161838,False
TXN-0dc0535f,ACC-1572,ACC-1064,3022.2,2026-08-09 02:18:06.161838,False
TXN-eb2c57de,ACC-1429,ACC-1483,3162.18,2026-08-09 02:22:06.161838,False
TXN-d81e1aaf,ACC-1762,ACC-1681,2212.79,2026-08-09 02:26:06.161838,False
TXN-af012ffd,ACC-1250,ACC-1009,3851.63,2026-08-09 02:30:06.161838,False
TXN-d55f8b45,ACC-1691,ACC-1395,276.81,2026-08-09 02:34:06.161838,False
TXN-f6e5a74d,ACC-1981,ACC-1002,874.2,2026-08-09 02:38:06.161838,False
TXN-5361bdb4,ACC-1639,ACC-1616,3398.84,2026-08-09 02:42:06.161838,False
TXN-98b55aeb,ACC-1425,ACC-1382,266.69,2026-08-09 02:46:06.161838,False
TXN-d7fc3062,ACC-1040,ACC-1913,2009.14,2026-08-09 02:50:06.161838,False
TXN-39fc1b17,ACC-1636,ACC-1560,4631.52,2026-08-09 02:54:06.161838,False
TXN-5e8b2d8b,ACC-1715,ACC-1593,2874.88,2026-08-09 02:58:06.161838,False
TXN-87501820,ACC-1714,ACC-1827,3297.18,2026-08-09 03:02:06.161838,False
TXN-35b59624,ACC-1961,ACC-1967,4324.99,2026-08-09 03:06:06.161838,False
TXN-6247fd70,ACC-1751,ACC-1551,4284.91,2026-08-09 03:10:06.161838,False
TXN-c5e41a97,ACC-1200,ACC-1116,1665.51,2026-08-09 03:14:06.161838,False
TXN-750763aa,ACC-1310,ACC-1306,4811.47,2026-08-09 03:18:06.161838,False
TXN-fc88a0a8,ACC-1760,ACC-1505,1507.21,2026-08-09 03:22:06.161838,False
TXN-79bf860e,ACC-1872,ACC-1513,2545.34,2026-08-09 03:26:06.161838,False
TXN-1610a17e,ACC-1686,ACC-1619,2434.31,2026-08-09 03:30:06.161838,False
TXN-4df29f6c,ACC-1066,ACC-1156,565.97,2026-08-09 03:34:06.161838,False
TXN-6a34c2c1,ACC-1763,ACC-1645,1614.03,2026-08-09 03:38:06.161838,False
TXN-1520b368,ACC-1729,ACC-1948,1120.32,2026-08-09 03:42:06.161838,False
TXN-bb28419e,ACC-1773,ACC-1566,592.78,2026-08-09 03:46:06.161838,False
TXN-bbb5ba6d,ACC-1246,ACC-1976,622.45,2026-08-09 03:50:06.161838,False
TXN-2518645e,ACC-1916,ACC-1170,4502.24,2026-08-09 03:54:06.161838,False
TXN-eeed88c2,ACC-1288,ACC-1448,4075.66,2026-08-09 03:58:06.161838,False
TXN-4b240d0f,ACC-1286,ACC-1605,3587.47,2026-08-09 04:02:06.161838,False
TXN-cdf923e8,ACC-1084,ACC-1937,3809.11,2026-08-09 04:06:06.161838,False
TXN-2ac9b9be,ACC-1735,ACC-1740,3582.06,2026-08-09 04:10:06.161838,False
TXN-cd070a0a,ACC-1687,ACC-1395,2747.09,2026-08-09 04:14:06.161838,False
TXN-f8fa8e0c,ACC-1321,ACC-1014,2130.69,2026-08-09 04:18:06.161838,False
TXN-9799a583,ACC-1416,ACC-1268,4432.49,2026-08-09 04:22:06.161838,False
TXN-c75e19cb,ACC-1591,ACC-1148,359.8,2026-08-09 04:26:06.161838,False
TXN-7d2cadff,ACC-1757,ACC-1310,1768.63,2026-08-09 04:30:06.161838,False
TXN-6185cda7,ACC-1158,ACC-1019,4262.96,2026-08-09 04:34:06.161838,False
TXN-3d602a14,ACC-1602,ACC-1765,4023.34,2026-08-09 04:38:06.161838,False
TXN-3822a3d3,ACC-1433,ACC-1220,668.26,2026-08-09 04:42:06.161838,False
TXN-7791aed6,ACC-1828,ACC-1579,2224.17,2026-08-09 04:46:06.161838,False
TXN-d16fd8e1,ACC-1490,ACC-1734,4964.13,2026-08-09 04:50:06.161838,False
TXN-0a1314ec,ACC-1427,ACC-1183,2112.64,2026-08-09 04:54:06.161838,False
TXN-f077adf2,ACC-1707,ACC-1822,2258.46,2026-08-09 04:58:06.161838,False
TXN-899f31fb,ACC-1818,ACC-1230,1351.1,2026-08-09 05:02:06.161838,False
TXN-0c28f6fe,ACC-1364,ACC-1225,4322.27,2026-08-09 05:06:06.161838,False
TXN-73ccd5c7,ACC-1759,ACC-1920,338.28,2026-08-09 05:10:06.161838,False
TXN-7c903950,ACC-1149,ACC-1809,2857.24,2026-08-09 05:14:06.161838,False
TXN-5a8ffb00,ACC-1073,ACC-1177,2859.56,2026-08-09 05:18:06.161838,False
TXN-946d25a7,ACC-1330,ACC-1700,70889.65,2026-08-09 05:22:06.161838,True
TXN-45d1718b,ACC-1842,ACC-1236,791.56,2026-08-09 05:26:06.161838,False
TXN-a552e55f,ACC-1325,ACC-1545,4289.12,2026-08-09 05:30:06.161838,False
TXN-db81792f,ACC-1991,ACC-1256,2097.05,2026-08-09 05:34:06.161838,False
TXN-03209a6e,ACC-1164,ACC-1685,1189.23,2026-08-09 05:38:06.161838,False
TXN-2e50b596,ACC-1430,ACC-1870,3635.98,2026-08-09 05:42:06.161838,False
TXN-5ab0e243,ACC-1572,ACC-1160,1985.59,2026-08-09 05:46:06.161838,False
TXN-9ecab6c3,ACC-1374,ACC-1986,4172.83,2026-08-09 05:50:06.161838,False
TXN-a5b8361d,ACC-1110,ACC-1405,1979.63,2026-08-09 05:54:06.161838,False
TXN-72d1c39c,ACC-1526,ACC-1111,3679.55,2026-08-09 05:58:06.161838,False
TXN-24c98c87,ACC-1610,ACC-1082,680.84,2026-08-09 06:02:06.161838,False
TXN-a8106893,ACC-1994,ACC-1006,120355.37,2026-08-09 06:06:06.161838,True
TXN-e8101791,ACC-1767,ACC-1675,2238.24,2026-08-09 06:10:06.161838,False
TXN-095d999d,ACC-1712,ACC-1532,2868.91,2026-08-09 06:14:06.161838,False
TXN-4aa15ab4,ACC-1870,ACC-1158,2049.9,2026-08-09 06:18:06.161838,False
TXN-96035034,ACC-1525,ACC-1394,4698.84,2026-08-09 06:22:06.161838,False
TXN-52e06f17,ACC-1310,ACC-1316,1822.55,2026-08-09 06:26:06.161838,False
TXN-e4506336,ACC-1489,ACC-1362,1999.43,2026-08-09 06:30:06.161838,False
TXN-d8989cb1,ACC-1151,ACC-1683,4637.56,2026-08-09 06:34:06.161838,False
TXN-138e8351,ACC-1589,ACC-1814,4551.29,2026-08-09 06:38:06.161838,False
TXN-96f38735,ACC-1006,ACC-1797,2837.41,2026-08-09 06:42:06.161838,False
TXN-99606183,ACC-1488,ACC-1379,4101.58,2026-08-09 06:46:06.161838,False
TXN-47eb662e,ACC-1215,ACC-1613,4743.11,2026-08-09 06:50:06.161838,False
TXN-f4fae8b4,ACC-1208,ACC-1467,4169.23,2026-08-09 06:54:06.161838,False
TXN-5b970445,ACC-1184,ACC-1456,300.65,2026-08-09 06:58:06.161838,False
TXN-06bc4187,ACC-1272,ACC-1080,632.4,2026-08-09 07:02:06.161838,False
TXN-90f4b7f1,ACC-1611,ACC-1362,4156.48,2026-08-09 07:06:06.161838,False
TXN-dee7e1b4,ACC-1719,ACC-1168,1162.17,2026-08-09 07:10:06.161838,False
TXN-328b3f4b,ACC-1423,ACC-1409,129829.8,2026-08-09 07:14:06.161838,True
TXN-fbe551f0,ACC-1243,ACC-1777,4449.89,2026-08-09 07:18:06.161838,False
TXN-29e62c1b,ACC-1796,ACC-1079,3640.43,2026-08-09 07:22:06.161838,False
TXN-fa863aa1,ACC-1594,ACC-1759,4029.88,2026-08-09 07:26:06.161838,False
TXN-6884fcf8,ACC-1210,ACC-1751,3297.74,2026-08-09 07:30:06.161838,False
TXN-ec466cb5,ACC-1464,ACC-1895,4360.11,2026-08-09 07:34:06.161838,False
TXN-780c570c,ACC-1048,ACC-1309,3030.94,2026-08-09 07:38:06.161838,False
TXN-bc603b36,ACC-1915,ACC-1841,2854.54,2026-08-09 07:42:06.161838,False
TXN-61c27874,ACC-1870,ACC-1498,2374.06,2026-08-09 07:46:06.161838,False
TXN-a3f587ed,ACC-1947,ACC-1428,496.85,2026-08-09 07:50:06.161838,False
TXN-ff02ca3b,ACC-1774,ACC-1467,295.4,2026-08-09 07:54:06.161838,False
TXN-6a99f7bb,ACC-1861,ACC-1496,3049.08,2026-08-09 07:58:06.161838,False
TXN-71181d92,ACC-1691,ACC-1014,4229.24,2026-08-09 08:02:06.161838,False
TXN-f8964c89,ACC-1110,ACC-1943,668.24,2026-08-09 08:06:06.161838,False
TXN-46916879,ACC-1134,ACC-1172,4531.2,2026-08-09 08:10:06.161838,False
TXN-a40cc585,ACC-1647,ACC-1215,1893.78,2026-08-09 08:14:06.161838,False
TXN-f61e4d29,ACC-1863,ACC-1859,107313.79,2026-08-09 08:18:06.161838,True
TXN-b3e20862,ACC-1766,ACC-1630,3867.75,2026-08-09 08:22:06.161838,False
TXN-80bd77bd,ACC-1910,ACC-1100,1001.33,2026-08-09 08:26:06.161838,False
TXN-5ab14329,ACC-1742,ACC-1745,2587.81,2026-08-09 08:30:06.161838,False
TXN-92f03f54,ACC-1282,ACC-1583,2643.0,2026-08-09 08:34:06.161838,False
TXN-597ecb8f,ACC-1456,ACC-1758,695.26,2026-08-09 08:38:06.161838,False
TXN-b2658316,ACC-1898,ACC-1123,231.68,2026-08-09 08:42:06.161838,False
TXN-3bac48a5,ACC-1693,ACC-1796,4912.46,2026-08-09 08:46:06.161838,False
TXN-f57ce73e,ACC-1533,ACC-1553,4005.19,2026-08-09 08:50:06.161838,False
TXN-242714a3,ACC-1536,ACC-1055,120485.07,2026-08-09 08:54:06.161838,True
TXN-9f93a779,ACC-1016,ACC-1535,1752.54,2026-08-09 08:58:06.161838,False
TXN-93a93e9c,ACC-1240,ACC-1298,1740.92,2026-08-09 09:02:06.161838,False
TXN-18f143e6,ACC-1818,ACC-1271,1833.27,2026-08-09 09:06:06.161838,False
TXN-4561e3dd,ACC-1817,ACC-1793,2952.83,2026-08-09 09:10:06.161838,False
TXN-ed3b7620,ACC-1186,ACC-1219,1947.21,2026-08-09 09:14:06.161838,False
TXN-4c34a849,ACC-1124,ACC-1415,139094.95,2026-08-09 09:18:06.161838,True
TXN-ede2b7cb,ACC-1804,ACC-1365,2359.02,2026-08-09 09:22:06.161838,False
TXN-c319d133,ACC-1740,ACC-1980,2985.54,2026-08-09 09:26:06.161838,False
TXN-33d36391,ACC-1551,ACC-1915,1106.95,2026-08-09 09:30:06.161838,False
TXN-7230f791,ACC-1377,ACC-1389,3479.48,2026-08-09 09:34:06.161838,False
TXN-bef61efc,ACC-1408,ACC-1724,277.88,2026-08-09 09:38:06.161838,False
TXN-46b9b2c1,ACC-1995,ACC-1456,1704.98,2026-08-09 09:42:06.161838,False
TXN-e89f069f,ACC-1753,ACC-1712,4028.72,2026-08-09 09:46:06.161838,False
TXN-91f783f5,ACC-1827,ACC-1600,986.42,2026-08-09 09:50:06.161838,False
TXN-d379812d,ACC-1692,ACC-1843,4569.93,2026-08-09 09:54:06.161838,False
TXN-a287ae91,ACC-1050,ACC-1907,3745.01,2026-08-09 09:58:06.161838,False
TXN-1f51c857,ACC-1547,ACC-1095,1558.18,2026-08-09 10:02:06.161838,False
TXN-a665115a,ACC-1140,ACC-1095,1123.88,2026-08-09 10:06:06.161838,False
TXN-45d0a252,ACC-1541,ACC-1356,2783.51,2026-08-09 10:10:06.161838,False
TXN-4fcd6e25,ACC-1487,ACC-1003,4134.46,2026-08-09 10:14:06.161838,False
TXN-28a9f6e7,ACC-1657,ACC-1835,2650.23,2026-08-09 10:18:06.161838,False
TXN-efce61e0,ACC-1862,ACC-1019,1557.16,2026-08-09 10:22:06.161838,False
TXN-dc859125,ACC-1556,ACC-1643,2669.92,2026-08-09 10:26:06.161838,False
TXN-60e5f1e0,ACC-1042,ACC-1681,2172.09,2026-08-09 10:30:06.161838,False
TXN-b6e143e8,ACC-1019,ACC-1840,1667.31,2026-08-09 10:34:06.161838,False
TXN-e60ed45d,ACC-1649,ACC-1110,4267.29,2026-08-09 10:38:06.161838,False
TXN-5c4bcce7,ACC-1703,ACC-1485,3607.54,2026-08-09 10:42:06.161838,False
TXN-93b46f3b,ACC-1654,ACC-1954,2311.78,2026-08-09 10:46:06.161838,False
TXN-a57be38e,ACC-1871,ACC-1514,3576.59,2026-08-09 10:50:06.161838,False
TXN-7a702ca2,ACC-1778,ACC-1419,368.51,2026-08-09 10:54:06.161838,False
TXN-61d6c3dc,ACC-1377,ACC-1011,3557.76,2026-08-09 10:58:06.161838,False
TXN-33ecd069,ACC-1927,ACC-1840,3954.2,2026-08-09 11:02:06.161838,False
TXN-4be732ef,ACC-1232,ACC-1937,2239.11,2026-08-09 11:06:06.161838,False
TXN-07084b09,ACC-1551,ACC-1407,3325.53,2026-08-09 11:10:06.161838,False
TXN-055ad450,ACC-1406,ACC-1951,1347.2,2026-08-09 11:14:06.161838,False
TXN-d2d71688,ACC-1601,ACC-1030,1217.9,2026-08-09 11:18:06.161838,False
TXN-a7d44bb6,ACC-1616,ACC-1871,3398.19,2026-08-09 11:22:06.161838,False
TXN-b553a2b7,ACC-1950,ACC-1686,3972.29,2026-08-09 11:26:06.161838,False
TXN-130f63a8,ACC-1328,ACC-1019,4590.67,2026-08-09 11:30:06.161838,False
TXN-eecbb940,ACC-1836,ACC-1523,822.96,2026-08-09 11:34:06.161838,False
TXN-51f4c568,ACC-1888,ACC-1257,130969.19,2026-08-09 11:38:06.161838,True
TXN-ca22a996,ACC-1284,ACC-1902,410.19,2026-08-09 11:42:06.161838,False
TXN-10cc31bf,ACC-1866,ACC-1325,4635.93,2026-08-09 11:46:06.161838,False
TXN-0669ee0c,ACC-1554,ACC-1593,525.74,2026-08-09 11:50:06.161838,False
TXN-010c2794,ACC-1730,ACC-1506,372.05,2026-08-09 11:54:06.161838,False
TXN-030265f7,ACC-1184,ACC-1165,2176.71,2026-08-09 11:58:06.161838,False
TXN-c32d23b2,ACC-1166,ACC-1597,3059.33,2026-08-09 12:02:06.161838,False
TXN-8a1bee2f,ACC-1861,ACC-1312,1470.17,2026-08-09 12:06:06.161838,False
TXN-72e9c524,ACC-1986,ACC-1493,774.79,2026-08-09 12:10:06.161838,False
TXN-83852f4b,ACC-1312,ACC-1993,3716.47,2026-08-09 12:14:06.161838,False
TXN-66aece32,ACC-1302,ACC-1492,583.05,2026-08-09 12:18:06.161838,False
TXN-9a049d38,ACC-1187,ACC-1347,3729.34,2026-08-09 12:22:06.161838,False
TXN-98edc236,ACC-1814,ACC-1242,157.46,2026-08-09 12:26:06.161838,False
TXN-ebfcb2a0,ACC-1207,ACC-1984,3673.88,2026-08-09 12:30:06.161838,False
TXN-931a19e9,ACC-1221,ACC-1698,2113.46,2026-08-09 12:34:06.161838,False
TXN-c4bec82d,ACC-1628,ACC-1591,4815.45,2026-08-09 12:38:06.161838,False
TXN-934b2e26,ACC-1114,ACC-1893,145339.61,2026-08-09 12:42:06.161838,True
TXN-9441eccb,ACC-1004,ACC-1506,4458.83,2026-08-09 12:46:06.161838,False
TXN-8dbbe1ef,ACC-1077,ACC-1256,73100.97,2026-08-09 12:50:06.161838,True
TXN-7f399c15,ACC-1208,ACC-1601,3622.37,2026-08-09 12:54:06.161838,False
TXN-7a07bc1e,ACC-1805,ACC-1819,4221.91,2026-08-09 12:58:06.161838,False
TXN-2e4b0cfb,ACC-1532,ACC-1763,1830.88,2026-08-09 13:02:06.161838,False
TXN-78422716,ACC-1447,ACC-1346,1961.46,2026-08-09 13:06:06.161838,False
TXN-80af0be9,ACC-1934,ACC-1346,4409.08,2026-08-09 13:10:06.161838,False
TXN-0f84ca1a,ACC-1929,ACC-1708,4854.0,2026-08-09 13:14:06.161838,False
TXN-8f3a82b7,ACC-1537,ACC-1772,3360.16,2026-08-09 13:18:06.161838,False
TXN-1eaa5f63,ACC-1743,ACC-1996,581.56,2026-08-09 13:22:06.161838,False
TXN-e6f3b4cf,ACC-1489,ACC-1489,2823.55,2026-08-09 13:26:06.161838,False
TXN-de371198,ACC-1127,ACC-1647,3234.61,2026-08-09 13:30:06.161838,False
TXN-12789355,ACC-1603,ACC-1460,3141.64,2026-08-09 13:34:06.161838,False
TXN-488da9c3,ACC-1814,ACC-1717,157763.98,2026-08-09 13:38:06.161838,True
TXN-309bf6fa,ACC-1119,ACC-1779,4290.64,2026-08-09 13:42:06.161838,False
TXN-90c586ba,ACC-1299,ACC-1138,3809.06,2026-08-09 13:46:06.161838,False
TXN-8b1c84d0,ACC-1486,ACC-1879,119.49,2026-08-09 13:50:06.161838,False
TXN-e4800196,ACC-1117,ACC-1923,3963.36,2026-08-09 13:54:06.161838,False
TXN-47bd64fd,ACC-1988,ACC-1281,1440.37,2026-08-09 13:58:06.161838,False
TXN-1c4a4b29,ACC-1485,ACC-1868,345.51,2026-08-09 14:02:06.161838,False
TXN-18c984a6,ACC-1211,ACC-1370,2236.53,2026-08-09 14:06:06.161838,False
TXN-092b434c,ACC-1481,ACC-1761,761.86,2026-08-09 14:10:06.161838,False
TXN-cd077f10,ACC-1424,ACC-1320,4552.96,2026-08-09 14:14:06.161838,False
TXN-5dac9bc4,ACC-1698,ACC-1310,4394.6,2026-08-09 14:18:06.161838,False
TXN-91368f54,ACC-1232,ACC-1973,3020.15,2026-08-09 14:22:06.161838,False
TXN-86cccadf,ACC-1556,ACC-1531,3675.33,2026-08-09 14:26:06.161838,False
TXN-5e35a3bc,ACC-1435,ACC-1623,1805.56,2026-08-09 14:30:06.161838,False
TXN-133f5f27,ACC-1929,ACC-1059,4697.91,2026-08-09 14:34:06.161838,False
TXN-4e7a4e48,ACC-1415,ACC-1036,4145.34,2026-08-09 14:38:06.161838,False
TXN-7d57072a,ACC-1442,ACC-1777,2685.76,2026-08-09 14:42:06.161838,False
TXN-f51dff96,ACC-1950,ACC-1090,1731.03,2026-08-09 14:46:06.161838,False
TXN-adec92ba,ACC-1925,ACC-1007,4056.01,2026-08-09 14:50:06.161838,False
TXN-e7072200,ACC-1516,ACC-1998,3436.59,2026-08-09 14:54:06.161838,False
TXN-46a3aab5,ACC-1724,ACC-1104,3977.49,2026-08-09 14:58:06.161838,False
TXN-30f03097,ACC-1187,ACC-1887,84994.13,2026-08-09 15:02:06.161838,True
TXN-3d220d99,ACC-1012,ACC-1496,2564.58,2026-08-09 15:06:06.161838,False
TXN-b8358fcb,ACC-1340,ACC-1836,4315.93,2026-08-09 15:10:06.161838,False
TXN-ac575329,ACC-1754,ACC-1707,1063.34,2026-08-09 15:14:06.161838,False
TXN-6bc7b5de,ACC-1124,ACC-1642,3659.19,2026-08-09 15:18:06.161838,False
TXN-7272b31a,ACC-1825,ACC-1893,1758.69,2026-08-09 15:22:06.161838,False
TXN-e3b93d74,ACC-1546,ACC-1426,393.43,2026-08-09 15:26:06.161838,False
TXN-c73632f3,ACC-1310,ACC-1490,2675.56,2026-08-09 15:30:06.161838,False
TXN-a6d57cb3,ACC-1940,ACC-1176,1399.31,2026-08-09 15:34:06.161838,False
TXN-96542818,ACC-1066,ACC-1131,3500.45,2026-08-09 15:38:06.161838,False
TXN-bc7e6a3b,ACC-1206,ACC-1563,946.91,2026-08-09 15:42:06.161838,False
TXN-95f55237,ACC-1307,ACC-1704,2522.72,2026-08-09 15:46:06.161838,False
TXN-ec28855f,ACC-1632,ACC-1275,563.43,2026-08-09 15:50:06.161838,False
TXN-771404a4,ACC-1347,ACC-1101,4143.95,2026-08-09 15:54:06.161838,False
TXN-4dbeb0fc,ACC-1512,ACC-1796,181862.83,2026-08-09 15:58:06.161838,True
TXN-0f91b1e5,ACC-1496,ACC-1015,2968.16,2026-08-09 16:02:06.161838,False
TXN-f958e576,ACC-1671,ACC-1317,2402.9,2026-08-09 16:06:06.161838,False
TXN-b67fc395,ACC-1298,ACC-1467,243.78,2026-08-09 16:10:06.161838,False
TXN-35a3a3c3,ACC-1968,ACC-1869,1053.34,2026-08-09 16:14:06.161838,False
TXN-e1d6bde5,ACC-1368,ACC-1147,1003.39,2026-08-09 16:18:06.161838,False
TXN-5911d50e,ACC-1558,ACC-1665,3221.92,2026-08-09 16:22:06.161838,False
TXN-da9c07de,ACC-1338,ACC-1256,1135.07,2026-08-09 16:26:06.161838,False
TXN-3e44f622,ACC-1516,ACC-1553,4635.21,2026-08-09 16:30:06.161838,False
TXN-c6ddd5ce,ACC-1843,ACC-1913,2956.79,2026-08-09 16:34:06.161838,False
TXN-4c852cc8,ACC-1527,ACC-1484,3362.25,2026-08-09 16:38:06.161838,False
TXN-8c65fda6,ACC-1403,ACC-1916,3716.81,2026-08-09 16:42:06.161838,False
TXN-042a05a3,ACC-1408,ACC-1454,2883.04,2026-08-09 16:46:06.161838,False
TXN-a62eabe8,ACC-1644,ACC-1160,3229.57,2026-08-09 16:50:06.161838,False
TXN-58fb3ada,ACC-1939,ACC-1212,3052.83,2026-08-09 16:54:06.161838,False
TXN-62505e5d,ACC-1815,ACC-1879,1746.52,2026-08-09 16:58:06.161838,False
TXN-81b86617,ACC-1711,ACC-1260,2905.55,2026-08-09 17:02:06.161838,False
TXN-4d1d7701,ACC-1628,ACC-1477,4621.68,2026-08-09 17:06:06.161838,False
TXN-f6161d5f,ACC-1558,ACC-1679,439.83,2026-08-09 17:10:06.161838,False
TXN-8f336a6f,ACC-1254,ACC-1452,3340.07,2026-08-09 17:14:06.161838,False
TXN-319185a5,ACC-1044,ACC-1113,3813.06,2026-08-09 17:18:06.161838,False
TXN-643cd301,ACC-1924,ACC-1384,1018.22,2026-08-09 17:22:06.161838,False
TXN-f2a1bb2c,ACC-1626,ACC-1162,164.43,2026-08-09 17:26:06.161838,False
TXN-59e309d3,ACC-1357,ACC-1985,145602.25,2026-08-09 17:30:06.161838,True
TXN-d811abb3,ACC-1397,ACC-1132,1442.81,2026-08-09 17:34:06.161838,False
TXN-0c6d0070,ACC-1370,ACC-1114,2525.2,2026-08-09 17:38:06.161838,False
TXN-3f29fd27,ACC-1665,ACC-1367,1455.91,2026-08-09 17:42:06.161838,False
TXN-360e8d45,ACC-1722,ACC-1603,2248.67,2026-08-09 17:46:06.161838,False
TXN-db249827,ACC-1061,ACC-1033,3185.78,2026-08-09 17:50:06.161838,False
TXN-3c0dc8f1,ACC-1172,ACC-1968,168513.01,2026-08-09 17:54:06.161838,True
TXN-fbafc1a7,ACC-1566,ACC-1015,104.75,2026-08-09 17:58:06.161838,False
TXN-69ef11d4,ACC-1769,ACC-1807,3714.59,2026-08-09 18:02:06.161838,False
TXN-c3f39a39,ACC-1079,ACC-1604,1033.61,2026-08-09 18:06:06.161838,False
TXN-b12e5ad1,ACC-1865,ACC-1783,1322.67,2026-08-09 18:10:06.161838,False
TXN-c4333847,ACC-1567,ACC-1963,1861.34,2026-08-09 18:14:06.161838,False
TXN-68c0b3f4,ACC-1817,ACC-1998,1122.48,2026-08-09 18:18:06.161838,False
TXN-b17a2e45,ACC-1832,ACC-1904,962.31,2026-08-09 18:22:06.161838,False
TXN-bedd9a6e,ACC-1888,ACC-1260,2929.98,2026-08-09 18:26:06.161838,False
TXN-be29606c,ACC-1234,ACC-1585,1772.4,2026-08-09 18:30:06.161838,False
TXN-b783c1e5,ACC-1126,ACC-1470,2140.06,2026-08-09 18:34:06.161838,False
TXN-0cbcbcdf,ACC-1066,ACC-1392,1475.52,2026-08-09 18:38:06.161838,False
TXN-60fb9a72,ACC-1639,ACC-1772,1772.62,2026-08-09 18:42:06.161838,False
TXN-d0064dba,ACC-1074,ACC-1565,65132.25,2026-08-09 18:46:06.161838,True
TXN-7eb728e0,ACC-1730,ACC-1835,2989.55,2026-08-09 18:50:06.161838,False
TXN-a136ac5e,ACC-1358,ACC-1866,4938.23,2026-08-09 18:54:06.161838,False
TXN-9b4b3761,ACC-1831,ACC-1755,3975.32,2026-08-09 18:58:06.161838,False
TXN-fcc0034e,ACC-1475,ACC-1809,2585.57,2026-08-09 19:02:06.161838,False
TXN-c1677a41,ACC-1006,ACC-1538,4100.2,2026-08-09 19:06:06.161838,False
TXN-b08c7309,ACC-1712,ACC-1182,2440.1,2026-08-09 19:10:06.161838,False
TXN-ec7229a3,ACC-1883,ACC-1462,3712.02,2026-08-09 19:14:06.161838,False
TXN-d21a569d,ACC-1644,ACC-1991,1248.59,2026-08-09 19:18:06.161838,False
TXN-f4b7bd36,ACC-1514,ACC-1914,3141.15,2026-08-09 19:22:06.161838,False
TXN-b807ef57,ACC-1759,ACC-1744,4154.94,2026-08-09 19:26:06.161838,False
TXN-f4fb833b,ACC-1168,ACC-1679,2804.42,2026-08-09 19:30:06.161838,False
TXN-8c6505cf,ACC-1353,ACC-1195,494.38,2026-08-09 19:34:06.161838,False
TXN-0c8864d5,ACC-1555,ACC-1163,1942.54,2026-08-09 19:38:06.161838,False
TXN-22d30235,ACC-1771,ACC-1207,2724.12,2026-08-09 19:42:06.161838,False
TXN-de76a40b,ACC-1021,ACC-1674,359.49,2026-08-09 19:46:06.161838,False
TXN-2d3ecf7b,ACC-1432,ACC-1332,1630.29,2026-08-09 19:50:06.161838,False
TXN-d2f30c11,ACC-1524,ACC-1479,781.71,2026-08-09 19:54:06.161838,False
TXN-17140bda,ACC-1163,ACC-1422,1681.44,2026-08-09 19:58:06.161838,False
TXN-1ebc92dd,ACC-1417,ACC-1010,153.38,2026-08-09 20:02:06.161838,False
TXN-9857f0d2,ACC-1228,ACC-1025,3945.83,2026-08-09 20:06:06.161838,False
TXN-561ba22a,ACC-1258,ACC-1414,4051.26,2026-08-09 20:10:06.161838,False
TXN-e893d455,ACC-1267,ACC-1043,4718.69,2026-08-09 20:14:06.161838,False
TXN-06b0e582,ACC-1679,ACC-1047,4631.67,2026-08-09 20:18:06.161838,False
TXN-d7203057,ACC-1551,ACC-1033,866.02,2026-08-09 20:22:06.161838,False
TXN-9a27933a,ACC-1359,ACC-1725,1103.32,2026-08-09 20:26:06.161838,False
TXN-9fe23637,ACC-1957,ACC-1835,1608.67,2026-08-09 20:30:06.161838,False
TXN-c69c7648,ACC-1416,ACC-1258,542.39,2026-08-09 20:34:06.161838,False
TXN-faf01f0f,ACC-1863,ACC-1524,2385.45,2026-08-09 20:38:06.161838,False
TXN-1a7c1093,ACC-1224,ACC-1640,4086.26,2026-08-09 20:42:06.161838,False
TXN-f0b3bff3,ACC-1529,ACC-1876,3929.81,2026-08-09 20:46:06.161838,False
TXN-4c651f43,ACC-1028,ACC-1981,4004.69,2026-08-09 20:50:06.161838,False
TXN-9ed55fd0,ACC-1682,ACC-1505,4102.46,2026-08-09 20:54:06.161838,False
TXN-379ed51f,ACC-1440,ACC-1729,4597.28,2026-08-09 20:58:06.161838,False
TXN-7bbfe422,ACC-1918,ACC-1100,2667.65,2026-08-09 21:02:06.161838,False
TXN-25f1a6f2,ACC-1376,ACC-1932,899.49,2026-08-09 21:06:06.161838,False
TXN-5069e53f,ACC-1469,ACC-1342,4379.17,2026-08-09 21:10:06.161838,False
TXN-7506d309,ACC-1633,ACC-1873,3629.76,2026-08-09 21:14:06.161838,False
TXN-90c7c54d,ACC-1771,ACC-1069,628.16,2026-08-09 21:18:06.161838,False
TXN-44ced0e7,ACC-1724,ACC-1905,3455.01,2026-08-09 21:22:06.161838,False
TXN-6693f083,ACC-1417,ACC-1986,111.19,2026-08-09 21:26:06.161838,False
TXN-8c7674dc,ACC-1419,ACC-1363,2458.63,2026-08-09 21:30:06.161838,False
TXN-85dbceec,ACC-1256,ACC-1653,4609.49,2026-08-09 21:34:06.161838,False
TXN-e672cc9a,ACC-1783,ACC-1561,3751.38,2026-08-09 21:38:06.161838,False
TXN-b284f3d0,ACC-1588,ACC-1682,3391.14,2026-08-09 21:42:06.161838,False
TXN-7691916a,ACC-1472,ACC-1942,524.86,2026-08-09 21:46:06.161838,False
TXN-3136a401,ACC-1574,ACC-1196,667.9,2026-08-09 21:50:06.161838,False
TXN-52ae04d9,ACC-1334,ACC-1065,1397.72,2026-08-09 21:54:06.161838,False
TXN-89355209,ACC-1374,ACC-1218,4713.4,2026-08-09 21:58:06.161838,False
TXN-b804dc9f,ACC-1588,ACC-1253,3682.3,2026-08-09 22:02:06.161838,False
TXN-ed93a41e,ACC-1665,ACC-1831,3140.01,2026-08-09 22:06:06.161838,False
TXN-ad5dff3c,ACC-1060,ACC-1522,240.74,2026-08-09 22:10:06.161838,False
TXN-7e663b90,ACC-1907,ACC-1546,4621.37,2026-08-09 22:14:06.161838,False
TXN-ac334139,ACC-1158,ACC-1722,472.63,2026-08-09 22:18:06.161838,False
TXN-19ae439f,ACC-1695,ACC-1106,3224.26,2026-08-09 22:22:06.161838,False
TXN-7d903346,ACC-1849,ACC-1948,780.71,2026-08-09 22:26:06.161838,False
TXN-3f5403cf,ACC-1540,ACC-1404,4610.91,2026-08-09 22:30:06.161838,False
TXN-3664a2e7,ACC-1567,ACC-1145,3138.52,2026-08-09 22:34:06.161838,False
TXN-8ee1fcc3,ACC-1766,ACC-1829,1337.22,2026-08-09 22:38:06.161838,False
TXN-e6fb8d8b,ACC-1148,ACC-1640,1926.8,2026-08-09 22:42:06.161838,False
TXN-a1c89bcf,ACC-1047,ACC-1333,4044.6,2026-08-09 22:46:06.161838,False
TXN-20b27093,ACC-1703,ACC-1471,3933.98,2026-08-09 22:50:06.161838,False
TXN-1ad4aa3e,ACC-1385,ACC-1280,113147.89,2026-08-09 22:54:06.161838,True
TXN-e9dc7dde,ACC-1325,ACC-1436,1564.94,2026-08-09 22:58:06.161838,False
TXN-8356c73c,ACC-1840,ACC-1205,4937.12,2026-08-09 23:02:06.161838,False
TXN-f18daaea,ACC-1242,ACC-1167,3005.45,2026-08-09 23:06:06.161838,False
TXN-c81de0ea,ACC-1639,ACC-1740,3688.06,2026-08-09 23:10:06.161838,False
TXN-24ba8f7a,ACC-1973,ACC-1678,1302.73,2026-08-09 23:14:06.161838,False
TXN-35667dcc,ACC-1330,ACC-1835,4782.82,2026-08-09 23:18:06.161838,False
TXN-b639d182,ACC-1569,ACC-1344,1164.38,2026-08-09 23:22:06.161838,False
TXN-65460190,ACC-1937,ACC-1725,3608.49,2026-08-09 23:26:06.161838,False
TXN-89b8e574,ACC-1387,ACC-1844,1230.37,2026-08-09 23:30:06.161838,False
TXN-d859a1ff,ACC-1797,ACC-1655,1130.55,2026-08-09 23:34:06.161838,False
TXN-7cac883a,ACC-1025,ACC-1795,1832.28,2026-08-09 23:38:06.161838,False
TXN-9c533c30,ACC-1102,ACC-1901,3958.84,2026-08-09 23:42:06.161838,False
TXN-28285cef,ACC-1970,ACC-1891,2814.19,2026-08-09 23:46:06.161838,False
TXN-b42b3485,ACC-1595,ACC-1194,1447.44,2026-08-09 23:50:06.161838,False
TXN-b63ad2c8,ACC-1845,ACC-1989,2913.54,2026-08-09 23:54:06.161838,False
TXN-ae205442,ACC-1707,ACC-1474,3361.5,2026-08-09 23:58:06.161838,False
TXN-48fb72d7,ACC-1479,ACC-1466,3721.23,2026-08-10 00:02:06.161838,False
TXN-329d505c,ACC-1925,ACC-1816,1359.2,2026-08-10 00:06:06.161838,False
TXN-102fb0b8,ACC-1821,ACC-1174,715.85,2026-08-10 00:10:06.161838,False
TXN-335325c9,ACC-1923,ACC-1123,3543.01,2026-08-10 00:14:06.161838,False
TXN-c1524b99,ACC-1410,ACC-1419,728.18,2026-08-10 00:18:06.161838,False
TXN-72c04d89,ACC-1516,ACC-1337,1719.26,2026-08-10 00:22:06.161838,False
TXN-5c3530b9,ACC-1801,ACC-1513,484.71,2026-08-10 00:26:06.161838,False
TXN-962bf2e1,ACC-1863,ACC-1966,1474.56,2026-08-10 00:30:06.161838,False
TXN-148be09d,ACC-1829,ACC-1380,3292.83,2026-08-10 00:34:06.161838,False
TXN-6b86aebd,ACC-1040,ACC-1565,340.84,2026-08-10 00:38:06.161838,False
TXN-84b7fc8a,ACC-1163,ACC-1989,327.91,2026-08-10 00:42:06.161838,False
TXN-1c151064,ACC-1657,ACC-1454,870.4,2026-08-10 00:46:06.161838,False
TXN-0059dc14,ACC-1982,ACC-1440,2909.89,2026-08-10 00:50:06.161838,False
TXN-fd45d2ce,ACC-1047,ACC-1501,4750.52,2026-08-10 00:54:06.161838,False
TXN-3efca79c,ACC-1704,ACC-1113,4517.87,2026-08-10 00:58:06.161838,False
TXN-b5239843,ACC-1974,ACC-1740,168.87,2026-08-10 01:02:06.161838,False
TXN-a44c7a63,ACC-1948,ACC-1375,105415.7,2026-08-10 01:06:06.161838,True
TXN-4d72fdf1,ACC-1509,ACC-1409,3546.66,2026-08-10 01:10:06.161838,False
TXN-859e2933,ACC-1854,ACC-1053,1840.48,2026-08-10 01:14:06.161838,False
TXN-5f169a90,ACC-1537,ACC-1005,1138.08,2026-08-10 01:18:06.161838,False
TXN-f2743bae,ACC-1395,ACC-1238,4818.53,2026-08-10 01:22:06.161838,False
TXN-84239bac,ACC-1294,ACC-1739,3000.67,2026-08-10 01:26:06.161838,False
TXN-355a7615,ACC-1291,ACC-1710,863.55,2026-08-10 01:30:06.161838,False
TXN-1d7faeee,ACC-1457,ACC-1538,1100.04,2026-08-10 01:34:06.161838,False
TXN-eea6b0bd,ACC-1049,ACC-1847,3994.54,2026-08-10 01:38:06.161838,False
TXN-a33e86a3,ACC-1108,ACC-1811,3105.74,2026-08-10 01:42:06.161838,False
TXN-c650fc05,ACC-1902,ACC-1748,4697.03,2026-08-10 01:46:06.161838,False
TXN-8bf609f8,ACC-1562,ACC-1558,3778.23,2026-08-10 01:50:06.161838,False
TXN-a0dff038,ACC-1900,ACC-1789,62699.27,2026-08-10 01:54:06.161838,True
TXN-5abc922a,ACC-1013,ACC-1189,2893.19,2026-08-10 01:58:06.161838,False
TXN-69573dd1,ACC-1246,ACC-1030,4358.84,2026-08-10 02:02:06.161838,False
TXN-0849fd99,ACC-1749,ACC-1828,1488.35,2026-08-10 02:06:06.161838,False
TXN-1f29fafd,ACC-1442,ACC-1160,1293.5,2026-08-10 02:10:06.161838,False
TXN-3cb2f042,ACC-1558,ACC-1820,4321.16,2026-08-10 02:14:06.161838,False
TXN-0f116ca9,ACC-1551,ACC-1246,72740.44,2026-08-10 02:18:06.161838,True
TXN-46ebebb7,ACC-1086,ACC-1183,2308.58,2026-08-10 02:22:06.161838,False
TXN-c3df1416,ACC-1596,ACC-1985,2031.22,2026-08-10 02:26:06.161838,False
TXN-97a8cf79,ACC-1417,ACC-1148,110.76,2026-08-10 02:30:06.161838,False
TXN-875f6ac2,ACC-1984,ACC-1689,2817.36,2026-08-10 02:34:06.161838,False
TXN-c65b5871,ACC-1198,ACC-1786,68272.07,2026-08-10 02:38:06.161838,True
TXN-15d3d7ed,ACC-1251,ACC-1302,3529.2,2026-08-10 02:42:06.161838,False
TXN-447dfed9,ACC-1174,ACC-1795,1147.27,2026-08-10 02:46:06.161838,False
TXN-65189336,ACC-1428,ACC-1908,1274.24,2026-08-10 02:50:06.161838,False
TXN-2ac96170,ACC-1805,ACC-1197,3530.8,2026-08-10 02:54:06.161838,False
TXN-8b9c7b9b,ACC-1729,ACC-1283,1109.59,2026-08-10 02:58:06.161838,False
TXN-37c55b12,ACC-1030,ACC-1227,1836.21,2026-08-10 03:02:06.161838,False
TXN-4eec157c,ACC-1655,ACC-1072,4590.72,2026-08-10 03:06:06.161838,False
TXN-fbb73337,ACC-1974,ACC-1327,4766.46,2026-08-10 03:10:06.161838,False
TXN-fd8142ef,ACC-1438,ACC-1606,3150.02,2026-08-10 03:14:06.161838,False
TXN-0497af3e,ACC-1012,ACC-1117,1615.64,2026-08-10 03:18:06.161838,False
TXN-103ef21a,ACC-1024,ACC-1770,580.34,2026-08-10 03:22:06.161838,False
TXN-40185460,ACC-1261,ACC-1461,4940.34,2026-08-10 03:26:06.161838,False
TXN-a5193605,ACC-1949,ACC-1386,1617.16,2026-08-10 03:30:06.161838,False
TXN-b928bc5a,ACC-1853,ACC-1327,3450.75,2026-08-10 03:34:06.161838,False
TXN-47d0a8c5,ACC-1415,ACC-1225,3276.27,2026-08-10 03:38:06.161838,False
TXN-d428e486,ACC-1595,ACC-1481,436.38,2026-08-10 03:42:06.161838,False
TXN-67ca5caa,ACC-1370,ACC-1624,4739.33,2026-08-10 03:46:06.161838,False
TXN-7f6370b2,ACC-1932,ACC-1014,4754.28,2026-08-10 03:50:06.161838,False
TXN-32f77b81,ACC-1062,ACC-1361,2526.64,2026-08-10 03:54:06.161838,False
TXN-a08d84ff,ACC-1954,ACC-1135,4882.92,2026-08-10 03:58:06.161838,False
TXN-f8c209a9,ACC-1045,ACC-1319,2993.7,2026-08-10 04:02:06.161838,False
TXN-5627cc08,ACC-1951,ACC-1933,4399.97,2026-08-10 04:06:06.161838,False
TXN-5ee081f7,ACC-1044,ACC-1033,537.97,2026-08-10 04:10:06.161838,False
TXN-6417424a,ACC-1645,ACC-1103,649.91,2026-08-10 04:14:06.161838,False
TXN-c01c19a6,ACC-1399,ACC-1540,417.61,2026-08-10 04:18:06.161838,False
TXN-fda0804c,ACC-1113,ACC-1817,1576.02,2026-08-10 04:22:06.161838,False
TXN-84861f8a,ACC-1006,ACC-1531,1664.29,2026-08-10 04:26:06.161838,False
TXN-6cc06ed0,ACC-1686,ACC-1423,1405.48,2026-08-10 04:30:06.161838,False
TXN-70300cd4,ACC-1264,ACC-1998,3547.08,2026-08-10 04:34:06.161838,False
TXN-6157acc2,ACC-1550,ACC-1002,286.36,2026-08-10 04:38:06.161838,False
TXN-2220cfcd,ACC-1738,ACC-1585,4207.16,2026-08-10 04:42:06.161838,False
TXN-35f035e1,ACC-1645,ACC-1619,4257.11,2026-08-10 04:46:06.161838,False
TXN-c777f44f,ACC-1258,ACC-1986,479.31,2026-08-10 04:50:06.161838,False
TXN-570d1875,ACC-1013,ACC-1560,169461.35,2026-08-10 04:54:06.161838,True
TXN-410ceac9,ACC-1734,ACC-1093,4848.66,2026-08-10 04:58:06.161838,False
TXN-05c0a453,ACC-1660,ACC-1978,1463.7,2026-08-10 05:02:06.161838,False
TXN-d6af5a74,ACC-1481,ACC-1012,2664.35,2026-08-10 05:06:06.161838,False
TXN-810638a2,ACC-1422,ACC-1212,1461.89,2026-08-10 05:10:06.161838,False
TXN-244cfbdb,ACC-1241,ACC-1266,696.99,2026-08-10 05:14:06.161838,False
TXN-37cec5f0,ACC-1587,ACC-1685,3514.26,2026-08-10 05:18:06.161838,False
TXN-0a11781c,ACC-1241,ACC-1304,2406.12,2026-08-10 05:22:06.161838,False
TXN-2db3d9b1,ACC-1385,ACC-1988,2701.89,2026-08-10 05:26:06.161838,False
TXN-83dc9a4a,ACC-1439,ACC-1949,3298.6,2026-08-10 05:30:06.161838,False
TXN-1b81fc9a,ACC-1461,ACC-1717,2936.97,2026-08-10 05:34:06.161838,False
TXN-2f0bcd8e,ACC-1694,ACC-1077,418.06,2026-08-10 05:38:06.161838,False
TXN-b18eba59,ACC-1609,ACC-1080,2875.39,2026-08-10 05:42:06.161838,False
TXN-dcb83a9e,ACC-1451,ACC-1227,3653.74,2026-08-10 05:46:06.161838,False
TXN-00339d49,ACC-1577,ACC-1503,143259.47,2026-08-10 05:50:06.161838,True
TXN-ca2cd2c5,ACC-1827,ACC-1507,4727.74,2026-08-10 05:54:06.161838,False
TXN-c736c355,ACC-1625,ACC-1736,1792.07,2026-08-10 05:58:06.161838,False
TXN-5a7cc943,ACC-1827,ACC-1328,3093.41,2026-08-10 06:02:06.161838,False
TXN-fb216375,ACC-1962,ACC-1266,862.49,2026-08-10 06:06:06.161838,False
TXN-3728310a,ACC-1823,ACC-1627,4772.79,2026-08-10 06:10:06.161838,False
TXN-cffbaa3c,ACC-1100,ACC-1190,4673.79,2026-08-10 06:14:06.161838,False
TXN-311369d1,ACC-1807,ACC-1419,1496.46,2026-08-10 06:18:06.161838,False
TXN-60c174a1,ACC-1725,ACC-1366,1808.44,2026-08-10 06:22:06.161838,False
TXN-9553a908,ACC-1212,ACC-1553,176.81,2026-08-10 06:26:06.161838,False
TXN-0c965d28,ACC-1317,ACC-1784,199207.14,2026-08-10 06:30:06.161838,True
TXN-3e4287aa,ACC-1568,ACC-1635,4194.37,2026-08-10 06:34:06.161838,False
TXN-87381c52,ACC-1259,ACC-1201,1133.61,2026-08-10 06:38:06.161838,False
TXN-7c7723c9,ACC-1613,ACC-1122,4062.72,2026-08-10 06:42:06.161838,False
TXN-a602bca9,ACC-1872,ACC-1795,1046.26,2026-08-10 06:46:06.161838,False
TXN-bfbe7c31,ACC-1081,ACC-1512,2285.41,2026-08-10 06:50:06.161838,False
TXN-ea8346c4,ACC-1318,ACC-1699,1122.99,2026-08-10 06:54:06.161838,False
TXN-4387a1eb,ACC-1343,ACC-1203,2510.0,2026-08-10 06:58:06.161838,False
TXN-cdaa87d4,ACC-1694,ACC-1275,2129.93,2026-08-10 07:02:06.161838,False
TXN-e2e18c28,ACC-1707,ACC-1408,2867.84,2026-08-10 07:06:06.161838,False
TXN-67d76d9f,ACC-1717,ACC-1772,3312.4,2026-08-10 07:10:06.161838,False
TXN-c0b7202c,ACC-1292,ACC-1207,4422.39,2026-08-10 07:14:06.161838,False
TXN-ea97a6c3,ACC-1991,ACC-1171,3146.72,2026-08-10 07:18:06.161838,False
TXN-04624e98,ACC-1126,ACC-1567,1654.68,2026-08-10 07:22:06.161838,False
TXN-ce30d3dc,ACC-1220,ACC-1646,1968.84,2026-08-10 07:26:06.161838,False
TXN-63caa95e,ACC-1460,ACC-1744,237.76,2026-08-10 07:30:06.161838,False
TXN-d04a55d1,ACC-1198,ACC-1780,950.23,2026-08-10 07:34:06.161838,False
TXN-c77962a1,ACC-1613,ACC-1655,1980.8,2026-08-10 07:38:06.161838,False
TXN-f9fc7479,ACC-1257,ACC-1922,379.49,2026-08-10 07:42:06.161838,False
TXN-107041a1,ACC-1507,ACC-1859,3672.22,2026-08-10 07:46:06.161838,False
TXN-6e826ef3,ACC-1175,ACC-1530,128070.73,2026-08-10 07:50:06.161838,True
TXN-59d43fb7,ACC-1109,ACC-1615,783.02,2026-08-10 07:54:06.161838,False
TXN-f62a5fec,ACC-1040,ACC-1541,1224.5,2026-08-10 07:58:06.161838,False
TXN-990e2d15,ACC-1145,ACC-1343,4596.47,2026-08-10 08:02:06.161838,False
TXN-5b86f33e,ACC-1106,ACC-1765,3119.96,2026-08-10 08:06:06.161838,False
TXN-29ff46ea,ACC-1516,ACC-1593,2826.94,2026-08-10 08:10:06.161838,False
TXN-bfc8e7cc,ACC-1354,ACC-1167,4040.54,2026-08-10 08:14:06.161838,False
TXN-ab501f5a,ACC-1137,ACC-1683,1650.03,2026-08-10 08:18:06.161838,False
TXN-8ee101b8,ACC-1325,ACC-1073,2147.87,2026-08-10 08:22:06.161838,False
TXN-73e57611,ACC-1674,ACC-1144,4032.03,2026-08-10 08:26:06.161838,False
TXN-5e979d15,ACC-1067,ACC-1873,3653.17,2026-08-10 08:30:06.161838,False
TXN-025c06f0,ACC-1827,ACC-1217,360.49,2026-08-10 08:34:06.161838,False
TXN-e5cfa4ee,ACC-1823,ACC-1818,3248.93,2026-08-10 08:38:06.161838,False
TXN-ec83fc39,ACC-1613,ACC-1072,2477.02,2026-08-10 08:42:06.161838,False
TXN-e966ff49,ACC-1259,ACC-1694,1742.7,2026-08-10 08:46:06.161838,False
TXN-68579c0d,ACC-1487,ACC-1932,1016.52,2026-08-10 08:50:06.161838,False
TXN-a5d29bab,ACC-1127,ACC-1256,1330.5,2026-08-10 08:54:06.161838,False
TXN-4b71d271,ACC-1840,ACC-1471,1381.35,2026-08-10 08:58:06.161838,False
TXN-60c4c2ab,ACC-1353,ACC-1409,3665.48,2026-08-10 09:02:06.161838,False
TXN-0a730c25,ACC-1438,ACC-1598,3618.44,2026-08-10 09:06:06.161838,False
TXN-3fb005ee,ACC-1053,ACC-1139,3011.87,2026-08-10 09:10:06.161838,False
TXN-7732ea6f,ACC-1188,ACC-1677,2897.34,2026-08-10 09:14:06.161838,False
TXN-cc143587,ACC-1541,ACC-1210,1510.17,2026-08-10 09:18:06.161838,False
TXN-f6dd32ee,ACC-1223,ACC-1164,3161.58,2026-08-10 09:22:06.161838,False
TXN-ebb6fd70,ACC-1600,ACC-1470,1316.96,2026-08-10 09:26:06.161838,False
TXN-09a269d8,ACC-1103,ACC-1844,4554.03,2026-08-10 09:30:06.161838,False
TXN-e9b7c682,ACC-1445,ACC-1466,1781.35,2026-08-10 09:34:06.161838,False
TXN-62009148,ACC-1542,ACC-1378,1927.98,2026-08-10 09:38:06.161838,False
TXN-fae5eaf4,ACC-1349,ACC-1002,1573.96,2026-08-10 09:42:06.161838,False
TXN-6106a64f,ACC-1829,ACC-1883,3323.58,2026-08-10 09:46:06.161838,False
TXN-fdcb3a4f,ACC-1478,ACC-1440,950.26,2026-08-10 09:50:06.161838,False
TXN-bfb87b56,ACC-1631,ACC-1317,1207.15,2026-08-10 09:54:06.161838,False
TXN-42efd4f4,ACC-1707,ACC-1900,598.7,2026-08-10 09:58:06.161838,False
TXN-d4df23cc,ACC-1664,ACC-1923,1765.53,2026-08-10 10:02:06.161838,False
TXN-b4278c3c,ACC-1178,ACC-1395,4977.72,2026-08-10 10:06:06.161838,False
TXN-9ea20ea9,ACC-1860,ACC-1562,828.96,2026-08-10 10:10:06.161838,False
TXN-a4da51f1,ACC-1044,ACC-1031,3533.56,2026-08-10 10:14:06.161838,False
TXN-4be9c9ff,ACC-1861,ACC-1386,309.69,2026-08-10 10:18:06.161838,False
TXN-4eadbbed,ACC-1125,ACC-1176,3249.76,2026-08-10 10:22:06.161838,False
TXN-0991a93f,ACC-1206,ACC-1256,1751.81,2026-08-10 10:26:06.161838,False
TXN-e0d13a6e,ACC-1785,ACC-1139,4692.76,2026-08-10 10:30:06.161838,False
TXN-63050b82,ACC-1309,ACC-1626,2127.59,2026-08-10 10:34:06.161838,False
TXN-c5f6d611,ACC-1542,ACC-1360,4914.78,2026-08-10 10:38:06.161838,False
TXN-48dc8e3d,ACC-1022,ACC-1643,4492.87,2026-08-10 10:42:06.161838,False
TXN-e36db4d3,ACC-1683,ACC-1692,1087.71,2026-08-10 10:46:06.161838,False
TXN-5d6341b4,ACC-1658,ACC-1713,513.05,2026-08-10 10:50:06.161838,False
TXN-34d59b2f,ACC-1436,ACC-1002,2608.21,2026-08-10 10:54:06.161838,False
TXN-4cca9e9f,ACC-1206,ACC-1419,3439.2,2026-08-10 10:58:06.161838,False
TXN-b0008a53,ACC-1204,ACC-1808,3523.08,2026-08-10 11:02:06.161838,False
TXN-60d5a8af,ACC-1362,ACC-1828,2159.32,2026-08-10 11:06:06.161838,False
TXN-7b73bfbb,ACC-1839,ACC-1231,281.22,2026-08-10 11:10:06.161838,False
TXN-7f2435de,ACC-1060,ACC-1986,3132.72,2026-08-10 11:14:06.161838,False
TXN-a06786fe,ACC-1319,ACC-1464,2922.51,2026-08-10 11:18:06.161838,False
TXN-e41ae787,ACC-1742,ACC-1981,4562.06,2026-08-10 11:22:06.161838,False
TXN-c4b96871,ACC-1086,ACC-1021,1462.64,2026-08-10 11:26:06.161838,False
TXN-39b1bead,ACC-1302,ACC-1272,593.09,2026-08-10 11:30:06.161838,False
TXN-496c39f4,ACC-1780,ACC-1347,3643.84,2026-08-10 11:34:06.161838,False
TXN-3f48c86c,ACC-1025,ACC-1312,2095.76,2026-08-10 11:38:06.161838,False
TXN-b6af7873,ACC-1640,ACC-1932,4336.9,2026-08-10 11:42:06.161838,False
TXN-8be8d862,ACC-1972,ACC-1830,2036.87,2026-08-10 11:46:06.161838,False
TXN-1b8a99bf,ACC-1284,ACC-1346,3132.78,2026-08-10 11:50:06.161838,False
TXN-20810749,ACC-1424,ACC-1986,2801.54,2026-08-10 11:54:06.161838,False
TXN-6fc8b7e4,ACC-1596,ACC-1022,2787.3,2026-08-10 11:58:06.161838,False
TXN-312542b4,ACC-1127,ACC-1647,196648.68,2026-08-10 12:02:06.161838,True
TXN-140d0cb6,ACC-1157,ACC-1334,590.18,2026-08-10 12:06:06.161838,False
TXN-19ab5585,ACC-1869,ACC-1254,2023.72,2026-08-10 12:10:06.161838,False
TXN-ca5f29b2,ACC-1660,ACC-1806,1413.93,2026-08-10 12:14:06.161838,False
TXN-6d2b4964,ACC-1608,ACC-1968,954.43,2026-08-10 12:18:06.161838,False
TXN-00831068,ACC-1848,ACC-1727,430.25,2026-08-10 12:22:06.161838,False
TXN-fc493d3c,ACC-1925,ACC-1286,4676.69,2026-08-10 12:26:06.161838,False
TXN-7087ede9,ACC-1724,ACC-1201,1718.62,2026-08-10 12:30:06.161838,False
TXN-a4707720,ACC-1121,ACC-1113,1446.53,2026-08-10 12:34:06.161838,False
TXN-b76e06c7,ACC-1282,ACC-1453,3695.6,2026-08-10 12:38:06.161838,False
TXN-95d7e561,ACC-1498,ACC-1540,2144.99,2026-08-10 12:42:06.161838,False
TXN-ccfb3b30,ACC-1192,ACC-1688,2246.41,2026-08-10 12:46:06.161838,False
TXN-b4276655,ACC-1349,ACC-1542,3198.17,2026-08-10 12:50:06.161838,False
TXN-20d9af16,ACC-1036,ACC-1216,3325.97,2026-08-10 12:54:06.161838,False
TXN-6bd7fca5,ACC-1290,ACC-1209,4792.34,2026-08-10 12:58:06.161838,False
TXN-785c2d8d,ACC-1174,ACC-1173,3157.12,2026-08-10 13:02:06.161838,False
TXN-02a369e5,ACC-1848,ACC-1061,802.43,2026-08-10 13:06:06.161838,False
TXN-9825478a,ACC-1198,ACC-1757,3379.3,2026-08-10 13:10:06.161838,False
TXN-49a35e63,ACC-1720,ACC-1694,981.52,2026-08-10 13:14:06.161838,False
TXN-6d80cc61,ACC-1899,ACC-1877,3637.39,2026-08-10 13:18:06.161838,False
TXN-9e15d239,ACC-1404,ACC-1367,1558.36,2026-08-10 13:22:06.161838,False
TXN-673928b7,ACC-1070,ACC-1940,662.84,2026-08-10 13:26:06.161838,False
TXN-3c23389a,ACC-1832,ACC-1986,4031.54,2026-08-10 13:30:06.161838,False
TXN-a96931d7,ACC-1677,ACC-1500,3578.88,2026-08-10 13:34:06.161838,False
TXN-481de76b,ACC-1604,ACC-1683,2664.78,2026-08-10 13:38:06.161838,False
TXN-401205c3,ACC-1326,ACC-1214,3991.09,2026-08-10 13:42:06.161838,False
TXN-9f78de05,ACC-1676,ACC-1491,151241.87,2026-08-10 13:46:06.161838,True
TXN-fd262ee7,ACC-1499,ACC-1732,3058.17,2026-08-10 13:50:06.161838,False
TXN-bf7ad282,ACC-1443,ACC-1046,1773.36,2026-08-10 13:54:06.161838,False
TXN-7a0cce16,ACC-1165,ACC-1702,3771.08,2026-08-10 13:58:06.161838,False
TXN-6e572186,ACC-1659,ACC-1263,4510.18,2026-08-10 14:02:06.161838,False
TXN-b50d1f6a,ACC-1418,ACC-1306,2537.0,2026-08-10 14:06:06.161838,False
TXN-9be4a276,ACC-1201,ACC-1888,666.19,2026-08-10 14:10:06.161838,False
TXN-21fba379,ACC-1279,ACC-1895,4508.38,2026-08-10 14:14:06.161838,False
TXN-011d8c50,ACC-1445,ACC-1790,2928.79,2026-08-10 14:18:06.161838,False
TXN-b0505dea,ACC-1160,ACC-1805,1060.63,2026-08-10 14:22:06.161838,False
TXN-83fdcdb2,ACC-1684,ACC-1493,193077.6,2026-08-10 14:26:06.161838,True
TXN-ddc66da3,ACC-1571,ACC-1291,950.78,2026-08-10 14:30:06.161838,False
TXN-419ec8cf,ACC-1123,ACC-1374,215.11,2026-08-10 14:34:06.161838,False
TXN-f0c33841,ACC-1979,ACC-1479,4583.53,2026-08-10 14:38:06.161838,False
TXN-bfe8e8c9,ACC-1438,ACC-1325,2377.13,2026-08-10 14:42:06.161838,False
TXN-6e68bdfa,ACC-1397,ACC-1127,1019.94,2026-08-10 14:46:06.161838,False
TXN-2ebe258d,ACC-1450,ACC-1905,4119.13,2026-08-10 14:50:06.161838,False
TXN-6a126c6f,ACC-1407,ACC-1222,3278.28,2026-08-10 14:54:06.161838,False
TXN-3a7caae3,ACC-1360,ACC-1901,2929.02,2026-08-10 14:58:06.161838,False
TXN-8eef87c7,ACC-1401,ACC-1017,4278.83,2026-08-10 15:02:06.161838,False
TXN-5d5e3b7d,ACC-1638,ACC-1088,1253.55,2026-08-10 15:06:06.161838,False
TXN-014f78c8,ACC-1549,ACC-1039,887.92,2026-08-10 15:10:06.161838,False
TXN-778fec35,ACC-1712,ACC-1672,4010.29,2026-08-10 15:14:06.161838,False
TXN-63888436,ACC-1393,ACC-1045,3631.06,2026-08-10 15:18:06.161838,False
TXN-6e86a528,ACC-1344,ACC-1828,4762.8,2026-08-10 15:22:06.161838,False
TXN-6dcfd570,ACC-1743,ACC-1495,181352.94,2026-08-10 15:26:06.161838,True
TXN-ebc9d1d9,ACC-1992,ACC-1867,2159.64,2026-08-10 15:30:06.161838,False
TXN-e0ccef03,ACC-1514,ACC-1223,1645.11,2026-08-10 15:34:06.161838,False
TXN-0bc027e2,ACC-1749,ACC-1995,3945.7,2026-08-10 15:38:06.161838,False
TXN-c25d23a5,ACC-1712,ACC-1825,4792.34,2026-08-10 15:42:06.161838,False
TXN-40f1a75d,ACC-1874,ACC-1589,2370.05,2026-08-10 15:46:06.161838,False
TXN-5f2d7413,ACC-1881,ACC-1147,3204.21,2026-08-10 15:50:06.161838,False
TXN-d9bbb67f,ACC-1242,ACC-1580,1273.21,2026-08-10 15:54:06.161838,False
TXN-3c74cf0d,ACC-1420,ACC-1917,2309.0,2026-08-10 15:58:06.161838,False
TXN-651d5678,ACC-1560,ACC-1894,1882.0,2026-08-10 16:02:06.161838,False
TXN-bb87a464,ACC-1072,ACC-1396,576.71,2026-08-10 16:06:06.161838,False
TXN-09778882,ACC-1179,ACC-1405,4374.14,2026-08-10 16:10:06.161838,False
TXN-9caf79b2,ACC-1861,ACC-1782,395.22,2026-08-10 16:14:06.161838,False
TXN-b51ab62c,ACC-1851,ACC-1620,1231.21,2026-08-10 16:18:06.161838,False
TXN-c853036d,ACC-1189,ACC-1039,1075.08,2026-08-10 16:22:06.161838,False
TXN-4cdb5d0c,ACC-1559,ACC-1553,875.53,2026-08-10 16:26:06.161838,False
TXN-7f0cb510,ACC-1214,ACC-1397,304.78,2026-08-10 16:30:06.161838,False
TXN-0882715c,ACC-1641,ACC-1722,1260.24,2026-08-10 16:34:06.161838,False
TXN-bb4ac1cc,ACC-1740,ACC-1782,4849.21,2026-08-10 16:38:06.161838,False
TXN-13b376db,ACC-1438,ACC-1305,2825.49,2026-08-10 16:42:06.161838,False
TXN-fec49e8b,ACC-1827,ACC-1376,892.69,2026-08-10 16:46:06.161838,False
TXN-9137b0a7,ACC-1683,ACC-1119,4418.86,2026-08-10 16:50:06.161838,False
TXN-6fabb790,ACC-1529,ACC-1957,4621.13,2026-08-10 16:54:06.161838,False
TXN-53ab3ec6,ACC-1823,ACC-1119,4767.07,2026-08-10 16:58:06.161838,False
TXN-13596dd3,ACC-1305,ACC-1636,4251.37,2026-08-10 17:02:06.161838,False
TXN-1070b39f,ACC-1671,ACC-1064,612.97,2026-08-10 17:06:06.161838,False
TXN-8f52ac82,ACC-1598,ACC-1840,3840.67,2026-08-10 17:10:06.161838,False
TXN-48edea4f,ACC-1219,ACC-1188,4624.8,2026-08-10 17:14:06.161838,False
TXN-3b20fff0,ACC-1471,ACC-1107,2184.4,2026-08-10 17:18:06.161838,False
TXN-c3797d35,ACC-1246,ACC-1264,1500.96,2026-08-10 17:22:06.161838,False
TXN-6d0ee8ae,ACC-1592,ACC-1093,1514.15,2026-08-10 17:26:06.161838,False
TXN-79db46b5,ACC-1176,ACC-1508,2133.72,2026-08-10 17:30:06.161838,False
TXN-5b23f3ab,ACC-1606,ACC-1764,1573.16,2026-08-10 17:34:06.161838,False
TXN-b15918d3,ACC-1348,ACC-1563,817.15,2026-08-10 17:38:06.161838,False
TXN-1c9dc077,ACC-1414,ACC-1485,3308.76,2026-08-10 17:42:06.161838,False
TXN-1e47c9d2,ACC-1712,ACC-1013,291.72,2026-08-10 17:46:06.161838,False
TXN-6f25263f,ACC-1415,ACC-1617,86011.0,2026-08-10 17:50:06.161838,True
TXN-7ad122f4,ACC-1339,ACC-1950,1010.02,2026-08-10 17:54:06.161838,False
TXN-ee1c106c,ACC-1484,ACC-1484,4408.9,2026-08-10 17:58:06.161838,False
TXN-3b29d912,ACC-1172,ACC-1375,3495.97,2026-08-10 18:02:06.161838,False
TXN-5ea10c4f,ACC-1404,ACC-1653,545.37,2026-08-10 18:06:06.161838,False
TXN-ae682a37,ACC-1583,ACC-1212,3706.19,2026-08-10 18:10:06.161838,False
TXN-198cbfd6,ACC-1008,ACC-1440,3572.42,2026-08-10 18:14:06.161838,False
TXN-083c5442,ACC-1229,ACC-1295,4503.4,2026-08-10 18:18:06.161838,False
TXN-c94c44e2,ACC-1994,ACC-1748,4728.16,2026-08-10 18:22:06.161838,False
TXN-1c6b2dbe,ACC-1635,ACC-1111,4902.93,2026-08-10 18:26:06.161838,False
TXN-0212f614,ACC-1495,ACC-1058,1213.52,2026-08-10 18:30:06.161838,False
TXN-b2a44fb2,ACC-1442,ACC-1688,2596.53,2026-08-10 18:34:06.161838,False
TXN-acb4d360,ACC-1766,ACC-1814,819.03,2026-08-10 18:38:06.161838,False
TXN-fd9e49ba,ACC-1833,ACC-1577,144562.41,2026-08-10 18:42:06.161838,True
TXN-5b549a51,ACC-1752,ACC-1383,2713.55,2026-08-10 18:46:06.161838,False
TXN-29063b35,ACC-1850,ACC-1908,2534.22,2026-08-10 18:50:06.161838,False
TXN-c89dc1a9,ACC-1261,ACC-1567,3977.45,2026-08-10 18:54:06.161838,False
TXN-4bc21ff0,ACC-1718,ACC-1725,1229.64,2026-08-10 18:58:06.161838,False
TXN-15241ba3,ACC-1056,ACC-1878,3990.77,2026-08-10 19:02:06.161838,False
TXN-de1763b1,ACC-1790,ACC-1029,1535.84,2026-08-10 19:06:06.161838,False
TXN-ad593937,ACC-1649,ACC-1454,1036.37,2026-08-10 19:10:06.161838,False
TXN-012763b4,ACC-1019,ACC-1651,4959.12,2026-08-10 19:14:06.161838,False
TXN-294d14f7,ACC-1630,ACC-1825,1383.5,2026-08-10 19:18:06.161838,False
TXN-fb330e69,ACC-1899,ACC-1205,4478.07,2026-08-10 19:22:06.161838,False
TXN-0ba2acb3,ACC-1496,ACC-1541,3344.19,2026-08-10 19:26:06.161838,False
TXN-61f15a5b,ACC-1496,ACC-1369,2867.32,2026-08-10 19:30:06.161838,False
TXN-d8fb8c9e,ACC-1062,ACC-1993,266.36,2026-08-10 19:34:06.161838,False
TXN-9c857580,ACC-1169,ACC-1758,653.01,2026-08-10 19:38:06.161838,False
TXN-b3378598,ACC-1812,ACC-1793,1949.84,2026-08-10 19:42:06.161838,False
TXN-e749c61b,ACC-1320,ACC-1576,1349.63,2026-08-10 19:46:06.161838,False
TXN-fead1660,ACC-1547,ACC-1235,3376.19,2026-08-10 19:50:06.161838,False
TXN-1ef3a7ce,ACC-1215,ACC-1872,2618.9,2026-08-10 19:54:06.161838,False
TXN-c5fb6cb9,ACC-1329,ACC-1541,177696.96,2026-08-10 19:58:06.161838,True
TXN-6abb4543,ACC-1543,ACC-1280,410.95,2026-08-10 20:02:06.161838,False
TXN-ab266e6b,ACC-1194,ACC-1656,99580.99,2026-08-10 20:06:06.161838,True
TXN-bdb143b0,ACC-1437,ACC-1985,3962.13,2026-08-10 20:10:06.161838,False
TXN-524092b9,ACC-1466,ACC-1990,2023.17,2026-08-10 20:14:06.161838,False
TXN-6c1b127b,ACC-1091,ACC-1436,1291.09,2026-08-10 20:18:06.161838,False
TXN-914e6e05,ACC-1581,ACC-1425,873.07,2026-08-10 20:22:06.161838,False
TXN-e36cafa8,ACC-1151,ACC-1496,1695.94,2026-08-10 20:26:06.161838,False
TXN-3f5163d4,ACC-1071,ACC-1398,3176.23,2026-08-10 20:30:06.161838,False
TXN-f91620fa,ACC-1732,ACC-1157,3055.75,2026-08-10 20:34:06.161838,False
TXN-30fc53e8,ACC-1582,ACC-1941,2989.58,2026-08-10 20:38:06.161838,False
TXN-3ec14f1e,ACC-1000,ACC-1347,228.42,2026-08-10 20:42:06.161838,False
TXN-98e59ccd,ACC-1625,ACC-1775,2213.96,2026-08-10 20:46:06.161838,False
TXN-c567aad1,ACC-1391,ACC-1572,1440.93,2026-08-10 20:50:06.161838,False
TXN-b3aee207,ACC-1590,ACC-1704,1907.14,2026-08-10 20:54:06.161838,False
TXN-45e8cd6e,ACC-1338,ACC-1339,2116.82,2026-08-10 20:58:06.161838,False
TXN-1c18f3a1,ACC-1435,ACC-1537,2257.45,2026-08-10 21:02:06.161838,False
TXN-b42d4c0d,ACC-1047,ACC-1431,4604.96,2026-08-10 21:06:06.161838,False
TXN-ff1c76eb,ACC-1315,ACC-1157,1799.64,2026-08-10 21:10:06.161838,False
TXN-662cc4b0,ACC-1526,ACC-1193,2242.86,2026-08-10 21:14:06.161838,False
TXN-acd3d518,ACC-1192,ACC-1192,1979.19,2026-08-10 21:18:06.161838,False
TXN-784a56b7,ACC-1535,ACC-1690,75539.02,2026-08-10 21:22:06.161838,True
TXN-d0d2bea4,ACC-1822,ACC-1700,2857.07,2026-08-10 21:26:06.161838,False
TXN-c828032d,ACC-1893,ACC-1970,982.32,2026-08-10 21:30:06.161838,False
TXN-e297ecfa,ACC-1925,ACC-1808,407.5,2026-08-10 21:34:06.161838,False
TXN-c1f5bbab,ACC-1236,ACC-1874,2787.52,2026-08-10 21:38:06.161838,False
TXN-7465122e,ACC-1769,ACC-1587,1769.91,2026-08-10 21:42:06.161838,False
TXN-3064a162,ACC-1969,ACC-1526,2950.29,2026-08-10 21:46:06.161838,False
TXN-07ce056f,ACC-1464,ACC-1918,2915.72,2026-08-10 21:50:06.161838,False
TXN-f83d5d6e,ACC-1906,ACC-1299,3103.7,2026-08-10 21:54:06.161838,False
TXN-751b9354,ACC-1796,ACC-1641,4021.16,2026-08-10 21:58:06.161838,False
TXN-6d34858d,ACC-1013,ACC-1435,3554.16,2026-08-10 22:02:06.161838,False
TXN-6c0c4d5a,ACC-1929,ACC-1482,163870.34,2026-08-10 22:06:06.161838,True
TXN-67c42126,ACC-1548,ACC-1386,4340.82,2026-08-10 22:10:06.161838,False
TXN-00374e43,ACC-1157,ACC-1466,100365.86,2026-08-10 22:14:06.161838,True
TXN-ad9fa1cc,ACC-1919,ACC-1029,4128.55,2026-08-10 22:18:06.161838,False
TXN-fa2ecce7,ACC-1875,ACC-1492,4246.04,2026-08-10 22:22:06.161838,False
TXN-15ae2e62,ACC-1720,ACC-1215,325.07,2026-08-10 22:26:06.161838,False
TXN-a3ac6532,ACC-1009,ACC-1293,2896.87,2026-08-10 22:30:06.161838,False
TXN-f5ae7f12,ACC-1260,ACC-1017,2527.32,2026-08-10 22:34:06.161838,False
TXN-36fc6655,ACC-1640,ACC-1279,4599.79,2026-08-10 22:38:06.161838,False
TXN-385533de,ACC-1088,ACC-1625,2085.29,2026-08-10 22:42:06.161838,False
TXN-e2041f70,ACC-1178,ACC-1640,3879.1,2026-08-10 22:46:06.161838,False
TXN-c7594380,ACC-1916,ACC-1735,3514.05,2026-08-10 22:50:06.161838,False
TXN-b56c279b,ACC-1304,ACC-1609,3097.64,2026-08-10 22:54:06.161838,False
TXN-6e4e777a,ACC-1951,ACC-1800,740.12,2026-08-10 22:58:06.161838,False
TXN-fe9286b3,ACC-1395,ACC-1513,3380.84,2026-08-10 23:02:06.161838,False
TXN-5e16ff2a,ACC-1933,ACC-1455,1399.15,2026-08-10 23:06:06.161838,False
TXN-5015594f,ACC-1663,ACC-1495,2574.67,2026-08-10 23:10:06.161838,False
TXN-4dbc6d50,ACC-1354,ACC-1018,2012.02,2026-08-10 23:14:06.161838,False
TXN-4a3e6d91,ACC-1464,ACC-1095,748.07,2026-08-10 23:18:06.161838,False
TXN-9cc00a3c,ACC-1229,ACC-1602,3999.4,2026-08-10 23:22:06.161838,False
TXN-6d91d203,ACC-1068,ACC-1397,3502.63,2026-08-10 23:26:06.161838,False
TXN-c38511fe,ACC-1067,ACC-1527,122928.59,2026-08-10 23:30:06.161838,True
TXN-46647b96,ACC-1883,ACC-1020,3867.52,2026-08-10 23:34:06.161838,False
TXN-c4bd6b6c,ACC-1092,ACC-1281,1910.03,2026-08-10 23:38:06.161838,False
TXN-384f5cbc,ACC-1639,ACC-1830,4039.26,2026-08-10 23:42:06.161838,False
TXN-7d4c756f,ACC-1556,ACC-1275,805.06,2026-08-10 23:46:06.161838,False
TXN-bf46a5bd,ACC-1402,ACC-1778,4984.65,2026-08-10 23:50:06.161838,False
TXN-14493aa4,ACC-1414,ACC-1615,4324.17,2026-08-10 23:54:06.161838,False
TXN-17e25eed,ACC-1627,ACC-1568,1870.51,2026-08-10 23:58:06.161838,False
TXN-33c85efd,ACC-1946,ACC-1194,3348.43,2026-08-11 00:02:06.161838,False
TXN-e770c1bb,ACC-1819,ACC-1877,2544.35,2026-08-11 00:06:06.161838,False
TXN-5dffbc31,ACC-1556,ACC-1668,3416.4,2026-08-11 00:10:06.161838,False
TXN-2564de70,ACC-1344,ACC-1535,2197.37,2026-08-11 00:14:06.161838,False
TXN-a0c33305,ACC-1714,ACC-1987,961.98,2026-08-11 00:18:06.161838,False
TXN-5fbf9b07,ACC-1924,ACC-1099,4889.14,2026-08-11 00:22:06.161838,False
TXN-e4b61d1a,ACC-1744,ACC-1174,304.15,2026-08-11 00:26:06.161838,False
TXN-d49ee9a4,ACC-1339,ACC-1221,4443.43,2026-08-11 00:30:06.161838,False
TXN-a14c3fc5,ACC-1957,ACC-1411,2150.63,2026-08-11 00:34:06.161838,False
TXN-5a95f772,ACC-1731,ACC-1285,1554.85,2026-08-11 00:38:06.161838,False
TXN-e7b18d42,ACC-1099,ACC-1309,462.52,2026-08-11 00:42:06.161838,False
TXN-2ebb2dbd,ACC-1936,ACC-1527,677.85,2026-08-11 00:46:06.161838,False
TXN-e882e0fa,ACC-1777,ACC-1492,816.52,2026-08-11 00:50:06.161838,False
TXN-81614624,ACC-1365,ACC-1342,3288.79,2026-08-11 00:54:06.161838,False
TXN-b0886864,ACC-1683,ACC-1161,3804.61,2026-08-11 00:58:06.161838,False
TXN-135af714,ACC-1353,ACC-1866,3498.45,2026-08-11 01:02:06.161838,False
TXN-a2a41363,ACC-1432,ACC-1303,1401.15,2026-08-11 01:06:06.161838,False
TXN-0db97424,ACC-1549,ACC-1578,466.18,2026-08-11 01:10:06.161838,False
TXN-47d93cbc,ACC-1055,ACC-1055,1543.38,2026-08-11 01:14:06.161838,False
TXN-05f558e5,ACC-1761,ACC-1749,4443.01,2026-08-11 01:18:06.161838,False
TXN-30647102,ACC-1149,ACC-1367,1691.35,2026-08-11 01:22:06.161838,False
TXN-4eb7eb92,ACC-1499,ACC-1985,2083.68,2026-08-11 01:26:06.161838,False
TXN-355dd1cc,ACC-1234,ACC-1858,458.54,2026-08-11 01:30:06.161838,False
TXN-97595a89,ACC-1035,ACC-1582,2635.59,2026-08-11 01:34:06.161838,False
TXN-9e0d452a,ACC-1851,ACC-1764,3001.4,2026-08-11 01:38:06.161838,False
TXN-6bbd8a60,ACC-1951,ACC-1018,2789.45,2026-08-11 01:42:06.161838,False
TXN-9fa8ca1c,ACC-1075,ACC-1272,3067.16,2026-08-11 01:46:06.161838,False
TXN-ef53cde9,ACC-1260,ACC-1343,2233.99,2026-08-11 01:50:06.161838,False
TXN-be7c8eb3,ACC-1651,ACC-1761,394.57,2026-08-11 01:54:06.161838,False
TXN-d1702f66,ACC-1950,ACC-1384,4741.94,2026-08-11 01:58:06.161838,False
TXN-f695b510,ACC-1829,ACC-1158,4706.75,2026-08-11 02:02:06.161838,False
TXN-c035e771,ACC-1229,ACC-1624,4917.13,2026-08-11 02:06:06.161838,False
TXN-3ad28038,ACC-1370,ACC-1119,3593.97,2026-08-11 02:10:06.161838,False
TXN-4d6f4c18,ACC-1788,ACC-1942,1136.72,2026-08-11 02:14:06.161838,False
TXN-40a6174a,ACC-1997,ACC-1743,2161.72,2026-08-11 02:18:06.161838,False
TXN-08076473,ACC-1557,ACC-1725,3367.29,2026-08-11 02:22:06.161838,False
TXN-66561d0c,ACC-1188,ACC-1804,4123.6,2026-08-11 02:26:06.161838,False
TXN-c48dc9d5,ACC-1157,ACC-1423,4858.11,2026-08-11 02:30:06.161838,False
TXN-f798913c,ACC-1281,ACC-1324,4780.82,2026-08-11 02:34:06.161838,False
TXN-05798994,ACC-1742,ACC-1639,1520.58,2026-08-11 02:38:06.161838,False
TXN-d030c61a,ACC-1768,ACC-1829,170739.89,2026-08-11 02:42:06.161838,True
TXN-838289fc,ACC-1708,ACC-1471,813.97,2026-08-11 02:46:06.161838,False
TXN-56863b26,ACC-1880,ACC-1704,1199.56,2026-08-11 02:50:06.161838,False
TXN-febfd7ab,ACC-1710,ACC-1727,4095.71,2026-08-11 02:54:06.161838,False
TXN-e7e68b13,ACC-1993,ACC-1015,4016.32,2026-08-11 02:58:06.161838,False
TXN-0b47643b,ACC-1529,ACC-1313,3268.33,2026-08-11 03:02:06.161838,False
TXN-aca987f3,ACC-1507,ACC-1808,3531.28,2026-08-11 03:06:06.161838,False
TXN-f7b5fc9a,ACC-1945,ACC-1055,4573.48,2026-08-11 03:10:06.161838,False
TXN-03fe3796,ACC-1837,ACC-1509,1394.94,2026-08-11 03:14:06.161838,False
TXN-74224733,ACC-1863,ACC-1018,1349.76,2026-08-11 03:18:06.161838,False
TXN-f97ada0a,ACC-1359,ACC-1617,4351.14,2026-08-11 03:22:06.161838,False
TXN-bd197774,ACC-1801,ACC-1495,2615.29,2026-08-11 03:26:06.161838,False
TXN-ee26c222,ACC-1095,ACC-1752,4711.43,2026-08-11 03:30:06.161838,False
TXN-dab3ed3b,ACC-1035,ACC-1989,2911.31,2026-08-11 03:34:06.161838,False
TXN-a7419378,ACC-1162,ACC-1290,2607.66,2026-08-11 03:38:06.161838,False
TXN-23f2cf22,ACC-1592,ACC-1139,390.25,2026-08-11 03:42:06.161838,False
TXN-3bc0d25a,ACC-1019,ACC-1573,4242.97,2026-08-11 03:46:06.161838,False
TXN-37a9a875,ACC-1558,ACC-1330,2200.83,2026-08-11 03:50:06.161838,False
TXN-02071b1f,ACC-1014,ACC-1975,4400.08,2026-08-11 03:54:06.161838,False
TXN-7ef1957f,ACC-1446,ACC-1261,936.72,2026-08-11 03:58:06.161838,False
TXN-4cc9e7ea,ACC-1025,ACC-1841,3910.27,2026-08-11 04:02:06.161838,False
TXN-07f05816,ACC-1016,ACC-1714,1686.18,2026-08-11 04:06:06.161838,False
TXN-4ca469c7,ACC-1090,ACC-1191,4857.17,2026-08-11 04:10:06.161838,False
TXN-98c06ab5,ACC-1128,ACC-1246,2098.13,2026-08-11 04:14:06.161838,False
TXN-cbc58eb0,ACC-1066,ACC-1857,2919.53,2026-08-11 04:18:06.161838,False
TXN-68012540,ACC-1544,ACC-1754,245.29,2026-08-11 04:22:06.161838,False
TXN-7fe35667,ACC-1403,ACC-1306,2520.65,2026-08-11 04:26:06.161838,False
TXN-07538737,ACC-1519,ACC-1492,3711.88,2026-08-11 04:30:06.161838,False
TXN-9fbbe82e,ACC-1188,ACC-1211,4870.28,2026-08-11 04:34:06.161838,False
TXN-7d356251,ACC-1826,ACC-1315,2405.74,2026-08-11 04:38:06.161838,False
TXN-a27bcce3,ACC-1613,ACC-1916,3698.59,2026-08-11 04:42:06.161838,False
TXN-69410e11,ACC-1947,ACC-1536,512.28,2026-08-11 04:46:06.161838,False
TXN-68c406d9,ACC-1472,ACC-1558,778.21,2026-08-11 04:50:06.161838,False
TXN-71532b47,ACC-1555,ACC-1697,2787.19,2026-08-11 04:54:06.161838,False
TXN-0a5a4cbc,ACC-1055,ACC-1149,3319.7,2026-08-11 04:58:06.161838,False
TXN-48dbe340,ACC-1846,ACC-1822,1400.32,2026-08-11 05:02:06.161838,False
TXN-45ad84c7,ACC-1020,ACC-1216,185.01,2026-08-11 05:06:06.161838,False
TXN-a902ccd1,ACC-1661,ACC-1023,2519.8,2026-08-11 05:10:06.161838,False
TXN-14180223,ACC-1972,ACC-1403,601.43,2026-08-11 05:14:06.161838,False
TXN-22b94b6b,ACC-1456,ACC-1494,831.61,2026-08-11 05:18:06.161838,False
TXN-11b383f9,ACC-1161,ACC-1571,1849.09,2026-08-11 05:22:06.161838,False
TXN-a5e2df5e,ACC-1709,ACC-1457,1668.88,2026-08-11 05:26:06.161838,False
TXN-ff1f6a32,ACC-1492,ACC-1118,3830.21,2026-08-11 05:30:06.161838,False
TXN-206d4ebd,ACC-1897,ACC-1057,4552.68,2026-08-11 05:34:06.161838,False
TXN-9382b040,ACC-1587,ACC-1628,3401.19,2026-08-11 05:38:06.161838,False
TXN-cfc614eb,ACC-1476,ACC-1757,1960.18,2026-08-11 05:42:06.161838,False
TXN-102d81c0,ACC-1351,ACC-1496,4144.54,2026-08-11 05:46:06.161838,False
TXN-79658a4d,ACC-1721,ACC-1632,1755.28,2026-08-11 05:50:06.161838,False
TXN-4f9653ab,ACC-1351,ACC-1476,740.86,2026-08-11 05:54:06.161838,False
TXN-8db1825d,ACC-1846,ACC-1795,335.09,2026-08-11 05:58:06.161838,False
TXN-70dbd89f,ACC-1124,ACC-1907,4783.53,2026-08-11 06:02:06.161838,False
TXN-2d5e323c,ACC-1031,ACC-1661,3247.2,2026-08-11 06:06:06.161838,False
TXN-19818a0e,ACC-1634,ACC-1806,1922.95,2026-08-11 06:10:06.161838,False
TXN-ef44b704,ACC-1383,ACC-1874,1866.23,2026-08-11 06:14:06.161838,False
TXN-f0401ade,ACC-1540,ACC-1928,1711.75,2026-08-11 06:18:06.161838,False
TXN-9af48f39,ACC-1138,ACC-1686,4988.35,2026-08-11 06:22:06.161838,False
TXN-31cc5a52,ACC-1134,ACC-1428,81517.9,2026-08-11 06:26:06.161838,True
TXN-3e818ad3,ACC-1980,ACC-1894,806.37,2026-08-11 06:30:06.161838,False
TXN-5bacbbd6,ACC-1835,ACC-1567,4772.56,2026-08-11 06:34:06.161838,False
TXN-bca23925,ACC-1175,ACC-1795,1686.63,2026-08-11 06:38:06.161838,False
TXN-10ebc7c4,ACC-1782,ACC-1230,612.5,2026-08-11 06:42:06.161838,False
TXN-775abfbc,ACC-1500,ACC-1268,4253.78,2026-08-11 06:46:06.161838,False
TXN-4a1f6045,ACC-1399,ACC-1697,4916.17,2026-08-11 06:50:06.161838,False
TXN-95ccfdf9,ACC-1166,ACC-1144,3085.41,2026-08-11 06:54:06.161838,False
TXN-4896c28d,ACC-1611,ACC-1049,3798.59,2026-08-11 06:58:06.161838,False
TXN-694ac0a5,ACC-1148,ACC-1699,1365.42,2026-08-11 07:02:06.161838,False
TXN-1983fbfd,ACC-1164,ACC-1973,3531.26,2026-08-11 07:06:06.161838,False
TXN-02d8527e,ACC-1681,ACC-1151,3230.74,2026-08-11 07:10:06.161838,False
TXN-08b94f02,ACC-1747,ACC-1209,3926.27,2026-08-11 07:14:06.161838,False
TXN-86dee68a,ACC-1297,ACC-1911,566.85,2026-08-11 07:18:06.161838,False
TXN-38dedcde,ACC-1726,ACC-1398,4345.0,2026-08-11 07:22:06.161838,False
TXN-4e442034,ACC-1986,ACC-1218,2209.5,2026-08-11 07:26:06.161838,False
TXN-7f70ac3d,ACC-1834,ACC-1805,308.59,2026-08-11 07:30:06.161838,False
TXN-42bbe6f9,ACC-1351,ACC-1037,309.87,2026-08-11 07:34:06.161838,False
TXN-8ae7c491,ACC-1018,ACC-1280,2170.23,2026-08-11 07:38:06.161838,False
TXN-23c62af4,ACC-1774,ACC-1537,290.54,2026-08-11 07:42:06.161838,False
TXN-a5786544,ACC-1432,ACC-1901,4992.51,2026-08-11 07:46:06.161838,False
TXN-e427c16c,ACC-1879,ACC-1602,963.64,2026-08-11 07:50:06.161838,False
TXN-feb9ca7b,ACC-1277,ACC-1829,901.13,2026-08-11 07:54:06.161838,False
TXN-2eef0958,ACC-1088,ACC-1505,888.83,2026-08-11 07:58:06.161838,False
TXN-2ac1f42e,ACC-1182,ACC-1480,458.07,2026-08-11 08:02:06.161838,False
TXN-d00699e8,ACC-1070,ACC-1929,2291.15,2026-08-11 08:06:06.161838,False
TXN-7cabd2a2,ACC-1900,ACC-1608,237.53,2026-08-11 08:10:06.161838,False
TXN-a36e616a,ACC-1924,ACC-1514,2797.13,2026-08-11 08:14:06.161838,False
TXN-a62abd30,ACC-1937,ACC-1208,4570.92,2026-08-11 08:18:06.161838,False
TXN-b3b7f39b,ACC-1302,ACC-1532,4811.6,2026-08-11 08:22:06.161838,False
TXN-90d23e97,ACC-1244,ACC-1482,4015.23,2026-08-11 08:26:06.161838,False
TXN-376e6f1b,ACC-1398,ACC-1879,3427.51,2026-08-11 08:30:06.161838,False
TXN-915fda95,ACC-1682,ACC-1869,2057.11,2026-08-11 08:34:06.161838,False
TXN-91300187,ACC-1225,ACC-1065,4715.21,2026-08-11 08:38:06.161838,False
TXN-b5d2a804,ACC-1324,ACC-1980,1646.41,2026-08-11 08:42:06.161838,False
TXN-e7fc0b19,ACC-1110,ACC-1715,3815.02,2026-08-11 08:46:06.161838,False
TXN-1fdfc9f6,ACC-1524,ACC-1545,4953.14,2026-08-11 08:50:06.161838,False
TXN-d538f9fa,ACC-1901,ACC-1095,2816.04,2026-08-11 08:54:06.161838,False
TXN-2b4a544d,ACC-1948,ACC-1279,1190.71,2026-08-11 08:58:06.161838,False
TXN-e445a5b9,ACC-1242,ACC-1302,4281.98,2026-08-11 09:02:06.161838,False
TXN-5a159f9c,ACC-1379,ACC-1795,3425.18,2026-08-11 09:06:06.161838,False
TXN-91c978c5,ACC-1072,ACC-1997,584.62,2026-08-11 09:10:06.161838,False
TXN-9234b77e,ACC-1411,ACC-1069,3578.65,2026-08-11 09:14:06.161838,False
TXN-cb0ebe75,ACC-1253,ACC-1979,1520.71,2026-08-11 09:18:06.161838,False
TXN-de81c9ce,ACC-1678,ACC-1571,108765.59,2026-08-11 09:22:06.161838,True
TXN-90b311c4,ACC-1934,ACC-1707,3324.01,2026-08-11 09:26:06.161838,False
TXN-19bce4f9,ACC-1995,ACC-1035,3236.4,2026-08-11 09:30:06.161838,False
TXN-9a145a6f,ACC-1492,ACC-1592,2028.01,2026-08-11 09:34:06.161838,False
TXN-7fe2ce05,ACC-1754,ACC-1215,4713.6,2026-08-11 09:38:06.161838,False
TXN-52fef83f,ACC-1391,ACC-1370,563.21,2026-08-11 09:42:06.161838,False
TXN-efa1d45a,ACC-1773,ACC-1233,3575.96,2026-08-11 09:46:06.161838,False
TXN-87553fd1,ACC-1089,ACC-1345,3498.57,2026-08-11 09:50:06.161838,False
TXN-5b74d42d,ACC-1005,ACC-1686,560.18,2026-08-11 09:54:06.161838,False
TXN-3d65b6dd,ACC-1209,ACC-1501,104.19,2026-08-11 09:58:06.161838,False
TXN-c1c7c241,ACC-1338,ACC-1919,4271.2,2026-08-11 10:02:06.161838,False
TXN-8a27a8e2,ACC-1259,ACC-1973,2161.83,2026-08-11 10:06:06.161838,False
TXN-54559982,ACC-1322,ACC-1778,3741.87,2026-08-11 10:10:06.161838,False
TXN-cf75af98,ACC-1782,ACC-1600,2849.13,2026-08-11 10:14:06.161838,False
TXN-8e7a71c6,ACC-1308,ACC-1497,3760.81,2026-08-11 10:18:06.161838,False
TXN-1ac48ca9,ACC-1865,ACC-1250,829.9,2026-08-11 10:22:06.161838,False
TXN-90eaa9bb,ACC-1875,ACC-1625,4003.36,2026-08-11 10:26:06.161838,False
TXN-87df9a10,ACC-1905,ACC-1700,1385.19,2026-08-11 10:30:06.161838,False
TXN-afc940cd,ACC-1789,ACC-1251,1015.44,2026-08-11 10:34:06.161838,False
TXN-087ecaca,ACC-1586,ACC-1618,3668.48,2026-08-11 10:38:06.161838,False
TXN-6877a964,ACC-1042,ACC-1882,2096.39,2026-08-11 10:42:06.161838,False
TXN-7da70407,ACC-1064,ACC-1484,2801.05,2026-08-11 10:46:06.161838,False
TXN-4ad47c12,ACC-1630,ACC-1474,1892.4,2026-08-11 10:50:06.161838,False
TXN-ba3cce76,ACC-1750,ACC-1554,1937.44,2026-08-11 10:54:06.161838,False
TXN-a96533e5,ACC-1634,ACC-1539,3264.18,2026-08-11 10:58:06.161838,False
TXN-a13ec9b4,ACC-1155,ACC-1827,1790.69,2026-08-11 11:02:06.161838,False
TXN-029c3291,ACC-1407,ACC-1874,3949.15,2026-08-11 11:06:06.161838,False
TXN-81125dec,ACC-1737,ACC-1145,251.77,2026-08-11 11:10:06.161838,False
TXN-64d03b34,ACC-1335,ACC-1698,1661.25,2026-08-11 11:14:06.161838,False
TXN-e5623c58,ACC-1266,ACC-1750,3052.62,2026-08-11 11:18:06.161838,False
TXN-0847621b,ACC-1866,ACC-1000,3473.42,2026-08-11 11:22:06.161838,False
TXN-3f4b2fe9,ACC-1001,ACC-1986,599.13,2026-08-11 11:26:06.161838,False
TXN-9a408d0f,ACC-1967,ACC-1346,2234.34,2026-08-11 11:30:06.161838,False
TXN-68ac066e,ACC-1726,ACC-1608,4768.34,2026-08-11 11:34:06.161838,False
TXN-ccc5fc6a,ACC-1567,ACC-1587,1715.8,2026-08-11 11:38:06.161838,False
TXN-5a46ad4c,ACC-1264,ACC-1543,650.35,2026-08-11 11:42:06.161838,False
TXN-a65f4b31,ACC-1294,ACC-1889,4765.99,2026-08-11 11:46:06.161838,False
TXN-3dbf7f52,ACC-1087,ACC-1341,3693.0,2026-08-11 11:50:06.161838,False
TXN-68a1710e,ACC-1527,ACC-1321,3861.64,2026-08-11 11:54:06.161838,False
TXN-6726fd6d,ACC-1633,ACC-1992,576.31,2026-08-11 11:58:06.161838,False
TXN-f330e4c5,ACC-1626,ACC-1822,2567.51,2026-08-11 12:02:06.161838,False
TXN-506de7dc,ACC-1261,ACC-1367,1448.45,2026-08-11 12:06:06.161838,False
TXN-19e02aa0,ACC-1131,ACC-1617,1829.69,2026-08-11 12:10:06.161838,False
TXN-8defb12d,ACC-1008,ACC-1857,570.51,2026-08-11 12:14:06.161838,False
TXN-eec5c605,ACC-1211,ACC-1056,4091.7,2026-08-11 12:18:06.161838,False
TXN-12e6fb6e,ACC-1242,ACC-1519,4522.43,2026-08-11 12:22:06.161838,False
TXN-d6ba5f16,ACC-1582,ACC-1049,936.15,2026-08-11 12:26:06.161838,False
TXN-42daaf02,ACC-1208,ACC-1973,3505.43,2026-08-11 12:30:06.161838,False
TXN-8193957e,ACC-1724,ACC-1356,3646.51,2026-08-11 12:34:06.161838,False
TXN-862e7b60,ACC-1321,ACC-1653,1358.43,2026-08-11 12:38:06.161838,False
TXN-7c073955,ACC-1781,ACC-1839,1957.39,2026-08-11 12:42:06.161838,False
TXN-e07fda1e,ACC-1368,ACC-1235,1677.71,2026-08-11 12:46:06.161838,False
TXN-ce3a79a0,ACC-1749,ACC-1409,3173.25,2026-08-11 12:50:06.161838,False
TXN-59ae5ebf,ACC-1559,ACC-1883,4267.86,2026-08-11 12:54:06.161838,False
TXN-59cec6be,ACC-1903,ACC-1132,2628.14,2026-08-11 12:58:06.161838,False
TXN-c4bb94e1,ACC-1532,ACC-1648,3245.54,2026-08-11 13:02:06.161838,False
TXN-1c1b974f,ACC-1017,ACC-1022,4260.38,2026-08-11 13:06:06.161838,False
TXN-fd108453,ACC-1456,ACC-1460,4346.21,2026-08-11 13:10:06.161838,False
TXN-199ccb41,ACC-1128,ACC-1294,621.59,2026-08-11 13:14:06.161838,False
TXN-2b1f951f,ACC-1263,ACC-1149,4300.1,2026-08-11 13:18:06.161838,False
TXN-632d65f0,ACC-1795,ACC-1126,4621.23,2026-08-11 13:22:06.161838,False
TXN-f5359b92,ACC-1299,ACC-1812,3117.9,2026-08-11 13:26:06.161838,False
TXN-4e1baf75,ACC-1854,ACC-1641,2745.81,2026-08-11 13:30:06.161838,False
TXN-3dc68039,ACC-1008,ACC-1716,4753.16,2026-08-11 13:34:06.161838,False
TXN-dbd536a3,ACC-1831,ACC-1382,4003.14,2026-08-11 13:38:06.161838,False
TXN-264c2200,ACC-1805,ACC-1087,508.88,2026-08-11 13:42:06.161838,False
TXN-9c9b7b47,ACC-1991,ACC-1687,698.88,2026-08-11 13:46:06.161838,False
TXN-1397e737,ACC-1886,ACC-1573,1772.3,2026-08-11 13:50:06.161838,False
TXN-cec0fe14,ACC-1602,ACC-1890,1808.57,2026-08-11 13:54:06.161838,False
TXN-16240d0c,ACC-1848,ACC-1773,3625.41,2026-08-11 13:58:06.161838,False
TXN-98d36d4b,ACC-1528,ACC-1339,2590.27,2026-08-11 14:02:06.161838,False
TXN-b072284e,ACC-1765,ACC-1823,2607.26,2026-08-11 14:06:06.161838,False
TXN-14f83795,ACC-1690,ACC-1043,366.9,2026-08-11 14:10:06.161838,False
TXN-ef5c94c1,ACC-1569,ACC-1844,4695.44,2026-08-11 14:14:06.161838,False
TXN-51f5b83d,ACC-1568,ACC-1961,1475.28,2026-08-11 14:18:06.161838,False
TXN-30b90e82,ACC-1737,ACC-1314,801.6,2026-08-11 14:22:06.161838,False
TXN-4f806ee9,ACC-1888,ACC-1543,2104.11,2026-08-11 14:26:06.161838,False
TXN-460afc57,ACC-1446,ACC-1323,2488.07,2026-08-11 14:30:06.161838,False
TXN-4429822b,ACC-1412,ACC-1296,3694.87,2026-08-11 14:34:06.161838,False
TXN-40312d32,ACC-1277,ACC-1208,4358.67,2026-08-11 14:38:06.161838,False
TXN-f94bdb5c,ACC-1335,ACC-1435,1586.41,2026-08-11 14:42:06.161838,False
TXN-46257d41,ACC-1845,ACC-1132,4194.84,2026-08-11 14:46:06.161838,False
TXN-0068231f,ACC-1167,ACC-1980,330.21,2026-08-11 14:50:06.161838,False
TXN-f251c7b8,ACC-1865,ACC-1439,101.7,2026-08-11 14:54:06.161838,False
TXN-fad4ee2a,ACC-1917,ACC-1829,2083.2,2026-08-11 14:58:06.161838,False
TXN-c9636851,ACC-1433,ACC-1145,764.46,2026-08-11 15:02:06.161838,False
TXN-62bb51df,ACC-1338,ACC-1926,3956.09,2026-08-11 15:06:06.161838,False
TXN-9b74c2b6,ACC-1110,ACC-1903,790.34,2026-08-11 15:10:06.161838,False
TXN-4bd0fb41,ACC-1775,ACC-1557,1326.22,2026-08-11 15:14:06.161838,False
TXN-8224e16b,ACC-1314,ACC-1312,1336.88,2026-08-11 15:18:06.161838,False
TXN-6717de27,ACC-1920,ACC-1300,233.34,2026-08-11 15:22:06.161838,False
TXN-11b86738,ACC-1556,ACC-1692,4626.65,2026-08-11 15:26:06.161838,False
TXN-edc2e963,ACC-1070,ACC-1679,1706.6,2026-08-11 15:30:06.161838,False
TXN-9c88eb5e,ACC-1069,ACC-1782,1026.57,2026-08-11 15:34:06.161838,False
TXN-70f01978,ACC-1621,ACC-1956,1058.87,2026-08-11 15:38:06.161838,False
TXN-5001bca3,ACC-1196,ACC-1657,132.89,2026-08-11 15:42:06.161838,False
TXN-dc45f4ce,ACC-1715,ACC-1200,1097.88,2026-08-11 15:46:06.161838,False
TXN-b7ba2f70,ACC-1805,ACC-1904,4654.09,2026-08-11 15:50:06.161838,False
TXN-f5df658f,ACC-1651,ACC-1407,3714.92,2026-08-11 15:54:06.161838,False
TXN-592f6647,ACC-1853,ACC-1614,2411.97,2026-08-11 15:58:06.161838,False
TXN-fe34ad82,ACC-1083,ACC-1601,152636.78,2026-08-11 16:02:06.161838,True
TXN-0d7355d2,ACC-1477,ACC-1562,4723.91,2026-08-11 16:06:06.161838,False
TXN-1b08dd86,ACC-1384,ACC-1904,2966.96,2026-08-11 16:10:06.161838,False
TXN-dffa3d00,ACC-1326,ACC-1674,2223.46,2026-08-11 16:14:06.161838,False
TXN-63c28d46,ACC-1734,ACC-1675,3534.01,2026-08-11 16:18:06.161838,False
TXN-a4b9c0cc,ACC-1909,ACC-1860,4516.88,2026-08-11 16:22:06.161838,False
TXN-b535e4b1,ACC-1295,ACC-1698,1632.82,2026-08-11 16:26:06.161838,False
TXN-d4f17401,ACC-1708,ACC-1935,3760.07,2026-08-11 16:30:06.161838,False
TXN-dfc4e033,ACC-1636,ACC-1624,3907.61,2026-08-11 16:34:06.161838,False
TXN-f377e966,ACC-1428,ACC-1571,841.38,2026-08-11 16:38:06.161838,False
TXN-18eb888e,ACC-1013,ACC-1086,2617.41,2026-08-11 16:42:06.161838,False
TXN-46ed4208,ACC-1638,ACC-1222,2102.98,2026-08-11 16:46:06.161838,False
TXN-c48e10b4,ACC-1533,ACC-1523,2382.82,2026-08-11 16:50:06.161838,False
TXN-caa8030c,ACC-1436,ACC-1649,4152.98,2026-08-11 16:54:06.161838,False
TXN-24d0721b,ACC-1093,ACC-1328,1825.18,2026-08-11 16:58:06.161838,False
TXN-4965d41b,ACC-1902,ACC-1592,4214.55,2026-08-11 17:02:06.161838,False
TXN-92724660,ACC-1002,ACC-1739,2851.87,2026-08-11 17:06:06.161838,False
TXN-5ad47409,ACC-1380,ACC-1361,219.71,2026-08-11 17:10:06.161838,False
TXN-344ba46a,ACC-1865,ACC-1004,1742.26,2026-08-11 17:14:06.161838,False
TXN-03ca6795,ACC-1650,ACC-1992,2118.04,2026-08-11 17:18:06.161838,False
TXN-876f59d1,ACC-1914,ACC-1890,3946.85,2026-08-11 17:22:06.161838,False
TXN-7f1473cb,ACC-1312,ACC-1896,3485.19,2026-08-11 17:26:06.161838,False
TXN-258a0173,ACC-1437,ACC-1536,3658.18,2026-08-11 17:30:06.161838,False
TXN-9bcac5e6,ACC-1266,ACC-1006,1867.37,2026-08-11 17:34:06.161838,False
TXN-5f87ebdb,ACC-1476,ACC-1874,1460.45,2026-08-11 17:38:06.161838,False
TXN-c416dcc3,ACC-1918,ACC-1658,3701.79,2026-08-11 17:42:06.161838,False
TXN-8bc78efb,ACC-1485,ACC-1280,3154.63,2026-08-11 17:46:06.161838,False
TXN-21fa3fbc,ACC-1058,ACC-1863,416.39,2026-08-11 17:50:06.161838,False
TXN-bc43c2d7,ACC-1602,ACC-1425,4143.74,2026-08-11 17:54:06.161838,False
TXN-f369734d,ACC-1918,ACC-1061,1041.26,2026-08-11 17:58:06.161838,False
TXN-39a74fd1,ACC-1796,ACC-1226,4469.2,2026-08-11 18:02:06.161838,False
TXN-01ff286f,ACC-1161,ACC-1882,2497.79,2026-08-11 18:06:06.161838,False
TXN-a03e4da4,ACC-1512,ACC-1238,1464.2,2026-08-11 18:10:06.161838,False
TXN-8710721f,ACC-1619,ACC-1699,3801.05,2026-08-11 18:14:06.161838,False
TXN-d0b004d5,ACC-1711,ACC-1253,1093.98,2026-08-11 18:18:06.161838,False
TXN-577d3f76,ACC-1710,ACC-1064,4145.9,2026-08-11 18:22:06.161838,False
TXN-3036ad4e,ACC-1302,ACC-1156,4521.96,2026-08-11 18:26:06.161838,False
TXN-7443013e,ACC-1747,ACC-1045,852.24,2026-08-11 18:30:06.161838,False
TXN-4252d507,ACC-1168,ACC-1794,1150.65,2026-08-11 18:34:06.161838,False
TXN-c4987883,ACC-1361,ACC-1241,4177.53,2026-08-11 18:38:06.161838,False
TXN-7d00b08a,ACC-1683,ACC-1213,3132.76,2026-08-11 18:42:06.161838,False
TXN-0a33965c,ACC-1727,ACC-1154,586.14,2026-08-11 18:46:06.161838,False
TXN-51fc3203,ACC-1612,ACC-1820,243.18,2026-08-11 18:50:06.161838,False
TXN-f992c747,ACC-1453,ACC-1700,2271.91,2026-08-11 18:54:06.161838,False
TXN-ceb0165d,ACC-1673,ACC-1209,463.7,2026-08-11 18:58:06.161838,False
TXN-5457c76a,ACC-1759,ACC-1730,1455.52,2026-08-11 19:02:06.161838,False
TXN-d4048b7c,ACC-1663,ACC-1955,2336.78,2026-08-11 19:06:06.161838,False
TXN-acc8d079,ACC-1519,ACC-1089,2338.51,2026-08-11 19:10:06.161838,False
TXN-dfe74e81,ACC-1478,ACC-1928,415.22,2026-08-11 19:14:06.161838,False
TXN-4317dda5,ACC-1219,ACC-1201,2396.55,2026-08-11 19:18:06.161838,False
TXN-81c1bca6,ACC-1887,ACC-1768,3798.82,2026-08-11 19:22:06.161838,False
TXN-b124fb59,ACC-1823,ACC-1995,442.66,2026-08-11 19:26:06.161838,False
TXN-d0f49d8b,ACC-1819,ACC-1867,1749.31,2026-08-11 19:30:06.161838,False
TXN-956b500b,ACC-1578,ACC-1779,870.66,2026-08-11 19:34:06.161838,False
TXN-bdf95df2,ACC-1732,ACC-1653,1408.82,2026-08-11 19:38:06.161838,False
TXN-3fd46e4e,ACC-1184,ACC-1665,3086.83,2026-08-11 19:42:06.161838,False
TXN-1a835193,ACC-1532,ACC-1169,4682.87,2026-08-11 19:46:06.161838,False
TXN-7a009587,ACC-1833,ACC-1157,577.09,2026-08-11 19:50:06.161838,False
TXN-ef66ad36,ACC-1582,ACC-1853,487.37,2026-08-11 19:54:06.161838,False
TXN-c6b08164,ACC-1770,ACC-1151,3219.16,2026-08-11 19:58:06.161838,False
TXN-5e4363c4,ACC-1114,ACC-1368,1727.16,2026-08-11 20:02:06.161838,False
TXN-e6f2c536,ACC-1877,ACC-1896,4872.22,2026-08-11 20:06:06.161838,False
TXN-6d188110,ACC-1983,ACC-1533,1593.2,2026-08-11 20:10:06.161838,False
TXN-8e0986a9,ACC-1789,ACC-1516,3709.12,2026-08-11 20:14:06.161838,False
TXN-2f11560b,ACC-1123,ACC-1993,3792.23,2026-08-11 20:18:06.161838,False
TXN-e290d8fb,ACC-1394,ACC-1909,3893.31,2026-08-11 20:22:06.161838,False
TXN-1352eab9,ACC-1844,ACC-1851,1904.08,2026-08-11 20:26:06.161838,False
TXN-30f335f1,ACC-1088,ACC-1944,3672.52,2026-08-11 20:30:06.161838,False
TXN-d5b5c2af,ACC-1466,ACC-1580,1044.03,2026-08-11 20:34:06.161838,False
TXN-f4ed57ec,ACC-1968,ACC-1179,181.68,2026-08-11 20:38:06.161838,False
TXN-4e8e098e,ACC-1056,ACC-1734,4166.58,2026-08-11 20:42:06.161838,False
TXN-bb9b1a74,ACC-1127,ACC-1117,2250.11,2026-08-11 20:46:06.161838,False
TXN-eea9ac7d,ACC-1147,ACC-1425,3101.65,2026-08-11 20:50:06.161838,False
TXN-7cbeb394,ACC-1597,ACC-1066,3063.51,2026-08-11 20:54:06.161838,False
TXN-ec559867,ACC-1595,ACC-1290,4284.06,2026-08-11 20:58:06.161838,False
TXN-29d92752,ACC-1345,ACC-1086,66321.84,2026-08-11 21:02:06.161838,True
TXN-02f2d6ba,ACC-1219,ACC-1998,1433.44,2026-08-11 21:06:06.161838,False
TXN-09e55e00,ACC-1841,ACC-1547,341.11,2026-08-11 21:10:06.161838,False
TXN-43951374,ACC-1104,ACC-1193,1152.48,2026-08-11 21:14:06.161838,False
TXN-0bcffac3,ACC-1891,ACC-1301,1190.68,2026-08-11 21:18:06.161838,False
TXN-20d20fc1,ACC-1303,ACC-1339,4818.52,2026-08-11 21:22:06.161838,False
TXN-7c4bf229,ACC-1261,ACC-1812,3289.29,2026-08-11 21:26:06.161838,False
TXN-1084f1fa,ACC-1581,ACC-1258,4211.31,2026-08-11 21:30:06.161838,False
TXN-c59f2707,ACC-1348,ACC-1441,2254.54,2026-08-11 21:34:06.161838,False
TXN-05efa4fe,ACC-1923,ACC-1947,3125.17,2026-08-11 21:38:06.161838,False
TXN-e4fe5e35,ACC-1593,ACC-1510,812.3,2026-08-11 21:42:06.161838,False
TXN-f008060c,ACC-1255,ACC-1127,1368.61,2026-08-11 21:46:06.161838,False
TXN-eabb67a4,ACC-1041,ACC-1329,1878.15,2026-08-11 21:50:06.161838,False
TXN-d5c4b5e6,ACC-1631,ACC-1824,1019.76,2026-08-11 21:54:06.161838,False
TXN-59848b67,ACC-1007,ACC-1754,4907.95,2026-08-11 21:58:06.161838,False
TXN-26454fa1,ACC-1860,ACC-1786,886.6,2026-08-11 22:02:06.161838,False
TXN-579afade,ACC-1339,ACC-1824,2972.2,2026-08-11 22:06:06.161838,False
TXN-e61620bc,ACC-1992,ACC-1914,201.24,2026-08-11 22:10:06.161838,False
TXN-e9565a64,ACC-1437,ACC-1098,4183.38,2026-08-11 22:14:06.161838,False
TXN-568c6143,ACC-1238,ACC-1153,3437.88,2026-08-11 22:18:06.161838,False
TXN-b9191fb3,ACC-1941,ACC-1632,623.25,2026-08-11 22:22:06.161838,False
TXN-0e3751b9,ACC-1193,ACC-1220,3396.26,2026-08-11 22:26:06.161838,False
TXN-c51f66a2,ACC-1801,ACC-1829,3757.72,2026-08-11 22:30:06.161838,False
TXN-42f9a841,ACC-1875,ACC-1752,984.8,2026-08-11 22:34:06.161838,False
TXN-f4d5a931,ACC-1349,ACC-1553,2936.04,2026-08-11 22:38:06.161838,False
TXN-ab954269,ACC-1667,ACC-1378,86337.92,2026-08-11 22:42:06.161838,True
TXN-5aa25633,ACC-1567,ACC-1612,3239.21,2026-08-11 22:46:06.161838,False
TXN-025c8998,ACC-1803,ACC-1757,3151.28,2026-08-11 22:50:06.161838,False
TXN-e1c2dd95,ACC-1437,ACC-1862,2402.52,2026-08-11 22:54:06.161838,False
TXN-e13b5043,ACC-1173,ACC-1989,3128.54,2026-08-11 22:58:06.161838,False
TXN-09567cf8,ACC-1572,ACC-1901,430.59,2026-08-11 23:02:06.161838,False
TXN-634a5e79,ACC-1750,ACC-1564,3980.74,2026-08-11 23:06:06.161838,False
TXN-2b1265f3,ACC-1048,ACC-1139,3268.99,2026-08-11 23:10:06.161838,False
TXN-e5c56396,ACC-1817,ACC-1244,3889.79,2026-08-11 23:14:06.161838,False
TXN-54a8b76f,ACC-1207,ACC-1772,4466.63,2026-08-11 23:18:06.161838,False
TXN-05d18c94,ACC-1500,ACC-1685,2098.84,2026-08-11 23:22:06.161838,False
TXN-06bddd03,ACC-1171,ACC-1410,4653.92,2026-08-11 23:26:06.161838,False
TXN-aee9b778,ACC-1454,ACC-1465,3444.61,2026-08-11 23:30:06.161838,False
TXN-157438cc,ACC-1226,ACC-1551,404.5,2026-08-11 23:34:06.161838,False
TXN-6bf6affe,ACC-1309,ACC-1920,185.67,2026-08-11 23:38:06.161838,False
TXN-8c3267dd,ACC-1591,ACC-1064,534.66,2026-08-11 23:42:06.161838,False
TXN-155c89cb,ACC-1829,ACC-1232,3830.35,2026-08-11 23:46:06.161838,False
TXN-74d9bf8c,ACC-1152,ACC-1701,3629.38,2026-08-11 23:50:06.161838,False
TXN-4f4e164f,ACC-1353,ACC-1663,3916.8,2026-08-11 23:54:06.161838,False
TXN-f26fb8bf,ACC-1692,ACC-1526,4746.44,2026-08-11 23:58:06.161838,False
TXN-65295076,ACC-1286,ACC-1068,2983.91,2026-08-12 00:02:06.161838,False
TXN-1a41fee1,ACC-1345,ACC-1198,4380.16,2026-08-12 00:06:06.161838,False
TXN-bcc3c0a1,ACC-1285,ACC-1922,4400.01,2026-08-12 00:10:06.161838,False
TXN-5cd5a31c,ACC-1507,ACC-1784,55580.06,2026-08-12 00:14:06.161838,True
TXN-2ce28c65,ACC-1733,ACC-1681,598.67,2026-08-12 00:18:06.161838,False
TXN-5b485f9a,ACC-1435,ACC-1453,411.43,2026-08-12 00:22:06.161838,False
TXN-aa1a8bc2,ACC-1055,ACC-1479,2245.19,2026-08-12 00:26:06.161838,False
TXN-3c9805b5,ACC-1247,ACC-1093,1417.82,2026-08-12 00:30:06.161838,False
TXN-f522da24,ACC-1765,ACC-1657,1297.46,2026-08-12 00:34:06.161838,False
TXN-d757d66e,ACC-1949,ACC-1336,4650.89,2026-08-12 00:38:06.161838,False
TXN-9e06b20b,ACC-1114,ACC-1942,1609.32,2026-08-12 00:42:06.161838,False
TXN-3add266d,ACC-1422,ACC-1488,475.37,2026-08-12 00:46:06.161838,False
TXN-7f2f64cb,ACC-1432,ACC-1905,2873.05,2026-08-12 00:50:06.161838,False
TXN-a1ddda29,ACC-1894,ACC-1054,980.1,2026-08-12 00:54:06.161838,False
TXN-c80b6f2e,ACC-1965,ACC-1605,3696.27,2026-08-12 00:58:06.161838,False
TXN-5443977e,ACC-1158,ACC-1177,137.5,2026-08-12 01:02:06.161838,False
TXN-b38976f0,ACC-1724,ACC-1454,1404.97,2026-08-12 01:06:06.161838,False
TXN-ed9c3f88,ACC-1503,ACC-1515,934.4,2026-08-12 01:10:06.161838,False
TXN-c2e68b1b,ACC-1375,ACC-1108,4575.4,2026-08-12 01:14:06.161838,False
TXN-cefc0d19,ACC-1651,ACC-1955,1636.19,2026-08-12 01:18:06.161838,False
TXN-81868b32,ACC-1383,ACC-1933,4036.63,2026-08-12 01:22:06.161838,False
TXN-405a2bc6,ACC-1647,ACC-1933,3235.57,2026-08-12 01:26:06.161838,False
TXN-3243cc23,ACC-1100,ACC-1548,286.52,2026-08-12 01:30:06.161838,False
TXN-1e3b957c,ACC-1411,ACC-1050,3287.39,2026-08-12 01:34:06.161838,False
TXN-08f88457,ACC-1399,ACC-1265,4808.25,2026-08-12 01:38:06.161838,False
TXN-8877e3d5,ACC-1583,ACC-1180,1830.56,2026-08-12 01:42:06.161838,False
TXN-9e3f664b,ACC-1121,ACC-1411,1767.41,2026-08-12 01:46:06.161838,False
TXN-4f943d32,ACC-1734,ACC-1405,1552.56,2026-08-12 01:50:06.161838,False
TXN-4f6d2381,ACC-1962,ACC-1111,1048.97,2026-08-12 01:54:06.161838,False
TXN-534f22fc,ACC-1180,ACC-1465,4839.56,2026-08-12 01:58:06.161838,False
TXN-16d10c66,ACC-1823,ACC-1547,4026.43,2026-08-12 02:02:06.161838,False
TXN-1cade73d,ACC-1598,ACC-1629,4981.15,2026-08-12 02:06:06.161838,False
TXN-93a2a2b4,ACC-1665,ACC-1124,4721.85,2026-08-12 02:10:06.161838,False
TXN-9434e949,ACC-1436,ACC-1441,2894.16,2026-08-12 02:14:06.161838,False
TXN-6a70f7b8,ACC-1914,ACC-1318,427.79,2026-08-12 02:18:06.161838,False
TXN-4b9b8a8c,ACC-1050,ACC-1317,1485.4,2026-08-12 02:22:06.161838,False
TXN-04b4e4fc,ACC-1667,ACC-1217,109440.59,2026-08-12 02:26:06.161838,True
TXN-e4c3d2e1,ACC-1840,ACC-1115,2938.2,2026-08-12 02:30:06.161838,False
TXN-a933f1a7,ACC-1769,ACC-1476,3507.7,2026-08-12 02:34:06.161838,False
TXN-6cd4ea56,ACC-1273,ACC-1396,4545.26,2026-08-12 02:38:06.161838,False
TXN-89546932,ACC-1510,ACC-1422,4566.97,2026-08-12 02:42:06.161838,False
TXN-e5001d20,ACC-1087,ACC-1448,2081.53,2026-08-12 02:46:06.161838,False
TXN-a0cf7076,ACC-1550,ACC-1905,1443.62,2026-08-12 02:50:06.161838,False
TXN-9bfe1b02,ACC-1628,ACC-1878,4369.28,2026-08-12 02:54:06.161838,False
TXN-51812761,ACC-1343,ACC-1982,196.46,2026-08-12 02:58:06.161838,False
TXN-c11b82cd,ACC-1318,ACC-1805,4602.95,2026-08-12 03:02:06.161838,False
TXN-6979fa73,ACC-1643,ACC-1927,4296.27,2026-08-12 03:06:06.161838,False
TXN-ab0d03c9,ACC-1924,ACC-1768,1247.28,2026-08-12 03:10:06.161838,False
TXN-cc2abaa8,ACC-1139,ACC-1130,3401.12,2026-08-12 03:14:06.161838,False
TXN-8a881731,ACC-1147,ACC-1192,3993.98,2026-08-12 03:18:06.161838,False
TXN-24ea6108,ACC-1048,ACC-1115,4336.87,2026-08-12 03:22:06.161838,False
TXN-557f4ad9,ACC-1475,ACC-1315,1354.77,2026-08-12 03:26:06.161838,False
TXN-b244c78e,ACC-1211,ACC-1001,4857.42,2026-08-12 03:30:06.161838,False
TXN-26f9536a,ACC-1610,ACC-1167,4975.79,2026-08-12 03:34:06.161838,False
TXN-1680362d,ACC-1303,ACC-1648,4827.94,2026-08-12 03:38:06.161838,False
TXN-d54ea2d1,ACC-1215,ACC-1009,4319.14,2026-08-12 03:42:06.161838,False
TXN-5ad0e224,ACC-1211,ACC-1634,1879.56,2026-08-12 03:46:06.161838,False
TXN-e7a00b30,ACC-1798,ACC-1469,461.03,2026-08-12 03:50:06.161838,False
TXN-3d000dca,ACC-1683,ACC-1086,4009.95,2026-08-12 03:54:06.161838,False
TXN-ec851849,ACC-1929,ACC-1930,1708.6,2026-08-12 03:58:06.161838,False
TXN-aa9c28b9,ACC-1443,ACC-1476,572.32,2026-08-12 04:02:06.161838,False
TXN-bf29c066,ACC-1678,ACC-1166,3280.18,2026-08-12 04:06:06.161838,False
TXN-eaae3b66,ACC-1978,ACC-1236,3010.32,2026-08-12 04:10:06.161838,False
TXN-7599ea39,ACC-1216,ACC-1488,4777.1,2026-08-12 04:14:06.161838,False
TXN-b68194d3,ACC-1168,ACC-1855,4754.59,2026-08-12 04:18:06.161838,False
TXN-76a8c92f,ACC-1642,ACC-1273,122224.49,2026-08-12 04:22:06.161838,True
TXN-2337ad44,ACC-1883,ACC-1511,4189.89,2026-08-12 04:26:06.161838,False
TXN-75bb18dc,ACC-1603,ACC-1265,1715.65,2026-08-12 04:30:06.161838,False
TXN-cae070d7,ACC-1721,ACC-1536,3789.44,2026-08-12 04:34:06.161838,False
TXN-af6b2ddb,ACC-1716,ACC-1249,110.76,2026-08-12 04:38:06.161838,False
TXN-6cc73c7c,ACC-1542,ACC-1055,3219.03,2026-08-12 04:42:06.161838,False
TXN-ba9c6dc3,ACC-1599,ACC-1227,4428.99,2026-08-12 04:46:06.161838,False
TXN-1d536fe5,ACC-1214,ACC-1173,2468.42,2026-08-12 04:50:06.161838,False
TXN-0ef89e62,ACC-1916,ACC-1816,2615.85,2026-08-12 04:54:06.161838,False
TXN-409c41c1,ACC-1629,ACC-1491,2491.87,2026-08-12 04:58:06.161838,False
TXN-819074c4,ACC-1894,ACC-1146,916.12,2026-08-12 05:02:06.161838,False
TXN-be74f0b8,ACC-1747,ACC-1639,4532.97,2026-08-12 05:06:06.161838,False
TXN-f4fea004,ACC-1828,ACC-1507,4596.79,2026-08-12 05:10:06.161838,False
TXN-aa237ffe,ACC-1856,ACC-1802,2206.99,2026-08-12 05:14:06.161838,False
TXN-1e42b734,ACC-1040,ACC-1817,408.85,2026-08-12 05:18:06.161838,False
TXN-8162e568,ACC-1848,ACC-1790,3689.84,2026-08-12 05:22:06.161838,False
TXN-c76baa56,ACC-1486,ACC-1877,1181.54,2026-08-12 05:26:06.161838,False
TXN-7b51a619,ACC-1811,ACC-1395,678.13,2026-08-12 05:30:06.161838,False
TXN-e729dad0,ACC-1909,ACC-1404,2348.17,2026-08-12 05:34:06.161838,False
TXN-b6b13381,ACC-1096,ACC-1816,4968.18,2026-08-12 05:38:06.161838,False
TXN-17b661a1,ACC-1487,ACC-1127,3116.35,2026-08-12 05:42:06.161838,False
TXN-256118a1,ACC-1722,ACC-1546,2160.36,2026-08-12 05:46:06.161838,False
TXN-84973152,ACC-1207,ACC-1633,2627.5,2026-08-12 05:50:06.161838,False
TXN-97ba2086,ACC-1877,ACC-1707,2377.52,2026-08-12 05:54:06.161838,False
TXN-eec361d8,ACC-1229,ACC-1763,2661.13,2026-08-12 05:58:06.161838,False
TXN-7e3e70eb,ACC-1081,ACC-1112,431.19,2026-08-12 06:02:06.161838,False
TXN-d4181b7e,ACC-1881,ACC-1874,2404.94,2026-08-12 06:06:06.161838,False
TXN-82ab9664,ACC-1264,ACC-1371,2958.08,2026-08-12 06:10:06.161838,False
TXN-bd3f038b,ACC-1792,ACC-1866,1713.88,2026-08-12 06:14:06.161838,False
TXN-5e9ca9c8,ACC-1940,ACC-1335,3871.27,2026-08-12 06:18:06.161838,False
TXN-d84135ad,ACC-1604,ACC-1277,2210.05,2026-08-12 06:22:06.161838,False
TXN-0726e24d,ACC-1963,ACC-1616,1433.19,2026-08-12 06:26:06.161838,False
TXN-fb58bcc5,ACC-1730,ACC-1907,3327.23,2026-08-12 06:30:06.161838,False
TXN-06601fa1,ACC-1448,ACC-1439,2852.03,2026-08-12 06:34:06.161838,False
TXN-31e29a97,ACC-1945,ACC-1248,3717.4,2026-08-12 06:38:06.161838,False
TXN-d1cb34fa,ACC-1550,ACC-1214,2855.93,2026-08-12 06:42:06.161838,False
TXN-2c5b7ada,ACC-1792,ACC-1570,357.91,2026-08-12 06:46:06.161838,False
TXN-01981ca9,ACC-1565,ACC-1440,533.4,2026-08-12 06:50:06.161838,False
TXN-249482f8,ACC-1147,ACC-1323,3067.29,2026-08-12 06:54:06.161838,False
TXN-f3d3c7a1,ACC-1617,ACC-1730,3513.8,2026-08-12 06:58:06.161838,False
TXN-18ea4ecb,ACC-1163,ACC-1168,3834.28,2026-08-12 07:02:06.161838,False
TXN-812bf4df,ACC-1087,ACC-1149,2612.65,2026-08-12 07:06:06.161838,False
TXN-faa5f4e2,ACC-1645,ACC-1111,2813.53,2026-08-12 07:10:06.161838,False
TXN-88f813b6,ACC-1509,ACC-1455,3327.57,2026-08-12 07:14:06.161838,False
TXN-302921c4,ACC-1082,ACC-1870,4927.04,2026-08-12 07:18:06.161838,False
TXN-308b846d,ACC-1694,ACC-1711,1987.99,2026-08-12 07:22:06.161838,False
TXN-7bad99c5,ACC-1661,ACC-1295,1604.06,2026-08-12 07:26:06.161838,False
TXN-8eedd96e,ACC-1810,ACC-1995,3297.6,2026-08-12 07:30:06.161838,False
TXN-550ae2f1,ACC-1257,ACC-1667,4299.99,2026-08-12 07:34:06.161838,False
TXN-7c250138,ACC-1959,ACC-1235,4948.18,2026-08-12 07:38:06.161838,False
TXN-228aef6f,ACC-1465,ACC-1165,1528.72,2026-08-12 07:42:06.161838,False
TXN-2ea16d9f,ACC-1293,ACC-1914,4052.64,2026-08-12 07:46:06.161838,False
TXN-7bb4590b,ACC-1373,ACC-1119,3468.74,2026-08-12 07:50:06.161838,False
TXN-6c78a6b6,ACC-1185,ACC-1592,910.15,2026-08-12 07:54:06.161838,False
TXN-36d9c71f,ACC-1548,ACC-1403,2522.94,2026-08-12 07:58:06.161838,False
TXN-7daf6a10,ACC-1776,ACC-1073,2573.21,2026-08-12 08:02:06.161838,False
TXN-2fa867d0,ACC-1633,ACC-1892,3009.28,2026-08-12 08:06:06.161838,False
TXN-1da73d49,ACC-1871,ACC-1302,4068.53,2026-08-12 08:10:06.161838,False
TXN-f5784259,ACC-1689,ACC-1926,4492.53,2026-08-12 08:14:06.161838,False
TXN-34288a8d,ACC-1811,ACC-1639,4525.15,2026-08-12 08:18:06.161838,False
TXN-7d5f763d,ACC-1566,ACC-1090,1661.7,2026-08-12 08:22:06.161838,False
TXN-369b3fdc,ACC-1029,ACC-1667,614.11,2026-08-12 08:26:06.161838,False
TXN-3cf32828,ACC-1867,ACC-1116,2205.75,2026-08-12 08:30:06.161838,False
TXN-49ae3040,ACC-1291,ACC-1150,2967.93,2026-08-12 08:34:06.161838,False
TXN-0e3b67b0,ACC-1139,ACC-1782,3571.56,2026-08-12 08:38:06.161838,False
TXN-34d696cd,ACC-1510,ACC-1429,3188.79,2026-08-12 08:42:06.161838,False
TXN-f45484bd,ACC-1494,ACC-1634,747.92,2026-08-12 08:46:06.161838,False
TXN-9f9b6ba9,ACC-1273,ACC-1184,1148.48,2026-08-12 08:50:06.161838,False
TXN-d4a22aad,ACC-1355,ACC-1865,4224.48,2026-08-12 08:54:06.161838,False
TXN-2b8fd9e6,ACC-1297,ACC-1581,3676.34,2026-08-12 08:58:06.161838,False
TXN-bc3e5054,ACC-1338,ACC-1996,496.3,2026-08-12 09:02:06.161838,False
TXN-32aa42a8,ACC-1303,ACC-1850,1980.22,2026-08-12 09:06:06.161838,False
TXN-14d6ba01,ACC-1617,ACC-1663,4410.39,2026-08-12 09:10:06.161838,False
TXN-1828e686,ACC-1475,ACC-1583,3482.21,2026-08-12 09:14:06.161838,False
TXN-0d076e94,ACC-1716,ACC-1902,166.59,2026-08-12 09:18:06.161838,False
TXN-a92d4e9d,ACC-1215,ACC-1366,659.29,2026-08-12 09:22:06.161838,False
TXN-f2849dc5,ACC-1432,ACC-1773,114791.36,2026-08-12 09:26:06.161838,True
TXN-c6e61013,ACC-1419,ACC-1868,1061.11,2026-08-12 09:30:06.161838,False
TXN-b7a5d727,ACC-1864,ACC-1832,312.43,2026-08-12 09:34:06.161838,False
TXN-37a72ffe,ACC-1681,ACC-1658,1973.1,2026-08-12 09:38:06.161838,False
TXN-d3521f70,ACC-1546,ACC-1224,1588.59,2026-08-12 09:42:06.161838,False
TXN-e3a613ef,ACC-1908,ACC-1798,857.74,2026-08-12 09:46:06.161838,False
TXN-c3db6de5,ACC-1674,ACC-1836,2778.35,2026-08-12 09:50:06.161838,False
TXN-624e920a,ACC-1248,ACC-1549,3280.92,2026-08-12 09:54:06.161838,False
TXN-e646c111,ACC-1391,ACC-1649,2278.47,2026-08-12 09:58:06.161838,False
TXN-273f4e70,ACC-1365,ACC-1931,4881.06,2026-08-12 10:02:06.161838,False
TXN-e8b314a7,ACC-1973,ACC-1835,4722.44,2026-08-12 10:06:06.161838,False
TXN-f6d421db,ACC-1296,ACC-1554,3027.44,2026-08-12 10:10:06.161838,False
TXN-6bdaf582,ACC-1341,ACC-1231,1545.42,2026-08-12 10:14:06.161838,False
TXN-98f28bc2,ACC-1058,ACC-1138,1635.98,2026-08-12 10:18:06.161838,False
TXN-24fc635d,ACC-1854,ACC-1378,4967.3,2026-08-12 10:22:06.161838,False
TXN-d15ee689,ACC-1000,ACC-1964,173177.18,2026-08-12 10:26:06.161838,True
TXN-44494ccd,ACC-1492,ACC-1035,133.47,2026-08-12 10:30:06.161838,False
TXN-e2dc600b,ACC-1803,ACC-1907,4802.27,2026-08-12 10:34:06.161838,False
TXN-763c065d,ACC-1923,ACC-1988,4567.88,2026-08-12 10:38:06.161838,False
TXN-fa3f0e26,ACC-1972,ACC-1143,3732.27,2026-08-12 10:42:06.161838,False
TXN-108c6efa,ACC-1042,ACC-1615,990.62,2026-08-12 10:46:06.161838,False
TXN-26919d13,ACC-1756,ACC-1134,4660.79,2026-08-12 10:50:06.161838,False
TXN-44693084,ACC-1209,ACC-1597,644.77,2026-08-12 10:54:06.161838,False
TXN-8d8a4aa5,ACC-1733,ACC-1687,4080.98,2026-08-12 10:58:06.161838,False
TXN-b7503760,ACC-1209,ACC-1686,4359.98,2026-08-12 11:02:06.161838,False
TXN-5828a86c,ACC-1678,ACC-1990,3670.55,2026-08-12 11:06:06.161838,False
TXN-cbd24cd4,ACC-1661,ACC-1270,2820.57,2026-08-12 11:10:06.161838,False
TXN-98dc5be5,ACC-1907,ACC-1313,4882.41,2026-08-12 11:14:06.161838,False
TXN-bc7927f9,ACC-1798,ACC-1989,4448.61,2026-08-12 11:18:06.161838,False
TXN-4b9e02fa,ACC-1460,ACC-1477,795.24,2026-08-12 11:22:06.161838,False
TXN-8e09a024,ACC-1655,ACC-1394,137622.91,2026-08-12 11:26:06.161838,True
TXN-a1e5258d,ACC-1157,ACC-1647,1015.71,2026-08-12 11:30:06.161838,False
TXN-cb04d493,ACC-1610,ACC-1977,1382.44,2026-08-12 11:34:06.161838,False
TXN-70fe71dd,ACC-1812,ACC-1038,912.0,2026-08-12 11:38:06.161838,False
TXN-a7c33d8b,ACC-1368,ACC-1089,2697.69,2026-08-12 11:42:06.161838,False
TXN-e9c7385e,ACC-1772,ACC-1470,3256.92,2026-08-12 11:46:06.161838,False
TXN-6c7e95ce,ACC-1565,ACC-1849,1626.38,2026-08-12 11:50:06.161838,False
TXN-a4c31627,ACC-1821,ACC-1909,4556.73,2026-08-12 11:54:06.161838,False
TXN-6f9ef903,ACC-1306,ACC-1809,4241.01,2026-08-12 11:58:06.161838,False
TXN-a6ea8918,ACC-1171,ACC-1727,2008.17,2026-08-12 12:02:06.161838,False
TXN-e3807136,ACC-1179,ACC-1276,1331.22,2026-08-12 12:06:06.161838,False
TXN-ae0321ac,ACC-1780,ACC-1174,3406.6,2026-08-12 12:10:06.161838,False
TXN-fe4b3958,ACC-1527,ACC-1434,4268.29,2026-08-12 12:14:06.161838,False
TXN-4d243ff7,ACC-1386,ACC-1629,4601.78,2026-08-12 12:18:06.161838,False
TXN-ba125c99,ACC-1578,ACC-1580,644.75,2026-08-12 12:22:06.161838,False
TXN-617298b6,ACC-1281,ACC-1594,3654.68,2026-08-12 12:26:06.161838,False
TXN-c87b153b,ACC-1410,ACC-1468,1885.42,2026-08-12 12:30:06.161838,False
TXN-f29778ef,ACC-1952,ACC-1947,1682.71,2026-08-12 12:34:06.161838,False
TXN-a9c701ad,ACC-1139,ACC-1867,1918.22,2026-08-12 12:38:06.161838,False
TXN-a58a6865,ACC-1892,ACC-1000,1264.16,2026-08-12 12:42:06.161838,False
TXN-2565390b,ACC-1455,ACC-1099,4415.28,2026-08-12 12:46:06.161838,False
TXN-d2ac31a0,ACC-1394,ACC-1832,1156.0,2026-08-12 12:50:06.161838,False
TXN-d25a965e,ACC-1600,ACC-1685,2355.36,2026-08-12 12:54:06.161838,False
TXN-1b6a23fd,ACC-1347,ACC-1944,2675.13,2026-08-12 12:58:06.161838,False
TXN-b31777ce,ACC-1581,ACC-1534,501.34,2026-08-12 13:02:06.161838,False
TXN-f4236c1d,ACC-1602,ACC-1436,3322.89,2026-08-12 13:06:06.161838,False
TXN-3b5bf8b6,ACC-1183,ACC-1012,1220.68,2026-08-12 13:10:06.161838,False
TXN-e29ebe99,ACC-1911,ACC-1221,3709.09,2026-08-12 13:14:06.161838,False
TXN-b72f36eb,ACC-1492,ACC-1478,4818.38,2026-08-12 13:18:06.161838,False
TXN-78005d15,ACC-1179,ACC-1650,4532.44,2026-08-12 13:22:06.161838,False
TXN-ac40cf63,ACC-1748,ACC-1449,3139.0,2026-08-12 13:26:06.161838,False
TXN-b5c11b71,ACC-1025,ACC-1375,3909.17,2026-08-12 13:30:06.161838,False
TXN-f0cf2a5a,ACC-1926,ACC-1639,2431.56,2026-08-12 13:34:06.161838,False
TXN-cb5512b1,ACC-1331,ACC-1878,4762.67,2026-08-12 13:38:06.161838,False
TXN-2c57b951,ACC-1586,ACC-1700,3588.91,2026-08-12 13:42:06.161838,False
TXN-1bd46ae0,ACC-1635,ACC-1585,3051.8,2026-08-12 13:46:06.161838,False
TXN-ae664fc7,ACC-1430,ACC-1907,2974.39,2026-08-12 13:50:06.161838,False
TXN-3bc87c1e,ACC-1650,ACC-1093,3839.21,2026-08-12 13:54:06.161838,False
TXN-06668720,ACC-1198,ACC-1163,2159.33,2026-08-12 13:58:06.161838,False
TXN-f9261825,ACC-1590,ACC-1728,2643.97,2026-08-12 14:02:06.161838,False
TXN-452acab4,ACC-1794,ACC-1709,3777.11,2026-08-12 14:06:06.161838,False
TXN-24c55f64,ACC-1562,ACC-1277,2229.07,2026-08-12 14:10:06.161838,False
TXN-45d1dc23,ACC-1359,ACC-1879,1553.86,2026-08-12 14:14:06.161838,False
TXN-89691c76,ACC-1772,ACC-1945,1595.15,2026-08-12 14:18:06.161838,False
TXN-c7ae1f92,ACC-1903,ACC-1154,514.86,2026-08-12 14:22:06.161838,False
TXN-77ea2ad5,ACC-1644,ACC-1965,194688.98,2026-08-12 14:26:06.161838,True
TXN-46a1ee84,ACC-1512,ACC-1715,2467.09,2026-08-12 14:30:06.161838,False
TXN-09f34189,ACC-1049,ACC-1434,2410.67,2026-08-12 14:34:06.161838,False
TXN-dc30d71a,ACC-1110,ACC-1267,2654.11,2026-08-12 14:38:06.161838,False
TXN-1a7306d0,ACC-1468,ACC-1016,1128.88,2026-08-12 14:42:06.161838,False
TXN-578bf9b3,ACC-1014,ACC-1432,4441.65,2026-08-12 14:46:06.161838,False
TXN-76a6f388,ACC-1134,ACC-1573,147865.4,2026-08-12 14:50:06.161838,True
TXN-bb154389,ACC-1048,ACC-1302,4860.52,2026-08-12 14:54:06.161838,False
TXN-8f059046,ACC-1157,ACC-1272,499.22,2026-08-12 14:58:06.161838,False
TXN-83dc9f7e,ACC-1453,ACC-1341,2896.29,2026-08-12 15:02:06.161838,False
TXN-89a04f58,ACC-1870,ACC-1522,1054.17,2026-08-12 15:06:06.161838,False
TXN-92c13e85,ACC-1192,ACC-1459,1718.95,2026-08-12 15:10:06.161838,False
TXN-4377aa07,ACC-1775,ACC-1290,2292.63,2026-08-12 15:14:06.161838,False
TXN-a60f29b4,ACC-1970,ACC-1525,228.06,2026-08-12 15:18:06.161838,False
TXN-49045857,ACC-1042,ACC-1512,1584.29,2026-08-12 15:22:06.161838,False
TXN-c37a6076,ACC-1608,ACC-1446,689.12,2026-08-12 15:26:06.161838,False
TXN-14dc82a7,ACC-1911,ACC-1472,1297.49,2026-08-12 15:30:06.161838,False
TXN-bdb43b53,ACC-1676,ACC-1863,4905.21,2026-08-12 15:34:06.161838,False
TXN-fcf691f3,ACC-1598,ACC-1835,3945.97,2026-08-12 15:38:06.161838,False
TXN-dd5e9ac1,ACC-1800,ACC-1043,2867.55,2026-08-12 15:42:06.161838,False
TXN-0dfddf54,ACC-1732,ACC-1497,680.77,2026-08-12 15:46:06.161838,False
TXN-a0bbf2ff,ACC-1791,ACC-1342,931.38,2026-08-12 15:50:06.161838,False
TXN-71422228,ACC-1418,ACC-1806,651.63,2026-08-12 15:54:06.161838,False
TXN-971fec3f,ACC-1414,ACC-1476,4750.98,2026-08-12 15:58:06.161838,False
TXN-99b28f41,ACC-1883,ACC-1128,1152.12,2026-08-12 16:02:06.161838,False
TXN-765f7f7b,ACC-1142,ACC-1344,367.22,2026-08-12 16:06:06.161838,False
TXN-1a3803d5,ACC-1884,ACC-1512,4563.08,2026-08-12 16:10:06.161838,False
TXN-9b32cc71,ACC-1092,ACC-1600,79817.43,2026-08-12 16:14:06.161838,True
TXN-af26fed1,ACC-1025,ACC-1343,4123.94,2026-08-12 16:18:06.161838,False
TXN-e90a6903,ACC-1620,ACC-1166,4315.33,2026-08-12 16:22:06.161838,False
TXN-af468059,ACC-1753,ACC-1128,2025.41,2026-08-12 16:26:06.161838,False
TXN-0372e09f,ACC-1173,ACC-1717,2431.52,2026-08-12 16:30:06.161838,False
TXN-a71f892e,ACC-1660,ACC-1370,1823.86,2026-08-12 16:34:06.161838,False
TXN-90733ccf,ACC-1581,ACC-1184,1223.69,2026-08-12 16:38:06.161838,False
TXN-490ed1a7,ACC-1647,ACC-1300,1910.26,2026-08-12 16:42:06.161838,False
TXN-ce565c5a,ACC-1500,ACC-1489,3334.76,2026-08-12 16:46:06.161838,False
TXN-c7d444dc,ACC-1604,ACC-1486,3104.38,2026-08-12 16:50:06.161838,False
TXN-ecb047f5,ACC-1381,ACC-1309,858.47,2026-08-12 16:54:06.161838,False
TXN-ae49e556,ACC-1219,ACC-1930,4276.55,2026-08-12 16:58:06.161838,False
TXN-7d3f24f8,ACC-1585,ACC-1457,1109.61,2026-08-12 17:02:06.161838,False
TXN-53aff851,ACC-1335,ACC-1125,1995.7,2026-08-12 17:06:06.161838,False
TXN-3df26039,ACC-1273,ACC-1389,2059.64,2026-08-12 17:10:06.161838,False
TXN-175e8dde,ACC-1419,ACC-1311,1680.68,2026-08-12 17:14:06.161838,False
TXN-8e60a3bc,ACC-1106,ACC-1929,1024.15,2026-08-12 17:18:06.161838,False
TXN-88c9448b,ACC-1145,ACC-1552,2987.08,2026-08-12 17:22:06.161838,False
TXN-9e96ea11,ACC-1089,ACC-1258,1708.46,2026-08-12 17:26:06.161838,False
TXN-0a90796e,ACC-1275,ACC-1422,994.04,2026-08-12 17:30:06.161838,False
TXN-2e2be585,ACC-1801,ACC-1334,1004.74,2026-08-12 17:34:06.161838,False
TXN-a8b5d446,ACC-1498,ACC-1097,4462.97,2026-08-12 17:38:06.161838,False
TXN-6b06e221,ACC-1357,ACC-1652,662.33,2026-08-12 17:42:06.161838,False
TXN-4fb99021,ACC-1481,ACC-1742,1132.73,2026-08-12 17:46:06.161838,False
TXN-4c1b0ff8,ACC-1717,ACC-1259,4380.03,2026-08-12 17:50:06.161838,False
TXN-c5e32e96,ACC-1823,ACC-1892,4995.14,2026-08-12 17:54:06.161838,False
TXN-932a5339,ACC-1452,ACC-1175,1098.52,2026-08-12 17:58:06.161838,False
TXN-75dcfeba,ACC-1135,ACC-1523,1815.13,2026-08-12 18:02:06.161838,False
TXN-af53179a,ACC-1948,ACC-1782,3531.81,2026-08-12 18:06:06.161838,False
TXN-feb5c0a8,ACC-1588,ACC-1070,3518.24,2026-08-12 18:10:06.161838,False
TXN-0e301b40,ACC-1234,ACC-1071,4767.69,2026-08-12 18:14:06.161838,False
TXN-148986ee,ACC-1292,ACC-1491,3143.69,2026-08-12 18:18:06.161838,False
TXN-00bdcd3f,ACC-1578,ACC-1589,1889.04,2026-08-12 18:22:06.161838,False
TXN-4a5ab43b,ACC-1074,ACC-1786,2101.08,2026-08-12 18:26:06.161838,False
TXN-fa93e0f2,ACC-1450,ACC-1438,4149.95,2026-08-12 18:30:06.161838,False
TXN-f6dfe4d2,ACC-1243,ACC-1688,869.97,2026-08-12 18:34:06.161838,False
TXN-b684820b,ACC-1475,ACC-1681,324.99,2026-08-12 18:38:06.161838,False
TXN-5f5192d0,ACC-1161,ACC-1172,1013.85,2026-08-12 18:42:06.161838,False
TXN-b10b7484,ACC-1575,ACC-1775,2359.75,2026-08-12 18:46:06.161838,False
TXN-85f8451c,ACC-1568,ACC-1563,4697.07,2026-08-12 18:50:06.161838,False
TXN-5b03d6b9,ACC-1585,ACC-1915,3126.91,2026-08-12 18:54:06.161838,False
TXN-7622213b,ACC-1380,ACC-1298,3277.35,2026-08-12 18:58:06.161838,False
TXN-9273a1f3,ACC-1865,ACC-1207,3474.47,2026-08-12 19:02:06.161838,False
TXN-0c5433d9,ACC-1141,ACC-1276,3086.9,2026-08-12 19:06:06.161838,False
TXN-35ffb3dc,ACC-1908,ACC-1955,1575.62,2026-08-12 19:10:06.161838,False
TXN-27fdee08,ACC-1082,ACC-1966,1096.64,2026-08-12 19:14:06.161838,False
TXN-cb8e0e51,ACC-1456,ACC-1457,3359.75,2026-08-12 19:18:06.161838,False
TXN-f9a842f7,ACC-1512,ACC-1072,1664.81,2026-08-12 19:22:06.161838,False
TXN-262d56ec,ACC-1421,ACC-1244,598.11,2026-08-12 19:26:06.161838,False
TXN-38725fa3,ACC-1609,ACC-1235,978.69,2026-08-12 19:30:06.161838,False
TXN-86f02a94,ACC-1850,ACC-1187,1778.13,2026-08-12 19:34:06.161838,False
TXN-a1bae739,ACC-1317,ACC-1551,2575.74,2026-08-12 19:38:06.161838,False
TXN-505ce2ad,ACC-1032,ACC-1900,3274.0,2026-08-12 19:42:06.161838,False
TXN-62de1ff3,ACC-1926,ACC-1250,1719.65,2026-08-12 19:46:06.161838,False
TXN-d52d73b3,ACC-1460,ACC-1364,1098.47,2026-08-12 19:50:06.161838,False
TXN-5de4fe57,ACC-1015,ACC-1448,2585.81,2026-08-12 19:54:06.161838,False
TXN-070e41dc,ACC-1493,ACC-1672,731.18,2026-08-12 19:58:06.161838,False
TXN-f95f0009,ACC-1378,ACC-1593,297.17,2026-08-12 20:02:06.161838,False
TXN-ba43b77b,ACC-1269,ACC-1334,1467.55,2026-08-12 20:06:06.161838,False
TXN-8ed51e29,ACC-1657,ACC-1705,1374.61,2026-08-12 20:10:06.161838,False
TXN-846784f4,ACC-1644,ACC-1310,3534.83,2026-08-12 20:14:06.161838,False
TXN-7ada049a,ACC-1894,ACC-1077,1735.43,2026-08-12 20:18:06.161838,False
TXN-1d2acd9a,ACC-1969,ACC-1716,1406.74,2026-08-12 20:22:06.161838,False
TXN-24ce8b6a,ACC-1968,ACC-1254,4030.2,2026-08-12 20:26:06.161838,False
TXN-b0040416,ACC-1864,ACC-1351,636.18,2026-08-12 20:30:06.161838,False
TXN-bdabc481,ACC-1976,ACC-1535,4337.14,2026-08-12 20:34:06.161838,False
TXN-0f63d0e0,ACC-1248,ACC-1432,153.4,2026-08-12 20:38:06.161838,False
TXN-34ab09a0,ACC-1215,ACC-1265,4487.75,2026-08-12 20:42:06.161838,False
TXN-d6e79baa,ACC-1357,ACC-1378,1123.0,2026-08-12 20:46:06.161838,False
TXN-b72d8633,ACC-1732,ACC-1662,908.07,2026-08-12 20:50:06.161838,False
TXN-dc00677a,ACC-1597,ACC-1008,690.9,2026-08-12 20:54:06.161838,False
TXN-b328ce07,ACC-1563,ACC-1134,3677.38,2026-08-12 20:58:06.161838,False
TXN-965d49af,ACC-1585,ACC-1622,4684.71,2026-08-12 21:02:06.161838,False
TXN-aafd7f0d,ACC-1702,ACC-1608,4237.18,2026-08-12 21:06:06.161838,False
TXN-e81f17a6,ACC-1389,ACC-1712,1243.46,2026-08-12 21:10:06.161838,False
TXN-56928133,ACC-1880,ACC-1399,4742.26,2026-08-12 21:14:06.161838,False
TXN-7576ef36,ACC-1621,ACC-1762,3385.42,2026-08-12 21:18:06.161838,False
TXN-d04949b8,ACC-1542,ACC-1780,2006.67,2026-08-12 21:22:06.161838,False
TXN-709d88ce,ACC-1792,ACC-1862,1616.78,2026-08-12 21:26:06.161838,False
TXN-a3f3bb01,ACC-1985,ACC-1822,4568.06,2026-08-12 21:30:06.161838,False
TXN-08d0f390,ACC-1098,ACC-1058,3518.71,2026-08-12 21:34:06.161838,False
TXN-51fd6342,ACC-1524,ACC-1490,3534.69,2026-08-12 21:38:06.161838,False
TXN-589bf998,ACC-1717,ACC-1585,4330.0,2026-08-12 21:42:06.161838,False
TXN-11fac8e7,ACC-1545,ACC-1054,1973.25,2026-08-12 21:46:06.161838,False
TXN-67a8872c,ACC-1297,ACC-1204,1415.82,2026-08-12 21:50:06.161838,False
TXN-1938b1f4,ACC-1089,ACC-1452,3066.51,2026-08-12 21:54:06.161838,False
TXN-1139e72f,ACC-1394,ACC-1217,578.42,2026-08-12 21:58:06.161838,False
TXN-36d7f068,ACC-1363,ACC-1006,4177.88,2026-08-12 22:02:06.161838,False
TXN-e0972221,ACC-1504,ACC-1932,143962.1,2026-08-12 22:06:06.161838,True
TXN-1c1caf45,ACC-1954,ACC-1890,991.55,2026-08-12 22:10:06.161838,False
TXN-a45a0bf3,ACC-1538,ACC-1651,1733.92,2026-08-12 22:14:06.161838,False
TXN-43a768d5,ACC-1565,ACC-1216,3324.1,2026-08-12 22:18:06.161838,False
TXN-70c10622,ACC-1255,ACC-1905,4312.02,2026-08-12 22:22:06.161838,False
TXN-8a12c225,ACC-1363,ACC-1315,3631.69,2026-08-12 22:26:06.161838,False
TXN-7c00e2ed,ACC-1016,ACC-1220,3118.2,2026-08-12 22:30:06.161838,False
TXN-f4141f88,ACC-1453,ACC-1903,174024.31,2026-08-12 22:34:06.161838,True
TXN-93867e21,ACC-1284,ACC-1235,4974.98,2026-08-12 22:38:06.161838,False
TXN-6efdd2ed,ACC-1557,ACC-1764,1155.79,2026-08-12 22:42:06.161838,False
TXN-561af78b,ACC-1779,ACC-1750,598.01,2026-08-12 22:46:06.161838,False
TXN-df1329b0,ACC-1406,ACC-1960,1651.57,2026-08-12 22:50:06.161838,False
TXN-6fabffe8,ACC-1271,ACC-1288,347.55,2026-08-12 22:54:06.161838,False
TXN-2871d173,ACC-1477,ACC-1217,2881.16,2026-08-12 22:58:06.161838,False
TXN-dc9bf7a6,ACC-1469,ACC-1947,169540.28,2026-08-12 23:02:06.161838,True
TXN-01bc2568,ACC-1763,ACC-1115,765.43,2026-08-12 23:06:06.161838,False
TXN-f71949e3,ACC-1601,ACC-1636,3880.24,2026-08-12 23:10:06.161838,False
TXN-c90845dd,ACC-1599,ACC-1383,3918.22,2026-08-12 23:14:06.161838,False
TXN-69c3ba44,ACC-1987,ACC-1626,652.54,2026-08-12 23:18:06.161838,False
TXN-8bb9d2b1,ACC-1882,ACC-1918,761.87,2026-08-12 23:22:06.161838,False
TXN-4ac5561b,ACC-1116,ACC-1980,4326.65,2026-08-12 23:26:06.161838,False
TXN-66b4c248,ACC-1068,ACC-1613,1646.29,2026-08-12 23:30:06.161838,False
TXN-19404107,ACC-1733,ACC-1040,2539.67,2026-08-12 23:34:06.161838,False
TXN-7c0d45af,ACC-1413,ACC-1143,4615.24,2026-08-12 23:38:06.161838,False
TXN-5b166cb8,ACC-1887,ACC-1199,2863.71,2026-08-12 23:42:06.161838,False
TXN-afce7a05,ACC-1806,ACC-1235,177938.94,2026-08-12 23:46:06.161838,True
TXN-f1c17c5b,ACC-1299,ACC-1465,3089.1,2026-08-12 23:50:06.161838,False
TXN-a63e37f9,ACC-1546,ACC-1526,4167.59,2026-08-12 23:54:06.161838,False
TXN-ba440d6b,ACC-1544,ACC-1770,4017.45,2026-08-12 23:58:06.161838,False
TXN-ac51e8cc,ACC-1373,ACC-1957,4724.5,2026-08-13 00:02:06.161838,False
TXN-4f669571,ACC-1891,ACC-1146,90024.09,2026-08-13 00:06:06.161838,True
TXN-481febd6,ACC-1260,ACC-1142,1629.0,2026-08-13 00:10:06.161838,False
TXN-ddc3f3e4,ACC-1721,ACC-1873,572.26,2026-08-13 00:14:06.161838,False
TXN-efa96f73,ACC-1229,ACC-1355,1681.34,2026-08-13 00:18:06.161838,False
TXN-f4e6b0b6,ACC-1697,ACC-1443,2314.07,2026-08-13 00:22:06.161838,False
TXN-e5383fea,ACC-1590,ACC-1693,4915.6,2026-08-13 00:26:06.161838,False
TXN-28fb241b,ACC-1019,ACC-1508,4845.27,2026-08-13 00:30:06.161838,False
TXN-b4cff622,ACC-1172,ACC-1340,4932.09,2026-08-13 00:34:06.161838,False
TXN-db1bbee4,ACC-1914,ACC-1613,1757.87,2026-08-13 00:38:06.161838,False
TXN-244ceb1c,ACC-1699,ACC-1346,748.77,2026-08-13 00:42:06.161838,False
TXN-e42b57bb,ACC-1784,ACC-1255,3957.02,2026-08-13 00:46:06.161838,False
TXN-18539bf4,ACC-1946,ACC-1768,2924.45,2026-08-13 00:50:06.161838,False
TXN-01ce694e,ACC-1852,ACC-1113,109.58,2026-08-13 00:54:06.161838,False
TXN-ddae217e,ACC-1554,ACC-1190,1637.63,2026-08-13 00:58:06.161838,False
TXN-c9eec66d,ACC-1170,ACC-1597,1100.69,2026-08-13 01:02:06.161838,False
TXN-6c454dac,ACC-1752,ACC-1380,868.61,2026-08-13 01:06:06.161838,False
TXN-a8211ff3,ACC-1682,ACC-1156,123535.31,2026-08-13 01:10:06.161838,True
TXN-86362398,ACC-1856,ACC-1712,4834.43,2026-08-13 01:14:06.161838,False
TXN-3449210f,ACC-1142,ACC-1332,1844.71,2026-08-13 01:18:06.161838,False
TXN-ed16989f,ACC-1194,ACC-1645,850.44,2026-08-13 01:22:06.161838,False
TXN-5a8e62da,ACC-1964,ACC-1515,2837.68,2026-08-13 01:26:06.161838,False
TXN-94850571,ACC-1632,ACC-1810,2782.87,2026-08-13 01:30:06.161838,False
TXN-b9e72aba,ACC-1084,ACC-1976,4101.43,2026-08-13 01:34:06.161838,False
TXN-b5b24bee,ACC-1157,ACC-1982,4754.1,2026-08-13 01:38:06.161838,False
TXN-1311ef4d,ACC-1612,ACC-1253,2728.96,2026-08-13 01:42:06.161838,False
TXN-95df5bb6,ACC-1915,ACC-1266,4180.54,2026-08-13 01:46:06.161838,False
TXN-b21c4755,ACC-1005,ACC-1667,2368.96,2026-08-13 01:50:06.161838,False
TXN-4e864196,ACC-1997,ACC-1545,3469.47,2026-08-13 01:54:06.161838,False
TXN-23b8acfb,ACC-1529,ACC-1211,3273.28,2026-08-13 01:58:06.161838,False
TXN-e1ee3880,ACC-1810,ACC-1497,497.57,2026-08-13 02:02:06.161838,False
TXN-c2827309,ACC-1002,ACC-1747,1000.23,2026-08-13 02:06:06.161838,False
TXN-b3ca7652,ACC-1235,ACC-1468,3012.95,2026-08-13 02:10:06.161838,False
TXN-697e26fa,ACC-1297,ACC-1945,4104.47,2026-08-13 02:14:06.161838,False
TXN-2ebdda2c,ACC-1636,ACC-1215,2620.67,2026-08-13 02:18:06.161838,False
TXN-e6181b4c,ACC-1858,ACC-1019,3189.6,2026-08-13 02:22:06.161838,False
TXN-cc1df2f9,ACC-1127,ACC-1185,4356.68,2026-08-13 02:26:06.161838,False
TXN-6f2f017a,ACC-1041,ACC-1493,1913.27,2026-08-13 02:30:06.161838,False
TXN-5f76cb73,ACC-1287,ACC-1085,1527.24,2026-08-13 02:34:06.161838,False
TXN-73b2b29e,ACC-1323,ACC-1162,1831.36,2026-08-13 02:38:06.161838,False
TXN-6dfb16e2,ACC-1521,ACC-1686,1043.68,2026-08-13 02:42:06.161838,False
TXN-414cbde2,ACC-1274,ACC-1147,4598.36,2026-08-13 02:46:06.161838,False
TXN-cc04ab58,ACC-1173,ACC-1131,339.59,2026-08-13 02:50:06.161838,False
TXN-60a3f44a,ACC-1617,ACC-1854,2241.75,2026-08-13 02:54:06.161838,False
TXN-a3d791b8,ACC-1602,ACC-1613,728.33,2026-08-13 02:58:06.161838,False
TXN-22a70451,ACC-1865,ACC-1885,96771.07,2026-08-13 03:02:06.161838,True
TXN-d654278d,ACC-1003,ACC-1990,4950.65,2026-08-13 03:06:06.161838,False
TXN-ce4a8a45,ACC-1173,ACC-1828,1410.45,2026-08-13 03:10:06.161838,False
TXN-3efc54fc,ACC-1947,ACC-1756,4285.07,2026-08-13 03:14:06.161838,False
TXN-ef1ef13d,ACC-1665,ACC-1574,2614.06,2026-08-13 03:18:06.161838,False
TXN-23549149,ACC-1470,ACC-1894,112740.12,2026-08-13 03:22:06.161838,True
TXN-7ab05662,ACC-1333,ACC-1048,69061.73,2026-08-13 03:26:06.161838,True
TXN-4e2dcdac,ACC-1877,ACC-1127,3264.44,2026-08-13 03:30:06.161838,False
TXN-debbf0f3,ACC-1303,ACC-1765,3856.56,2026-08-13 03:34:06.161838,False
TXN-23ae5169,ACC-1983,ACC-1902,4920.15,2026-08-13 03:38:06.161838,False
TXN-bd38b8ba,ACC-1545,ACC-1392,2568.6,2026-08-13 03:42:06.161838,False
TXN-4d83b5e9,ACC-1762,ACC-1845,3776.58,2026-08-13 03:46:06.161838,False
TXN-b3b1331a,ACC-1391,ACC-1227,4330.98,2026-08-13 03:50:06.161838,False
TXN-4f441ad9,ACC-1231,ACC-1134,2925.44,2026-08-13 03:54:06.161838,False
TXN-4a1925b9,ACC-1257,ACC-1856,2199.73,2026-08-13 03:58:06.161838,False
TXN-946ee49a,ACC-1994,ACC-1873,1837.23,2026-08-13 04:02:06.161838,False
TXN-06018e9a,ACC-1802,ACC-1111,2859.34,2026-08-13 04:06:06.161838,False
TXN-57fa0a34,ACC-1324,ACC-1454,3881.56,2026-08-13 04:10:06.161838,False
TXN-a9197297,ACC-1119,ACC-1368,3136.38,2026-08-13 04:14:06.161838,False
TXN-1c7c8510,ACC-1819,ACC-1179,4736.4,2026-08-13 04:18:06.161838,False
TXN-5942cc73,ACC-1996,ACC-1443,2827.83,2026-08-13 04:22:06.161838,False
TXN-94a4c7bc,ACC-1976,ACC-1063,1610.2,2026-08-13 04:26:06.161838,False
TXN-4db1c3f2,ACC-1180,ACC-1073,4278.79,2026-08-13 04:30:06.161838,False
TXN-39ffe6e0,ACC-1520,ACC-1414,4962.14,2026-08-13 04:34:06.161838,False
TXN-4350111f,ACC-1566,ACC-1719,359.84,2026-08-13 04:38:06.161838,False
TXN-ba1f7f4f,ACC-1425,ACC-1980,4205.7,2026-08-13 04:42:06.161838,False
TXN-1923c851,ACC-1527,ACC-1725,4936.75,2026-08-13 04:46:06.161838,False
TXN-a8029100,ACC-1255,ACC-1078,1194.59,2026-08-13 04:50:06.161838,False
TXN-7ae6b8b1,ACC-1153,ACC-1161,3352.61,2026-08-13 04:54:06.161838,False
TXN-d58eb812,ACC-1818,ACC-1719,4617.16,2026-08-13 04:58:06.161838,False
TXN-2f211375,ACC-1465,ACC-1152,754.46,2026-08-13 05:02:06.161838,False
TXN-b5d9d823,ACC-1367,ACC-1706,3527.8,2026-08-13 05:06:06.161838,False
TXN-df6dac7a,ACC-1196,ACC-1552,1278.92,2026-08-13 05:10:06.161838,False
TXN-03c51df7,ACC-1020,ACC-1507,4102.37,2026-08-13 05:14:06.161838,False
TXN-c778aa65,ACC-1795,ACC-1489,3557.9,2026-08-13 05:18:06.161838,False
TXN-66403495,ACC-1151,ACC-1161,2824.32,2026-08-13 05:22:06.161838,False
TXN-f4baf312,ACC-1259,ACC-1022,2735.06,2026-08-13 05:26:06.161838,False
TXN-a2ca6a51,ACC-1716,ACC-1482,2605.03,2026-08-13 05:30:06.161838,False
TXN-e6e3e264,ACC-1901,ACC-1410,1282.73,2026-08-13 05:34:06.161838,False
TXN-24b7a201,ACC-1835,ACC-1416,3576.17,2026-08-13 05:38:06.161838,False
TXN-2a372061,ACC-1693,ACC-1231,1869.73,2026-08-13 05:42:06.161838,False
TXN-734314b3,ACC-1914,ACC-1005,2704.56,2026-08-13 05:46:06.161838,False
TXN-a23f9bde,ACC-1500,ACC-1717,3685.15,2026-08-13 05:50:06.161838,False
TXN-0270bb7c,ACC-1101,ACC-1896,1286.32,2026-08-13 05:54:06.161838,False
TXN-acf3fddb,ACC-1321,ACC-1875,4392.93,2026-08-13 05:58:06.161838,False
TXN-26e2e680,ACC-1063,ACC-1224,4171.2,2026-08-13 06:02:06.161838,False
TXN-a5f12ec7,ACC-1894,ACC-1578,3747.99,2026-08-13 06:06:06.161838,False
TXN-cc611363,ACC-1842,ACC-1472,1862.96,2026-08-13 06:10:06.161838,False
TXN-cedf94a6,ACC-1573,ACC-1739,4508.59,2026-08-13 06:14:06.161838,False
TXN-ea5e8127,ACC-1901,ACC-1605,2683.11,2026-08-13 06:18:06.161838,False
TXN-d43f8d95,ACC-1746,ACC-1836,4672.14,2026-08-13 06:22:06.161838,False
TXN-6216a009,ACC-1179,ACC-1338,456.64,2026-08-13 06:26:06.161838,False
TXN-d0bef396,ACC-1469,ACC-1057,4411.2,2026-08-13 06:30:06.161838,False
TXN-9373d2d6,ACC-1285,ACC-1262,4278.49,2026-08-13 06:34:06.161838,False
TXN-3e7740b1,ACC-1007,ACC-1226,3620.02,2026-08-13 06:38:06.161838,False
TXN-d6a47efc,ACC-1399,ACC-1564,2143.51,2026-08-13 06:42:06.161838,False
TXN-6302169a,ACC-1537,ACC-1484,96619.35,2026-08-13 06:46:06.161838,True
TXN-b855e713,ACC-1832,ACC-1555,3749.18,2026-08-13 06:50:06.161838,False
TXN-dcd1a84d,ACC-1324,ACC-1021,902.03,2026-08-13 06:54:06.161838,False
TXN-d9f9f511,ACC-1596,ACC-1337,3184.83,2026-08-13 06:58:06.161838,False
TXN-55156f27,ACC-1126,ACC-1491,2093.72,2026-08-13 07:02:06.161838,False
TXN-47b7ad0c,ACC-1122,ACC-1821,4879.29,2026-08-13 07:06:06.161838,False
TXN-d934f5ea,ACC-1062,ACC-1624,3391.38,2026-08-13 07:10:06.161838,False
TXN-6eb37e38,ACC-1196,ACC-1941,2018.72,2026-08-13 07:14:06.161838,False
TXN-e7c47e16,ACC-1766,ACC-1581,4057.01,2026-08-13 07:18:06.161838,False
TXN-f8de9123,ACC-1255,ACC-1895,1357.83,2026-08-13 07:22:06.161838,False
TXN-c7b3a553,ACC-1468,ACC-1391,200.51,2026-08-13 07:26:06.161838,False
TXN-06ca65d1,ACC-1202,ACC-1588,4068.25,2026-08-13 07:30:06.161838,False
TXN-44612a4d,ACC-1687,ACC-1610,4660.38,2026-08-13 07:34:06.161838,False
TXN-65c3bd4f,ACC-1567,ACC-1760,1150.23,2026-08-13 07:38:06.161838,False
TXN-719f296e,ACC-1513,ACC-1403,3174.07,2026-08-13 07:42:06.161838,False
TXN-7558a079,ACC-1741,ACC-1331,1637.35,2026-08-13 07:46:06.161838,False
TXN-bbab0e15,ACC-1230,ACC-1773,1532.41,2026-08-13 07:50:06.161838,False
TXN-de26f46a,ACC-1176,ACC-1493,1503.77,2026-08-13 07:54:06.161838,False
TXN-58531f7a,ACC-1545,ACC-1150,3540.05,2026-08-13 07:58:06.161838,False
TXN-4fedda43,ACC-1676,ACC-1822,3420.11,2026-08-13 08:02:06.161838,False
TXN-0b9f22a0,ACC-1809,ACC-1432,179.35,2026-08-13 08:06:06.161838,False
TXN-731d9825,ACC-1856,ACC-1996,2658.5,2026-08-13 08:10:06.161838,False
TXN-40be3a8a,ACC-1886,ACC-1815,2081.16,2026-08-13 08:14:06.161838,False
TXN-3c71ee31,ACC-1315,ACC-1781,387.01,2026-08-13 08:18:06.161838,False
TXN-dd0ba68c,ACC-1603,ACC-1454,3738.47,2026-08-13 08:22:06.161838,False
TXN-9b5a63ff,ACC-1882,ACC-1807,640.7,2026-08-13 08:26:06.161838,False
TXN-98c6d47d,ACC-1896,ACC-1725,4064.56,2026-08-13 08:30:06.161838,False
TXN-c2007e65,ACC-1095,ACC-1050,3422.29,2026-08-13 08:34:06.161838,False
TXN-d8aa8e8d,ACC-1131,ACC-1919,4070.42,2026-08-13 08:38:06.161838,False
TXN-1969b012,ACC-1828,ACC-1045,930.44,2026-08-13 08:42:06.161838,False
TXN-79b731a3,ACC-1495,ACC-1029,884.31,2026-08-13 08:46:06.161838,False
TXN-a8f534d7,ACC-1534,ACC-1629,1507.95,2026-08-13 08:50:06.161838,False
TXN-e255e7d4,ACC-1834,ACC-1438,4656.91,2026-08-13 08:54:06.161838,False
TXN-9de56b60,ACC-1817,ACC-1137,1158.59,2026-08-13 08:58:06.161838,False
TXN-61c49b0d,ACC-1553,ACC-1238,2080.7,2026-08-13 09:02:06.161838,False
TXN-c8a77d7f,ACC-1186,ACC-1986,4796.08,2026-08-13 09:06:06.161838,False
TXN-2cdd9d0c,ACC-1336,ACC-1287,4846.06,2026-08-13 09:10:06.161838,False
TXN-5cea6d90,ACC-1713,ACC-1856,1006.22,2026-08-13 09:14:06.161838,False
TXN-2d6d17ed,ACC-1214,ACC-1992,4040.22,2026-08-13 09:18:06.161838,False
TXN-dc33e726,ACC-1228,ACC-1946,2816.64,2026-08-13 09:22:06.161838,False
TXN-f9d222e3,ACC-1977,ACC-1895,1630.24,2026-08-13 09:26:06.161838,False
TXN-e2dfd3fc,ACC-1780,ACC-1295,981.61,2026-08-13 09:30:06.161838,False
TXN-fcb938e4,ACC-1357,ACC-1834,2105.37,2026-08-13 09:34:06.161838,False
TXN-2ceb4fc9,ACC-1938,ACC-1497,182563.99,2026-08-13 09:38:06.161838,True
TXN-fb645ae3,ACC-1711,ACC-1720,2175.79,2026-08-13 09:42:06.161838,False
TXN-726f96c7,ACC-1486,ACC-1359,3881.24,2026-08-13 09:46:06.161838,False
TXN-b2930a84,ACC-1139,ACC-1918,2007.75,2026-08-13 09:50:06.161838,False
TXN-2c1701f0,ACC-1314,ACC-1815,126241.85,2026-08-13 09:54:06.161838,True
TXN-e6726865,ACC-1634,ACC-1189,4546.45,2026-08-13 09:58:06.161838,False
TXN-dd68a907,ACC-1005,ACC-1541,4607.24,2026-08-13 10:02:06.161838,False
TXN-9280c76f,ACC-1531,ACC-1154,1072.7,2026-08-13 10:06:06.161838,False
TXN-91130f73,ACC-1300,ACC-1528,1989.7,2026-08-13 10:10:06.161838,False
TXN-5d28ac06,ACC-1282,ACC-1773,449.88,2026-08-13 10:14:06.161838,False
TXN-c3f5f91d,ACC-1946,ACC-1898,4782.38,2026-08-13 10:18:06.161838,False
TXN-771b4616,ACC-1633,ACC-1800,1332.46,2026-08-13 10:22:06.161838,False
TXN-9c2d1a73,ACC-1767,ACC-1485,1200.85,2026-08-13 10:26:06.161838,False
TXN-44d22267,ACC-1754,ACC-1959,2142.44,2026-08-13 10:30:06.161838,False
TXN-ca0ddfdd,ACC-1719,ACC-1502,2236.02,2026-08-13 10:34:06.161838,False
TXN-5292a1ef,ACC-1926,ACC-1660,2394.05,2026-08-13 10:38:06.161838,False
TXN-4f5ebf34,ACC-1094,ACC-1255,95146.84,2026-08-13 10:42:06.161838,True
TXN-e9bd5926,ACC-1720,ACC-1670,4925.71,2026-08-13 10:46:06.161838,False
TXN-8dd5d091,ACC-1854,ACC-1904,4540.96,2026-08-13 10:50:06.161838,False
TXN-fe7995fe,ACC-1144,ACC-1456,448.01,2026-08-13 10:54:06.161838,False
TXN-ceecbfbe,ACC-1085,ACC-1641,2543.85,2026-08-13 10:58:06.161838,False
TXN-c99cc09f,ACC-1882,ACC-1711,1742.68,2026-08-13 11:02:06.161838,False
TXN-468b4de7,ACC-1481,ACC-1964,4622.87,2026-08-13 11:06:06.161838,False
TXN-aa24f7b2,ACC-1458,ACC-1031,208.79,2026-08-13 11:10:06.161838,False
TXN-5c3e0751,ACC-1848,ACC-1768,1483.12,2026-08-13 11:14:06.161838,False
TXN-5394891d,ACC-1515,ACC-1804,363.58,2026-08-13 11:18:06.161838,False
TXN-c3dba467,ACC-1422,ACC-1492,145.44,2026-08-13 11:22:06.161838,False
TXN-f41d2bdf,ACC-1784,ACC-1678,4108.99,2026-08-13 11:26:06.161838,False
TXN-d5829ea8,ACC-1496,ACC-1127,3679.26,2026-08-13 11:30:06.161838,False
TXN-59fb08e8,ACC-1679,ACC-1874,3970.2,2026-08-13 11:34:06.161838,False
TXN-9b7dddf2,ACC-1494,ACC-1668,1851.87,2026-08-13 11:38:06.161838,False
TXN-9c8d5005,ACC-1123,ACC-1553,2159.15,2026-08-13 11:42:06.161838,False
TXN-4cb4ac3f,ACC-1068,ACC-1684,2402.35,2026-08-13 11:46:06.161838,False
TXN-3cadbf14,ACC-1668,ACC-1084,4105.66,2026-08-13 11:50:06.161838,False
TXN-ac57a7df,ACC-1320,ACC-1523,2426.94,2026-08-13 11:54:06.161838,False
TXN-222c8ced,ACC-1209,ACC-1679,571.58,2026-08-13 11:58:06.161838,False
TXN-1c1436e6,ACC-1590,ACC-1727,462.65,2026-08-13 12:02:06.161838,False
TXN-0f3fc5fc,ACC-1881,ACC-1672,3512.48,2026-08-13 12:06:06.161838,False
TXN-f91f4ed9,ACC-1258,ACC-1225,3648.06,2026-08-13 12:10:06.161838,False
TXN-f8f7a9d7,ACC-1677,ACC-1994,3169.17,2026-08-13 12:14:06.161838,False
TXN-c446c1c4,ACC-1143,ACC-1022,286.47,2026-08-13 12:18:06.161838,False
TXN-b4b6455b,ACC-1216,ACC-1258,4954.92,2026-08-13 12:22:06.161838,False
TXN-042ffcc1,ACC-1888,ACC-1221,4161.94,2026-08-13 12:26:06.161838,False
TXN-5a73cbda,ACC-1008,ACC-1722,4982.49,2026-08-13 12:30:06.161838,False
TXN-4298215f,ACC-1834,ACC-1411,3122.43,2026-08-13 12:34:06.161838,False
TXN-f9e350c3,ACC-1870,ACC-1475,1241.79,2026-08-13 12:38:06.161838,False
TXN-fcb0d4f6,ACC-1441,ACC-1345,194541.99,2026-08-13 12:42:06.161838,True
TXN-691cc3c9,ACC-1940,ACC-1814,2738.9,2026-08-13 12:46:06.161838,False
TXN-23615f32,ACC-1486,ACC-1047,2377.16,2026-08-13 12:50:06.161838,False
TXN-5f2ac3ce,ACC-1360,ACC-1550,177862.19,2026-08-13 12:54:06.161838,True
TXN-7ca95c1d,ACC-1399,ACC-1817,3085.97,2026-08-13 12:58:06.161838,False
TXN-69e45ed7,ACC-1089,ACC-1695,289.26,2026-08-13 13:02:06.161838,False
TXN-dcf87b66,ACC-1837,ACC-1834,681.6,2026-08-13 13:06:06.161838,False
TXN-0c491363,ACC-1773,ACC-1768,664.3,2026-08-13 13:10:06.161838,False
TXN-08dfd862,ACC-1744,ACC-1484,71714.78,2026-08-13 13:14:06.161838,True
TXN-55f8659a,ACC-1665,ACC-1623,2844.26,2026-08-13 13:18:06.161838,False
TXN-a8a06ff8,ACC-1680,ACC-1122,127243.97,2026-08-13 13:22:06.161838,True
TXN-45a905e9,ACC-1907,ACC-1904,2193.31,2026-08-13 13:26:06.161838,False
TXN-3486d650,ACC-1559,ACC-1733,3128.77,2026-08-13 13:30:06.161838,False
TXN-04ee4d6b,ACC-1550,ACC-1102,2331.76,2026-08-13 13:34:06.161838,False
TXN-5caa2c5b,ACC-1865,ACC-1676,1886.94,2026-08-13 13:38:06.161838,False
TXN-8609bac1,ACC-1635,ACC-1098,1942.21,2026-08-13 13:42:06.161838,False
TXN-85309366,ACC-1513,ACC-1706,4419.56,2026-08-13 13:46:06.161838,False
TXN-de20aa9e,ACC-1588,ACC-1942,316.22,2026-08-13 13:50:06.161838,False
TXN-d3907762,ACC-1959,ACC-1184,3497.39,2026-08-13 13:54:06.161838,False
TXN-6c66e1f7,ACC-1661,ACC-1028,595.18,2026-08-13 13:58:06.161838,False
TXN-2b7b94f7,ACC-1306,ACC-1878,2968.28,2026-08-13 14:02:06.161838,False
TXN-253c1773,ACC-1860,ACC-1370,2457.36,2026-08-13 14:06:06.161838,False
TXN-ad42ca9c,ACC-1714,ACC-1559,4956.29,2026-08-13 14:10:06.161838,False
TXN-f6ba23bc,ACC-1525,ACC-1060,3108.3,2026-08-13 14:14:06.161838,False
TXN-49173310,ACC-1583,ACC-1449,579.7,2026-08-13 14:18:06.161838,False
TXN-84fb22d9,ACC-1305,ACC-1558,4583.99,2026-08-13 14:22:06.161838,False
TXN-d7fd4295,ACC-1617,ACC-1904,246.18,2026-08-13 14:26:06.161838,False
TXN-edeafecf,ACC-1699,ACC-1531,2889.99,2026-08-13 14:30:06.161838,False
TXN-2b5bd651,ACC-1466,ACC-1097,2969.72,2026-08-13 14:34:06.161838,False
TXN-705f63a6,ACC-1153,ACC-1538,2969.15,2026-08-13 14:38:06.161838,False
TXN-8ec3c118,ACC-1512,ACC-1487,1812.92,2026-08-13 14:42:06.161838,False
TXN-9652eac0,ACC-1401,ACC-1735,4306.69,2026-08-13 14:46:06.161838,False
TXN-c0ce9576,ACC-1450,ACC-1768,197937.06,2026-08-13 14:50:06.161838,True
TXN-8ecbd887,ACC-1040,ACC-1738,3123.18,2026-08-13 14:54:06.161838,False
TXN-1a5ec5fa,ACC-1155,ACC-1970,297.74,2026-08-13 14:58:06.161838,False
TXN-faf437ba,ACC-1246,ACC-1666,957.94,2026-08-13 15:02:06.161838,False
TXN-bf361a23,ACC-1236,ACC-1474,2787.83,2026-08-13 15:06:06.161838,False
TXN-e9873be6,ACC-1836,ACC-1260,1197.85,2026-08-13 15:10:06.161838,False
TXN-cc826501,ACC-1798,ACC-1992,4156.83,2026-08-13 15:14:06.161838,False
TXN-eda2e6fb,ACC-1429,ACC-1500,2411.45,2026-08-13 15:18:06.161838,False
TXN-648f7541,ACC-1416,ACC-1780,764.22,2026-08-13 15:22:06.161838,False
TXN-0cdaf268,ACC-1916,ACC-1661,641.23,2026-08-13 15:26:06.161838,False
TXN-f1c24020,ACC-1835,ACC-1105,1861.53,2026-08-13 15:30:06.161838,False
TXN-1f8fa21d,ACC-1335,ACC-1215,4452.71,2026-08-13 15:34:06.161838,False
TXN-314aa119,ACC-1475,ACC-1539,1883.98,2026-08-13 15:38:06.161838,False
TXN-4bb31dd4,ACC-1247,ACC-1760,313.03,2026-08-13 15:42:06.161838,False
TXN-1e484900,ACC-1015,ACC-1714,4802.95,2026-08-13 15:46:06.161838,False
TXN-7e328a3d,ACC-1409,ACC-1417,124.42,2026-08-13 15:50:06.161838,False
TXN-3e2baf1a,ACC-1308,ACC-1517,3332.17,2026-08-13 15:54:06.161838,False
TXN-a8cae351,ACC-1691,ACC-1477,2675.71,2026-08-13 15:58:06.161838,False
TXN-433b8e9e,ACC-1037,ACC-1480,4155.09,2026-08-13 16:02:06.161838,False
TXN-67e0a827,ACC-1584,ACC-1713,2914.12,2026-08-13 16:06:06.161838,False
TXN-a0c072c4,ACC-1608,ACC-1243,2126.67,2026-08-13 16:10:06.161838,False
TXN-02cf1e70,ACC-1862,ACC-1263,77578.74,2026-08-13 16:14:06.161838,True
TXN-d81efdd9,ACC-1629,ACC-1914,85298.9,2026-08-13 16:18:06.161838,True
TXN-f150c13b,ACC-1086,ACC-1803,3509.3,2026-08-13 16:22:06.161838,False
TXN-1d6105c3,ACC-1331,ACC-1865,3124.33,2026-08-13 16:26:06.161838,False
TXN-9621da5e,ACC-1638,ACC-1775,2855.38,2026-08-13 16:30:06.161838,False
TXN-1d9fa0d5,ACC-1464,ACC-1782,2816.49,2026-08-13 16:34:06.161838,False
TXN-496e9a4f,ACC-1250,ACC-1889,2008.81,2026-08-13 16:38:06.161838,False
TXN-a7c5c4ff,ACC-1232,ACC-1767,445.63,2026-08-13 16:42:06.161838,False
TXN-3dfeca32,ACC-1786,ACC-1290,4923.49,2026-08-13 16:46:06.161838,False
TXN-992a4cdb,ACC-1391,ACC-1269,1998.47,2026-08-13 16:50:06.161838,False
TXN-d717632a,ACC-1941,ACC-1423,3010.38,2026-08-13 16:54:06.161838,False
TXN-513268eb,ACC-1330,ACC-1941,1741.5,2026-08-13 16:58:06.161838,False
TXN-3b536e3b,ACC-1208,ACC-1327,4544.65,2026-08-13 17:02:06.161838,False
TXN-6ddca97a,ACC-1340,ACC-1117,3100.07,2026-08-13 17:06:06.161838,False
TXN-7e6f6edc,ACC-1529,ACC-1139,63080.75,2026-08-13 17:10:06.161838,True
TXN-99ce0cb2,ACC-1044,ACC-1852,496.49,2026-08-13 17:14:06.161838,False
TXN-4fc2f956,ACC-1633,ACC-1820,2730.0,2026-08-13 17:18:06.161838,False
TXN-e7cd202b,ACC-1554,ACC-1669,80540.74,2026-08-13 17:22:06.161838,True
TXN-3fec2057,ACC-1261,ACC-1587,2600.79,2026-08-13 17:26:06.161838,False
TXN-d263ecc0,ACC-1171,ACC-1345,3147.01,2026-08-13 17:30:06.161838,False
TXN-a4c250db,ACC-1854,ACC-1088,2080.28,2026-08-13 17:34:06.161838,False
TXN-37a70378,ACC-1380,ACC-1463,119.95,2026-08-13 17:38:06.161838,False
TXN-1680b8d2,ACC-1854,ACC-1425,4621.89,2026-08-13 17:42:06.161838,False
TXN-bf316fc6,ACC-1857,ACC-1497,2882.88,2026-08-13 17:46:06.161838,False
TXN-6cf38974,ACC-1275,ACC-1434,510.95,2026-08-13 17:50:06.161838,False
TXN-7cd68022,ACC-1338,ACC-1508,592.26,2026-08-13 17:54:06.161838,False
TXN-1d77bcef,ACC-1999,ACC-1288,4431.95,2026-08-13 17:58:06.161838,False
TXN-a1888947,ACC-1399,ACC-1090,1590.88,2026-08-13 18:02:06.161838,False
TXN-e2c699a3,ACC-1941,ACC-1665,1095.34,2026-08-13 18:06:06.161838,False
TXN-55ec9f64,ACC-1330,ACC-1786,109988.74,2026-08-13 18:10:06.161838,True
TXN-fd1537b5,ACC-1029,ACC-1081,2885.62,2026-08-13 18:14:06.161838,False
TXN-2d862ad4,ACC-1048,ACC-1763,819.35,2026-08-13 18:18:06.161838,False
TXN-4020be30,ACC-1146,ACC-1583,2646.14,2026-08-13 18:22:06.161838,False
TXN-9612614b,ACC-1253,ACC-1470,2594.5,2026-08-13 18:26:06.161838,False
TXN-7a782509,ACC-1572,ACC-1432,4156.28,2026-08-13 18:30:06.161838,False
TXN-48bcc625,ACC-1211,ACC-1668,4346.13,2026-08-13 18:34:06.161838,False
TXN-b9c3092b,ACC-1269,ACC-1585,4559.96,2026-08-13 18:38:06.161838,False
TXN-abafffab,ACC-1151,ACC-1854,204.69,2026-08-13 18:42:06.161838,False
TXN-70d18cfc,ACC-1204,ACC-1280,353.53,2026-08-13 18:46:06.161838,False
TXN-4e0a213e,ACC-1272,ACC-1128,3045.56,2026-08-13 18:50:06.161838,False
TXN-fbcd5b98,ACC-1291,ACC-1445,3977.32,2026-08-13 18:54:06.161838,False
TXN-da9f1043,ACC-1219,ACC-1518,3429.93,2026-08-13 18:58:06.161838,False
TXN-f6a05445,ACC-1046,ACC-1046,2224.1,2026-08-13 19:02:06.161838,False
TXN-96564458,ACC-1797,ACC-1291,700.61,2026-08-13 19:06:06.161838,False
TXN-ac1a2b4d,ACC-1910,ACC-1310,3608.2,2026-08-13 19:10:06.161838,False
TXN-ff717ae8,ACC-1917,ACC-1674,415.06,2026-08-13 19:14:06.161838,False
TXN-2ab1b5e3,ACC-1530,ACC-1688,2841.52,2026-08-13 19:18:06.161838,False
TXN-e35cdd25,ACC-1129,ACC-1092,4308.23,2026-08-13 19:22:06.161838,False
TXN-5dee167a,ACC-1604,ACC-1675,2835.5,2026-08-13 19:26:06.161838,False
TXN-c40717be,ACC-1003,ACC-1876,1438.9,2026-08-13 19:30:06.161838,False
TXN-08880ef7,ACC-1254,ACC-1623,4594.17,2026-08-13 19:34:06.161838,False
TXN-8cab87f1,ACC-1159,ACC-1669,4516.91,2026-08-13 19:38:06.161838,False
TXN-69f34c14,ACC-1744,ACC-1391,1871.04,2026-08-13 19:42:06.161838,False
TXN-978fc807,ACC-1581,ACC-1186,2861.34,2026-08-13 19:46:06.161838,False
TXN-f40d49dd,ACC-1275,ACC-1779,141046.26,2026-08-13 19:50:06.161838,True
TXN-2ce8ad2e,ACC-1789,ACC-1327,2605.74,2026-08-13 19:54:06.161838,False
TXN-27f5b185,ACC-1364,ACC-1273,687.3,2026-08-13 19:58:06.161838,False
TXN-3d291f93,ACC-1098,ACC-1976,3089.94,2026-08-13 20:02:06.161838,False
TXN-cd4d0db2,ACC-1322,ACC-1439,1968.44,2026-08-13 20:06:06.161838,False
TXN-2b357f55,ACC-1782,ACC-1353,691.87,2026-08-13 20:10:06.161838,False
TXN-cda0ddfe,ACC-1406,ACC-1964,102.98,2026-08-13 20:14:06.161838,False
TXN-7bccbfcb,ACC-1071,ACC-1670,1749.9,2026-08-13 20:18:06.161838,False
TXN-66989e6a,ACC-1547,ACC-1475,2570.33,2026-08-13 20:22:06.161838,False
TXN-4f2b82a2,ACC-1740,ACC-1922,3816.14,2026-08-13 20:26:06.161838,False
TXN-f64ef517,ACC-1715,ACC-1045,699.11,2026-08-13 20:30:06.161838,False
TXN-36977db0,ACC-1135,ACC-1351,4739.36,2026-08-13 20:34:06.161838,False
TXN-9b7bb088,ACC-1314,ACC-1299,2558.47,2026-08-13 20:38:06.161838,False
TXN-b116f782,ACC-1428,ACC-1113,4454.13,2026-08-13 20:42:06.161838,False
TXN-14a373ec,ACC-1519,ACC-1254,4305.14,2026-08-13 20:46:06.161838,False
TXN-0d8565f1,ACC-1627,ACC-1321,615.51,2026-08-13 20:50:06.161838,False
TXN-cae4a606,ACC-1446,ACC-1396,1898.3,2026-08-13 20:54:06.161838,False
TXN-479991d6,ACC-1466,ACC-1642,2337.04,2026-08-13 20:58:06.161838,False
TXN-58101176,ACC-1855,ACC-1845,1515.84,2026-08-13 21:02:06.161838,False
TXN-dab5df68,ACC-1024,ACC-1234,1111.42,2026-08-13 21:06:06.161838,False
TXN-5a637466,ACC-1613,ACC-1972,2518.38,2026-08-13 21:10:06.161838,False
TXN-eb53652c,ACC-1948,ACC-1372,382.53,2026-08-13 21:14:06.161838,False
TXN-821ac099,ACC-1834,ACC-1745,447.41,2026-08-13 21:18:06.161838,False
TXN-fd524187,ACC-1706,ACC-1396,80661.33,2026-08-13 21:22:06.161838,True
TXN-b8133981,ACC-1478,ACC-1931,3153.09,2026-08-13 21:26:06.161838,False
TXN-9539a77d,ACC-1127,ACC-1053,2708.35,2026-08-13 21:30:06.161838,False
TXN-5e404070,ACC-1489,ACC-1632,2160.98,2026-08-13 21:34:06.161838,False
TXN-7b033c07,ACC-1896,ACC-1652,1124.21,2026-08-13 21:38:06.161838,False
TXN-7be3352b,ACC-1479,ACC-1771,968.42,2026-08-13 21:42:06.161838,False
TXN-87bace39,ACC-1443,ACC-1959,1957.37,2026-08-13 21:46:06.161838,False
TXN-a3d65a84,ACC-1008,ACC-1966,3777.02,2026-08-13 21:50:06.161838,False
TXN-52c5f2c2,ACC-1737,ACC-1371,108551.38,2026-08-13 21:54:06.161838,True
TXN-6bb31d88,ACC-1935,ACC-1739,1533.57,2026-08-13 21:58:06.161838,False
TXN-5ade2ade,ACC-1702,ACC-1222,845.3,2026-08-13 22:02:06.161838,False
TXN-b34429cb,ACC-1675,ACC-1330,3723.26,2026-08-13 22:06:06.161838,False
TXN-1a674677,ACC-1423,ACC-1824,3578.03,2026-08-13 22:10:06.161838,False
TXN-98ad1032,ACC-1108,ACC-1679,972.64,2026-08-13 22:14:06.161838,False
TXN-3c498a98,ACC-1540,ACC-1921,2524.34,2026-08-13 22:18:06.161838,False
TXN-a7360f28,ACC-1481,ACC-1635,680.11,2026-08-13 22:22:06.161838,False
TXN-3778cd59,ACC-1137,ACC-1072,3458.56,2026-08-13 22:26:06.161838,False
TXN-7d00ba37,ACC-1098,ACC-1216,1289.63,2026-08-13 22:30:06.161838,False
TXN-1ec9f1fe,ACC-1327,ACC-1496,4175.47,2026-08-13 22:34:06.161838,False
TXN-76dda6fe,ACC-1792,ACC-1179,1123.59,2026-08-13 22:38:06.161838,False
TXN-c774c42a,ACC-1912,ACC-1958,3417.4,2026-08-13 22:42:06.161838,False
TXN-2b6332f4,ACC-1501,ACC-1726,4202.85,2026-08-13 22:46:06.161838,False
TXN-49f93d5d,ACC-1139,ACC-1754,3068.16,2026-08-13 22:50:06.161838,False
TXN-74df9f00,ACC-1627,ACC-1784,2914.49,2026-08-13 22:54:06.161838,False
TXN-a6005888,ACC-1962,ACC-1639,2799.11,2026-08-13 22:58:06.161838,False
TXN-69c45ee0,ACC-1658,ACC-1214,4573.29,2026-08-13 23:02:06.161838,False
TXN-26fd54c4,ACC-1755,ACC-1589,1934.91,2026-08-13 23:06:06.161838,False
TXN-2e56939c,ACC-1459,ACC-1554,3955.67,2026-08-13 23:10:06.161838,False
TXN-f1bd2937,ACC-1232,ACC-1474,3545.12,2026-08-13 23:14:06.161838,False
TXN-c4e481b5,ACC-1301,ACC-1685,929.54,2026-08-13 23:18:06.161838,False
TXN-245c6932,ACC-1371,ACC-1784,1347.5,2026-08-13 23:22:06.161838,False
TXN-b3081526,ACC-1878,ACC-1491,921.45,2026-08-13 23:26:06.161838,False
TXN-b47861e9,ACC-1443,ACC-1842,1118.72,2026-08-13 23:30:06.161838,False
TXN-bd4e2783,ACC-1282,ACC-1841,2493.23,2026-08-13 23:34:06.161838,False
TXN-4d594c60,ACC-1092,ACC-1546,1294.41,2026-08-13 23:38:06.161838,False
TXN-b9ef8a62,ACC-1598,ACC-1558,4444.44,2026-08-13 23:42:06.161838,False
TXN-3ce038de,ACC-1055,ACC-1547,301.88,2026-08-13 23:46:06.161838,False
TXN-14c91bf4,ACC-1639,ACC-1803,72339.37,2026-08-13 23:50:06.161838,True
TXN-4853c426,ACC-1618,ACC-1296,1982.88,2026-08-13 23:54:06.161838,False
TXN-de8b4e44,ACC-1767,ACC-1006,331.59,2026-08-13 23:58:06.161838,False
TXN-a8f50343,ACC-1653,ACC-1635,2593.27,2026-08-14 00:02:06.161838,False
TXN-a220e9dc,ACC-1665,ACC-1417,2045.65,2026-08-14 00:06:06.161838,False
TXN-8c143719,ACC-1232,ACC-1777,99207.79,2026-08-14 00:10:06.161838,True
TXN-8541f0d8,ACC-1909,ACC-1370,2102.65,2026-08-14 00:14:06.161838,False
TXN-90202206,ACC-1325,ACC-1259,4884.72,2026-08-14 00:18:06.161838,False
TXN-4b93a81a,ACC-1984,ACC-1715,3595.13,2026-08-14 00:22:06.161838,False
TXN-ab01140c,ACC-1603,ACC-1416,4607.49,2026-08-14 00:26:06.161838,False
TXN-8c854702,ACC-1038,ACC-1219,1533.23,2026-08-14 00:30:06.161838,False
TXN-5046b565,ACC-1873,ACC-1984,4867.84,2026-08-14 00:34:06.161838,False
TXN-6f2093f4,ACC-1717,ACC-1700,1916.63,2026-08-14 00:38:06.161838,False
TXN-3d5049df,ACC-1302,ACC-1270,453.03,2026-08-14 00:42:06.161838,False
TXN-63353e5d,ACC-1087,ACC-1727,4127.32,2026-08-14 00:46:06.161838,False
TXN-d4f72b5f,ACC-1567,ACC-1309,106860.35,2026-08-14 00:50:06.161838,True
TXN-fe503089,ACC-1360,ACC-1211,607.31,2026-08-14 00:54:06.161838,False
TXN-5a18dcfd,ACC-1639,ACC-1932,424.57,2026-08-14 00:58:06.161838,False
TXN-dcb840de,ACC-1429,ACC-1654,3763.54,2026-08-14 01:02:06.161838,False
TXN-be88c0a8,ACC-1775,ACC-1098,963.38,2026-08-14 01:06:06.161838,False
TXN-e427a892,ACC-1538,ACC-1417,3142.3,2026-08-14 01:10:06.161838,False
TXN-c7855197,ACC-1409,ACC-1082,3659.38,2026-08-14 01:14:06.161838,False
TXN-2ffa6b5f,ACC-1359,ACC-1746,757.8,2026-08-14 01:18:06.161838,False
TXN-0afbcc67,ACC-1260,ACC-1959,2262.73,2026-08-14 01:22:06.161838,False
TXN-ec1c5ec4,ACC-1682,ACC-1064,446.75,2026-08-14 01:26:06.161838,False
TXN-d484b9f7,ACC-1426,ACC-1902,1309.59,2026-08-14 01:30:06.161838,False
TXN-41932a73,ACC-1502,ACC-1341,1677.8,2026-08-14 01:34:06.161838,False
TXN-b260a495,ACC-1649,ACC-1675,1281.59,2026-08-14 01:38:06.161838,False
TXN-42fb631f,ACC-1285,ACC-1659,3515.97,2026-08-14 01:42:06.161838,False
TXN-ad0edf69,ACC-1699,ACC-1207,1861.78,2026-08-14 01:46:06.161838,False
TXN-9d9fb930,ACC-1425,ACC-1103,2606.52,2026-08-14 01:50:06.161838,False
TXN-60ae6f8f,ACC-1964,ACC-1354,2088.84,2026-08-14 01:54:06.161838,False
TXN-01eb5cd4,ACC-1195,ACC-1564,1512.79,2026-08-14 01:58:06.161838,False
TXN-1c87b7bf,ACC-1863,ACC-1290,1920.61,2026-08-14 02:02:06.161838,False
TXN-075842e4,ACC-1438,ACC-1427,3257.23,2026-08-14 02:06:06.161838,False
TXN-153bb015,ACC-1553,ACC-1082,153723.37,2026-08-14 02:10:06.161838,True
TXN-8087d4d0,ACC-1914,ACC-1294,2429.21,2026-08-14 02:14:06.161838,False
TXN-8a9946b7,ACC-1290,ACC-1205,1615.9,2026-08-14 02:18:06.161838,False
TXN-5fbd1454,ACC-1227,ACC-1398,2448.43,2026-08-14 02:22:06.161838,False
TXN-cdb20650,ACC-1139,ACC-1943,2826.41,2026-08-14 02:26:06.161838,False
TXN-3c11a034,ACC-1268,ACC-1688,4438.93,2026-08-14 02:30:06.161838,False
TXN-e1e73aa7,ACC-1708,ACC-1760,1491.65,2026-08-14 02:34:06.161838,False
TXN-88547abf,ACC-1535,ACC-1324,4764.55,2026-08-14 02:38:06.161838,False
TXN-b92be06b,ACC-1965,ACC-1697,4691.11,2026-08-14 02:42:06.161838,False
TXN-4f431eba,ACC-1542,ACC-1100,1359.46,2026-08-14 02:46:06.161838,False
TXN-cee7b31a,ACC-1281,ACC-1847,659.71,2026-08-14 02:50:06.161838,False
TXN-d50947a9,ACC-1807,ACC-1188,3600.12,2026-08-14 02:54:06.161838,False
TXN-c2158dfe,ACC-1597,ACC-1612,2026.47,2026-08-14 02:58:06.161838,False
TXN-5a7eec46,ACC-1063,ACC-1597,1642.02,2026-08-14 03:02:06.161838,False
TXN-46c80923,ACC-1683,ACC-1206,4458.28,2026-08-14 03:06:06.161838,False
TXN-4e38e22f,ACC-1903,ACC-1557,2291.8,2026-08-14 03:10:06.161838,False
TXN-025ed7f5,ACC-1766,ACC-1204,3099.85,2026-08-14 03:14:06.161838,False
TXN-6900015a,ACC-1768,ACC-1042,937.82,2026-08-14 03:18:06.161838,False
TXN-a1301834,ACC-1318,ACC-1217,4036.93,2026-08-14 03:22:06.161838,False
TXN-23454065,ACC-1212,ACC-1429,3105.84,2026-08-14 03:26:06.161838,False
TXN-19b4a887,ACC-1353,ACC-1369,3411.04,2026-08-14 03:30:06.161838,False
TXN-75d3d416,ACC-1196,ACC-1908,414.32,2026-08-14 03:34:06.161838,False
TXN-6f037940,ACC-1591,ACC-1729,1677.85,2026-08-14 03:38:06.161838,False
TXN-7279ca88,ACC-1920,ACC-1666,2519.07,2026-08-14 03:42:06.161838,False
TXN-c918ea75,ACC-1523,ACC-1782,658.54,2026-08-14 03:46:06.161838,False
TXN-7ba16b8f,ACC-1047,ACC-1306,2476.54,2026-08-14 03:50:06.161838,False
TXN-2c523ce3,ACC-1035,ACC-1409,2324.63,2026-08-14 03:54:06.161838,False
TXN-ee41f953,ACC-1885,ACC-1789,2796.83,2026-08-14 03:58:06.161838,False
TXN-690712af,ACC-1072,ACC-1489,4842.59,2026-08-14 04:02:06.161838,False
TXN-b31727c4,ACC-1655,ACC-1864,1215.67,2026-08-14 04:06:06.161838,False
TXN-48ab2482,ACC-1294,ACC-1144,139187.42,2026-08-14 04:10:06.161838,True
TXN-bb00d0da,ACC-1244,ACC-1405,2224.61,2026-08-14 04:14:06.161838,False
TXN-7cd2677d,ACC-1953,ACC-1729,2964.23,2026-08-14 04:18:06.161838,False
TXN-3fc9fd44,ACC-1088,ACC-1095,2480.04,2026-08-14 04:22:06.161838,False
TXN-12fad90e,ACC-1983,ACC-1678,116.48,2026-08-14 04:26:06.161838,False
TXN-d05883cb,ACC-1765,ACC-1370,3121.88,2026-08-14 04:30:06.161838,False
TXN-c79997a5,ACC-1282,ACC-1094,1713.23,2026-08-14 04:34:06.161838,False
TXN-e6fa631d,ACC-1043,ACC-1631,1880.91,2026-08-14 04:38:06.161838,False
TXN-2249c9ff,ACC-1549,ACC-1411,415.95,2026-08-14 04:42:06.161838,False
TXN-e8034c03,ACC-1716,ACC-1641,1876.77,2026-08-14 04:46:06.161838,False
TXN-40f8a8db,ACC-1877,ACC-1738,1163.77,2026-08-14 04:50:06.161838,False
TXN-b6f6c9fc,ACC-1085,ACC-1702,3726.04,2026-08-14 04:54:06.161838,False
TXN-159f129b,ACC-1388,ACC-1190,1458.42,2026-08-14 04:58:06.161838,False
TXN-0ae811b3,ACC-1075,ACC-1459,154443.05,2026-08-14 05:02:06.161838,True
TXN-a5e07b01,ACC-1784,ACC-1187,3021.62,2026-08-14 05:06:06.161838,False
TXN-c2f98ccb,ACC-1485,ACC-1778,149653.13,2026-08-14 05:10:06.161838,True
TXN-46957d16,ACC-1482,ACC-1578,2788.87,2026-08-14 05:14:06.161838,False
TXN-c5f360c1,ACC-1418,ACC-1313,1859.37,2026-08-14 05:18:06.161838,False
TXN-574c24ed,ACC-1109,ACC-1342,3193.22,2026-08-14 05:22:06.161838,False
TXN-5813796e,ACC-1422,ACC-1752,4970.06,2026-08-14 05:26:06.161838,False
TXN-6883134b,ACC-1866,ACC-1701,2038.1,2026-08-14 05:30:06.161838,False
TXN-55822796,ACC-1954,ACC-1933,2720.81,2026-08-14 05:34:06.161838,False
TXN-4ac1154a,ACC-1977,ACC-1319,983.39,2026-08-14 05:38:06.161838,False
TXN-08c8f32a,ACC-1633,ACC-1767,3371.57,2026-08-14 05:42:06.161838,False
TXN-8b74d1d6,ACC-1906,ACC-1143,1062.87,2026-08-14 05:46:06.161838,False
TXN-c119b48c,ACC-1033,ACC-1023,144.68,2026-08-14 05:50:06.161838,False
TXN-ce9088c9,ACC-1433,ACC-1648,2885.71,2026-08-14 05:54:06.161838,False
TXN-07a94fe1,ACC-1532,ACC-1138,1869.78,2026-08-14 05:58:06.161838,False
TXN-b10d8b81,ACC-1100,ACC-1684,1807.19,2026-08-14 06:02:06.161838,False
TXN-afbb912a,ACC-1638,ACC-1750,4119.81,2026-08-14 06:06:06.161838,False
TXN-3c35849c,ACC-1989,ACC-1840,2156.59,2026-08-14 06:10:06.161838,False
TXN-798243eb,ACC-1575,ACC-1806,654.65,2026-08-14 06:14:06.161838,False
TXN-56d4577c,ACC-1658,ACC-1603,794.08,2026-08-14 06:18:06.161838,False
TXN-b460077c,ACC-1020,ACC-1490,490.78,2026-08-14 06:22:06.161838,False
TXN-4083af3b,ACC-1453,ACC-1734,3905.01,2026-08-14 06:26:06.161838,False
TXN-3cf28456,ACC-1624,ACC-1963,721.46,2026-08-14 06:30:06.161838,False
TXN-e8fe4fa2,ACC-1588,ACC-1486,3966.6,2026-08-14 06:34:06.161838,False
TXN-69d83ef9,ACC-1850,ACC-1635,3815.25,2026-08-14 06:38:06.161838,False
TXN-57ea5be0,ACC-1259,ACC-1868,4494.79,2026-08-14 06:42:06.161838,False
TXN-340a1215,ACC-1500,ACC-1382,768.75,2026-08-14 06:46:06.161838,False
TXN-a449a021,ACC-1943,ACC-1805,4414.93,2026-08-14 06:50:06.161838,False
TXN-735ac52d,ACC-1193,ACC-1223,483.1,2026-08-14 06:54:06.161838,False
TXN-90b9a6b4,ACC-1071,ACC-1739,82596.83,2026-08-14 06:58:06.161838,True
TXN-9b744a88,ACC-1053,ACC-1772,1312.91,2026-08-14 07:02:06.161838,False
TXN-ec34eb9f,ACC-1835,ACC-1559,65033.68,2026-08-14 07:06:06.161838,True
TXN-98c97050,ACC-1438,ACC-1144,1378.1,2026-08-14 07:10:06.161838,False
TXN-2f0dd0e8,ACC-1610,ACC-1300,612.38,2026-08-14 07:14:06.161838,False
TXN-5d23c788,ACC-1616,ACC-1365,967.87,2026-08-14 07:18:06.161838,False
TXN-59e2e043,ACC-1654,ACC-1808,1777.95,2026-08-14 07:22:06.161838,False
TXN-d8b93885,ACC-1042,ACC-1751,2200.96,2026-08-14 07:26:06.161838,False
TXN-8fa84e32,ACC-1926,ACC-1943,862.64,2026-08-14 07:30:06.161838,False
TXN-338be1e9,ACC-1151,ACC-1345,1578.96,2026-08-14 07:34:06.161838,False
TXN-5a03bded,ACC-1834,ACC-1781,4371.41,2026-08-14 07:38:06.161838,False
TXN-ab3ee054,ACC-1763,ACC-1433,2215.55,2026-08-14 07:42:06.161838,False
TXN-19a3c6b8,ACC-1227,ACC-1516,2013.55,2026-08-14 07:46:06.161838,False
TXN-25c75950,ACC-1952,ACC-1147,3728.38,2026-08-14 07:50:06.161838,False
TXN-1d44f333,ACC-1228,ACC-1404,2546.55,2026-08-14 07:54:06.161838,False
TXN-1f02c1dd,ACC-1942,ACC-1955,1067.29,2026-08-14 07:58:06.161838,False
TXN-8ff0994a,ACC-1504,ACC-1626,1455.81,2026-08-14 08:02:06.161838,False
TXN-91f2a9f5,ACC-1767,ACC-1168,225.88,2026-08-14 08:06:06.161838,False
TXN-af2b81f6,ACC-1781,ACC-1552,3430.35,2026-08-14 08:10:06.161838,False
TXN-2e8926ad,ACC-1254,ACC-1138,970.6,2026-08-14 08:14:06.161838,False
TXN-f1f3d04d,ACC-1277,ACC-1470,1182.44,2026-08-14 08:18:06.161838,False
TXN-ec34a18b,ACC-1773,ACC-1372,4305.85,2026-08-14 08:22:06.161838,False
TXN-f5440f1e,ACC-1876,ACC-1841,1916.85,2026-08-14 08:26:06.161838,False
TXN-4e380534,ACC-1480,ACC-1026,786.5,2026-08-14 08:30:06.161838,False
TXN-8621e1e6,ACC-1974,ACC-1220,2448.31,2026-08-14 08:34:06.161838,False
TXN-d2d897e0,ACC-1527,ACC-1289,4345.95,2026-08-14 08:38:06.161838,False
TXN-9bd7dce5,ACC-1560,ACC-1045,1180.03,2026-08-14 08:42:06.161838,False
TXN-4884f25f,ACC-1855,ACC-1260,1886.86,2026-08-14 08:46:06.161838,False
TXN-7f523e6b,ACC-1844,ACC-1621,4736.44,2026-08-14 08:50:06.161838,False
TXN-9cdb2a29,ACC-1408,ACC-1521,358.67,2026-08-14 08:54:06.161838,False
TXN-a9b35c6e,ACC-1259,ACC-1164,3030.07,2026-08-14 08:58:06.161838,False
TXN-fe7937dd,ACC-1308,ACC-1730,607.68,2026-08-14 09:02:06.161838,False
TXN-95ace1d7,ACC-1951,ACC-1653,3997.42,2026-08-14 09:06:06.161838,False
TXN-061ba000,ACC-1317,ACC-1525,1827.19,2026-08-14 09:10:06.161838,False
TXN-8de98577,ACC-1373,ACC-1044,1998.04,2026-08-14 09:14:06.161838,False
TXN-cb25f93a,ACC-1406,ACC-1657,1584.62,2026-08-14 09:18:06.161838,False
TXN-04456146,ACC-1118,ACC-1777,3089.22,2026-08-14 09:22:06.161838,False
TXN-8372714e,ACC-1541,ACC-1626,476.02,2026-08-14 09:26:06.161838,False
TXN-a128b92d,ACC-1739,ACC-1521,2119.3,2026-08-14 09:30:06.161838,False
TXN-5430ab02,ACC-1669,ACC-1171,697.41,2026-08-14 09:34:06.161838,False
TXN-abf8251c,ACC-1121,ACC-1953,2304.78,2026-08-14 09:38:06.161838,False
TXN-e8bfbe73,ACC-1747,ACC-1111,3832.31,2026-08-14 09:42:06.161838,False
TXN-ff5dfedb,ACC-1949,ACC-1944,2346.57,2026-08-14 09:46:06.161838,False
TXN-d4654dc8,ACC-1339,ACC-1983,3874.07,2026-08-14 09:50:06.161838,False
TXN-a8135096,ACC-1464,ACC-1215,2553.94,2026-08-14 09:54:06.161838,False
TXN-5ee836ea,ACC-1393,ACC-1614,4690.25,2026-08-14 09:58:06.161838,False
TXN-7b05a3d4,ACC-1699,ACC-1745,2029.47,2026-08-14 10:02:06.161838,False
TXN-2e0e351a,ACC-1910,ACC-1347,1122.43,2026-08-14 10:06:06.161838,False
TXN-306b995f,ACC-1739,ACC-1992,3261.82,2026-08-14 10:10:06.161838,False
TXN-192af5ff,ACC-1362,ACC-1136,504.99,2026-08-14 10:14:06.161838,False
TXN-8a1569f7,ACC-1959,ACC-1197,1066.37,2026-08-14 10:18:06.161838,False
TXN-c8bfa448,ACC-1289,ACC-1000,4267.34,2026-08-14 10:22:06.161838,False
TXN-801b5263,ACC-1229,ACC-1788,4326.88,2026-08-14 10:26:06.161838,False
TXN-06a487f1,ACC-1986,ACC-1049,4521.82,2026-08-14 10:30:06.161838,False
TXN-f3047d18,ACC-1337,ACC-1324,4221.64,2026-08-14 10:34:06.161838,False
TXN-8987cfa7,ACC-1742,ACC-1160,4092.61,2026-08-14 10:38:06.161838,False
TXN-6d7b54d5,ACC-1360,ACC-1327,4048.14,2026-08-14 10:42:06.161838,False
TXN-fe947434,ACC-1771,ACC-1146,2031.78,2026-08-14 10:46:06.161838,False
TXN-4bf7d4a3,ACC-1274,ACC-1968,1886.76,2026-08-14 10:50:06.161838,False
TXN-8165cd9c,ACC-1812,ACC-1620,3920.02,2026-08-14 10:54:06.161838,False
TXN-fb32b652,ACC-1143,ACC-1449,3347.83,2026-08-14 10:58:06.161838,False
TXN-7c9e6ccf,ACC-1109,ACC-1899,87008.58,2026-08-14 11:02:06.161838,True
TXN-980bb480,ACC-1566,ACC-1662,4521.12,2026-08-14 11:06:06.161838,False
TXN-2bb81699,ACC-1653,ACC-1763,3863.04,2026-08-14 11:10:06.161838,False
TXN-b289e429,ACC-1451,ACC-1832,2460.06,2026-08-14 11:14:06.161838,False
TXN-c3abd1b0,ACC-1541,ACC-1000,454.33,2026-08-14 11:18:06.161838,False
TXN-fd2fe780,ACC-1688,ACC-1018,3156.96,2026-08-14 11:22:06.161838,False
TXN-32679986,ACC-1362,ACC-1968,3440.67,2026-08-14 11:26:06.161838,False
TXN-9198c214,ACC-1536,ACC-1221,2021.93,2026-08-14 11:30:06.161838,False
TXN-9febc7a0,ACC-1738,ACC-1437,825.89,2026-08-14 11:34:06.161838,False
TXN-f5b6aea9,ACC-1913,ACC-1535,292.57,2026-08-14 11:38:06.161838,False
TXN-dc18d65d,ACC-1067,ACC-1676,4219.94,2026-08-14 11:42:06.161838,False
TXN-4550cf31,ACC-1854,ACC-1728,852.68,2026-08-14 11:46:06.161838,False
TXN-0a66fe64,ACC-1730,ACC-1407,4195.88,2026-08-14 11:50:06.161838,False
TXN-88271a57,ACC-1521,ACC-1374,2867.95,2026-08-14 11:54:06.161838,False
TXN-fc717437,ACC-1234,ACC-1393,657.83,2026-08-14 11:58:06.161838,False
TXN-d2e31656,ACC-1892,ACC-1101,3209.5,2026-08-14 12:02:06.161838,False
TXN-ad7a6dff,ACC-1464,ACC-1626,3999.57,2026-08-14 12:06:06.161838,False
TXN-d6afa963,ACC-1126,ACC-1061,3786.08,2026-08-14 12:10:06.161838,False
TXN-e0214a4d,ACC-1678,ACC-1794,721.99,2026-08-14 12:14:06.161838,False
TXN-ad574e07,ACC-1343,ACC-1139,3923.98,2026-08-14 12:18:06.161838,False
TXN-4a8bb441,ACC-1214,ACC-1402,1917.78,2026-08-14 12:22:06.161838,False
TXN-e3b2db61,ACC-1988,ACC-1654,4464.9,2026-08-14 12:26:06.161838,False
TXN-3b4cae1e,ACC-1007,ACC-1133,4366.3,2026-08-14 12:30:06.161838,False
TXN-7e87e221,ACC-1445,ACC-1357,4559.35,2026-08-14 12:34:06.161838,False
TXN-2ad518d1,ACC-1399,ACC-1882,59356.88,2026-08-14 12:38:06.161838,True
TXN-4fe27bb3,ACC-1393,ACC-1506,1075.62,2026-08-14 12:42:06.161838,False
TXN-89f97541,ACC-1808,ACC-1106,4610.34,2026-08-14 12:46:06.161838,False
TXN-fb0f6dbf,ACC-1181,ACC-1722,4767.95,2026-08-14 12:50:06.161838,False
TXN-5ae7c9cd,ACC-1547,ACC-1572,3595.0,2026-08-14 12:54:06.161838,False
TXN-d323ffca,ACC-1588,ACC-1945,1534.14,2026-08-14 12:58:06.161838,False
TXN-b772423a,ACC-1756,ACC-1881,1942.41,2026-08-14 13:02:06.161838,False
TXN-dd7bc0f3,ACC-1807,ACC-1235,2599.68,2026-08-14 13:06:06.161838,False
TXN-6c3d5d49,ACC-1748,ACC-1578,3132.22,2026-08-14 13:10:06.161838,False
TXN-8ffdd6d8,ACC-1783,ACC-1777,2125.27,2026-08-14 13:14:06.161838,False
TXN-c4b3215d,ACC-1827,ACC-1240,160328.5,2026-08-14 13:18:06.161838,True
TXN-4caddec0,ACC-1493,ACC-1536,4554.13,2026-08-14 13:22:06.161838,False
TXN-94651f61,ACC-1058,ACC-1308,4040.49,2026-08-14 13:26:06.161838,False
TXN-e2e176e9,ACC-1893,ACC-1742,2204.22,2026-08-14 13:30:06.161838,False
TXN-6c3fca8d,ACC-1277,ACC-1730,397.05,2026-08-14 13:34:06.161838,False
TXN-6541895c,ACC-1273,ACC-1861,712.4,2026-08-14 13:38:06.161838,False
TXN-806ec69e,ACC-1638,ACC-1986,188600.91,2026-08-14 13:42:06.161838,True
TXN-335fac63,ACC-1524,ACC-1466,3816.9,2026-08-14 13:46:06.161838,False
TXN-b00d77a0,ACC-1272,ACC-1681,2133.23,2026-08-14 13:50:06.161838,False
TXN-18ebcf96,ACC-1195,ACC-1353,2117.66,2026-08-14 13:54:06.161838,False
TXN-b337d795,ACC-1351,ACC-1814,3060.23,2026-08-14 13:58:06.161838,False
TXN-b3ea2896,ACC-1072,ACC-1860,3748.14,2026-08-14 14:02:06.161838,False
TXN-d074ba28,ACC-1852,ACC-1092,1160.19,2026-08-14 14:06:06.161838,False
TXN-10974afe,ACC-1442,ACC-1151,179.65,2026-08-14 14:10:06.161838,False
TXN-6d25be15,ACC-1425,ACC-1702,2592.09,2026-08-14 14:14:06.161838,False
TXN-129efee8,ACC-1594,ACC-1830,344.75,2026-08-14 14:18:06.161838,False
TXN-3edb8975,ACC-1373,ACC-1709,3717.38,2026-08-14 14:22:06.161838,False
TXN-114f9c8e,ACC-1568,ACC-1828,4504.57,2026-08-14 14:26:06.161838,False
TXN-87ee377e,ACC-1528,ACC-1918,3559.65,2026-08-14 14:30:06.161838,False
TXN-ccde3ceb,ACC-1250,ACC-1295,1990.25,2026-08-14 14:34:06.161838,False
TXN-275cff6d,ACC-1451,ACC-1119,4366.71,2026-08-14 14:38:06.161838,False
TXN-3c403390,ACC-1226,ACC-1066,3609.56,2026-08-14 14:42:06.161838,False
TXN-3f60e834,ACC-1335,ACC-1444,232.28,2026-08-14 14:46:06.161838,False
TXN-00a02380,ACC-1216,ACC-1776,1921.99,2026-08-14 14:50:06.161838,False
TXN-0e5a3f8c,ACC-1933,ACC-1860,2143.45,2026-08-14 14:54:06.161838,False
TXN-7328f69c,ACC-1909,ACC-1487,1341.09,2026-08-14 14:58:06.161838,False
TXN-b9407fd3,ACC-1679,ACC-1804,2242.25,2026-08-14 15:02:06.161838,False
TXN-f16d342a,ACC-1910,ACC-1078,1695.28,2026-08-14 15:06:06.161838,False
TXN-52b8c4e6,ACC-1378,ACC-1965,1460.17,2026-08-14 15:10:06.161838,False
TXN-b8abffc8,ACC-1636,ACC-1049,3201.5,2026-08-14 15:14:06.161838,False
TXN-76a45e6b,ACC-1843,ACC-1983,4246.71,2026-08-14 15:18:06.161838,False
TXN-6d2e5ad0,ACC-1469,ACC-1797,3577.21,2026-08-14 15:22:06.161838,False
TXN-7061c882,ACC-1477,ACC-1864,2735.16,2026-08-14 15:26:06.161838,False
TXN-59c67cd7,ACC-1595,ACC-1715,1886.04,2026-08-14 15:30:06.161838,False
TXN-756ac035,ACC-1832,ACC-1628,687.04,2026-08-14 15:34:06.161838,False
TXN-4e7534f5,ACC-1710,ACC-1728,3459.53,2026-08-14 15:38:06.161838,False
TXN-1396dee5,ACC-1330,ACC-1924,4190.63,2026-08-14 15:42:06.161838,False
TXN-f6a20762,ACC-1411,ACC-1704,783.05,2026-08-14 15:46:06.161838,False
TXN-34c92b63,ACC-1785,ACC-1504,198.46,2026-08-14 15:50:06.161838,False
TXN-93f1a276,ACC-1587,ACC-1933,3988.06,2026-08-14 15:54:06.161838,False
TXN-1083dbd6,ACC-1224,ACC-1180,2577.75,2026-08-14 15:58:06.161838,False
TXN-f565284b,ACC-1715,ACC-1122,78623.78,2026-08-14 16:02:06.161838,True
TXN-024f3de1,ACC-1944,ACC-1810,2885.48,2026-08-14 16:06:06.161838,False
TXN-8d2d39f3,ACC-1086,ACC-1488,4549.62,2026-08-14 16:10:06.161838,False
TXN-f4606291,ACC-1468,ACC-1149,3810.17,2026-08-14 16:14:06.161838,False
TXN-6bee984e,ACC-1289,ACC-1511,2214.73,2026-08-14 16:18:06.161838,False
TXN-89718d0b,ACC-1078,ACC-1437,3807.62,2026-08-14 16:22:06.161838,False
TXN-e9957e60,ACC-1825,ACC-1638,76819.51,2026-08-14 16:26:06.161838,True
TXN-5dbfaf47,ACC-1309,ACC-1768,3624.93,2026-08-14 16:30:06.161838,False
TXN-0fdf69cc,ACC-1419,ACC-1851,257.49,2026-08-14 16:34:06.161838,False
TXN-b8e3accb,ACC-1449,ACC-1425,3242.02,2026-08-14 16:38:06.161838,False
TXN-7ab5101b,ACC-1805,ACC-1969,4347.7,2026-08-14 16:42:06.161838,False
TXN-02d01b5a,ACC-1688,ACC-1551,3248.78,2026-08-14 16:46:06.161838,False
TXN-3eba2aca,ACC-1830,ACC-1534,934.46,2026-08-14 16:50:06.161838,False
TXN-59e773e3,ACC-1464,ACC-1273,4824.55,2026-08-14 16:54:06.161838,False
TXN-fac38e32,ACC-1502,ACC-1771,2659.22,2026-08-14 16:58:06.161838,False
TXN-a494ed71,ACC-1271,ACC-1424,2267.89,2026-08-14 17:02:06.161838,False
TXN-878b8ed8,ACC-1140,ACC-1900,2967.34,2026-08-14 17:06:06.161838,False
TXN-b249b222,ACC-1159,ACC-1469,4905.08,2026-08-14 17:10:06.161838,False
TXN-9a9e61da,ACC-1957,ACC-1048,2398.64,2026-08-14 17:14:06.161838,False
TXN-2579d165,ACC-1349,ACC-1104,136979.16,2026-08-14 17:18:06.161838,True
TXN-ae10fe4d,ACC-1230,ACC-1606,2590.24,2026-08-14 17:22:06.161838,False
TXN-b8637413,ACC-1796,ACC-1715,3613.67,2026-08-14 17:26:06.161838,False
TXN-b69a043d,ACC-1696,ACC-1052,3856.23,2026-08-14 17:30:06.161838,False
TXN-52e99b09,ACC-1273,ACC-1153,2885.46,2026-08-14 17:34:06.161838,False
TXN-4bf125dd,ACC-1750,ACC-1239,1330.31,2026-08-14 17:38:06.161838,False
TXN-060239c9,ACC-1882,ACC-1481,1778.36,2026-08-14 17:42:06.161838,False
TXN-0ffaec62,ACC-1687,ACC-1803,4234.37,2026-08-14 17:46:06.161838,False
TXN-51e4c074,ACC-1693,ACC-1085,4945.28,2026-08-14 17:50:06.161838,False
TXN-16fb315f,ACC-1107,ACC-1565,3576.3,2026-08-14 17:54:06.161838,False
TXN-813c7dfb,ACC-1105,ACC-1123,4538.47,2026-08-14 17:58:06.161838,False
TXN-75c9a135,ACC-1168,ACC-1005,3316.53,2026-08-14 18:02:06.161838,False
TXN-c5bd1d70,ACC-1485,ACC-1896,2578.8,2026-08-14 18:06:06.161838,False
TXN-28428ec9,ACC-1521,ACC-1238,4716.94,2026-08-14 18:10:06.161838,False
TXN-dfdb3af0,ACC-1118,ACC-1620,143.41,2026-08-14 18:14:06.161838,False
TXN-d36651eb,ACC-1077,ACC-1854,3027.72,2026-08-14 18:18:06.161838,False
TXN-49174c09,ACC-1971,ACC-1422,173519.33,2026-08-14 18:22:06.161838,True
TXN-25b363b4,ACC-1716,ACC-1726,2982.94,2026-08-14 18:26:06.161838,False
TXN-c3e09c2f,ACC-1951,ACC-1395,1540.73,2026-08-14 18:30:06.161838,False
TXN-ed419ff5,ACC-1329,ACC-1074,452.02,2026-08-14 18:34:06.161838,False
TXN-8a51b0d2,ACC-1482,ACC-1872,1518.64,2026-08-14 18:38:06.161838,False
TXN-d4e7e361,ACC-1124,ACC-1184,4343.61,2026-08-14 18:42:06.161838,False
TXN-02b8b06c,ACC-1469,ACC-1041,3330.63,2026-08-14 18:46:06.161838,False
TXN-49c42e61,ACC-1385,ACC-1236,3884.0,2026-08-14 18:50:06.161838,False
TXN-4b2160cd,ACC-1233,ACC-1472,2637.43,2026-08-14 18:54:06.161838,False
TXN-688de2df,ACC-1467,ACC-1298,3617.03,2026-08-14 18:58:06.161838,False
TXN-fe8879eb,ACC-1294,ACC-1843,129322.99,2026-08-14 19:02:06.161838,True
TXN-db7cc1da,ACC-1397,ACC-1742,2905.93,2026-08-14 19:06:06.161838,False
TXN-6d426254,ACC-1884,ACC-1621,99828.68,2026-08-14 19:10:06.161838,True
TXN-3ff92cb6,ACC-1061,ACC-1387,280.36,2026-08-14 19:14:06.161838,False
TXN-64594a5a,ACC-1618,ACC-1420,444.8,2026-08-14 19:18:06.161838,False
TXN-de21c8e6,ACC-1541,ACC-1535,4966.76,2026-08-14 19:22:06.161838,False
TXN-ba7c55df,ACC-1851,ACC-1086,2291.5,2026-08-14 19:26:06.161838,False
TXN-8a7743d6,ACC-1526,ACC-1052,112.05,2026-08-14 19:30:06.161838,False
TXN-b60ffae0,ACC-1994,ACC-1997,4397.89,2026-08-14 19:34:06.161838,False
TXN-1284fdd1,ACC-1225,ACC-1431,2391.8,2026-08-14 19:38:06.161838,False
TXN-fd034b10,ACC-1157,ACC-1529,1417.85,2026-08-14 19:42:06.161838,False
TXN-69ec08de,ACC-1900,ACC-1440,3884.43,2026-08-14 19:46:06.161838,False
TXN-8102bc3d,ACC-1154,ACC-1786,4577.97,2026-08-14 19:50:06.161838,False
TXN-19aa8911,ACC-1393,ACC-1780,3921.65,2026-08-14 19:54:06.161838,False
TXN-5755abdb,ACC-1304,ACC-1644,4769.48,2026-08-14 19:58:06.161838,False
TXN-6d43171d,ACC-1419,ACC-1977,3922.56,2026-08-14 20:02:06.161838,False
TXN-7b583c94,ACC-1139,ACC-1459,4488.65,2026-08-14 20:06:06.161838,False
TXN-21795e6d,ACC-1368,ACC-1006,4477.15,2026-08-14 20:10:06.161838,False
TXN-342cd8c9,ACC-1309,ACC-1839,160422.16,2026-08-14 20:14:06.161838,True
TXN-8593030b,ACC-1987,ACC-1512,4777.35,2026-08-14 20:18:06.161838,False
TXN-dafbbfd6,ACC-1590,ACC-1393,2399.03,2026-08-14 20:22:06.161838,False
TXN-22831886,ACC-1874,ACC-1926,258.11,2026-08-14 20:26:06.161838,False
TXN-d9d1e80f,ACC-1699,ACC-1823,1332.29,2026-08-14 20:30:06.161838,False
TXN-64dd8aff,ACC-1027,ACC-1812,3194.59,2026-08-14 20:34:06.161838,False
TXN-7bad3591,ACC-1405,ACC-1476,4795.68,2026-08-14 20:38:06.161838,False
TXN-ae1dbb9b,ACC-1569,ACC-1637,1972.49,2026-08-14 20:42:06.161838,False
TXN-4c784b77,ACC-1927,ACC-1076,3971.03,2026-08-14 20:46:06.161838,False
TXN-6c229ad2,ACC-1483,ACC-1831,3327.59,2026-08-14 20:50:06.161838,False
TXN-3c3d4d52,ACC-1758,ACC-1328,4645.66,2026-08-14 20:54:06.161838,False
TXN-a62bdbac,ACC-1053,ACC-1486,3616.79,2026-08-14 20:58:06.161838,False
TXN-206c6e87,ACC-1350,ACC-1273,2060.86,2026-08-14 21:02:06.161838,False
TXN-796ec94f,ACC-1717,ACC-1832,783.83,2026-08-14 21:06:06.161838,False
TXN-88b6353e,ACC-1751,ACC-1640,2691.08,2026-08-14 21:10:06.161838,False
TXN-b9edc23d,ACC-1629,ACC-1437,4251.79,2026-08-14 21:14:06.161838,False
TXN-10638b3f,ACC-1457,ACC-1307,3609.39,2026-08-14 21:18:06.161838,False
TXN-54e1c133,ACC-1219,ACC-1625,1885.94,2026-08-14 21:22:06.161838,False
TXN-f5f95e5c,ACC-1012,ACC-1524,3114.81,2026-08-14 21:26:06.161838,False
TXN-20ed420f,ACC-1661,ACC-1861,1406.47,2026-08-14 21:30:06.161838,False
TXN-71ff29cd,ACC-1523,ACC-1107,1805.62,2026-08-14 21:34:06.161838,False
TXN-6027d37d,ACC-1223,ACC-1627,3505.94,2026-08-14 21:38:06.161838,False
TXN-b770f69b,ACC-1538,ACC-1570,889.1,2026-08-14 21:42:06.161838,False
TXN-9ee1728b,ACC-1593,ACC-1334,1555.82,2026-08-14 21:46:06.161838,False
TXN-7815d96c,ACC-1608,ACC-1143,3530.89,2026-08-14 21:50:06.161838,False
TXN-eee7abf4,ACC-1525,ACC-1001,3422.83,2026-08-14 21:54:06.161838,False
TXN-1e7f5bf2,ACC-1962,ACC-1421,2028.77,2026-08-14 21:58:06.161838,False
TXN-e7796b75,ACC-1499,ACC-1934,4232.83,2026-08-14 22:02:06.161838,False
TXN-c1fc7329,ACC-1562,ACC-1812,141757.82,2026-08-14 22:06:06.161838,True
TXN-a4b9da49,ACC-1680,ACC-1560,3089.15,2026-08-14 22:10:06.161838,False
TXN-7c5125bc,ACC-1405,ACC-1014,4083.47,2026-08-14 22:14:06.161838,False
TXN-fa4b4b74,ACC-1736,ACC-1566,191037.98,2026-08-14 22:18:06.161838,True
TXN-1bb8bb13,ACC-1788,ACC-1790,3326.93,2026-08-14 22:22:06.161838,False
TXN-76e691e0,ACC-1066,ACC-1859,1153.17,2026-08-14 22:26:06.161838,False
TXN-bccddcc1,ACC-1958,ACC-1217,1803.97,2026-08-14 22:30:06.161838,False
TXN-b9cb9ddc,ACC-1896,ACC-1964,3655.79,2026-08-14 22:34:06.161838,False
TXN-7716e63f,ACC-1847,ACC-1298,1038.22,2026-08-14 22:38:06.161838,False
TXN-21bd9609,ACC-1367,ACC-1476,3142.27,2026-08-14 22:42:06.161838,False
TXN-f034393d,ACC-1419,ACC-1640,4472.71,2026-08-14 22:46:06.161838,False
TXN-db51243c,ACC-1167,ACC-1333,4102.43,2026-08-14 22:50:06.161838,False
TXN-b396b874,ACC-1583,ACC-1591,4193.75,2026-08-14 22:54:06.161838,False
TXN-d94e6cf3,ACC-1172,ACC-1278,125.71,2026-08-14 22:58:06.161838,False
TXN-3f4a30cb,ACC-1238,ACC-1780,429.12,2026-08-14 23:02:06.161838,False
TXN-55dcf06a,ACC-1037,ACC-1666,4319.3,2026-08-14 23:06:06.161838,False
TXN-458556bc,ACC-1195,ACC-1271,870.84,2026-08-14 23:10:06.161838,False
TXN-b748c5e7,ACC-1748,ACC-1028,4456.29,2026-08-14 23:14:06.161838,False
TXN-a4cca24a,ACC-1765,ACC-1638,3557.26,2026-08-14 23:18:06.161838,False
TXN-43168911,ACC-1912,ACC-1395,186827.1,2026-08-14 23:22:06.161838,True
TXN-05450983,ACC-1164,ACC-1529,1115.44,2026-08-14 23:26:06.161838,False
TXN-e2e52eb2,ACC-1987,ACC-1582,4176.45,2026-08-14 23:30:06.161838,False
TXN-d07ad859,ACC-1507,ACC-1647,3005.38,2026-08-14 23:34:06.161838,False
TXN-d85b73d4,ACC-1730,ACC-1036,3670.71,2026-08-14 23:38:06.161838,False
TXN-19365841,ACC-1385,ACC-1496,4956.32,2026-08-14 23:42:06.161838,False
TXN-035ad39d,ACC-1863,ACC-1470,1036.71,2026-08-14 23:46:06.161838,False
TXN-dba98531,ACC-1512,ACC-1281,511.15,2026-08-14 23:50:06.161838,False
TXN-b936f57a,ACC-1693,ACC-1860,1978.43,2026-08-14 23:54:06.161838,False
TXN-af882a6a,ACC-1727,ACC-1203,4443.83,2026-08-14 23:58:06.161838,False
TXN-06a78ada,ACC-1706,ACC-1058,3049.19,2026-08-15 00:02:06.161838,False
TXN-586c1df2,ACC-1742,ACC-1463,4064.45,2026-08-15 00:06:06.161838,False
TXN-ccc2aee1,ACC-1882,ACC-1091,1796.79,2026-08-15 00:10:06.161838,False
TXN-8466195c,ACC-1826,ACC-1300,4975.23,2026-08-15 00:14:06.161838,False
TXN-6c0aae18,ACC-1507,ACC-1987,4692.5,2026-08-15 00:18:06.161838,False
TXN-296215ac,ACC-1259,ACC-1973,1848.63,2026-08-15 00:22:06.161838,False
TXN-6b559336,ACC-1242,ACC-1578,4985.75,2026-08-15 00:26:06.161838,False
TXN-ab60e098,ACC-1605,ACC-1499,1258.75,2026-08-15 00:30:06.161838,False
TXN-e3794b53,ACC-1420,ACC-1328,1264.99,2026-08-15 00:34:06.161838,False
TXN-3abd54fe,ACC-1921,ACC-1237,1987.64,2026-08-15 00:38:06.161838,False
TXN-a3d6c036,ACC-1506,ACC-1213,4712.63,2026-08-15 00:42:06.161838,False
TXN-d9d8ada6,ACC-1976,ACC-1254,148758.69,2026-08-15 00:46:06.161838,True
TXN-3db42be5,ACC-1361,ACC-1912,3074.78,2026-08-15 00:50:06.161838,False
TXN-d98ca7da,ACC-1822,ACC-1991,2249.45,2026-08-15 00:54:06.161838,False
TXN-d7cad0c9,ACC-1838,ACC-1119,4413.93,2026-08-15 00:58:06.161838,False
TXN-ec450a5b,ACC-1358,ACC-1203,2120.57,2026-08-15 01:02:06.161838,False
TXN-8c34f4c2,ACC-1850,ACC-1881,950.26,2026-08-15 01:06:06.161838,False
TXN-54b697e1,ACC-1793,ACC-1945,4332.79,2026-08-15 01:10:06.161838,False
TXN-dde65c41,ACC-1779,ACC-1544,2817.03,2026-08-15 01:14:06.161838,False
TXN-2df42300,ACC-1640,ACC-1842,3177.26,2026-08-15 01:18:06.161838,False
TXN-158e960a,ACC-1601,ACC-1633,445.53,2026-08-15 01:22:06.161838,False
TXN-d69eef75,ACC-1826,ACC-1215,4525.64,2026-08-15 01:26:06.161838,False
TXN-dc1896e5,ACC-1476,ACC-1449,1871.11,2026-08-15 01:30:06.161838,False
TXN-27d4d53b,ACC-1888,ACC-1796,1901.44,2026-08-15 01:34:06.161838,False
TXN-5ca28c3a,ACC-1420,ACC-1143,116182.89,2026-08-15 01:38:06.161838,True
TXN-25f81bc6,ACC-1962,ACC-1905,903.91,2026-08-15 01:42:06.161838,False
TXN-dbc145d2,ACC-1415,ACC-1262,682.63,2026-08-15 01:46:06.161838,False
TXN-622b229f,ACC-1759,ACC-1468,4009.9,2026-08-15 01:50:06.161838,False
TXN-1ec8fb02,ACC-1058,ACC-1689,3431.56,2026-08-15 01:54:06.161838,False
TXN-dcc1413d,ACC-1360,ACC-1470,2209.56,2026-08-15 01:58:06.161838,False
TXN-caea8f5d,ACC-1255,ACC-1550,2673.0,2026-08-15 02:02:06.161838,False
TXN-069b4847,ACC-1287,ACC-1998,93989.13,2026-08-15 02:06:06.161838,True
TXN-d8dc4db6,ACC-1251,ACC-1949,3764.64,2026-08-15 02:10:06.161838,False
TXN-7e5b77c0,ACC-1761,ACC-1903,2212.03,2026-08-15 02:14:06.161838,False
TXN-5fa3a0dc,ACC-1643,ACC-1162,2571.62,2026-08-15 02:18:06.161838,False
TXN-fddafd7c,ACC-1076,ACC-1243,1775.92,2026-08-15 02:22:06.161838,False
TXN-262bfa4a,ACC-1643,ACC-1169,2347.02,2026-08-15 02:26:06.161838,False
TXN-86625eaa,ACC-1997,ACC-1495,4559.98,2026-08-15 02:30:06.161838,False
TXN-1ec0106c,ACC-1897,ACC-1357,1819.39,2026-08-15 02:34:06.161838,False
TXN-6cca5748,ACC-1135,ACC-1282,1527.12,2026-08-15 02:38:06.161838,False
TXN-64f3eb29,ACC-1953,ACC-1272,1274.3,2026-08-15 02:42:06.161838,False
TXN-cd7d5e5e,ACC-1007,ACC-1843,1319.95,2026-08-15 02:46:06.161838,False
TXN-1da0b5a8,ACC-1367,ACC-1559,3159.84,2026-08-15 02:50:06.161838,False
TXN-175586c9,ACC-1255,ACC-1014,1457.38,2026-08-15 02:54:06.161838,False
TXN-d662e3db,ACC-1181,ACC-1317,2646.23,2026-08-15 02:58:06.161838,False
TXN-1833215e,ACC-1033,ACC-1970,4828.88,2026-08-15 03:02:06.161838,False
TXN-1222eb26,ACC-1490,ACC-1664,4859.47,2026-08-15 03:06:06.161838,False
TXN-6f07bd18,ACC-1630,ACC-1807,163.59,2026-08-15 03:10:06.161838,False
TXN-1e455478,ACC-1937,ACC-1664,488.07,2026-08-15 03:14:06.161838,False
TXN-91b522e0,ACC-1738,ACC-1123,1650.04,2026-08-15 03:18:06.161838,False
TXN-cc1ead8d,ACC-1329,ACC-1772,811.54,2026-08-15 03:22:06.161838,False
TXN-732f56c3,ACC-1890,ACC-1895,4271.07,2026-08-15 03:26:06.161838,False
TXN-c1dd96fa,ACC-1277,ACC-1858,3711.2,2026-08-15 03:30:06.161838,False
TXN-3431ac98,ACC-1014,ACC-1664,2582.16,2026-08-15 03:34:06.161838,False
TXN-41586710,ACC-1745,ACC-1298,915.66,2026-08-15 03:38:06.161838,False
TXN-1db9d22a,ACC-1677,ACC-1299,3773.6,2026-08-15 03:42:06.161838,False
TXN-6aca692d,ACC-1250,ACC-1063,829.95,2026-08-15 03:46:06.161838,False
TXN-cedfe2db,ACC-1752,ACC-1914,3384.29,2026-08-15 03:50:06.161838,False
TXN-9e80cd46,ACC-1884,ACC-1190,3377.05,2026-08-15 03:54:06.161838,False
TXN-79976efe,ACC-1460,ACC-1566,4659.47,2026-08-15 03:58:06.161838,False
TXN-4ec6e79c,ACC-1968,ACC-1915,1404.24,2026-08-15 04:02:06.161838,False
TXN-bdc59520,ACC-1068,ACC-1246,4598.39,2026-08-15 04:06:06.161838,False
TXN-7aa20a99,ACC-1934,ACC-1372,4562.63,2026-08-15 04:10:06.161838,False
TXN-dfcbe634,ACC-1964,ACC-1154,97011.32,2026-08-15 04:14:06.161838,True
TXN-6bb7d0f8,ACC-1445,ACC-1770,3140.91,2026-08-15 04:18:06.161838,False
TXN-a175eec9,ACC-1346,ACC-1271,889.61,2026-08-15 04:22:06.161838,False
TXN-ed719954,ACC-1617,ACC-1305,2954.48,2026-08-15 04:26:06.161838,False
TXN-ef0127d7,ACC-1971,ACC-1976,2527.72,2026-08-15 04:30:06.161838,False
TXN-88aae204,ACC-1746,ACC-1190,1287.0,2026-08-15 04:34:06.161838,False
TXN-18fa002e,ACC-1047,ACC-1490,3786.29,2026-08-15 04:38:06.161838,False
TXN-1cc20fe0,ACC-1134,ACC-1360,1087.97,2026-08-15 04:42:06.161838,False
TXN-6cab0227,ACC-1503,ACC-1830,4083.23,2026-08-15 04:46:06.161838,False
TXN-d76296ef,ACC-1888,ACC-1090,3931.58,2026-08-15 04:50:06.161838,False
TXN-a2bd2311,ACC-1058,ACC-1936,1038.31,2026-08-15 04:54:06.161838,False
TXN-72f5220a,ACC-1910,ACC-1670,4384.01,2026-08-15 04:58:06.161838,False
TXN-1dbbb63e,ACC-1892,ACC-1494,1028.48,2026-08-15 05:02:06.161838,False
TXN-b1a37589,ACC-1796,ACC-1743,3048.95,2026-08-15 05:06:06.161838,False
TXN-18e00f7e,ACC-1521,ACC-1562,3150.34,2026-08-15 05:10:06.161838,False
TXN-51f5028c,ACC-1669,ACC-1018,1391.22,2026-08-15 05:14:06.161838,False
TXN-775fcfff,ACC-1564,ACC-1179,2781.99,2026-08-15 05:18:06.161838,False
TXN-3c21ddd9,ACC-1368,ACC-1834,844.38,2026-08-15 05:22:06.161838,False
TXN-918f8219,ACC-1513,ACC-1882,1582.66,2026-08-15 05:26:06.161838,False
TXN-b56bd0ff,ACC-1624,ACC-1619,2375.43,2026-08-15 05:30:06.161838,False
TXN-2bd09d92,ACC-1495,ACC-1351,2333.4,2026-08-15 05:34:06.161838,False
TXN-0107a649,ACC-1275,ACC-1828,1104.58,2026-08-15 05:38:06.161838,False
TXN-034100ca,ACC-1730,ACC-1143,154.05,2026-08-15 05:42:06.161838,False
TXN-afe84ca1,ACC-1988,ACC-1974,3283.97,2026-08-15 05:46:06.161838,False
TXN-f719f5f7,ACC-1219,ACC-1124,177.92,2026-08-15 05:50:06.161838,False
TXN-aa1d3158,ACC-1056,ACC-1676,1759.02,2026-08-15 05:54:06.161838,False
TXN-6d7f6bfd,ACC-1404,ACC-1182,184501.21,2026-08-15 05:58:06.161838,True
TXN-4f575449,ACC-1925,ACC-1675,1440.63,2026-08-15 06:02:06.161838,False
TXN-dc575239,ACC-1296,ACC-1494,553.03,2026-08-15 06:06:06.161838,False
TXN-4c6c1e64,ACC-1235,ACC-1896,3931.78,2026-08-15 06:10:06.161838,False
TXN-f961d18b,ACC-1922,ACC-1684,1051.19,2026-08-15 06:14:06.161838,False
TXN-c0f929fc,ACC-1464,ACC-1748,3514.84,2026-08-15 06:18:06.161838,False
TXN-509f56b2,ACC-1990,ACC-1941,3196.46,2026-08-15 06:22:06.161838,False
TXN-456bf427,ACC-1284,ACC-1373,2706.15,2026-08-15 06:26:06.161838,False
TXN-287fa379,ACC-1378,ACC-1067,1817.71,2026-08-15 06:30:06.161838,False
TXN-e4f179b7,ACC-1701,ACC-1698,1345.97,2026-08-15 06:34:06.161838,False
TXN-bfb63891,ACC-1346,ACC-1151,355.37,2026-08-15 06:38:06.161838,False
TXN-2eb99107,ACC-1533,ACC-1176,353.02,2026-08-15 06:42:06.161838,False
TXN-e307d26f,ACC-1687,ACC-1633,2282.32,2026-08-15 06:46:06.161838,False
TXN-cf1d337f,ACC-1720,ACC-1998,3527.06,2026-08-15 06:50:06.161838,False
TXN-57f96e6b,ACC-1648,ACC-1088,4808.28,2026-08-15 06:54:06.161838,False
TXN-bcd3ec57,ACC-1883,ACC-1613,2696.26,2026-08-15 06:58:06.161838,False
TXN-c47cc9aa,ACC-1273,ACC-1767,2947.1,2026-08-15 07:02:06.161838,False
TXN-0b071a49,ACC-1247,ACC-1286,305.29,2026-08-15 07:06:06.161838,False
TXN-04ef3ef2,ACC-1677,ACC-1785,4654.62,2026-08-15 07:10:06.161838,False
TXN-bded388e,ACC-1820,ACC-1687,2947.85,2026-08-15 07:14:06.161838,False
TXN-e12c8ce3,ACC-1729,ACC-1589,2035.86,2026-08-15 07:18:06.161838,False
TXN-113a1eeb,ACC-1380,ACC-1341,4321.24,2026-08-15 07:22:06.161838,False
TXN-c061bfa1,ACC-1715,ACC-1319,3883.1,2026-08-15 07:26:06.161838,False
TXN-0e4ac6b2,ACC-1032,ACC-1354,2507.21,2026-08-15 07:30:06.161838,False
TXN-d81447cc,ACC-1811,ACC-1776,3399.7,2026-08-15 07:34:06.161838,False
TXN-ebc4b011,ACC-1571,ACC-1842,1309.57,2026-08-15 07:38:06.161838,False
TXN-3149ce67,ACC-1770,ACC-1189,4426.12,2026-08-15 07:42:06.161838,False
TXN-26eb4675,ACC-1403,ACC-1345,4264.6,2026-08-15 07:46:06.161838,False
TXN-738f3451,ACC-1138,ACC-1676,642.61,2026-08-15 07:50:06.161838,False
TXN-baabb499,ACC-1260,ACC-1851,665.95,2026-08-15 07:54:06.161838,False
TXN-846933b8,ACC-1810,ACC-1448,3279.98,2026-08-15 07:58:06.161838,False
TXN-437294e8,ACC-1808,ACC-1493,4419.22,2026-08-15 08:02:06.161838,False
TXN-866a49b1,ACC-1162,ACC-1573,4728.63,2026-08-15 08:06:06.161838,False
TXN-014b034e,ACC-1197,ACC-1206,1187.35,2026-08-15 08:10:06.161838,False
TXN-74f812c3,ACC-1731,ACC-1559,4447.49,2026-08-15 08:14:06.161838,False
TXN-f5e51643,ACC-1687,ACC-1746,818.09,2026-08-15 08:18:06.161838,False
TXN-0ad69db4,ACC-1618,ACC-1576,4426.06,2026-08-15 08:22:06.161838,False
TXN-2ce04537,ACC-1345,ACC-1023,2958.29,2026-08-15 08:26:06.161838,False
TXN-dea3ed3f,ACC-1955,ACC-1832,4819.94,2026-08-15 08:30:06.161838,False
TXN-c7fbe710,ACC-1833,ACC-1563,543.19,2026-08-15 08:34:06.161838,False
TXN-e21cdc44,ACC-1007,ACC-1118,183.7,2026-08-15 08:38:06.161838,False
TXN-05dfa062,ACC-1282,ACC-1115,954.94,2026-08-15 08:42:06.161838,False
TXN-b8a90475,ACC-1094,ACC-1121,136554.61,2026-08-15 08:46:06.161838,True
TXN-05ed06a8,ACC-1803,ACC-1102,4709.14,2026-08-15 08:50:06.161838,False
TXN-e4a15f2f,ACC-1901,ACC-1156,1638.86,2026-08-15 08:54:06.161838,False
TXN-40e60b0a,ACC-1172,ACC-1844,493.86,2026-08-15 08:58:06.161838,False
TXN-eb80e4e9,ACC-1341,ACC-1016,4567.76,2026-08-15 09:02:06.161838,False
TXN-267280f1,ACC-1050,ACC-1374,1630.12,2026-08-15 09:06:06.161838,False
TXN-8f6b7f2e,ACC-1022,ACC-1643,1638.24,2026-08-15 09:10:06.161838,False
TXN-0068ab8f,ACC-1035,ACC-1956,3910.25,2026-08-15 09:14:06.161838,False
TXN-a76d8a9b,ACC-1838,ACC-1973,4369.52,2026-08-15 09:18:06.161838,False
TXN-deb73343,ACC-1869,ACC-1927,2626.82,2026-08-15 09:22:06.161838,False
TXN-81be6d1f,ACC-1268,ACC-1198,58146.88,2026-08-15 09:26:06.161838,True
TXN-7570b1e8,ACC-1168,ACC-1707,4455.49,2026-08-15 09:30:06.161838,False
TXN-0a99f0eb,ACC-1484,ACC-1997,600.25,2026-08-15 09:34:06.161838,False
TXN-ac82ecc9,ACC-1846,ACC-1223,1343.95,2026-08-15 09:38:06.161838,False
TXN-e07c0945,ACC-1158,ACC-1668,953.04,2026-08-15 09:42:06.161838,False
TXN-1ad09980,ACC-1526,ACC-1595,3359.47,2026-08-15 09:46:06.161838,False
TXN-624f95df,ACC-1487,ACC-1862,4693.13,2026-08-15 09:50:06.161838,False
TXN-39b250db,ACC-1787,ACC-1539,2509.36,2026-08-15 09:54:06.161838,False
TXN-5e514271,ACC-1368,ACC-1374,366.43,2026-08-15 09:58:06.161838,False
TXN-57cbb43c,ACC-1357,ACC-1102,1835.98,2026-08-15 10:02:06.161838,False
TXN-c9353381,ACC-1673,ACC-1742,4031.64,2026-08-15 10:06:06.161838,False
TXN-321e92ef,ACC-1048,ACC-1746,1661.52,2026-08-15 10:10:06.161838,False
TXN-d4938207,ACC-1619,ACC-1428,4235.85,2026-08-15 10:14:06.161838,False
TXN-c279d7a6,ACC-1887,ACC-1117,413.75,2026-08-15 10:18:06.161838,False
TXN-09ffd094,ACC-1542,ACC-1111,1007.51,2026-08-15 10:22:06.161838,False
TXN-e2e25cc9,ACC-1771,ACC-1175,753.96,2026-08-15 10:26:06.161838,False
TXN-95ed7f07,ACC-1260,ACC-1944,4938.62,2026-08-15 10:30:06.161838,False
TXN-ec6f8d12,ACC-1998,ACC-1093,4427.06,2026-08-15 10:34:06.161838,False
TXN-7a551b3b,ACC-1537,ACC-1438,4154.85,2026-08-15 10:38:06.161838,False
TXN-66de3037,ACC-1983,ACC-1314,156620.01,2026-08-15 10:42:06.161838,True
TXN-3fd368b6,ACC-1995,ACC-1286,180.18,2026-08-15 10:46:06.161838,False
TXN-1a35d443,ACC-1186,ACC-1535,3261.01,2026-08-15 10:50:06.161838,False
TXN-a2b14fed,ACC-1538,ACC-1103,3915.17,2026-08-15 10:54:06.161838,False
TXN-89a42e7e,ACC-1281,ACC-1993,1156.64,2026-08-15 10:58:06.161838,False
TXN-64ff9d73,ACC-1214,ACC-1461,3790.67,2026-08-15 11:02:06.161838,False
TXN-8c0f974d,ACC-1594,ACC-1954,428.81,2026-08-15 11:06:06.161838,False
TXN-4086cffd,ACC-1474,ACC-1073,1519.8,2026-08-15 11:10:06.161838,False
TXN-bc25b6ec,ACC-1093,ACC-1960,1191.3,2026-08-15 11:14:06.161838,False
TXN-4644e790,ACC-1234,ACC-1852,3115.09,2026-08-15 11:18:06.161838,False
TXN-45b26848,ACC-1126,ACC-1544,3407.03,2026-08-15 11:22:06.161838,False
TXN-2fcb720f,ACC-1902,ACC-1918,3391.14,2026-08-15 11:26:06.161838,False
TXN-a8dd8ee6,ACC-1623,ACC-1302,1258.5,2026-08-15 11:30:06.161838,False
TXN-ea303884,ACC-1486,ACC-1910,3073.47,2026-08-15 11:34:06.161838,False
TXN-70bb81d0,ACC-1256,ACC-1838,4870.05,2026-08-15 11:38:06.161838,False
TXN-1483ac6a,ACC-1258,ACC-1114,3501.04,2026-08-15 11:42:06.161838,False
TXN-341f0100,ACC-1237,ACC-1324,3299.76,2026-08-15 11:46:06.161838,False
TXN-ba914c30,ACC-1936,ACC-1304,2442.14,2026-08-15 11:50:06.161838,False
TXN-d963494f,ACC-1802,ACC-1824,1243.96,2026-08-15 11:54:06.161838,False
TXN-b33fda0a,ACC-1991,ACC-1248,1349.06,2026-08-15 11:58:06.161838,False
TXN-4567cbca,ACC-1141,ACC-1057,2874.44,2026-08-15 12:02:06.161838,False
TXN-b91b6abf,ACC-1085,ACC-1702,2578.73,2026-08-15 12:06:06.161838,False
TXN-bcad92d5,ACC-1947,ACC-1229,3195.25,2026-08-15 12:10:06.161838,False
TXN-dddd24e8,ACC-1841,ACC-1082,1458.67,2026-08-15 12:14:06.161838,False
TXN-c252fccb,ACC-1631,ACC-1687,3259.65,2026-08-15 12:18:06.161838,False
TXN-497034fe,ACC-1571,ACC-1315,3032.58,2026-08-15 12:22:06.161838,False
TXN-61ee570b,ACC-1754,ACC-1715,3245.06,2026-08-15 12:26:06.161838,False
TXN-8d91ae0e,ACC-1839,ACC-1683,1957.32,2026-08-15 12:30:06.161838,False
TXN-760aedef,ACC-1918,ACC-1398,139583.45,2026-08-15 12:34:06.161838,True
TXN-47326698,ACC-1204,ACC-1888,114834.86,2026-08-15 12:38:06.161838,True
TXN-f414590b,ACC-1943,ACC-1376,891.83,2026-08-15 12:42:06.161838,False
TXN-372f6b63,ACC-1248,ACC-1689,4730.21,2026-08-15 12:46:06.161838,False
TXN-ec3c19d4,ACC-1513,ACC-1776,4698.75,2026-08-15 12:50:06.161838,False
TXN-211c7e3d,ACC-1891,ACC-1783,127364.36,2026-08-15 12:54:06.161838,True
TXN-fa21ccb0,ACC-1167,ACC-1407,2049.82,2026-08-15 12:58:06.161838,False
TXN-bd696339,ACC-1575,ACC-1464,1415.17,2026-08-15 13:02:06.161838,False
TXN-7dded86b,ACC-1345,ACC-1359,588.7,2026-08-15 13:06:06.161838,False
TXN-82aa8a84,ACC-1891,ACC-1666,623.06,2026-08-15 13:10:06.161838,False
TXN-b7296e03,ACC-1658,ACC-1901,1527.49,2026-08-15 13:14:06.161838,False
TXN-3e979007,ACC-1916,ACC-1572,3234.83,2026-08-15 13:18:06.161838,False
TXN-653ddb2c,ACC-1040,ACC-1685,1085.17,2026-08-15 13:22:06.161838,False
TXN-df97c1d6,ACC-1524,ACC-1582,4070.9,2026-08-15 13:26:06.161838,False
TXN-b02ae726,ACC-1680,ACC-1208,3607.66,2026-08-15 13:30:06.161838,False
TXN-193c2da1,ACC-1300,ACC-1168,2264.77,2026-08-15 13:34:06.161838,False
TXN-90078df1,ACC-1821,ACC-1681,2138.23,2026-08-15 13:38:06.161838,False
TXN-e4675aac,ACC-1555,ACC-1896,4246.84,2026-08-15 13:42:06.161838,False
TXN-966c6acc,ACC-1749,ACC-1490,4551.52,2026-08-15 13:46:06.161838,False
TXN-026b6972,ACC-1850,ACC-1183,3623.28,2026-08-15 13:50:06.161838,False
TXN-4ccd2179,ACC-1513,ACC-1963,4669.97,2026-08-15 13:54:06.161838,False
TXN-6ad99c9e,ACC-1031,ACC-1704,1261.68,2026-08-15 13:58:06.161838,False
TXN-41795048,ACC-1141,ACC-1705,1098.24,2026-08-15 14:02:06.161838,False
TXN-713dc6c4,ACC-1923,ACC-1796,429.85,2026-08-15 14:06:06.161838,False
TXN-5d59eeec,ACC-1777,ACC-1596,324.31,2026-08-15 14:10:06.161838,False
TXN-ab5c66e7,ACC-1412,ACC-1731,2046.9,2026-08-15 14:14:06.161838,False
TXN-357ed7e1,ACC-1813,ACC-1544,3554.01,2026-08-15 14:18:06.161838,False
TXN-8b83ea85,ACC-1070,ACC-1144,2502.68,2026-08-15 14:22:06.161838,False
TXN-6b27ee91,ACC-1358,ACC-1730,3961.72,2026-08-15 14:26:06.161838,False
TXN-03c21a43,ACC-1555,ACC-1561,4345.28,2026-08-15 14:30:06.161838,False
TXN-45927e33,ACC-1657,ACC-1592,1051.15,2026-08-15 14:34:06.161838,False
TXN-0c82a4f9,ACC-1744,ACC-1781,3622.47,2026-08-15 14:38:06.161838,False
TXN-ba1658a0,ACC-1709,ACC-1982,2720.89,2026-08-15 14:42:06.161838,False
TXN-3ecf4af7,ACC-1986,ACC-1887,4496.19,2026-08-15 14:46:06.161838,False
TXN-4c136fbc,ACC-1778,ACC-1953,76316.11,2026-08-15 14:50:06.161838,True
TXN-5c0a712c,ACC-1837,ACC-1238,209.2,2026-08-15 14:54:06.161838,False
TXN-6b49ed10,ACC-1769,ACC-1380,2935.74,2026-08-15 14:58:06.161838,False
TXN-6e898ebc,ACC-1361,ACC-1561,1106.08,2026-08-15 15:02:06.161838,False
TXN-d02f02c6,ACC-1689,ACC-1198,3357.77,2026-08-15 15:06:06.161838,False
TXN-d21d142f,ACC-1635,ACC-1103,3315.23,2026-08-15 15:10:06.161838,False
TXN-c8a9a229,ACC-1174,ACC-1724,1551.88,2026-08-15 15:14:06.161838,False
TXN-2b1c3257,ACC-1966,ACC-1818,4273.3,2026-08-15 15:18:06.161838,False
TXN-3521fa7d,ACC-1612,ACC-1161,137.94,2026-08-15 15:22:06.161838,False
TXN-7c37096e,ACC-1291,ACC-1622,189.84,2026-08-15 15:26:06.161838,False
TXN-0051ad8d,ACC-1343,ACC-1983,1192.83,2026-08-15 15:30:06.161838,False
TXN-b70ff8f3,ACC-1095,ACC-1382,113188.86,2026-08-15 15:34:06.161838,True
TXN-21f3ca82,ACC-1054,ACC-1869,1331.56,2026-08-15 15:38:06.161838,False
TXN-0c60b856,ACC-1668,ACC-1660,550.18,2026-08-15 15:42:06.161838,False
TXN-d0fa2a44,ACC-1403,ACC-1976,1578.59,2026-08-15 15:46:06.161838,False
TXN-4ecff621,ACC-1767,ACC-1482,610.32,2026-08-15 15:50:06.161838,False
TXN-f37108dc,ACC-1356,ACC-1265,1996.09,2026-08-15 15:54:06.161838,False
TXN-20ca236a,ACC-1665,ACC-1955,4458.12,2026-08-15 15:58:06.161838,False
TXN-ea49ee89,ACC-1013,ACC-1286,3492.56,2026-08-15 16:02:06.161838,False
TXN-16020f74,ACC-1629,ACC-1059,350.28,2026-08-15 16:06:06.161838,False
TXN-f4a02c8a,ACC-1109,ACC-1933,3358.21,2026-08-15 16:10:06.161838,False
TXN-63aef451,ACC-1061,ACC-1402,1526.12,2026-08-15 16:14:06.161838,False
TXN-c1febffc,ACC-1841,ACC-1452,2351.95,2026-08-15 16:18:06.161838,False
TXN-8a319728,ACC-1405,ACC-1592,2248.04,2026-08-15 16:22:06.161838,False
TXN-10dcce1e,ACC-1415,ACC-1501,1109.39,2026-08-15 16:26:06.161838,False
TXN-d668fb47,ACC-1849,ACC-1335,3809.01,2026-08-15 16:30:06.161838,False
TXN-229f2544,ACC-1087,ACC-1549,208.19,2026-08-15 16:34:06.161838,False
TXN-e54627b9,ACC-1457,ACC-1075,943.78,2026-08-15 16:38:06.161838,False
TXN-b8813d9f,ACC-1556,ACC-1357,2260.56,2026-08-15 16:42:06.161838,False
TXN-9da78ed5,ACC-1802,ACC-1074,1407.94,2026-08-15 16:46:06.161838,False
TXN-e293ded9,ACC-1620,ACC-1202,4697.04,2026-08-15 16:50:06.161838,False
TXN-4b4037e3,ACC-1863,ACC-1652,1172.74,2026-08-15 16:54:06.161838,False
TXN-cc68d727,ACC-1770,ACC-1673,1064.21,2026-08-15 16:58:06.161838,False
TXN-68d7d1e2,ACC-1991,ACC-1723,4563.91,2026-08-15 17:02:06.161838,False
TXN-71b1cfee,ACC-1110,ACC-1902,2387.13,2026-08-15 17:06:06.161838,False
TXN-fe313638,ACC-1424,ACC-1115,4165.05,2026-08-15 17:10:06.161838,False
TXN-d151334e,ACC-1257,ACC-1641,995.53,2026-08-15 17:14:06.161838,False
TXN-5e3c22c6,ACC-1395,ACC-1484,4270.86,2026-08-15 17:18:06.161838,False
TXN-1dc2ef1a,ACC-1577,ACC-1777,1790.09,2026-08-15 17:22:06.161838,False
TXN-7eef7831,ACC-1661,ACC-1406,3653.97,2026-08-15 17:26:06.161838,False
TXN-1ecafad9,ACC-1057,ACC-1815,3469.15,2026-08-15 17:30:06.161838,False
TXN-4978da0d,ACC-1548,ACC-1314,503.8,2026-08-15 17:34:06.161838,False
TXN-b59c0276,ACC-1948,ACC-1030,312.0,2026-08-15 17:38:06.161838,False
TXN-063cc964,ACC-1351,ACC-1686,3224.95,2026-08-15 17:42:06.161838,False
TXN-0d100882,ACC-1799,ACC-1029,4498.42,2026-08-15 17:46:06.161838,False
TXN-5707a6ef,ACC-1334,ACC-1690,2733.48,2026-08-15 17:50:06.161838,False
TXN-ba08ce85,ACC-1570,ACC-1912,2013.42,2026-08-15 17:54:06.161838,False
TXN-648d7b54,ACC-1169,ACC-1573,4172.73,2026-08-15 17:58:06.161838,False
TXN-5a1c2468,ACC-1781,ACC-1690,141451.94,2026-08-15 18:02:06.161838,True
TXN-06eb9c85,ACC-1886,ACC-1478,986.96,2026-08-15 18:06:06.161838,False
TXN-19896ba3,ACC-1553,ACC-1912,807.45,2026-08-15 18:10:06.161838,False
TXN-1f5f954d,ACC-1321,ACC-1941,475.57,2026-08-15 18:14:06.161838,False
TXN-0928ee55,ACC-1585,ACC-1120,3828.98,2026-08-15 18:18:06.161838,False
TXN-34bbe968,ACC-1686,ACC-1387,1158.85,2026-08-15 18:22:06.161838,False
TXN-296fdf3f,ACC-1884,ACC-1392,4439.7,2026-08-15 18:26:06.161838,False
TXN-47989fae,ACC-1296,ACC-1158,1361.9,2026-08-15 18:30:06.161838,False
TXN-c96fab2e,ACC-1245,ACC-1125,1500.6,2026-08-15 18:34:06.161838,False
TXN-ebe2be98,ACC-1686,ACC-1605,192821.35,2026-08-15 18:38:06.161838,True
TXN-6e0ef7b4,ACC-1677,ACC-1008,3148.33,2026-08-15 18:42:06.161838,False
TXN-9518d931,ACC-1931,ACC-1016,4261.33,2026-08-15 18:46:06.161838,False
TXN-600a3722,ACC-1257,ACC-1796,3059.32,2026-08-15 18:50:06.161838,False
TXN-0b48f1fe,ACC-1628,ACC-1327,1854.31,2026-08-15 18:54:06.161838,False
TXN-47af4b7e,ACC-1011,ACC-1147,4296.2,2026-08-15 18:58:06.161838,False
TXN-37bf9d64,ACC-1955,ACC-1497,4107.99,2026-08-15 19:02:06.161838,False
TXN-0e2a5bc7,ACC-1643,ACC-1069,3529.27,2026-08-15 19:06:06.161838,False
TXN-d64bfed5,ACC-1294,ACC-1229,1679.45,2026-08-15 19:10:06.161838,False
TXN-77f9dcfb,ACC-1605,ACC-1898,315.1,2026-08-15 19:14:06.161838,False
TXN-44e75f78,ACC-1088,ACC-1323,3343.92,2026-08-15 19:18:06.161838,False
TXN-b41786b5,ACC-1442,ACC-1257,153979.4,2026-08-15 19:22:06.161838,True
TXN-99aa220a,ACC-1619,ACC-1595,4560.14,2026-08-15 19:26:06.161838,False
TXN-31aa9c9f,ACC-1670,ACC-1193,109256.29,2026-08-15 19:30:06.161838,True
TXN-d818e3ba,ACC-1748,ACC-1993,803.99,2026-08-15 19:34:06.161838,False
TXN-0280f559,ACC-1299,ACC-1339,4259.1,2026-08-15 19:38:06.161838,False
TXN-2561d652,ACC-1697,ACC-1480,4046.75,2026-08-15 19:42:06.161838,False
TXN-c4a22569,ACC-1115,ACC-1907,4133.35,2026-08-15 19:46:06.161838,False
TXN-d314192c,ACC-1905,ACC-1292,2675.11,2026-08-15 19:50:06.161838,False
TXN-3d0d17bd,ACC-1943,ACC-1347,2754.89,2026-08-15 19:54:06.161838,False
TXN-4486af08,ACC-1941,ACC-1028,428.32,2026-08-15 19:58:06.161838,False
TXN-7fd4d8ba,ACC-1750,ACC-1331,1566.37,2026-08-15 20:02:06.161838,False
TXN-cec65066,ACC-1732,ACC-1271,4599.78,2026-08-15 20:06:06.161838,False
TXN-de2fab05,ACC-1715,ACC-1527,2053.03,2026-08-15 20:10:06.161838,False
TXN-67de998e,ACC-1162,ACC-1356,4627.27,2026-08-15 20:14:06.161838,False
TXN-f6fb7cb1,ACC-1673,ACC-1055,3882.08,2026-08-15 20:18:06.161838,False
TXN-64a19062,ACC-1781,ACC-1438,4411.15,2026-08-15 20:22:06.161838,False
TXN-6d0b2c37,ACC-1316,ACC-1103,4204.47,2026-08-15 20:26:06.161838,False
TXN-0b3487ae,ACC-1305,ACC-1035,1312.84,2026-08-15 20:30:06.161838,False
TXN-49af7d06,ACC-1749,ACC-1371,3451.19,2026-08-15 20:34:06.161838,False
TXN-2efa2253,ACC-1056,ACC-1723,3618.37,2026-08-15 20:38:06.161838,False
TXN-c189082d,ACC-1759,ACC-1035,3543.53,2026-08-15 20:42:06.161838,False
TXN-fed02048,ACC-1598,ACC-1767,2745.15,2026-08-15 20:46:06.161838,False
TXN-33faf481,ACC-1408,ACC-1577,3340.88,2026-08-15 20:50:06.161838,False
TXN-0e00f155,ACC-1661,ACC-1196,2504.08,2026-08-15 20:54:06.161838,False
TXN-8cfe689c,ACC-1988,ACC-1819,175629.77,2026-08-15 20:58:06.161838,True
TXN-deb841ad,ACC-1143,ACC-1189,2403.62,2026-08-15 21:02:06.161838,False
TXN-ccc2294d,ACC-1377,ACC-1068,1844.6,2026-08-15 21:06:06.161838,False
TXN-5b1230f2,ACC-1864,ACC-1655,885.57,2026-08-15 21:10:06.161838,False
TXN-fe556f57,ACC-1799,ACC-1618,1510.93,2026-08-15 21:14:06.161838,False
TXN-ff259f86,ACC-1398,ACC-1979,4647.51,2026-08-15 21:18:06.161838,False
TXN-8fc21400,ACC-1825,ACC-1018,832.82,2026-08-15 21:22:06.161838,False
TXN-37811cda,ACC-1147,ACC-1591,269.5,2026-08-15 21:26:06.161838,False
TXN-d4b2ca6d,ACC-1582,ACC-1602,261.77,2026-08-15 21:30:06.161838,False
TXN-8a134417,ACC-1188,ACC-1228,3128.84,2026-08-15 21:34:06.161838,False
TXN-e030d0e9,ACC-1154,ACC-1314,1192.42,2026-08-15 21:38:06.161838,False
TXN-bcfeeb27,ACC-1639,ACC-1828,1694.68,2026-08-15 21:42:06.161838,False
TXN-426405a2,ACC-1150,ACC-1068,4646.81,2026-08-15 21:46:06.161838,False
TXN-ee1a0361,ACC-1984,ACC-1439,2341.64,2026-08-15 21:50:06.161838,False
TXN-1899c8e7,ACC-1185,ACC-1125,81721.75,2026-08-15 21:54:06.161838,True
TXN-197b77db,ACC-1462,ACC-1833,989.44,2026-08-15 21:58:06.161838,False
TXN-021f804c,ACC-1451,ACC-1786,428.18,2026-08-15 22:02:06.161838,False
TXN-04924204,ACC-1563,ACC-1902,4291.7,2026-08-15 22:06:06.161838,False
TXN-8f766fca,ACC-1748,ACC-1188,3854.22,2026-08-15 22:10:06.161838,False
TXN-f89849d0,ACC-1138,ACC-1010,2369.17,2026-08-15 22:14:06.161838,False
TXN-abc3ba7e,ACC-1444,ACC-1501,4580.4,2026-08-15 22:18:06.161838,False
TXN-8a68acf2,ACC-1696,ACC-1939,3179.25,2026-08-15 22:22:06.161838,False
TXN-c25486e7,ACC-1183,ACC-1190,2236.13,2026-08-15 22:26:06.161838,False
TXN-08958230,ACC-1917,ACC-1419,4432.5,2026-08-15 22:30:06.161838,False
TXN-0c902997,ACC-1601,ACC-1482,2388.0,2026-08-15 22:34:06.161838,False
TXN-73f534ed,ACC-1676,ACC-1272,4755.15,2026-08-15 22:38:06.161838,False
TXN-4c62ac07,ACC-1105,ACC-1404,591.98,2026-08-15 22:42:06.161838,False
TXN-47c12aea,ACC-1222,ACC-1804,2175.46,2026-08-15 22:46:06.161838,False
TXN-04561518,ACC-1552,ACC-1883,2738.54,2026-08-15 22:50:06.161838,False
TXN-f622527f,ACC-1652,ACC-1251,304.3,2026-08-15 22:54:06.161838,False
TXN-8b258974,ACC-1348,ACC-1743,2919.83,2026-08-15 22:58:06.161838,False
TXN-73813aa0,ACC-1798,ACC-1077,2541.3,2026-08-15 23:02:06.161838,False
TXN-4255453a,ACC-1306,ACC-1484,2961.45,2026-08-15 23:06:06.161838,False
TXN-08390a28,ACC-1908,ACC-1580,3727.87,2026-08-15 23:10:06.161838,False
TXN-145d911d,ACC-1628,ACC-1362,1561.74,2026-08-15 23:14:06.161838,False
TXN-4fd0aeab,ACC-1077,ACC-1273,2245.32,2026-08-15 23:18:06.161838,False
TXN-286ab952,ACC-1484,ACC-1746,2272.68,2026-08-15 23:22:06.161838,False
TXN-8e94b508,ACC-1253,ACC-1362,763.85,2026-08-15 23:26:06.161838,False
TXN-e548b7b2,ACC-1902,ACC-1576,3044.41,2026-08-15 23:30:06.161838,False
TXN-d5f26e69,ACC-1598,ACC-1537,448.1,2026-08-15 23:34:06.161838,False
TXN-d9e7f562,ACC-1466,ACC-1848,924.21,2026-08-15 23:38:06.161838,False
TXN-7b3933e1,ACC-1676,ACC-1825,2730.97,2026-08-15 23:42:06.161838,False
TXN-8f456500,ACC-1303,ACC-1862,3196.55,2026-08-15 23:46:06.161838,False
TXN-f861efd0,ACC-1020,ACC-1548,3680.34,2026-08-15 23:50:06.161838,False
TXN-a283cdef,ACC-1551,ACC-1430,2140.5,2026-08-15 23:54:06.161838,False
TXN-7d2c6945,ACC-1876,ACC-1042,3370.25,2026-08-15 23:58:06.161838,False
TXN-78b65695,ACC-1882,ACC-1270,107818.74,2026-08-16 00:02:06.161838,True
TXN-61b93df8,ACC-1823,ACC-1598,1173.94,2026-08-16 00:06:06.161838,False
TXN-f4e183da,ACC-1257,ACC-1253,1222.37,2026-08-16 00:10:06.161838,False
TXN-f05a0ef7,ACC-1436,ACC-1403,4957.03,2026-08-16 00:14:06.161838,False
TXN-05f23247,ACC-1528,ACC-1816,1587.21,2026-08-16 00:18:06.161838,False
TXN-90f5bfa7,ACC-1955,ACC-1359,360.38,2026-08-16 00:22:06.161838,False
TXN-12d09cea,ACC-1044,ACC-1558,618.43,2026-08-16 00:26:06.161838,False
TXN-ac573a74,ACC-1174,ACC-1825,366.55,2026-08-16 00:30:06.161838,False
TXN-39d8a5a0,ACC-1931,ACC-1660,942.49,2026-08-16 00:34:06.161838,False
TXN-1332f73a,ACC-1690,ACC-1128,4550.92,2026-08-16 00:38:06.161838,False
TXN-0db0aa21,ACC-1514,ACC-1233,3892.03,2026-08-16 00:42:06.161838,False
TXN-6b8151f3,ACC-1882,ACC-1866,3326.81,2026-08-16 00:46:06.161838,False
TXN-20507a1f,ACC-1570,ACC-1310,1812.61,2026-08-16 00:50:06.161838,False
TXN-028ae13d,ACC-1863,ACC-1363,1664.65,2026-08-16 00:54:06.161838,False
TXN-b5275257,ACC-1563,ACC-1371,2716.24,2026-08-16 00:58:06.161838,False
TXN-2ff5441e,ACC-1348,ACC-1380,2959.45,2026-08-16 01:02:06.161838,False
TXN-1d725853,ACC-1874,ACC-1087,3171.61,2026-08-16 01:06:06.161838,False
TXN-b252ce60,ACC-1937,ACC-1212,1190.6,2026-08-16 01:10:06.161838,False
TXN-7e63c48c,ACC-1359,ACC-1321,1850.27,2026-08-16 01:14:06.161838,False
TXN-d6766925,ACC-1814,ACC-1626,4457.36,2026-08-16 01:18:06.161838,False
TXN-92fb8901,ACC-1538,ACC-1654,139538.76,2026-08-16 01:22:06.161838,True
TXN-ff8868c1,ACC-1684,ACC-1705,4253.4,2026-08-16 01:26:06.161838,False
TXN-f89aa86b,ACC-1568,ACC-1142,3506.44,2026-08-16 01:30:06.161838,False
TXN-9521b654,ACC-1687,ACC-1147,1865.29,2026-08-16 01:34:06.161838,False
TXN-684228fc,ACC-1276,ACC-1783,162.88,2026-08-16 01:38:06.161838,False
TXN-0eea12ad,ACC-1624,ACC-1271,709.59,2026-08-16 01:42:06.161838,False
TXN-8a3fe4a2,ACC-1180,ACC-1875,1107.55,2026-08-16 01:46:06.161838,False
TXN-a814b4e1,ACC-1531,ACC-1822,3334.76,2026-08-16 01:50:06.161838,False
TXN-b8303a22,ACC-1055,ACC-1771,1793.05,2026-08-16 01:54:06.161838,False
TXN-4a552eba,ACC-1133,ACC-1250,3125.33,2026-08-16 01:58:06.161838,False
TXN-b19c287d,ACC-1979,ACC-1634,4143.2,2026-08-16 02:02:06.161838,False
TXN-9fae11d3,ACC-1684,ACC-1267,2122.0,2026-08-16 02:06:06.161838,False
TXN-cb6a3717,ACC-1864,ACC-1514,3958.66,2026-08-16 02:10:06.161838,False
TXN-d0396f61,ACC-1459,ACC-1011,3496.75,2026-08-16 02:14:06.161838,False
TXN-5f6754d9,ACC-1430,ACC-1413,3820.24,2026-08-16 02:18:06.161838,False
TXN-e42bc0ec,ACC-1408,ACC-1373,4113.41,2026-08-16 02:22:06.161838,False
TXN-c36a605b,ACC-1439,ACC-1908,161.57,2026-08-16 02:26:06.161838,False
TXN-b6439d42,ACC-1549,ACC-1224,2061.9,2026-08-16 02:30:06.161838,False
TXN-f5602a74,ACC-1425,ACC-1984,4608.4,2026-08-16 02:34:06.161838,False
TXN-332548d5,ACC-1536,ACC-1642,744.04,2026-08-16 02:38:06.161838,False
TXN-37b31717,ACC-1125,ACC-1726,472.39,2026-08-16 02:42:06.161838,False
TXN-8c40b094,ACC-1793,ACC-1246,3549.6,2026-08-16 02:46:06.161838,False
TXN-a509b362,ACC-1372,ACC-1510,850.9,2026-08-16 02:50:06.161838,False
TXN-9ed26e25,ACC-1906,ACC-1414,465.84,2026-08-16 02:54:06.161838,False
TXN-b42851d8,ACC-1176,ACC-1736,3795.92,2026-08-16 02:58:06.161838,False
TXN-776bd0dc,ACC-1211,ACC-1385,671.31,2026-08-16 03:02:06.161838,False
TXN-3ab38122,ACC-1108,ACC-1011,3311.31,2026-08-16 03:06:06.161838,False
TXN-217086b3,ACC-1174,ACC-1659,3723.97,2026-08-16 03:10:06.161838,False
TXN-95c6ca16,ACC-1205,ACC-1968,1763.79,2026-08-16 03:14:06.161838,False
TXN-82c85785,ACC-1242,ACC-1994,3616.39,2026-08-16 03:18:06.161838,False
TXN-19fd3497,ACC-1819,ACC-1699,4305.13,2026-08-16 03:22:06.161838,False
TXN-3e0f2b58,ACC-1848,ACC-1819,862.87,2026-08-16 03:26:06.161838,False
TXN-4c51bd0c,ACC-1494,ACC-1200,3386.1,2026-08-16 03:30:06.161838,False
TXN-4cfc627f,ACC-1581,ACC-1057,1229.78,2026-08-16 03:34:06.161838,False
TXN-3e79d76c,ACC-1248,ACC-1472,59875.78,2026-08-16 03:38:06.161838,True
TXN-82529428,ACC-1108,ACC-1985,1220.91,2026-08-16 03:42:06.161838,False
TXN-d12c7653,ACC-1090,ACC-1229,2597.5,2026-08-16 03:46:06.161838,False
TXN-6f7b0b17,ACC-1485,ACC-1236,2238.11,2026-08-16 03:50:06.161838,False
TXN-b3d702d8,ACC-1035,ACC-1977,3479.13,2026-08-16 03:54:06.161838,False
TXN-df3b5c7d,ACC-1162,ACC-1212,131108.15,2026-08-16 03:58:06.161838,True
TXN-b46cb5b6,ACC-1021,ACC-1251,1975.2,2026-08-16 04:02:06.161838,False
TXN-50341492,ACC-1004,ACC-1155,662.41,2026-08-16 04:06:06.161838,False
TXN-1dbaf383,ACC-1789,ACC-1705,3822.49,2026-08-16 04:10:06.161838,False
TXN-1306bd89,ACC-1935,ACC-1102,4701.69,2026-08-16 04:14:06.161838,False
TXN-eec118c9,ACC-1571,ACC-1488,962.81,2026-08-16 04:18:06.161838,False
TXN-303d8c25,ACC-1434,ACC-1206,412.47,2026-08-16 04:22:06.161838,False
TXN-9736b80d,ACC-1348,ACC-1455,2043.18,2026-08-16 04:26:06.161838,False
TXN-645238c1,ACC-1244,ACC-1253,1910.28,2026-08-16 04:30:06.161838,False
TXN-48d05856,ACC-1382,ACC-1104,4483.44,2026-08-16 04:34:06.161838,False
TXN-231aad40,ACC-1801,ACC-1448,1494.52,2026-08-16 04:38:06.161838,False
TXN-26760af8,ACC-1131,ACC-1209,900.57,2026-08-16 04:42:06.161838,False
TXN-91d616c7,ACC-1806,ACC-1779,1103.66,2026-08-16 04:46:06.161838,False
TXN-39026552,ACC-1299,ACC-1741,1305.87,2026-08-16 04:50:06.161838,False
TXN-89a0c030,ACC-1317,ACC-1336,4934.92,2026-08-16 04:54:06.161838,False
TXN-4f98d28c,ACC-1788,ACC-1704,397.55,2026-08-16 04:58:06.161838,False
TXN-7b531042,ACC-1586,ACC-1901,3717.99,2026-08-16 05:02:06.161838,False
TXN-c7de4335,ACC-1811,ACC-1239,3267.6,2026-08-16 05:06:06.161838,False
TXN-4a99ff15,ACC-1512,ACC-1891,360.7,2026-08-16 05:10:06.161838,False
TXN-2c9f155e,ACC-1421,ACC-1857,1554.87,2026-08-16 05:14:06.161838,False
TXN-a7bfb919,ACC-1591,ACC-1113,3292.56,2026-08-16 05:18:06.161838,False
TXN-b2387c99,ACC-1610,ACC-1416,2361.86,2026-08-16 05:22:06.161838,False
TXN-de6f2bc2,ACC-1456,ACC-1715,3347.78,2026-08-16 05:26:06.161838,False
TXN-f0585730,ACC-1792,ACC-1072,282.24,2026-08-16 05:30:06.161838,False
TXN-8a9df3c3,ACC-1017,ACC-1688,4713.81,2026-08-16 05:34:06.161838,False
TXN-d7e8a9db,ACC-1226,ACC-1617,4132.75,2026-08-16 05:38:06.161838,False
TXN-a79a3290,ACC-1100,ACC-1005,3752.7,2026-08-16 05:42:06.161838,False
TXN-2262e610,ACC-1374,ACC-1254,485.32,2026-08-16 05:46:06.161838,False
TXN-c64cee05,ACC-1329,ACC-1953,1313.41,2026-08-16 05:50:06.161838,False
TXN-3c3b4217,ACC-1083,ACC-1508,3085.03,2026-08-16 05:54:06.161838,False
TXN-f00adba3,ACC-1447,ACC-1966,4192.22,2026-08-16 05:58:06.161838,False
TXN-fac77230,ACC-1430,ACC-1582,2935.14,2026-08-16 06:02:06.161838,False
TXN-015066d8,ACC-1141,ACC-1852,3712.36,2026-08-16 06:06:06.161838,False
TXN-c947b3f0,ACC-1134,ACC-1127,1733.95,2026-08-16 06:10:06.161838,False
TXN-df97b882,ACC-1111,ACC-1806,822.22,2026-08-16 06:14:06.161838,False
TXN-620ba227,ACC-1188,ACC-1053,4148.69,2026-08-16 06:18:06.161838,False
TXN-ceedc11d,ACC-1129,ACC-1782,3434.14,2026-08-16 06:22:06.161838,False
TXN-51d5a7fb,ACC-1657,ACC-1253,3377.85,2026-08-16 06:26:06.161838,False
TXN-9364223a,ACC-1104,ACC-1915,2596.82,2026-08-16 06:30:06.161838,False
TXN-8ebd4c4f,ACC-1916,ACC-1154,1654.34,2026-08-16 06:34:06.161838,False
TXN-33e55666,ACC-1709,ACC-1098,1968.16,2026-08-16 06:38:06.161838,False
TXN-0efa01f1,ACC-1596,ACC-1162,3008.49,2026-08-16 06:42:06.161838,False
TXN-88d16026,ACC-1280,ACC-1370,1876.43,2026-08-16 06:46:06.161838,False
TXN-953eca37,ACC-1755,ACC-1913,1206.79,2026-08-16 06:50:06.161838,False
TXN-bb0368ae,ACC-1984,ACC-1608,4031.16,2026-08-16 06:54:06.161838,False
TXN-91e014c4,ACC-1088,ACC-1398,392.39,2026-08-16 06:58:06.161838,False
TXN-52d69528,ACC-1249,ACC-1305,235.56,2026-08-16 07:02:06.161838,False
TXN-886fc7ab,ACC-1826,ACC-1996,950.87,2026-08-16 07:06:06.161838,False
TXN-c1226b8a,ACC-1784,ACC-1831,2470.37,2026-08-16 07:10:06.161838,False
TXN-a5083090,ACC-1336,ACC-1301,2315.54,2026-08-16 07:14:06.161838,False
TXN-ec084030,ACC-1017,ACC-1445,963.4,2026-08-16 07:18:06.161838,False
TXN-10b5240a,ACC-1851,ACC-1055,335.36,2026-08-16 07:22:06.161838,False
TXN-50b8b0ee,ACC-1403,ACC-1283,1109.11,2026-08-16 07:26:06.161838,False
TXN-7e1e40d4,ACC-1622,ACC-1759,3677.48,2026-08-16 07:30:06.161838,False
TXN-2cdfd5ba,ACC-1043,ACC-1364,4274.0,2026-08-16 07:34:06.161838,False
TXN-cd92a702,ACC-1290,ACC-1167,975.38,2026-08-16 07:38:06.161838,False
TXN-79ee523f,ACC-1032,ACC-1562,4529.5,2026-08-16 07:42:06.161838,False
TXN-0e685b51,ACC-1880,ACC-1523,2568.41,2026-08-16 07:46:06.161838,False
TXN-a7ec16b3,ACC-1173,ACC-1022,1872.6,2026-08-16 07:50:06.161838,False
TXN-ea83abb3,ACC-1552,ACC-1759,4219.34,2026-08-16 07:54:06.161838,False
TXN-90fe72f8,ACC-1011,ACC-1135,526.01,2026-08-16 07:58:06.161838,False
TXN-1c72be09,ACC-1817,ACC-1242,1743.86,2026-08-16 08:02:06.161838,False
TXN-cf8a1240,ACC-1253,ACC-1128,959.89,2026-08-16 08:06:06.161838,False
TXN-cef492b3,ACC-1783,ACC-1993,4711.16,2026-08-16 08:10:06.161838,False
TXN-54eaf680,ACC-1355,ACC-1695,3056.31,2026-08-16 08:14:06.161838,False
TXN-94e35b76,ACC-1354,ACC-1643,1326.72,2026-08-16 08:18:06.161838,False
TXN-490f3a7e,ACC-1135,ACC-1477,4159.94,2026-08-16 08:22:06.161838,False
TXN-21ba8b6f,ACC-1219,ACC-1767,565.89,2026-08-16 08:26:06.161838,False
TXN-7100ebdf,ACC-1953,ACC-1132,1304.29,2026-08-16 08:30:06.161838,False
TXN-307e883c,ACC-1786,ACC-1965,1226.04,2026-08-16 08:34:06.161838,False
TXN-2858c2cb,ACC-1119,ACC-1460,833.97,2026-08-16 08:38:06.161838,False
TXN-0f615186,ACC-1314,ACC-1345,1560.32,2026-08-16 08:42:06.161838,False
TXN-441433fa,ACC-1533,ACC-1741,3017.92,2026-08-16 08:46:06.161838,False
TXN-1923fe26,ACC-1428,ACC-1409,4488.69,2026-08-16 08:50:06.161838,False
TXN-83d58fe2,ACC-1081,ACC-1997,2509.25,2026-08-16 08:54:06.161838,False
TXN-200d66a4,ACC-1272,ACC-1520,402.34,2026-08-16 08:58:06.161838,False
TXN-23ebd32a,ACC-1119,ACC-1339,1666.5,2026-08-16 09:02:06.161838,False
TXN-fa191084,ACC-1262,ACC-1295,1446.1,2026-08-16 09:06:06.161838,False
TXN-3930fa17,ACC-1566,ACC-1727,194428.31,2026-08-16 09:10:06.161838,True
TXN-b94b93ab,ACC-1256,ACC-1920,4023.41,2026-08-16 09:14:06.161838,False
TXN-0fc06baf,ACC-1631,ACC-1533,1554.33,2026-08-16 09:18:06.161838,False
TXN-ccaa4fcb,ACC-1368,ACC-1005,4217.84,2026-08-16 09:22:06.161838,False
TXN-5987b256,ACC-1805,ACC-1500,1454.64,2026-08-16 09:26:06.161838,False
TXN-e771781a,ACC-1415,ACC-1568,468.15,2026-08-16 09:30:06.161838,False
TXN-db7354d0,ACC-1989,ACC-1734,550.36,2026-08-16 09:34:06.161838,False
TXN-9a09589d,ACC-1965,ACC-1559,4607.98,2026-08-16 09:38:06.161838,False
TXN-7408041c,ACC-1244,ACC-1917,3826.19,2026-08-16 09:42:06.161838,False
TXN-d939fd7a,ACC-1522,ACC-1807,4060.87,2026-08-16 09:46:06.161838,False
TXN-3582a0fb,ACC-1972,ACC-1889,455.35,2026-08-16 09:50:06.161838,False
TXN-c3112988,ACC-1090,ACC-1974,857.23,2026-08-16 09:54:06.161838,False
TXN-864e0c62,ACC-1256,ACC-1698,4560.57,2026-08-16 09:58:06.161838,False
TXN-06ad2efc,ACC-1989,ACC-1098,4395.17,2026-08-16 10:02:06.161838,False
TXN-0b948346,ACC-1490,ACC-1803,2930.38,2026-08-16 10:06:06.161838,False
TXN-7d1ad837,ACC-1363,ACC-1703,147.29,2026-08-16 10:10:06.161838,False
TXN-00c95d46,ACC-1407,ACC-1767,4354.1,2026-08-16 10:14:06.161838,False
TXN-1b2ac9ea,ACC-1994,ACC-1500,203.93,2026-08-16 10:18:06.161838,False
TXN-adb69588,ACC-1127,ACC-1377,1489.43,2026-08-16 10:22:06.161838,False
TXN-5aff4f5c,ACC-1325,ACC-1688,4275.63,2026-08-16 10:26:06.161838,False
TXN-8e6d5db5,ACC-1128,ACC-1879,121601.71,2026-08-16 10:30:06.161838,True
TXN-ffb92bfd,ACC-1063,ACC-1288,4139.15,2026-08-16 10:34:06.161838,False
TXN-c6808de4,ACC-1337,ACC-1942,795.65,2026-08-16 10:38:06.161838,False
TXN-076e5423,ACC-1920,ACC-1205,1308.32,2026-08-16 10:42:06.161838,False
TXN-6162c32a,ACC-1546,ACC-1755,2069.61,2026-08-16 10:46:06.161838,False
TXN-aa784f66,ACC-1363,ACC-1173,3048.03,2026-08-16 10:50:06.161838,False
TXN-cf87e8b4,ACC-1059,ACC-1428,2438.38,2026-08-16 10:54:06.161838,False
TXN-13668b5a,ACC-1634,ACC-1279,4894.22,2026-08-16 10:58:06.161838,False
TXN-5a5b1064,ACC-1533,ACC-1130,409.06,2026-08-16 11:02:06.161838,False
TXN-ab07d236,ACC-1758,ACC-1538,2173.4,2026-08-16 11:06:06.161838,False
TXN-46b04e7d,ACC-1087,ACC-1720,4107.32,2026-08-16 11:10:06.161838,False
TXN-d5e30cbc,ACC-1097,ACC-1341,3682.04,2026-08-16 11:14:06.161838,False
TXN-a5d33c61,ACC-1713,ACC-1421,956.74,2026-08-16 11:18:06.161838,False
TXN-fccb4dce,ACC-1514,ACC-1793,3032.39,2026-08-16 11:22:06.161838,False
TXN-1f4f0ac7,ACC-1651,ACC-1203,192.71,2026-08-16 11:26:06.161838,False
TXN-5dec9e38,ACC-1937,ACC-1620,3316.01,2026-08-16 11:30:06.161838,False
TXN-c3e9d23e,ACC-1066,ACC-1755,3215.76,2026-08-16 11:34:06.161838,False
TXN-0462f31b,ACC-1823,ACC-1294,1512.41,2026-08-16 11:38:06.161838,False
TXN-8121f8c6,ACC-1794,ACC-1120,4731.28,2026-08-16 11:42:06.161838,False
TXN-1a4dc118,ACC-1785,ACC-1819,1054.02,2026-08-16 11:46:06.161838,False
TXN-c463883d,ACC-1912,ACC-1037,2943.76,2026-08-16 11:50:06.161838,False
TXN-9bd4c834,ACC-1157,ACC-1561,4489.89,2026-08-16 11:54:06.161838,False
TXN-92760350,ACC-1825,ACC-1648,3600.74,2026-08-16 11:58:06.161838,False
TXN-176fcf6b,ACC-1043,ACC-1571,441.68,2026-08-16 12:02:06.161838,False
TXN-b0e7e5ec,ACC-1791,ACC-1400,4578.33,2026-08-16 12:06:06.161838,False
TXN-131ec1ef,ACC-1421,ACC-1759,1814.52,2026-08-16 12:10:06.161838,False
TXN-8e1ed1dd,ACC-1829,ACC-1154,1945.46,2026-08-16 12:14:06.161838,False
TXN-b860b2d2,ACC-1280,ACC-1706,4541.72,2026-08-16 12:18:06.161838,False
TXN-8c7165d6,ACC-1353,ACC-1165,312.81,2026-08-16 12:22:06.161838,False
TXN-4f9c6219,ACC-1568,ACC-1443,2473.42,2026-08-16 12:26:06.161838,False
TXN-ec9e54ca,ACC-1374,ACC-1494,1341.34,2026-08-16 12:30:06.161838,False
TXN-907c85b0,ACC-1046,ACC-1989,3926.02,2026-08-16 12:34:06.161838,False
TXN-dafae90a,ACC-1441,ACC-1561,3629.3,2026-08-16 12:38:06.161838,False
TXN-5d457c96,ACC-1608,ACC-1396,2739.99,2026-08-16 12:42:06.161838,False
TXN-b56fd8ac,ACC-1421,ACC-1689,2306.14,2026-08-16 12:46:06.161838,False
TXN-a84a4438,ACC-1226,ACC-1139,4231.88,2026-08-16 12:50:06.161838,False
TXN-3e0cf4e5,ACC-1529,ACC-1983,1248.13,2026-08-16 12:54:06.161838,False
TXN-40267d5a,ACC-1728,ACC-1336,4598.1,2026-08-16 12:58:06.161838,False
TXN-8ca9d9b7,ACC-1759,ACC-1785,3116.08,2026-08-16 13:02:06.161838,False
TXN-93f029cc,ACC-1020,ACC-1375,2351.55,2026-08-16 13:06:06.161838,False
TXN-24ae1891,ACC-1718,ACC-1036,1896.28,2026-08-16 13:10:06.161838,False
TXN-608acffc,ACC-1235,ACC-1127,3679.47,2026-08-16 13:14:06.161838,False
TXN-25a55921,ACC-1718,ACC-1123,1350.96,2026-08-16 13:18:06.161838,False
TXN-5bf2ee6c,ACC-1803,ACC-1505,3816.38,2026-08-16 13:22:06.161838,False
TXN-e3544980,ACC-1884,ACC-1289,2951.46,2026-08-16 13:26:06.161838,False
TXN-96318a80,ACC-1988,ACC-1120,2175.5,2026-08-16 13:30:06.161838,False
TXN-4717a299,ACC-1711,ACC-1693,1295.35,2026-08-16 13:34:06.161838,False
TXN-47bb6766,ACC-1761,ACC-1397,4550.79,2026-08-16 13:38:06.161838,False
TXN-f9a22bef,ACC-1434,ACC-1167,2700.49,2026-08-16 13:42:06.161838,False
TXN-4a805cf8,ACC-1272,ACC-1629,4215.5,2026-08-16 13:46:06.161838,False
TXN-2ce69935,ACC-1165,ACC-1067,2698.42,2026-08-16 13:50:06.161838,False
TXN-0c8162d7,ACC-1399,ACC-1607,1654.95,2026-08-16 13:54:06.161838,False
TXN-42169e4e,ACC-1948,ACC-1481,3541.37,2026-08-16 13:58:06.161838,False
TXN-bbee9de8,ACC-1662,ACC-1207,1208.71,2026-08-16 14:02:06.161838,False
TXN-6207997b,ACC-1299,ACC-1714,945.75,2026-08-16 14:06:06.161838,False
TXN-9791dfb5,ACC-1266,ACC-1107,1819.85,2026-08-16 14:10:06.161838,False
TXN-90e436e1,ACC-1288,ACC-1326,118923.05,2026-08-16 14:14:06.161838,True
TXN-bb0ea7a9,ACC-1508,ACC-1407,3317.71,2026-08-16 14:18:06.161838,False
TXN-44ba329f,ACC-1194,ACC-1503,4526.91,2026-08-16 14:22:06.161838,False
TXN-31550fe8,ACC-1143,ACC-1684,3748.44,2026-08-16 14:26:06.161838,False
TXN-842f2d7a,ACC-1348,ACC-1902,1927.07,2026-08-16 14:30:06.161838,False
TXN-19ba364a,ACC-1467,ACC-1944,4457.58,2026-08-16 14:34:06.161838,False
TXN-05dd1f20,ACC-1730,ACC-1745,1293.38,2026-08-16 14:38:06.161838,False
TXN-85d71952,ACC-1421,ACC-1252,4542.33,2026-08-16 14:42:06.161838,False
TXN-e20c177c,ACC-1851,ACC-1140,580.61,2026-08-16 14:46:06.161838,False
TXN-3b4f467b,ACC-1451,ACC-1746,4032.84,2026-08-16 14:50:06.161838,False
TXN-ebc5cfbe,ACC-1736,ACC-1021,2724.68,2026-08-16 14:54:06.161838,False
TXN-17eedb2e,ACC-1853,ACC-1652,4723.97,2026-08-16 14:58:06.161838,False
TXN-fca33580,ACC-1256,ACC-1724,540.99,2026-08-16 15:02:06.161838,False
TXN-01d7a59b,ACC-1721,ACC-1980,263.1,2026-08-16 15:06:06.161838,False
TXN-219bd84b,ACC-1816,ACC-1067,3689.65,2026-08-16 15:10:06.161838,False
TXN-f4159e1b,ACC-1544,ACC-1114,4626.23,2026-08-16 15:14:06.161838,False
TXN-606cdcb4,ACC-1302,ACC-1118,3703.45,2026-08-16 15:18:06.161838,False
TXN-40f37085,ACC-1224,ACC-1360,3559.56,2026-08-16 15:22:06.161838,False
TXN-c2bd121c,ACC-1562,ACC-1152,576.55,2026-08-16 15:26:06.161838,False
TXN-0899173d,ACC-1176,ACC-1399,4218.88,2026-08-16 15:30:06.161838,False
TXN-8fec56d3,ACC-1243,ACC-1360,150.35,2026-08-16 15:34:06.161838,False
TXN-6eddc557,ACC-1798,ACC-1765,1221.51,2026-08-16 15:38:06.161838,False
TXN-c677da08,ACC-1695,ACC-1350,4156.42,2026-08-16 15:42:06.161838,False
TXN-84ce02e4,ACC-1346,ACC-1889,2483.13,2026-08-16 15:46:06.161838,False
TXN-9bfc0bcc,ACC-1107,ACC-1759,734.67,2026-08-16 15:50:06.161838,False
TXN-fcb3cb8a,ACC-1726,ACC-1796,2363.12,2026-08-16 15:54:06.161838,False
TXN-80b9cbd8,ACC-1873,ACC-1030,3219.34,2026-08-16 15:58:06.161838,False
TXN-387f4da9,ACC-1200,ACC-1721,1088.13,2026-08-16 16:02:06.161838,False
TXN-06c2ca62,ACC-1084,ACC-1205,2612.38,2026-08-16 16:06:06.161838,False
TXN-9cef54a7,ACC-1390,ACC-1394,799.2,2026-08-16 16:10:06.161838,False
TXN-25b2eb27,ACC-1839,ACC-1220,1254.49,2026-08-16 16:14:06.161838,False
TXN-4ac1e4de,ACC-1994,ACC-1281,299.57,2026-08-16 16:18:06.161838,False
TXN-6173546f,ACC-1208,ACC-1989,1186.44,2026-08-16 16:22:06.161838,False
TXN-ecd58e4c,ACC-1415,ACC-1771,333.95,2026-08-16 16:26:06.161838,False
TXN-e8fbbe4d,ACC-1195,ACC-1072,4045.47,2026-08-16 16:30:06.161838,False
TXN-7132aa9d,ACC-1821,ACC-1115,571.18,2026-08-16 16:34:06.161838,False
TXN-a47f01eb,ACC-1819,ACC-1444,2702.26,2026-08-16 16:38:06.161838,False
TXN-fe8a4f62,ACC-1376,ACC-1684,1129.2,2026-08-16 16:42:06.161838,False
TXN-6cfc3fec,ACC-1348,ACC-1436,1690.66,2026-08-16 16:46:06.161838,False
TXN-8f8d9a7b,ACC-1813,ACC-1063,1331.93,2026-08-16 16:50:06.161838,False
TXN-b78a30f2,ACC-1127,ACC-1890,3160.87,2026-08-16 16:54:06.161838,False
TXN-e44e9343,ACC-1516,ACC-1114,3699.08,2026-08-16 16:58:06.161838,False
TXN-2d9dbf5a,ACC-1092,ACC-1740,4256.06,2026-08-16 17:02:06.161838,False
TXN-90a9adfd,ACC-1337,ACC-1084,711.41,2026-08-16 17:06:06.161838,False
TXN-910f0ce1,ACC-1728,ACC-1442,2576.67,2026-08-16 17:10:06.161838,False
TXN-baaafbab,ACC-1542,ACC-1256,1783.52,2026-08-16 17:14:06.161838,False
TXN-f402668a,ACC-1563,ACC-1028,2745.96,2026-08-16 17:18:06.161838,False
TXN-af8b76d5,ACC-1515,ACC-1657,1894.29,2026-08-16 17:22:06.161838,False
TXN-9ad26602,ACC-1654,ACC-1755,3723.98,2026-08-16 17:26:06.161838,False
TXN-a271190d,ACC-1336,ACC-1023,4666.38,2026-08-16 17:30:06.161838,False
TXN-ef8a805c,ACC-1842,ACC-1071,1148.46,2026-08-16 17:34:06.161838,False
TXN-5f9c2e27,ACC-1192,ACC-1957,4536.35,2026-08-16 17:38:06.161838,False
TXN-38db463d,ACC-1000,ACC-1774,4466.74,2026-08-16 17:42:06.161838,False
TXN-a11194e0,ACC-1774,ACC-1300,3919.0,2026-08-16 17:46:06.161838,False
TXN-99a83996,ACC-1236,ACC-1438,3317.81,2026-08-16 17:50:06.161838,False
TXN-a8db081d,ACC-1020,ACC-1552,3841.84,2026-08-16 17:54:06.161838,False
TXN-1b98b322,ACC-1125,ACC-1927,3566.26,2026-08-16 17:58:06.161838,False
TXN-25555e60,ACC-1150,ACC-1554,189171.27,2026-08-16 18:02:06.161838,True
TXN-f7793e73,ACC-1425,ACC-1979,3542.07,2026-08-16 18:06:06.161838,False
TXN-c4f421f2,ACC-1928,ACC-1642,2127.46,2026-08-16 18:10:06.161838,False
TXN-1b6eaa7c,ACC-1146,ACC-1953,2564.29,2026-08-16 18:14:06.161838,False
TXN-132fb80d,ACC-1881,ACC-1719,488.45,2026-08-16 18:18:06.161838,False
TXN-7189d819,ACC-1067,ACC-1085,1826.59,2026-08-16 18:22:06.161838,False
TXN-063a648e,ACC-1317,ACC-1796,3308.42,2026-08-16 18:26:06.161838,False
TXN-98b7e1ba,ACC-1558,ACC-1684,1683.97,2026-08-16 18:30:06.161838,False
TXN-55c6c647,ACC-1864,ACC-1095,639.95,2026-08-16 18:34:06.161838,False
TXN-ed1ace38,ACC-1252,ACC-1285,4342.94,2026-08-16 18:38:06.161838,False
TXN-f985b930,ACC-1122,ACC-1351,304.7,2026-08-16 18:42:06.161838,False
TXN-8b8723f6,ACC-1511,ACC-1556,3864.32,2026-08-16 18:46:06.161838,False
TXN-9997b17d,ACC-1657,ACC-1324,1017.13,2026-08-16 18:50:06.161838,False
TXN-17ea20fa,ACC-1952,ACC-1125,4649.91,2026-08-16 18:54:06.161838,False
TXN-3cc4db0a,ACC-1469,ACC-1410,1279.62,2026-08-16 18:58:06.161838,False
TXN-7ce31938,ACC-1843,ACC-1885,1016.02,2026-08-16 19:02:06.161838,False
TXN-00d9b290,ACC-1521,ACC-1586,4163.14,2026-08-16 19:06:06.161838,False
TXN-1da2b43f,ACC-1029,ACC-1571,283.88,2026-08-16 19:10:06.161838,False
TXN-ded18956,ACC-1373,ACC-1641,4251.44,2026-08-16 19:14:06.161838,False
TXN-3a414fbf,ACC-1344,ACC-1479,2402.09,2026-08-16 19:18:06.161838,False
TXN-c2a5bbd3,ACC-1989,ACC-1512,311.19,2026-08-16 19:22:06.161838,False
TXN-197c189d,ACC-1540,ACC-1343,2978.35,2026-08-16 19:26:06.161838,False
TXN-04b4760f,ACC-1648,ACC-1903,2599.09,2026-08-16 19:30:06.161838,False
TXN-9bdf4d57,ACC-1003,ACC-1520,119.54,2026-08-16 19:34:06.161838,False
TXN-46dab405,ACC-1095,ACC-1941,863.57,2026-08-16 19:38:06.161838,False
TXN-9ed181b9,ACC-1263,ACC-1055,99255.01,2026-08-16 19:42:06.161838,True
TXN-70d25301,ACC-1928,ACC-1018,2758.5,2026-08-16 19:46:06.161838,False
TXN-4674082b,ACC-1106,ACC-1488,4854.24,2026-08-16 19:50:06.161838,False
TXN-01b413d9,ACC-1415,ACC-1778,175561.73,2026-08-16 19:54:06.161838,True
TXN-b3ab62eb,ACC-1884,ACC-1667,1824.35,2026-08-16 19:58:06.161838,False
TXN-f4e873f5,ACC-1848,ACC-1499,3275.59,2026-08-16 20:02:06.161838,False
TXN-34880eee,ACC-1843,ACC-1718,4124.0,2026-08-16 20:06:06.161838,False
TXN-0d089ea1,ACC-1416,ACC-1601,983.52,2026-08-16 20:10:06.161838,False
TXN-8a7b8078,ACC-1411,ACC-1705,356.21,2026-08-16 20:14:06.161838,False
TXN-3c931d5b,ACC-1029,ACC-1963,617.86,2026-08-16 20:18:06.161838,False
TXN-4cdb9c4c,ACC-1958,ACC-1764,3645.78,2026-08-16 20:22:06.161838,False
TXN-cba16692,ACC-1866,ACC-1488,812.37,2026-08-16 20:26:06.161838,False
TXN-d638daf5,ACC-1897,ACC-1755,2066.61,2026-08-16 20:30:06.161838,False
TXN-7fe2b9b0,ACC-1415,ACC-1650,2453.1,2026-08-16 20:34:06.161838,False
TXN-71e54cb7,ACC-1721,ACC-1814,4176.25,2026-08-16 20:38:06.161838,False
TXN-7a90322c,ACC-1648,ACC-1387,811.08,2026-08-16 20:42:06.161838,False
TXN-dbd1ca1a,ACC-1074,ACC-1572,3456.65,2026-08-16 20:46:06.161838,False
TXN-e3a27d08,ACC-1938,ACC-1091,671.02,2026-08-16 20:50:06.161838,False
TXN-acbe2946,ACC-1383,ACC-1976,2674.26,2026-08-16 20:54:06.161838,False
TXN-78d76d6c,ACC-1140,ACC-1790,3990.37,2026-08-16 20:58:06.161838,False
TXN-6f1c5f2e,ACC-1064,ACC-1989,1531.69,2026-08-16 21:02:06.161838,False
TXN-dfd09c55,ACC-1109,ACC-1219,161897.18,2026-08-16 21:06:06.161838,True
TXN-04a4db0c,ACC-1546,ACC-1117,3651.17,2026-08-16 21:10:06.161838,False
TXN-46c37973,ACC-1986,ACC-1464,3259.57,2026-08-16 21:14:06.161838,False
TXN-1f56c98a,ACC-1155,ACC-1372,3982.25,2026-08-16 21:18:06.161838,False
TXN-43f819c0,ACC-1573,ACC-1980,3447.27,2026-08-16 21:22:06.161838,False
TXN-011eacb3,ACC-1383,ACC-1113,2207.9,2026-08-16 21:26:06.161838,False
TXN-53167099,ACC-1932,ACC-1625,2864.17,2026-08-16 21:30:06.161838,False
TXN-f7802b9b,ACC-1180,ACC-1219,1812.52,2026-08-16 21:34:06.161838,False
TXN-f16ffbba,ACC-1403,ACC-1922,2826.12,2026-08-16 21:38:06.161838,False
TXN-79a437fb,ACC-1440,ACC-1857,1962.79,2026-08-16 21:42:06.161838,False
TXN-9581a58a,ACC-1945,ACC-1435,3535.97,2026-08-16 21:46:06.161838,False
TXN-f9fe944b,ACC-1079,ACC-1264,3695.89,2026-08-16 21:50:06.161838,False
TXN-2891e1b6,ACC-1356,ACC-1174,2465.67,2026-08-16 21:54:06.161838,False
TXN-c2949d92,ACC-1229,ACC-1867,1029.01,2026-08-16 21:58:06.161838,False
TXN-340f70e0,ACC-1738,ACC-1566,4149.23,2026-08-16 22:02:06.161838,False
TXN-8e3c6f6a,ACC-1697,ACC-1106,593.06,2026-08-16 22:06:06.161838,False
TXN-6ccd035b,ACC-1243,ACC-1592,2416.9,2026-08-16 22:10:06.161838,False
TXN-f8969f21,ACC-1150,ACC-1172,1245.35,2026-08-16 22:14:06.161838,False
TXN-b0121705,ACC-1629,ACC-1868,4090.02,2026-08-16 22:18:06.161838,False
TXN-3d68f385,ACC-1264,ACC-1289,1723.55,2026-08-16 22:22:06.161838,False
TXN-1fa7d764,ACC-1149,ACC-1348,4913.63,2026-08-16 22:26:06.161838,False
TXN-0bf15098,ACC-1307,ACC-1524,3180.68,2026-08-16 22:30:06.161838,False
TXN-174ab9bc,ACC-1948,ACC-1387,2989.19,2026-08-16 22:34:06.161838,False
TXN-bb050086,ACC-1715,ACC-1082,85726.15,2026-08-16 22:38:06.161838,True
TXN-31ed8ed4,ACC-1896,ACC-1512,430.54,2026-08-16 22:42:06.161838,False
TXN-5aeee92e,ACC-1252,ACC-1358,135043.23,2026-08-16 22:46:06.161838,True
TXN-1a1dee8e,ACC-1978,ACC-1124,174.74,2026-08-16 22:50:06.161838,False
TXN-a9d00968,ACC-1202,ACC-1764,2530.36,2026-08-16 22:54:06.161838,False
TXN-af9d539e,ACC-1607,ACC-1194,859.19,2026-08-16 22:58:06.161838,False
TXN-27e33722,ACC-1748,ACC-1218,760.0,2026-08-16 23:02:06.161838,False
TXN-5bc4963d,ACC-1331,ACC-1240,4974.3,2026-08-16 23:06:06.161838,False
TXN-d845a524,ACC-1691,ACC-1050,1995.95,2026-08-16 23:10:06.161838,False
TXN-dd01f5d3,ACC-1726,ACC-1718,4821.74,2026-08-16 23:14:06.161838,False
TXN-507495dc,ACC-1340,ACC-1871,1306.22,2026-08-16 23:18:06.161838,False
TXN-429d1a64,ACC-1486,ACC-1771,1088.99,2026-08-16 23:22:06.161838,False
TXN-d47ccbf4,ACC-1733,ACC-1203,3529.16,2026-08-16 23:26:06.161838,False
TXN-c85bcd1a,ACC-1731,ACC-1374,273.26,2026-08-16 23:30:06.161838,False
TXN-55de769d,ACC-1124,ACC-1467,828.94,2026-08-16 23:34:06.161838,False
TXN-df1400ea,ACC-1359,ACC-1602,3810.73,2026-08-16 23:38:06.161838,False
TXN-735782dd,ACC-1535,ACC-1997,2360.92,2026-08-16 23:42:06.161838,False
TXN-3ded847e,ACC-1243,ACC-1054,4878.92,2026-08-16 23:46:06.161838,False
TXN-cd7b351e,ACC-1451,ACC-1023,883.31,2026-08-16 23:50:06.161838,False
TXN-f7b5704c,ACC-1402,ACC-1111,3486.76,2026-08-16 23:54:06.161838,False
TXN-ebcdc08f,ACC-1849,ACC-1603,421.73,2026-08-16 23:58:06.161838,False
TXN-45dd9940,ACC-1260,ACC-1166,4044.7,2026-08-17 00:02:06.161838,False
TXN-7fc6b7dd,ACC-1625,ACC-1057,2457.79,2026-08-17 00:06:06.161838,False
TXN-798b5dc1,ACC-1035,ACC-1979,1668.24,2026-08-17 00:10:06.161838,False
TXN-b77f78cf,ACC-1731,ACC-1606,3454.93,2026-08-17 00:14:06.161838,False
TXN-bbf7456c,ACC-1249,ACC-1465,1873.7,2026-08-17 00:18:06.161838,False
TXN-f1b1f6e7,ACC-1305,ACC-1762,4179.51,2026-08-17 00:22:06.161838,False
TXN-b9aa501f,ACC-1812,ACC-1072,1801.19,2026-08-17 00:26:06.161838,False
TXN-db2fe514,ACC-1907,ACC-1966,4954.8,2026-08-17 00:30:06.161838,False
TXN-913ce4bf,ACC-1832,ACC-1905,1614.15,2026-08-17 00:34:06.161838,False
TXN-30a747f8,ACC-1053,ACC-1424,4352.64,2026-08-17 00:38:06.161838,False
TXN-0dc561f2,ACC-1480,ACC-1795,3947.52,2026-08-17 00:42:06.161838,False
TXN-43e9dbb0,ACC-1472,ACC-1532,3701.69,2026-08-17 00:46:06.161838,False
TXN-a840fe86,ACC-1355,ACC-1209,1410.75,2026-08-17 00:50:06.161838,False
TXN-3e0d9953,ACC-1843,ACC-1882,4281.12,2026-08-17 00:54:06.161838,False
TXN-eb4211d5,ACC-1215,ACC-1855,2866.16,2026-08-17 00:58:06.161838,False
TXN-068c3d92,ACC-1848,ACC-1395,2300.8,2026-08-17 01:02:06.161838,False
TXN-9c7ac016,ACC-1196,ACC-1025,457.35,2026-08-17 01:06:06.161838,False
TXN-55e5734b,ACC-1851,ACC-1310,4684.93,2026-08-17 01:10:06.161838,False
TXN-60c1ca8e,ACC-1716,ACC-1298,1641.62,2026-08-17 01:14:06.161838,False
TXN-2b827593,ACC-1971,ACC-1038,161638.82,2026-08-17 01:18:06.161838,True
TXN-f4d43271,ACC-1994,ACC-1762,2453.66,2026-08-17 01:22:06.161838,False
TXN-99204143,ACC-1238,ACC-1474,3162.21,2026-08-17 01:26:06.161838,False
TXN-c440fbad,ACC-1230,ACC-1187,4348.18,2026-08-17 01:30:06.161838,False
TXN-3a4932cf,ACC-1606,ACC-1775,4595.93,2026-08-17 01:34:06.161838,False
TXN-2eb88081,ACC-1219,ACC-1676,2085.51,2026-08-17 01:38:06.161838,False
TXN-9ad684ce,ACC-1921,ACC-1332,1702.56,2026-08-17 01:42:06.161838,False
TXN-6b55e4bd,ACC-1408,ACC-1318,4507.22,2026-08-17 01:46:06.161838,False
TXN-e46f7574,ACC-1876,ACC-1416,1347.64,2026-08-17 01:50:06.161838,False
TXN-171e0e59,ACC-1878,ACC-1607,3217.28,2026-08-17 01:54:06.161838,False
TXN-c7ceede5,ACC-1761,ACC-1863,2271.99,2026-08-17 01:58:06.161838,False
TXN-1af6bcb4,ACC-1781,ACC-1229,3558.83,2026-08-17 02:02:06.161838,False
TXN-bba4e580,ACC-1221,ACC-1371,1134.07,2026-08-17 02:06:06.161838,False
TXN-a4d717f1,ACC-1024,ACC-1192,950.34,2026-08-17 02:10:06.161838,False
TXN-4713b96e,ACC-1688,ACC-1223,3994.53,2026-08-17 02:14:06.161838,False
TXN-fc3c9093,ACC-1434,ACC-1439,1226.92,2026-08-17 02:18:06.161838,False
TXN-cf9fe1c2,ACC-1360,ACC-1175,2915.06,2026-08-17 02:22:06.161838,False
TXN-9d0d439c,ACC-1959,ACC-1055,4749.63,2026-08-17 02:26:06.161838,False
TXN-02392b5d,ACC-1740,ACC-1411,3548.23,2026-08-17 02:30:06.161838,False
TXN-d61a3073,ACC-1877,ACC-1385,1083.41,2026-08-17 02:34:06.161838,False
TXN-960a7f10,ACC-1089,ACC-1086,3663.1,2026-08-17 02:38:06.161838,False
TXN-b3b7da8d,ACC-1165,ACC-1073,3403.31,2026-08-17 02:42:06.161838,False
TXN-c5c807f6,ACC-1911,ACC-1293,3256.87,2026-08-17 02:46:06.161838,False
TXN-ef694dd9,ACC-1864,ACC-1131,3668.33,2026-08-17 02:50:06.161838,False
TXN-b410da51,ACC-1510,ACC-1242,96253.97,2026-08-17 02:54:06.161838,True
TXN-9dac0544,ACC-1973,ACC-1654,848.2,2026-08-17 02:58:06.161838,False
TXN-2539a0b9,ACC-1670,ACC-1427,2911.99,2026-08-17 03:02:06.161838,False
TXN-1f56cf9f,ACC-1621,ACC-1327,2068.5,2026-08-17 03:06:06.161838,False
TXN-7a7090c5,ACC-1136,ACC-1791,197117.4,2026-08-17 03:10:06.161838,True
TXN-df6d9962,ACC-1358,ACC-1507,169.36,2026-08-17 03:14:06.161838,False
TXN-858e83b5,ACC-1679,ACC-1676,1962.58,2026-08-17 03:18:06.161838,False
TXN-001b8c9a,ACC-1119,ACC-1025,2302.08,2026-08-17 03:22:06.161838,False
TXN-a9fa6f91,ACC-1493,ACC-1872,2651.41,2026-08-17 03:26:06.161838,False
TXN-3a9f470f,ACC-1663,ACC-1856,4831.6,2026-08-17 03:30:06.161838,False
TXN-3bea430a,ACC-1703,ACC-1669,3744.52,2026-08-17 03:34:06.161838,False
TXN-1a40f8f1,ACC-1383,ACC-1259,3309.66,2026-08-17 03:38:06.161838,False
TXN-48a54ea2,ACC-1187,ACC-1038,4873.63,2026-08-17 03:42:06.161838,False
TXN-a04f6e2d,ACC-1998,ACC-1846,2974.21,2026-08-17 03:46:06.161838,False
TXN-a11b9ef9,ACC-1809,ACC-1292,1524.15,2026-08-17 03:50:06.161838,False
TXN-92e2a24f,ACC-1507,ACC-1059,153.03,2026-08-17 03:54:06.161838,False
TXN-aedbe053,ACC-1566,ACC-1151,3857.49,2026-08-17 03:58:06.161838,False
TXN-e77c1a68,ACC-1608,ACC-1598,2121.48,2026-08-17 04:02:06.161838,False
TXN-2baab8e3,ACC-1432,ACC-1517,1741.2,2026-08-17 04:06:06.161838,False
TXN-9ef1128d,ACC-1208,ACC-1819,4162.23,2026-08-17 04:10:06.161838,False
TXN-206b7579,ACC-1980,ACC-1206,1581.86,2026-08-17 04:14:06.161838,False
TXN-6cc307ea,ACC-1243,ACC-1420,680.04,2026-08-17 04:18:06.161838,False
TXN-0fb7b619,ACC-1482,ACC-1682,718.98,2026-08-17 04:22:06.161838,False
TXN-1e1bc179,ACC-1373,ACC-1812,2857.15,2026-08-17 04:26:06.161838,False
TXN-c969f50e,ACC-1003,ACC-1648,2291.02,2026-08-17 04:30:06.161838,False
TXN-672d514a,ACC-1959,ACC-1438,4435.43,2026-08-17 04:34:06.161838,False
TXN-d3d592dd,ACC-1101,ACC-1889,1340.31,2026-08-17 04:38:06.161838,False
TXN-af827937,ACC-1301,ACC-1989,2636.8,2026-08-17 04:42:06.161838,False
TXN-3840ee73,ACC-1358,ACC-1318,3127.29,2026-08-17 04:46:06.161838,False
TXN-6d1dbf3e,ACC-1977,ACC-1574,1486.03,2026-08-17 04:50:06.161838,False
TXN-3f315f09,ACC-1129,ACC-1136,4961.24,2026-08-17 04:54:06.161838,False
TXN-267bc501,ACC-1920,ACC-1334,4750.2,2026-08-17 04:58:06.161838,False
TXN-b7c5f27a,ACC-1837,ACC-1724,4953.39,2026-08-17 05:02:06.161838,False
TXN-8778b0d8,ACC-1188,ACC-1203,193686.23,2026-08-17 05:06:06.161838,True
TXN-b9a1a336,ACC-1784,ACC-1622,2476.54,2026-08-17 05:10:06.161838,False
TXN-5563c562,ACC-1559,ACC-1826,688.82,2026-08-17 05:14:06.161838,False
TXN-22c01332,ACC-1958,ACC-1966,1213.23,2026-08-17 05:18:06.161838,False
TXN-29b9072b,ACC-1481,ACC-1327,2773.61,2026-08-17 05:22:06.161838,False
TXN-88b91509,ACC-1464,ACC-1140,344.08,2026-08-17 05:26:06.161838,False
TXN-2c05ce2b,ACC-1833,ACC-1435,140384.24,2026-08-17 05:30:06.161838,True
TXN-25ed7d03,ACC-1035,ACC-1646,3353.17,2026-08-17 05:34:06.161838,False
TXN-19fac657,ACC-1095,ACC-1129,1129.83,2026-08-17 05:38:06.161838,False
TXN-b68441c8,ACC-1817,ACC-1113,2878.62,2026-08-17 05:42:06.161838,False
TXN-037968da,ACC-1807,ACC-1034,207.14,2026-08-17 05:46:06.161838,False
TXN-895e22e4,ACC-1239,ACC-1037,3901.26,2026-08-17 05:50:06.161838,False
TXN-4495e21d,ACC-1640,ACC-1011,1007.87,2026-08-17 05:54:06.161838,False
TXN-864e3f77,ACC-1399,ACC-1170,750.66,2026-08-17 05:58:06.161838,False
TXN-7021efb7,ACC-1994,ACC-1796,4992.46,2026-08-17 06:02:06.161838,False
TXN-c04da063,ACC-1273,ACC-1011,767.31,2026-08-17 06:06:06.161838,False
TXN-2ef25188,ACC-1480,ACC-1702,2182.73,2026-08-17 06:10:06.161838,False
TXN-cb40556c,ACC-1438,ACC-1665,3718.56,2026-08-17 06:14:06.161838,False
TXN-8c7dfd0c,ACC-1363,ACC-1232,4922.67,2026-08-17 06:18:06.161838,False
TXN-d150bc70,ACC-1605,ACC-1872,2918.36,2026-08-17 06:22:06.161838,False
TXN-0225a4f3,ACC-1343,ACC-1012,1909.69,2026-08-17 06:26:06.161838,False
TXN-6c34e01e,ACC-1024,ACC-1592,3093.19,2026-08-17 06:30:06.161838,False
TXN-b926131b,ACC-1136,ACC-1958,1025.98,2026-08-17 06:34:06.161838,False
TXN-36389c2b,ACC-1067,ACC-1085,849.47,2026-08-17 06:38:06.161838,False
TXN-01878d7b,ACC-1677,ACC-1915,3661.38,2026-08-17 06:42:06.161838,False
TXN-aec188fb,ACC-1290,ACC-1465,653.99,2026-08-17 06:46:06.161838,False
TXN-4aa02a18,ACC-1007,ACC-1503,4404.17,2026-08-17 06:50:06.161838,False
TXN-c78ecfd1,ACC-1533,ACC-1633,3594.16,2026-08-17 06:54:06.161838,False
TXN-a26af989,ACC-1241,ACC-1246,2684.65,2026-08-17 06:58:06.161838,False
TXN-86010a3f,ACC-1671,ACC-1745,4086.77,2026-08-17 07:02:06.161838,False
TXN-9ef6ccae,ACC-1052,ACC-1285,3305.68,2026-08-17 07:06:06.161838,False
TXN-03796f3e,ACC-1469,ACC-1612,2959.9,2026-08-17 07:10:06.161838,False
TXN-3df71b13,ACC-1263,ACC-1169,4325.47,2026-08-17 07:14:06.161838,False
TXN-0bff4a58,ACC-1831,ACC-1254,1113.94,2026-08-17 07:18:06.161838,False
TXN-552a1014,ACC-1086,ACC-1018,2057.85,2026-08-17 07:22:06.161838,False
TXN-9025fa17,ACC-1298,ACC-1626,4324.05,2026-08-17 07:26:06.161838,False
TXN-ee0936bc,ACC-1768,ACC-1594,4188.81,2026-08-17 07:30:06.161838,False
TXN-451f6626,ACC-1809,ACC-1517,4862.67,2026-08-17 07:34:06.161838,False
TXN-de712cc4,ACC-1860,ACC-1705,2101.74,2026-08-17 07:38:06.161838,False
TXN-7e52309c,ACC-1051,ACC-1000,823.58,2026-08-17 07:42:06.161838,False
TXN-5acd8f76,ACC-1479,ACC-1769,3149.46,2026-08-17 07:46:06.161838,False
TXN-94a7bf1b,ACC-1065,ACC-1740,532.8,2026-08-17 07:50:06.161838,False
TXN-3a3670b9,ACC-1491,ACC-1766,3452.66,2026-08-17 07:54:06.161838,False
TXN-c3f515db,ACC-1294,ACC-1379,4810.58,2026-08-17 07:58:06.161838,False
TXN-e2b08f7b,ACC-1592,ACC-1225,2114.52,2026-08-17 08:02:06.161838,False
TXN-ffd42a27,ACC-1785,ACC-1438,4442.82,2026-08-17 08:06:06.161838,False
TXN-936ca7fe,ACC-1038,ACC-1226,3634.04,2026-08-17 08:10:06.161838,False
TXN-70420eeb,ACC-1283,ACC-1533,129736.74,2026-08-17 08:14:06.161838,True
TXN-676fff22,ACC-1028,ACC-1633,1775.4,2026-08-17 08:18:06.161838,False
TXN-2f17a8cf,ACC-1390,ACC-1504,563.76,2026-08-17 08:22:06.161838,False
TXN-a9b6ac01,ACC-1830,ACC-1746,530.34,2026-08-17 08:26:06.161838,False
TXN-07fa708e,ACC-1600,ACC-1718,1948.4,2026-08-17 08:30:06.161838,False
TXN-7bffe2b1,ACC-1160,ACC-1115,1105.56,2026-08-17 08:34:06.161838,False
TXN-c0b53183,ACC-1335,ACC-1942,3996.41,2026-08-17 08:38:06.161838,False
TXN-ebe9f4b7,ACC-1177,ACC-1265,1038.29,2026-08-17 08:42:06.161838,False
TXN-2d2b0296,ACC-1209,ACC-1766,3311.58,2026-08-17 08:46:06.161838,False
TXN-1e2e621f,ACC-1342,ACC-1968,3793.33,2026-08-17 08:50:06.161838,False
TXN-c3e6d43f,ACC-1761,ACC-1984,3890.09,2026-08-17 08:54:06.161838,False
TXN-23c7893e,ACC-1691,ACC-1719,4754.26,2026-08-17 08:58:06.161838,False
TXN-8ecb7ab3,ACC-1062,ACC-1510,975.7,2026-08-17 09:02:06.161838,False
TXN-bf6bdd12,ACC-1629,ACC-1580,3758.4,2026-08-17 09:06:06.161838,False
TXN-1e107b0c,ACC-1719,ACC-1434,432.96,2026-08-17 09:10:06.161838,False
TXN-adea7adc,ACC-1067,ACC-1419,146.38,2026-08-17 09:14:06.161838,False
TXN-c9d6d09d,ACC-1139,ACC-1654,1473.62,2026-08-17 09:18:06.161838,False
TXN-a719152e,ACC-1826,ACC-1982,3047.78,2026-08-17 09:22:06.161838,False
TXN-9559f68d,ACC-1122,ACC-1062,919.66,2026-08-17 09:26:06.161838,False
TXN-da6c9871,ACC-1886,ACC-1789,4457.57,2026-08-17 09:30:06.161838,False
TXN-6f46f611,ACC-1001,ACC-1139,2997.19,2026-08-17 09:34:06.161838,False
TXN-b9ed0475,ACC-1630,ACC-1840,3574.31,2026-08-17 09:38:06.161838,False
TXN-0834f835,ACC-1147,ACC-1421,2201.38,2026-08-17 09:42:06.161838,False
TXN-ba9100a3,ACC-1788,ACC-1900,2545.91,2026-08-17 09:46:06.161838,False
TXN-d116bf96,ACC-1859,ACC-1006,3365.38,2026-08-17 09:50:06.161838,False
TXN-d2527940,ACC-1312,ACC-1399,427.28,2026-08-17 09:54:06.161838,False
TXN-9165a684,ACC-1024,ACC-1922,2315.18,2026-08-17 09:58:06.161838,False
TXN-b1d6a8dd,ACC-1798,ACC-1718,409.51,2026-08-17 10:02:06.161838,False
TXN-7af3299a,ACC-1840,ACC-1494,1897.81,2026-08-17 10:06:06.161838,False
TXN-77fb217f,ACC-1392,ACC-1272,3132.19,2026-08-17 10:10:06.161838,False
TXN-3bd838f1,ACC-1158,ACC-1856,2800.41,2026-08-17 10:14:06.161838,False
TXN-3b2517de,ACC-1832,ACC-1002,175248.58,2026-08-17 10:18:06.161838,True
TXN-b92c4509,ACC-1339,ACC-1353,2165.14,2026-08-17 10:22:06.161838,False
TXN-6544607a,ACC-1761,ACC-1633,3070.74,2026-08-17 10:26:06.161838,False
TXN-6c47cefb,ACC-1520,ACC-1128,993.63,2026-08-17 10:30:06.161838,False
TXN-283ff107,ACC-1781,ACC-1197,342.58,2026-08-17 10:34:06.161838,False
TXN-3e516745,ACC-1180,ACC-1119,3400.86,2026-08-17 10:38:06.161838,False
TXN-f908f4d9,ACC-1892,ACC-1456,1807.81,2026-08-17 10:42:06.161838,False
TXN-1b367104,ACC-1635,ACC-1243,4858.26,2026-08-17 10:46:06.161838,False
TXN-99c95c05,ACC-1621,ACC-1677,1668.69,2026-08-17 10:50:06.161838,False
TXN-2e2a8842,ACC-1833,ACC-1458,2527.93,2026-08-17 10:54:06.161838,False
TXN-459c5a9b,ACC-1296,ACC-1686,1261.57,2026-08-17 10:58:06.161838,False
TXN-ef9bedd8,ACC-1308,ACC-1697,3314.78,2026-08-17 11:02:06.161838,False
TXN-184075ec,ACC-1344,ACC-1284,857.27,2026-08-17 11:06:06.161838,False
TXN-5d77c446,ACC-1986,ACC-1959,2769.61,2026-08-17 11:10:06.161838,False
TXN-8e726814,ACC-1273,ACC-1419,4098.43,2026-08-17 11:14:06.161838,False
TXN-f6e6578f,ACC-1824,ACC-1588,796.26,2026-08-17 11:18:06.161838,False
TXN-6f91a350,ACC-1424,ACC-1906,378.66,2026-08-17 11:22:06.161838,False
TXN-de2efd65,ACC-1296,ACC-1024,617.22,2026-08-17 11:26:06.161838,False
TXN-42d8161e,ACC-1205,ACC-1923,3173.2,2026-08-17 11:30:06.161838,False
TXN-8bc0b85a,ACC-1918,ACC-1959,4440.54,2026-08-17 11:34:06.161838,False
TXN-d82ba2ba,ACC-1676,ACC-1368,1699.07,2026-08-17 11:38:06.161838,False
TXN-ca1692d2,ACC-1233,ACC-1288,3776.95,2026-08-17 11:42:06.161838,False
TXN-d432d6cf,ACC-1194,ACC-1180,1081.87,2026-08-17 11:46:06.161838,False
TXN-e3ba84d9,ACC-1496,ACC-1411,166.58,2026-08-17 11:50:06.161838,False
TXN-79796ed4,ACC-1847,ACC-1856,3402.26,2026-08-17 11:54:06.161838,False
TXN-8153579f,ACC-1930,ACC-1794,2116.51,2026-08-17 11:58:06.161838,False
TXN-a605d858,ACC-1058,ACC-1921,4452.58,2026-08-17 12:02:06.161838,False
TXN-ebf7aa8f,ACC-1577,ACC-1962,2767.49,2026-08-17 12:06:06.161838,False
TXN-24707478,ACC-1877,ACC-1352,682.71,2026-08-17 12:10:06.161838,False
TXN-1cddf3fd,ACC-1316,ACC-1930,3219.43,2026-08-17 12:14:06.161838,False
TXN-cbf8ef6b,ACC-1750,ACC-1134,1412.58,2026-08-17 12:18:06.161838,False
TXN-3c885c3c,ACC-1146,ACC-1426,1399.35,2026-08-17 12:22:06.161838,False
TXN-52405224,ACC-1943,ACC-1145,2781.06,2026-08-17 12:26:06.161838,False
TXN-a880ab79,ACC-1524,ACC-1971,4236.01,2026-08-17 12:30:06.161838,False
TXN-f675c6bf,ACC-1117,ACC-1376,492.5,2026-08-17 12:34:06.161838,False
TXN-b50e3fc8,ACC-1891,ACC-1411,110704.4,2026-08-17 12:38:06.161838,True
TXN-152dca2e,ACC-1745,ACC-1161,531.46,2026-08-17 12:42:06.161838,False
TXN-5624e4b4,ACC-1757,ACC-1992,335.88,2026-08-17 12:46:06.161838,False
TXN-32f26ad6,ACC-1406,ACC-1427,2755.67,2026-08-17 12:50:06.161838,False
TXN-3a24ffbc,ACC-1755,ACC-1230,1726.24,2026-08-17 12:54:06.161838,False
TXN-7f4d43e8,ACC-1405,ACC-1353,2186.26,2026-08-17 12:58:06.161838,False
TXN-9f823843,ACC-1301,ACC-1745,3618.49,2026-08-17 13:02:06.161838,False
TXN-53a5b938,ACC-1141,ACC-1199,940.89,2026-08-17 13:06:06.161838,False
TXN-fe91417d,ACC-1108,ACC-1487,4547.23,2026-08-17 13:10:06.161838,False
TXN-7f01254a,ACC-1334,ACC-1253,150999.58,2026-08-17 13:14:06.161838,True
TXN-dfa951a8,ACC-1627,ACC-1089,1639.47,2026-08-17 13:18:06.161838,False
TXN-ba544985,ACC-1749,ACC-1746,2775.24,2026-08-17 13:22:06.161838,False
TXN-a5869134,ACC-1903,ACC-1773,4304.71,2026-08-17 13:26:06.161838,False
TXN-8dc81175,ACC-1927,ACC-1747,2644.07,2026-08-17 13:30:06.161838,False
TXN-96ed60f5,ACC-1369,ACC-1373,4167.02,2026-08-17 13:34:06.161838,False
TXN-d1be916e,ACC-1448,ACC-1824,4641.56,2026-08-17 13:38:06.161838,False
TXN-50ddee5c,ACC-1679,ACC-1889,2084.49,2026-08-17 13:42:06.161838,False
TXN-bab2fe6d,ACC-1633,ACC-1135,829.42,2026-08-17 13:46:06.161838,False
TXN-64957ec9,ACC-1883,ACC-1278,807.97,2026-08-17 13:50:06.161838,False
TXN-a791a5b1,ACC-1574,ACC-1426,4744.59,2026-08-17 13:54:06.161838,False
TXN-d5dab1fd,ACC-1596,ACC-1751,4779.53,2026-08-17 13:58:06.161838,False
TXN-186a88e1,ACC-1889,ACC-1948,1007.57,2026-08-17 14:02:06.161838,False
TXN-6a1f19f6,ACC-1774,ACC-1213,4432.04,2026-08-17 14:06:06.161838,False
TXN-8085219b,ACC-1294,ACC-1694,3702.88,2026-08-17 14:10:06.161838,False
TXN-224f8725,ACC-1339,ACC-1829,593.51,2026-08-17 14:14:06.161838,False
TXN-41913c28,ACC-1396,ACC-1159,3799.41,2026-08-17 14:18:06.161838,False
TXN-ac6ae880,ACC-1142,ACC-1300,3086.95,2026-08-17 14:22:06.161838,False
TXN-a4146bd7,ACC-1735,ACC-1788,1120.38,2026-08-17 14:26:06.161838,False
TXN-0dc9a94a,ACC-1234,ACC-1695,1691.78,2026-08-17 14:30:06.161838,False
TXN-a58d3cbd,ACC-1609,ACC-1767,4122.01,2026-08-17 14:34:06.161838,False
TXN-7ce05e26,ACC-1868,ACC-1503,368.06,2026-08-17 14:38:06.161838,False
TXN-dd56d77c,ACC-1664,ACC-1916,372.52,2026-08-17 14:42:06.161838,False
TXN-0a8637cb,ACC-1431,ACC-1346,1659.9,2026-08-17 14:46:06.161838,False
TXN-af8cb493,ACC-1275,ACC-1552,2219.87,2026-08-17 14:50:06.161838,False
TXN-be61412b,ACC-1106,ACC-1609,4972.66,2026-08-17 14:54:06.161838,False
TXN-ed164ced,ACC-1211,ACC-1741,390.74,2026-08-17 14:58:06.161838,False
TXN-f65139bb,ACC-1399,ACC-1848,931.56,2026-08-17 15:02:06.161838,False
TXN-3ee72756,ACC-1595,ACC-1941,4152.86,2026-08-17 15:06:06.161838,False
TXN-93e777d1,ACC-1361,ACC-1886,611.98,2026-08-17 15:10:06.161838,False
TXN-30f66e29,ACC-1950,ACC-1359,2011.56,2026-08-17 15:14:06.161838,False
TXN-1d4f446b,ACC-1058,ACC-1457,4999.66,2026-08-17 15:18:06.161838,False
TXN-a2c8c410,ACC-1373,ACC-1419,78243.48,2026-08-17 15:22:06.161838,True
TXN-b87e789a,ACC-1111,ACC-1249,4413.52,2026-08-17 15:26:06.161838,False
TXN-3466c88d,ACC-1265,ACC-1239,1784.92,2026-08-17 15:30:06.161838,False
TXN-aeaecea1,ACC-1093,ACC-1651,4417.34,2026-08-17 15:34:06.161838,False
TXN-493bcf7c,ACC-1270,ACC-1551,4782.66,2026-08-17 15:38:06.161838,False
TXN-9d8a4fa6,ACC-1748,ACC-1991,3752.64,2026-08-17 15:42:06.161838,False
TXN-513bd254,ACC-1501,ACC-1084,1192.89,2026-08-17 15:46:06.161838,False
TXN-98073635,ACC-1743,ACC-1829,3383.42,2026-08-17 15:50:06.161838,False
TXN-279e6d79,ACC-1232,ACC-1730,537.92,2026-08-17 15:54:06.161838,False
TXN-649e690b,ACC-1188,ACC-1177,4533.47,2026-08-17 15:58:06.161838,False
TXN-6849cd7f,ACC-1322,ACC-1169,2091.84,2026-08-17 16:02:06.161838,False
TXN-a21f6cfc,ACC-1198,ACC-1590,4104.72,2026-08-17 16:06:06.161838,False
TXN-4e68c675,ACC-1497,ACC-1119,4336.33,2026-08-17 16:10:06.161838,False
TXN-44c85b9a,ACC-1809,ACC-1137,817.42,2026-08-17 16:14:06.161838,False
TXN-06ffeb51,ACC-1943,ACC-1341,3982.43,2026-08-17 16:18:06.161838,False
TXN-ec078ce5,ACC-1114,ACC-1526,3581.37,2026-08-17 16:22:06.161838,False
TXN-0d3a9fd3,ACC-1619,ACC-1623,3291.57,2026-08-17 16:26:06.161838,False
TXN-e3985197,ACC-1057,ACC-1904,2339.98,2026-08-17 16:30:06.161838,False
TXN-81d76621,ACC-1208,ACC-1313,4958.59,2026-08-17 16:34:06.161838,False
TXN-5d756b19,ACC-1863,ACC-1143,1477.99,2026-08-17 16:38:06.161838,False
TXN-c7d8bec2,ACC-1969,ACC-1442,269.9,2026-08-17 16:42:06.161838,False
TXN-17700538,ACC-1444,ACC-1749,1791.66,2026-08-17 16:46:06.161838,False
TXN-56b3dc21,ACC-1332,ACC-1722,1753.88,2026-08-17 16:50:06.161838,False
TXN-48339d3f,ACC-1190,ACC-1758,1972.77,2026-08-17 16:54:06.161838,False
TXN-70ca8c2d,ACC-1510,ACC-1280,3675.63,2026-08-17 16:58:06.161838,False
TXN-ac7bc733,ACC-1331,ACC-1604,4165.86,2026-08-17 17:02:06.161838,False
TXN-f5f1d783,ACC-1713,ACC-1362,2076.72,2026-08-17 17:06:06.161838,False
TXN-be434d12,ACC-1239,ACC-1223,2464.59,2026-08-17 17:10:06.161838,False
TXN-68aadc6f,ACC-1614,ACC-1010,2096.56,2026-08-17 17:14:06.161838,False
TXN-1fc03853,ACC-1932,ACC-1378,325.56,2026-08-17 17:18:06.161838,False
TXN-a66a8b25,ACC-1790,ACC-1794,2717.61,2026-08-17 17:22:06.161838,False
TXN-592edcff,ACC-1484,ACC-1619,3978.14,2026-08-17 17:26:06.161838,False
TXN-018f6fa2,ACC-1320,ACC-1328,773.09,2026-08-17 17:30:06.161838,False
TXN-535c4fa7,ACC-1336,ACC-1857,502.77,2026-08-17 17:34:06.161838,False
TXN-3d3c7a38,ACC-1163,ACC-1507,3153.51,2026-08-17 17:38:06.161838,False
TXN-b0e2b3e8,ACC-1765,ACC-1750,1130.68,2026-08-17 17:42:06.161838,False
TXN-7f1b2814,ACC-1660,ACC-1631,2729.1,2026-08-17 17:46:06.161838,False
TXN-4b08f8cf,ACC-1204,ACC-1539,3687.61,2026-08-17 17:50:06.161838,False
TXN-3b216c53,ACC-1313,ACC-1948,4521.15,2026-08-17 17:54:06.161838,False
TXN-5b5ff527,ACC-1810,ACC-1756,1847.71,2026-08-17 17:58:06.161838,False
TXN-838d51da,ACC-1139,ACC-1712,234.06,2026-08-17 18:02:06.161838,False
TXN-c6d5dd3e,ACC-1609,ACC-1996,4455.59,2026-08-17 18:06:06.161838,False
TXN-ffe1dd12,ACC-1639,ACC-1831,2478.38,2026-08-17 18:10:06.161838,False
TXN-5b18a670,ACC-1555,ACC-1460,1647.49,2026-08-17 18:14:06.161838,False
TXN-72a22d17,ACC-1354,ACC-1858,1849.27,2026-08-17 18:18:06.161838,False
TXN-420abc1a,ACC-1193,ACC-1941,739.11,2026-08-17 18:22:06.161838,False
TXN-5b94d11d,ACC-1785,ACC-1224,4973.52,2026-08-17 18:26:06.161838,False
TXN-a46c1b82,ACC-1118,ACC-1135,69686.89,2026-08-17 18:30:06.161838,True
TXN-50eb436a,ACC-1546,ACC-1615,95742.96,2026-08-17 18:34:06.161838,True
TXN-a96b159a,ACC-1133,ACC-1996,3939.85,2026-08-17 18:38:06.161838,False
TXN-b4bc1922,ACC-1265,ACC-1408,1038.16,2026-08-17 18:42:06.161838,False
TXN-e9945915,ACC-1808,ACC-1934,1852.74,2026-08-17 18:46:06.161838,False
TXN-d15f44f8,ACC-1312,ACC-1292,494.22,2026-08-17 18:50:06.161838,False
TXN-8b99faa2,ACC-1895,ACC-1294,4158.8,2026-08-17 18:54:06.161838,False
TXN-4abacc36,ACC-1129,ACC-1099,1782.89,2026-08-17 18:58:06.161838,False
TXN-cf4bb9ab,ACC-1143,ACC-1074,1246.91,2026-08-17 19:02:06.161838,False
TXN-3d3ae833,ACC-1584,ACC-1930,2470.88,2026-08-17 19:06:06.161838,False
TXN-c73b1d9a,ACC-1253,ACC-1547,1441.15,2026-08-17 19:10:06.161838,False
TXN-2c7ae703,ACC-1003,ACC-1910,2017.2,2026-08-17 19:14:06.161838,False
TXN-ec5d3a38,ACC-1634,ACC-1893,709.14,2026-08-17 19:18:06.161838,False
TXN-24ba512e,ACC-1882,ACC-1668,3043.37,2026-08-17 19:22:06.161838,False
TXN-42d712db,ACC-1146,ACC-1325,1131.25,2026-08-17 19:26:06.161838,False
TXN-ecd21f9a,ACC-1926,ACC-1133,4983.21,2026-08-17 19:30:06.161838,False
TXN-b2df2564,ACC-1749,ACC-1728,3827.86,2026-08-17 19:34:06.161838,False
TXN-4626dfa1,ACC-1149,ACC-1326,928.48,2026-08-17 19:38:06.161838,False
TXN-a9e899db,ACC-1764,ACC-1894,690.98,2026-08-17 19:42:06.161838,False
TXN-9e7fed8d,ACC-1611,ACC-1370,2650.94,2026-08-17 19:46:06.161838,False
TXN-25838c77,ACC-1608,ACC-1261,71661.34,2026-08-17 19:50:06.161838,True
TXN-07eb6d27,ACC-1396,ACC-1415,3144.73,2026-08-17 19:54:06.161838,False
TXN-28967701,ACC-1060,ACC-1766,3418.62,2026-08-17 19:58:06.161838,False
TXN-444df85b,ACC-1569,ACC-1602,3758.55,2026-08-17 20:02:06.161838,False
TXN-cc0f63d3,ACC-1228,ACC-1116,2640.48,2026-08-17 20:06:06.161838,False
TXN-bafe9a38,ACC-1430,ACC-1986,1660.16,2026-08-17 20:10:06.161838,False
TXN-5b1638c2,ACC-1800,ACC-1269,4312.1,2026-08-17 20:14:06.161838,False
TXN-49c7acd3,ACC-1914,ACC-1308,1196.43,2026-08-17 20:18:06.161838,False
TXN-5be2dcab,ACC-1846,ACC-1914,3022.49,2026-08-17 20:22:06.161838,False
TXN-d1ad4455,ACC-1732,ACC-1602,1853.49,2026-08-17 20:26:06.161838,False
TXN-d35ea63b,ACC-1963,ACC-1729,2514.52,2026-08-17 20:30:06.161838,False
TXN-bd1e41d9,ACC-1356,ACC-1264,2598.31,2026-08-17 20:34:06.161838,False
TXN-839dd3c3,ACC-1536,ACC-1572,114282.08,2026-08-17 20:38:06.161838,True
TXN-fe9da059,ACC-1541,ACC-1362,162936.76,2026-08-17 20:42:06.161838,True
TXN-dae77ccc,ACC-1598,ACC-1295,115.36,2026-08-17 20:46:06.161838,False
TXN-7381b8c4,ACC-1655,ACC-1785,65967.36,2026-08-17 20:50:06.161838,True
TXN-9943ef01,ACC-1582,ACC-1354,107.52,2026-08-17 20:54:06.161838,False
TXN-c59d3a8e,ACC-1392,ACC-1693,193259.5,2026-08-17 20:58:06.161838,True
TXN-8ca29a31,ACC-1080,ACC-1661,2760.12,2026-08-17 21:02:06.161838,False
TXN-23623591,ACC-1031,ACC-1907,3992.75,2026-08-17 21:06:06.161838,False
TXN-bcd36b90,ACC-1890,ACC-1997,1469.56,2026-08-17 21:10:06.161838,False
TXN-c12afa91,ACC-1292,ACC-1768,4810.76,2026-08-17 21:14:06.161838,False
TXN-faf0f069,ACC-1337,ACC-1061,535.63,2026-08-17 21:18:06.161838,False
TXN-58adfe8e,ACC-1942,ACC-1550,371.39,2026-08-17 21:22:06.161838,False
TXN-2e37d4df,ACC-1288,ACC-1067,2678.01,2026-08-17 21:26:06.161838,False
TXN-cd646013,ACC-1734,ACC-1634,3950.25,2026-08-17 21:30:06.161838,False
TXN-2607c050,ACC-1208,ACC-1377,3411.33,2026-08-17 21:34:06.161838,False
TXN-0af27291,ACC-1292,ACC-1369,2825.41,2026-08-17 21:38:06.161838,False
TXN-98d93330,ACC-1384,ACC-1595,2582.05,2026-08-17 21:42:06.161838,False
TXN-6d20fe5f,ACC-1156,ACC-1407,2583.06,2026-08-17 21:46:06.161838,False
TXN-0dccf449,ACC-1369,ACC-1471,60802.92,2026-08-17 21:50:06.161838,True
TXN-6a5e75d7,ACC-1012,ACC-1625,2341.26,2026-08-17 21:54:06.161838,False
TXN-50b9120b,ACC-1551,ACC-1634,4192.1,2026-08-17 21:58:06.161838,False
TXN-70a20ef2,ACC-1504,ACC-1297,2166.1,2026-08-17 22:02:06.161838,False
TXN-7bfaac39,ACC-1196,ACC-1672,2828.5,2026-08-17 22:06:06.161838,False
TXN-7516a4ad,ACC-1969,ACC-1109,3616.13,2026-08-17 22:10:06.161838,False
TXN-b4e60534,ACC-1761,ACC-1367,4533.52,2026-08-17 22:14:06.161838,False
TXN-0c9bcb24,ACC-1419,ACC-1337,1642.17,2026-08-17 22:18:06.161838,False
TXN-38b06bf1,ACC-1939,ACC-1460,1142.12,2026-08-17 22:22:06.161838,False
TXN-c9ea0703,ACC-1398,ACC-1020,3692.75,2026-08-17 22:26:06.161838,False
TXN-e514e9a9,ACC-1659,ACC-1753,2217.97,2026-08-17 22:30:06.161838,False
TXN-3605a56f,ACC-1028,ACC-1337,4052.65,2026-08-17 22:34:06.161838,False
TXN-79ceddbe,ACC-1526,ACC-1152,3062.11,2026-08-17 22:38:06.161838,False
TXN-21376850,ACC-1387,ACC-1431,4333.77,2026-08-17 22:42:06.161838,False
TXN-3faf0d43,ACC-1972,ACC-1295,4592.5,2026-08-17 22:46:06.161838,False
TXN-e52c4e27,ACC-1798,ACC-1421,3290.28,2026-08-17 22:50:06.161838,False
TXN-1f8cec0d,ACC-1623,ACC-1600,2568.06,2026-08-17 22:54:06.161838,False
TXN-a3c9323d,ACC-1104,ACC-1137,156216.13,2026-08-17 22:58:06.161838,True
TXN-7b0cfcba,ACC-1839,ACC-1273,2120.98,2026-08-17 23:02:06.161838,False
TXN-3a29c59a,ACC-1054,ACC-1252,1180.16,2026-08-17 23:06:06.161838,False
TXN-f74c6477,ACC-1614,ACC-1862,273.19,2026-08-17 23:10:06.161838,False
TXN-14daf44a,ACC-1076,ACC-1748,155527.26,2026-08-17 23:14:06.161838,True
TXN-95a4d0cb,ACC-1740,ACC-1248,4518.78,2026-08-17 23:18:06.161838,False
TXN-1e91cbf6,ACC-1440,ACC-1511,3194.29,2026-08-17 23:22:06.161838,False
TXN-56e72662,ACC-1124,ACC-1422,207.37,2026-08-17 23:26:06.161838,False
TXN-77c7ce24,ACC-1954,ACC-1491,4362.4,2026-08-17 23:30:06.161838,False
TXN-4743170e,ACC-1596,ACC-1903,2037.79,2026-08-17 23:34:06.161838,False
TXN-65164190,ACC-1898,ACC-1866,4525.3,2026-08-17 23:38:06.161838,False
TXN-b3bbbb79,ACC-1695,ACC-1947,3492.17,2026-08-17 23:42:06.161838,False
TXN-eddf7be3,ACC-1876,ACC-1876,4634.88,2026-08-17 23:46:06.161838,False
TXN-fdf6639d,ACC-1252,ACC-1714,3028.87,2026-08-17 23:50:06.161838,False
TXN-6eb63932,ACC-1831,ACC-1496,628.15,2026-08-17 23:54:06.161838,False
TXN-5c868640,ACC-1115,ACC-1753,107.58,2026-08-17 23:58:06.161838,False
TXN-cf2f96a0,ACC-1631,ACC-1120,135.22,2026-08-18 00:02:06.161838,False
TXN-8f9b8941,ACC-1359,ACC-1567,484.67,2026-08-18 00:06:06.161838,False
TXN-7ec3482f,ACC-1746,ACC-1394,3625.62,2026-08-18 00:10:06.161838,False
TXN-2de4eeb4,ACC-1618,ACC-1555,4295.71,2026-08-18 00:14:06.161838,False
TXN-2e8e7ba5,ACC-1789,ACC-1749,4962.65,2026-08-18 00:18:06.161838,False
TXN-b34807c1,ACC-1102,ACC-1976,3156.39,2026-08-18 00:22:06.161838,False
TXN-70c76672,ACC-1654,ACC-1513,1193.63,2026-08-18 00:26:06.161838,False
TXN-9e720709,ACC-1631,ACC-1294,4456.85,2026-08-18 00:30:06.161838,False
TXN-62e60ef5,ACC-1072,ACC-1504,223.09,2026-08-18 00:34:06.161838,False
TXN-cca33750,ACC-1570,ACC-1930,1261.89,2026-08-18 00:38:06.161838,False
TXN-68c16177,ACC-1429,ACC-1203,4532.25,2026-08-18 00:42:06.161838,False
TXN-c2b4edcc,ACC-1734,ACC-1383,1349.28,2026-08-18 00:46:06.161838,False
TXN-59f03df5,ACC-1987,ACC-1299,4765.08,2026-08-18 00:50:06.161838,False
TXN-b3a3877c,ACC-1435,ACC-1754,3760.57,2026-08-18 00:54:06.161838,False
TXN-3b2dbea4,ACC-1353,ACC-1910,4645.36,2026-08-18 00:58:06.161838,False
TXN-74d84909,ACC-1993,ACC-1459,3680.82,2026-08-18 01:02:06.161838,False
TXN-f1a4767d,ACC-1966,ACC-1979,2912.55,2026-08-18 01:06:06.161838,False
TXN-47bd5a68,ACC-1008,ACC-1231,3120.95,2026-08-18 01:10:06.161838,False
TXN-79869135,ACC-1191,ACC-1326,2496.97,2026-08-18 01:14:06.161838,False
TXN-218da66f,ACC-1387,ACC-1889,3051.4,2026-08-18 01:18:06.161838,False
TXN-09d5d1b4,ACC-1121,ACC-1393,2293.85,2026-08-18 01:22:06.161838,False
TXN-f2ca415a,ACC-1576,ACC-1864,1527.42,2026-08-18 01:26:06.161838,False
TXN-cd1ee31c,ACC-1727,ACC-1300,4297.14,2026-08-18 01:30:06.161838,False
TXN-779eb877,ACC-1598,ACC-1854,4688.89,2026-08-18 01:34:06.161838,False
TXN-7f73344a,ACC-1379,ACC-1512,4917.46,2026-08-18 01:38:06.161838,False
TXN-7b976c6d,ACC-1185,ACC-1622,166898.98,2026-08-18 01:42:06.161838,True
TXN-b71ca009,ACC-1501,ACC-1240,4541.25,2026-08-18 01:46:06.161838,False
TXN-785ef57a,ACC-1509,ACC-1481,2983.27,2026-08-18 01:50:06.161838,False
TXN-14bf50b6,ACC-1711,ACC-1531,2142.52,2026-08-18 01:54:06.161838,False
TXN-efd0f194,ACC-1226,ACC-1406,1746.54,2026-08-18 01:58:06.161838,False
TXN-445c893c,ACC-1299,ACC-1784,632.45,2026-08-18 02:02:06.161838,False
TXN-69f97765,ACC-1604,ACC-1036,444.26,2026-08-18 02:06:06.161838,False
TXN-59853e3a,ACC-1178,ACC-1041,3721.27,2026-08-18 02:10:06.161838,False
TXN-172dc670,ACC-1029,ACC-1935,1431.99,2026-08-18 02:14:06.161838,False
TXN-baac893e,ACC-1624,ACC-1733,3919.98,2026-08-18 02:18:06.161838,False
TXN-d8b082b2,ACC-1479,ACC-1155,4882.52,2026-08-18 02:22:06.161838,False
TXN-ef744d0b,ACC-1854,ACC-1735,4647.28,2026-08-18 02:26:06.161838,False
TXN-5c1b4abb,ACC-1892,ACC-1937,355.07,2026-08-18 02:30:06.161838,False
TXN-ec38b864,ACC-1402,ACC-1209,606.04,2026-08-18 02:34:06.161838,False
TXN-4c086b17,ACC-1026,ACC-1839,158721.52,2026-08-18 02:38:06.161838,True
TXN-f8f5fbd1,ACC-1415,ACC-1152,1478.1,2026-08-18 02:42:06.161838,False
TXN-3cf942a2,ACC-1076,ACC-1951,2054.69,2026-08-18 02:46:06.161838,False
TXN-cf9f7516,ACC-1309,ACC-1914,1176.05,2026-08-18 02:50:06.161838,False
TXN-088cb97b,ACC-1488,ACC-1558,2134.29,2026-08-18 02:54:06.161838,False
TXN-117ac072,ACC-1045,ACC-1680,853.11,2026-08-18 02:58:06.161838,False
TXN-ab7fe68d,ACC-1138,ACC-1970,3746.69,2026-08-18 03:02:06.161838,False
TXN-f2eb5ab3,ACC-1641,ACC-1714,390.3,2026-08-18 03:06:06.161838,False
TXN-f05e6f8e,ACC-1473,ACC-1888,3659.61,2026-08-18 03:10:06.161838,False
TXN-7ed0d7a3,ACC-1808,ACC-1334,961.93,2026-08-18 03:14:06.161838,False
TXN-73321b39,ACC-1752,ACC-1926,580.82,2026-08-18 03:18:06.161838,False
TXN-d9201b63,ACC-1627,ACC-1293,2106.24,2026-08-18 03:22:06.161838,False
TXN-3c4cec14,ACC-1338,ACC-1264,1874.55,2026-08-18 03:26:06.161838,False
TXN-ed1d090e,ACC-1058,ACC-1346,794.02,2026-08-18 03:30:06.161838,False
TXN-bd132272,ACC-1893,ACC-1787,2647.93,2026-08-18 03:34:06.161838,False
TXN-55bbc7c1,ACC-1269,ACC-1881,4674.61,2026-08-18 03:38:06.161838,False
TXN-2508c5b0,ACC-1352,ACC-1609,456.96,2026-08-18 03:42:06.161838,False
TXN-6c92afd8,ACC-1726,ACC-1190,516.14,2026-08-18 03:46:06.161838,False
TXN-d9d6cccd,ACC-1459,ACC-1238,3460.58,2026-08-18 03:50:06.161838,False
TXN-23fc9810,ACC-1647,ACC-1538,2345.43,2026-08-18 03:54:06.161838,False
TXN-91f495ba,ACC-1994,ACC-1467,483.08,2026-08-18 03:58:06.161838,False
TXN-ff8d16c2,ACC-1535,ACC-1200,4007.08,2026-08-18 04:02:06.161838,False
TXN-a818014d,ACC-1913,ACC-1462,2171.01,2026-08-18 04:06:06.161838,False
TXN-71ee675a,ACC-1074,ACC-1912,3381.34,2026-08-18 04:10:06.161838,False
TXN-b1719ccd,ACC-1220,ACC-1452,116692.57,2026-08-18 04:14:06.161838,True
TXN-ad8bf168,ACC-1017,ACC-1195,129840.29,2026-08-18 04:18:06.161838,True
TXN-5c06f2f0,ACC-1121,ACC-1396,3707.69,2026-08-18 04:22:06.161838,False
TXN-562258a5,ACC-1686,ACC-1599,1939.47,2026-08-18 04:26:06.161838,False
TXN-883a7243,ACC-1129,ACC-1872,4699.27,2026-08-18 04:30:06.161838,False
TXN-a2d26647,ACC-1400,ACC-1089,121.87,2026-08-18 04:34:06.161838,False
TXN-486ddfcb,ACC-1397,ACC-1264,4752.33,2026-08-18 04:38:06.161838,False
TXN-875a9554,ACC-1420,ACC-1009,4824.01,2026-08-18 04:42:06.161838,False
TXN-f9c67c75,ACC-1049,ACC-1200,2396.34,2026-08-18 04:46:06.161838,False
TXN-37a418ed,ACC-1478,ACC-1509,3514.35,2026-08-18 04:50:06.161838,False
TXN-58aae656,ACC-1485,ACC-1494,4281.59,2026-08-18 04:54:06.161838,False
TXN-61c8d179,ACC-1729,ACC-1404,1451.44,2026-08-18 04:58:06.161838,False
TXN-db4f16a3,ACC-1677,ACC-1402,4723.08,2026-08-18 05:02:06.161838,False
TXN-f9cbf287,ACC-1581,ACC-1151,794.6,2026-08-18 05:06:06.161838,False
TXN-461d6ff9,ACC-1416,ACC-1651,2336.14,2026-08-18 05:10:06.161838,False
TXN-0fba7793,ACC-1995,ACC-1601,3393.97,2026-08-18 05:14:06.161838,False
TXN-be0a7f6e,ACC-1153,ACC-1718,3598.11,2026-08-18 05:18:06.161838,False
TXN-b591817c,ACC-1320,ACC-1382,503.51,2026-08-18 05:22:06.161838,False
TXN-21fb8ca4,ACC-1709,ACC-1965,2266.61,2026-08-18 05:26:06.161838,False
TXN-44b4b41a,ACC-1050,ACC-1471,490.16,2026-08-18 05:30:06.161838,False
TXN-8de76a39,ACC-1169,ACC-1381,4733.79,2026-08-18 05:34:06.161838,False
TXN-a26d5672,ACC-1700,ACC-1537,1778.66,2026-08-18 05:38:06.161838,False
TXN-ec8b03ee,ACC-1601,ACC-1469,1863.03,2026-08-18 05:42:06.161838,False
TXN-bc24c916,ACC-1057,ACC-1254,1484.04,2026-08-18 05:46:06.161838,False
TXN-950e4964,ACC-1072,ACC-1269,538.8,2026-08-18 05:50:06.161838,False
TXN-202f5a76,ACC-1965,ACC-1278,3900.66,2026-08-18 05:54:06.161838,False
TXN-6ecccc61,ACC-1654,ACC-1605,104.72,2026-08-18 05:58:06.161838,False
TXN-d4f138a0,ACC-1736,ACC-1420,1533.74,2026-08-18 06:02:06.161838,False
TXN-b5490731,ACC-1095,ACC-1847,2109.6,2026-08-18 06:06:06.161838,False
TXN-57cb0f4d,ACC-1550,ACC-1174,1560.52,2026-08-18 06:10:06.161838,False
TXN-8bdee468,ACC-1597,ACC-1162,112476.81,2026-08-18 06:14:06.161838,True
TXN-376c4f62,ACC-1367,ACC-1040,2929.75,2026-08-18 06:18:06.161838,False
TXN-7335939f,ACC-1230,ACC-1732,2308.18,2026-08-18 06:22:06.161838,False
TXN-ea4707f4,ACC-1252,ACC-1525,1217.56,2026-08-18 06:26:06.161838,False
TXN-752040fe,ACC-1794,ACC-1894,525.04,2026-08-18 06:30:06.161838,False
TXN-8cd99839,ACC-1542,ACC-1251,1357.0,2026-08-18 06:34:06.161838,False
TXN-a2ad4d57,ACC-1634,ACC-1936,1600.98,2026-08-18 06:38:06.161838,False
TXN-dfabc1cb,ACC-1896,ACC-1602,1781.83,2026-08-18 06:42:06.161838,False
TXN-234208b4,ACC-1130,ACC-1212,159458.22,2026-08-18 06:46:06.161838,True
TXN-c5e88157,ACC-1150,ACC-1527,1603.11,2026-08-18 06:50:06.161838,False
TXN-0cfe6203,ACC-1274,ACC-1332,3109.7,2026-08-18 06:54:06.161838,False
TXN-581226c4,ACC-1104,ACC-1605,982.27,2026-08-18 06:58:06.161838,False
TXN-686d2d01,ACC-1825,ACC-1366,3672.32,2026-08-18 07:02:06.161838,False
TXN-857fc8a6,ACC-1323,ACC-1956,3079.39,2026-08-18 07:06:06.161838,False
TXN-2e0bfc45,ACC-1048,ACC-1706,3661.79,2026-08-18 07:10:06.161838,False
TXN-4f76139f,ACC-1143,ACC-1981,3383.75,2026-08-18 07:14:06.161838,False
TXN-f4610d22,ACC-1261,ACC-1734,445.16,2026-08-18 07:18:06.161838,False
TXN-30e88850,ACC-1808,ACC-1084,2061.34,2026-08-18 07:22:06.161838,False
TXN-c349e56f,ACC-1978,ACC-1305,1109.45,2026-08-18 07:26:06.161838,False
TXN-1b93a2b0,ACC-1782,ACC-1545,197.21,2026-08-18 07:30:06.161838,False
TXN-53e3f3dc,ACC-1421,ACC-1980,1958.7,2026-08-18 07:34:06.161838,False
TXN-fd6e8b4c,ACC-1869,ACC-1017,3997.02,2026-08-18 07:38:06.161838,False
TXN-c8fc63a2,ACC-1793,ACC-1186,2634.67,2026-08-18 07:42:06.161838,False
TXN-2e1eab83,ACC-1994,ACC-1423,2052.24,2026-08-18 07:46:06.161838,False
TXN-dd766fe2,ACC-1429,ACC-1646,238.07,2026-08-18 07:50:06.161838,False
TXN-b8843c4d,ACC-1168,ACC-1451,1998.61,2026-08-18 07:54:06.161838,False
TXN-831c1f1b,ACC-1715,ACC-1186,2968.39,2026-08-18 07:58:06.161838,False
TXN-7b7bc399,ACC-1027,ACC-1330,886.9,2026-08-18 08:02:06.161838,False
TXN-7aee3dbd,ACC-1082,ACC-1465,3856.33,2026-08-18 08:06:06.161838,False
TXN-59627565,ACC-1226,ACC-1376,4211.03,2026-08-18 08:10:06.161838,False
TXN-91658423,ACC-1596,ACC-1475,2082.68,2026-08-18 08:14:06.161838,False
TXN-bb944464,ACC-1423,ACC-1999,2463.18,2026-08-18 08:18:06.161838,False
TXN-4e001c52,ACC-1760,ACC-1551,4287.21,2026-08-18 08:22:06.161838,False
TXN-969f6271,ACC-1067,ACC-1746,579.39,2026-08-18 08:26:06.161838,False
TXN-4b8665ff,ACC-1496,ACC-1609,2214.92,2026-08-18 08:30:06.161838,False
TXN-9a2a0dd4,ACC-1341,ACC-1187,3743.74,2026-08-18 08:34:06.161838,False
TXN-7418611d,ACC-1198,ACC-1971,4342.89,2026-08-18 08:38:06.161838,False
TXN-5e19a988,ACC-1246,ACC-1041,3970.64,2026-08-18 08:42:06.161838,False
TXN-702986e5,ACC-1137,ACC-1001,1129.13,2026-08-18 08:46:06.161838,False
TXN-49e6f709,ACC-1480,ACC-1879,686.43,2026-08-18 08:50:06.161838,False
TXN-4b04401b,ACC-1317,ACC-1239,187.28,2026-08-18 08:54:06.161838,False
TXN-6c410961,ACC-1722,ACC-1054,549.45,2026-08-18 08:58:06.161838,False
TXN-11d170f4,ACC-1735,ACC-1792,4274.53,2026-08-18 09:02:06.161838,False
TXN-836dd7f2,ACC-1774,ACC-1819,333.58,2026-08-18 09:06:06.161838,False
TXN-86c02d97,ACC-1368,ACC-1425,4878.48,2026-08-18 09:10:06.161838,False
TXN-559286c5,ACC-1788,ACC-1003,3121.04,2026-08-18 09:14:06.161838,False
TXN-9540b4df,ACC-1989,ACC-1437,2190.48,2026-08-18 09:18:06.161838,False
TXN-0d7ab731,ACC-1137,ACC-1497,2562.23,2026-08-18 09:22:06.161838,False
TXN-72fb64e9,ACC-1286,ACC-1682,2150.89,2026-08-18 09:26:06.161838,False
TXN-4a67831e,ACC-1593,ACC-1301,2222.2,2026-08-18 09:30:06.161838,False
TXN-14eaf9cf,ACC-1944,ACC-1435,1392.37,2026-08-18 09:34:06.161838,False
TXN-83510564,ACC-1112,ACC-1915,4716.78,2026-08-18 09:38:06.161838,False
TXN-ac149ffe,ACC-1314,ACC-1634,2328.54,2026-08-18 09:42:06.161838,False
TXN-35280964,ACC-1711,ACC-1906,1006.42,2026-08-18 09:46:06.161838,False
TXN-85bafbae,ACC-1686,ACC-1438,3970.92,2026-08-18 09:50:06.161838,False
TXN-e128a9f3,ACC-1442,ACC-1963,1452.49,2026-08-18 09:54:06.161838,False
TXN-2e15f951,ACC-1458,ACC-1862,4081.05,2026-08-18 09:58:06.161838,False
TXN-2b9ec857,ACC-1818,ACC-1548,3006.93,2026-08-18 10:02:06.161838,False
TXN-2b10d666,ACC-1639,ACC-1430,934.5,2026-08-18 10:06:06.161838,False
TXN-8e70c1de,ACC-1553,ACC-1416,325.12,2026-08-18 10:10:06.161838,False
TXN-8d79a6ad,ACC-1744,ACC-1993,256.87,2026-08-18 10:14:06.161838,False
TXN-e5b7ddd3,ACC-1900,ACC-1782,960.94,2026-08-18 10:18:06.161838,False
TXN-3af94225,ACC-1294,ACC-1801,237.17,2026-08-18 10:22:06.161838,False
TXN-a7d5f5d6,ACC-1169,ACC-1258,3498.84,2026-08-18 10:26:06.161838,False
TXN-5d88f8ea,ACC-1763,ACC-1929,2315.91,2026-08-18 10:30:06.161838,False
TXN-56059450,ACC-1932,ACC-1890,3862.7,2026-08-18 10:34:06.161838,False
TXN-d5454797,ACC-1242,ACC-1027,280.97,2026-08-18 10:38:06.161838,False
TXN-97bfc552,ACC-1556,ACC-1777,2412.9,2026-08-18 10:42:06.161838,False
TXN-d6646519,ACC-1560,ACC-1819,784.5,2026-08-18 10:46:06.161838,False
TXN-a1f1d5fa,ACC-1889,ACC-1876,1580.48,2026-08-18 10:50:06.161838,False
TXN-4184309e,ACC-1666,ACC-1378,831.0,2026-08-18 10:54:06.161838,False
TXN-5944f29f,ACC-1907,ACC-1472,144988.33,2026-08-18 10:58:06.161838,True
TXN-808cd740,ACC-1198,ACC-1153,320.82,2026-08-18 11:02:06.161838,False
TXN-c1ee3cdb,ACC-1773,ACC-1954,3857.33,2026-08-18 11:06:06.161838,False
TXN-7db9d92c,ACC-1441,ACC-1196,2249.06,2026-08-18 11:10:06.161838,False
TXN-ae918793,ACC-1256,ACC-1333,4105.33,2026-08-18 11:14:06.161838,False
TXN-74fa8353,ACC-1805,ACC-1410,1379.26,2026-08-18 11:18:06.161838,False
TXN-91ba3d3f,ACC-1713,ACC-1280,118538.39,2026-08-18 11:22:06.161838,True
TXN-dd95cb96,ACC-1117,ACC-1755,3923.95,2026-08-18 11:26:06.161838,False
TXN-dddeed4c,ACC-1126,ACC-1112,1059.16,2026-08-18 11:30:06.161838,False
TXN-35aab250,ACC-1218,ACC-1391,4731.98,2026-08-18 11:34:06.161838,False
TXN-512e653e,ACC-1233,ACC-1634,1561.29,2026-08-18 11:38:06.161838,False
TXN-97b2d102,ACC-1530,ACC-1526,4571.85,2026-08-18 11:42:06.161838,False
TXN-3cfae855,ACC-1132,ACC-1050,4339.48,2026-08-18 11:46:06.161838,False
TXN-c36a7c2c,ACC-1623,ACC-1132,2728.47,2026-08-18 11:50:06.161838,False
TXN-a6ef8fb1,ACC-1863,ACC-1264,168.59,2026-08-18 11:54:06.161838,False
TXN-e40e80a8,ACC-1058,ACC-1361,1649.54,2026-08-18 11:58:06.161838,False
TXN-849ada30,ACC-1875,ACC-1936,479.68,2026-08-18 12:02:06.161838,False
TXN-c170119f,ACC-1025,ACC-1326,2840.72,2026-08-18 12:06:06.161838,False
TXN-c293cfee,ACC-1109,ACC-1280,812.64,2026-08-18 12:10:06.161838,False
TXN-5987f31e,ACC-1348,ACC-1012,65389.93,2026-08-18 12:14:06.161838,True
TXN-64a0e168,ACC-1099,ACC-1105,3226.19,2026-08-18 12:18:06.161838,False
TXN-32e44ee8,ACC-1948,ACC-1349,1848.64,2026-08-18 12:22:06.161838,False
TXN-8da7928a,ACC-1593,ACC-1868,2985.04,2026-08-18 12:26:06.161838,False
TXN-fe87db8f,ACC-1494,ACC-1271,3762.93,2026-08-18 12:30:06.161838,False
TXN-b2e9fa9c,ACC-1881,ACC-1659,3868.7,2026-08-18 12:34:06.161838,False
TXN-9abd1aa6,ACC-1657,ACC-1697,4119.45,2026-08-18 12:38:06.161838,False
TXN-31730b92,ACC-1105,ACC-1191,3410.01,2026-08-18 12:42:06.161838,False
TXN-80be1f6e,ACC-1037,ACC-1660,4863.77,2026-08-18 12:46:06.161838,False
TXN-fa0ea069,ACC-1049,ACC-1439,785.48,2026-08-18 12:50:06.161838,False
TXN-fae38dbe,ACC-1663,ACC-1798,377.19,2026-08-18 12:54:06.161838,False
TXN-f1c70a6c,ACC-1613,ACC-1684,2886.18,2026-08-18 12:58:06.161838,False
TXN-f78f6a47,ACC-1784,ACC-1668,3024.41,2026-08-18 13:02:06.161838,False
TXN-6f3d5344,ACC-1311,ACC-1218,1715.6,2026-08-18 13:06:06.161838,False
TXN-4495bae7,ACC-1452,ACC-1133,604.56,2026-08-18 13:10:06.161838,False
TXN-d319929f,ACC-1202,ACC-1591,3141.69,2026-08-18 13:14:06.161838,False
TXN-0d3a16e9,ACC-1262,ACC-1737,3566.18,2026-08-18 13:18:06.161838,False
TXN-71f0d681,ACC-1125,ACC-1342,175651.32,2026-08-18 13:22:06.161838,True
TXN-f25dd38c,ACC-1514,ACC-1083,1106.55,2026-08-18 13:26:06.161838,False
TXN-113ce441,ACC-1120,ACC-1718,2896.59,2026-08-18 13:30:06.161838,False
TXN-872d68d2,ACC-1793,ACC-1247,1524.13,2026-08-18 13:34:06.161838,False
TXN-b065c3cf,ACC-1277,ACC-1572,1362.6,2026-08-18 13:38:06.161838,False
TXN-13de2ee0,ACC-1974,ACC-1894,4118.12,2026-08-18 13:42:06.161838,False
TXN-de01a2ee,ACC-1293,ACC-1029,4428.33,2026-08-18 13:46:06.161838,False
TXN-8fa783f0,ACC-1481,ACC-1262,1306.95,2026-08-18 13:50:06.161838,False
TXN-e608501d,ACC-1276,ACC-1535,2892.16,2026-08-18 13:54:06.161838,False
TXN-5b2f788d,ACC-1322,ACC-1663,1387.07,2026-08-18 13:58:06.161838,False
TXN-fd81326e,ACC-1452,ACC-1341,766.88,2026-08-18 14:02:06.161838,False
TXN-c3007b3f,ACC-1504,ACC-1219,2448.18,2026-08-18 14:06:06.161838,False
TXN-3826bf6e,ACC-1890,ACC-1542,2845.58,2026-08-18 14:10:06.161838,False
TXN-6fdbb355,ACC-1541,ACC-1053,4427.04,2026-08-18 14:14:06.161838,False
TXN-557367d4,ACC-1476,ACC-1613,2754.18,2026-08-18 14:18:06.161838,False
TXN-2ab4a0d2,ACC-1965,ACC-1419,1902.66,2026-08-18 14:22:06.161838,False
TXN-2b485ed5,ACC-1614,ACC-1473,224.25,2026-08-18 14:26:06.161838,False
TXN-78f083e1,ACC-1717,ACC-1897,984.47,2026-08-18 14:30:06.161838,False
TXN-a6cb3c54,ACC-1252,ACC-1954,596.37,2026-08-18 14:34:06.161838,False
TXN-5f22abdd,ACC-1762,ACC-1517,2329.23,2026-08-18 14:38:06.161838,False
TXN-bc756472,ACC-1551,ACC-1051,2021.67,2026-08-18 14:42:06.161838,False
TXN-7d477300,ACC-1777,ACC-1334,565.81,2026-08-18 14:46:06.161838,False
TXN-e7ddc6d4,ACC-1489,ACC-1587,471.83,2026-08-18 14:50:06.161838,False
TXN-66cd67f9,ACC-1146,ACC-1713,3332.03,2026-08-18 14:54:06.161838,False
TXN-76723928,ACC-1076,ACC-1192,1879.79,2026-08-18 14:58:06.161838,False
TXN-ed1542d2,ACC-1935,ACC-1520,1842.15,2026-08-18 15:02:06.161838,False
TXN-230559c4,ACC-1363,ACC-1246,983.03,2026-08-18 15:06:06.161838,False
TXN-1fe21083,ACC-1478,ACC-1656,1376.3,2026-08-18 15:10:06.161838,False
TXN-e25e6bf6,ACC-1956,ACC-1241,596.65,2026-08-18 15:14:06.161838,False
TXN-10a43b08,ACC-1730,ACC-1490,911.95,2026-08-18 15:18:06.161838,False
TXN-5a24b847,ACC-1013,ACC-1889,4238.85,2026-08-18 15:22:06.161838,False
TXN-38741eb4,ACC-1166,ACC-1243,4725.9,2026-08-18 15:26:06.161838,False
TXN-53b05e60,ACC-1338,ACC-1440,4686.45,2026-08-18 15:30:06.161838,False
TXN-f25920c8,ACC-1430,ACC-1743,1934.36,2026-08-18 15:34:06.161838,False
TXN-54906b43,ACC-1844,ACC-1672,997.06,2026-08-18 15:38:06.161838,False
TXN-17da3aa3,ACC-1962,ACC-1999,1134.45,2026-08-18 15:42:06.161838,False
TXN-628746e9,ACC-1976,ACC-1490,4842.13,2026-08-18 15:46:06.161838,False
TXN-1ac354ab,ACC-1987,ACC-1820,862.2,2026-08-18 15:50:06.161838,False
TXN-1e8672ac,ACC-1908,ACC-1959,4919.08,2026-08-18 15:54:06.161838,False
TXN-b6de5e17,ACC-1809,ACC-1340,1194.43,2026-08-18 15:58:06.161838,False
TXN-c6b85061,ACC-1829,ACC-1973,4454.01,2026-08-18 16:02:06.161838,False
TXN-ead7a60e,ACC-1600,ACC-1273,875.3,2026-08-18 16:06:06.161838,False
TXN-3226dc08,ACC-1980,ACC-1662,1352.54,2026-08-18 16:10:06.161838,False
TXN-510e4e01,ACC-1716,ACC-1468,4915.95,2026-08-18 16:14:06.161838,False
TXN-5300e464,ACC-1802,ACC-1298,2328.95,2026-08-18 16:18:06.161838,False
TXN-ebb464dc,ACC-1626,ACC-1840,2510.0,2026-08-18 16:22:06.161838,False
TXN-1634c17f,ACC-1727,ACC-1440,1985.09,2026-08-18 16:26:06.161838,False
TXN-4a853bb9,ACC-1393,ACC-1389,2166.0,2026-08-18 16:30:06.161838,False
TXN-4d3673d5,ACC-1419,ACC-1640,2019.27,2026-08-18 16:34:06.161838,False
TXN-fcdc2172,ACC-1958,ACC-1560,3674.93,2026-08-18 16:38:06.161838,False
TXN-339a259f,ACC-1921,ACC-1167,1425.85,2026-08-18 16:42:06.161838,False
TXN-39ed9293,ACC-1601,ACC-1651,154.9,2026-08-18 16:46:06.161838,False
TXN-5f9ad327,ACC-1297,ACC-1862,2372.74,2026-08-18 16:50:06.161838,False
TXN-4b24558c,ACC-1533,ACC-1326,474.74,2026-08-18 16:54:06.161838,False
TXN-5f5bdbc2,ACC-1431,ACC-1894,1256.04,2026-08-18 16:58:06.161838,False
TXN-556885b7,ACC-1900,ACC-1714,4962.74,2026-08-18 17:02:06.161838,False
TXN-85130b13,ACC-1159,ACC-1524,3862.22,2026-08-18 17:06:06.161838,False
TXN-8edc44e0,ACC-1849,ACC-1863,3317.39,2026-08-18 17:10:06.161838,False
TXN-96691553,ACC-1745,ACC-1226,3527.11,2026-08-18 17:14:06.161838,False
TXN-08a39569,ACC-1859,ACC-1377,4920.46,2026-08-18 17:18:06.161838,False
TXN-dedc5e47,ACC-1660,ACC-1554,294.33,2026-08-18 17:22:06.161838,False
TXN-f4fe29c1,ACC-1995,ACC-1201,3693.99,2026-08-18 17:26:06.161838,False
TXN-1accfa18,ACC-1344,ACC-1096,4308.28,2026-08-18 17:30:06.161838,False
TXN-6e3d62cb,ACC-1822,ACC-1322,4521.94,2026-08-18 17:34:06.161838,False
TXN-447898ec,ACC-1144,ACC-1435,1045.52,2026-08-18 17:38:06.161838,False
TXN-66cd250f,ACC-1154,ACC-1959,1787.07,2026-08-18 17:42:06.161838,False
TXN-d1177e03,ACC-1252,ACC-1340,1087.06,2026-08-18 17:46:06.161838,False
TXN-0685a27c,ACC-1090,ACC-1310,3637.84,2026-08-18 17:50:06.161838,False
TXN-73518f63,ACC-1784,ACC-1408,2964.71,2026-08-18 17:54:06.161838,False
TXN-e28141c1,ACC-1071,ACC-1337,3913.18,2026-08-18 17:58:06.161838,False
TXN-550945bd,ACC-1530,ACC-1316,729.16,2026-08-18 18:02:06.161838,False
TXN-66d721e6,ACC-1760,ACC-1715,1164.59,2026-08-18 18:06:06.161838,False
TXN-938fc906,ACC-1742,ACC-1813,3343.68,2026-08-18 18:10:06.161838,False
TXN-5ac63eb7,ACC-1935,ACC-1769,4356.63,2026-08-18 18:14:06.161838,False
TXN-aa2c0c39,ACC-1212,ACC-1465,4687.2,2026-08-18 18:18:06.161838,False
TXN-a7f98949,ACC-1616,ACC-1045,482.43,2026-08-18 18:22:06.161838,False
TXN-94cc0f92,ACC-1716,ACC-1279,80461.26,2026-08-18 18:26:06.161838,True
TXN-4e0bc06c,ACC-1521,ACC-1199,1798.55,2026-08-18 18:30:06.161838,False
TXN-1ce5d207,ACC-1054,ACC-1223,1283.34,2026-08-18 18:34:06.161838,False
TXN-895d8897,ACC-1340,ACC-1468,4128.73,2026-08-18 18:38:06.161838,False
TXN-ab0953e7,ACC-1743,ACC-1864,4795.74,2026-08-18 18:42:06.161838,False
TXN-3eb93b2e,ACC-1439,ACC-1312,4465.18,2026-08-18 18:46:06.161838,False
TXN-83ffb6e4,ACC-1385,ACC-1163,2158.68,2026-08-18 18:50:06.161838,False
TXN-82946c69,ACC-1053,ACC-1959,2254.76,2026-08-18 18:54:06.161838,False
TXN-fa0d4f65,ACC-1175,ACC-1544,4188.62,2026-08-18 18:58:06.161838,False
TXN-18c75aa6,ACC-1924,ACC-1197,4609.89,2026-08-18 19:02:06.161838,False
TXN-01f86364,ACC-1980,ACC-1240,4470.5,2026-08-18 19:06:06.161838,False
TXN-4086ca3e,ACC-1457,ACC-1802,3694.19,2026-08-18 19:10:06.161838,False
TXN-21d16ea2,ACC-1401,ACC-1161,3228.34,2026-08-18 19:14:06.161838,False
TXN-15393d64,ACC-1446,ACC-1246,2478.78,2026-08-18 19:18:06.161838,False
TXN-00ea6a63,ACC-1058,ACC-1545,2790.94,2026-08-18 19:22:06.161838,False
TXN-31a2ccdf,ACC-1275,ACC-1371,815.41,2026-08-18 19:26:06.161838,False
TXN-db04358e,ACC-1529,ACC-1472,2021.87,2026-08-18 19:30:06.161838,False
TXN-d2abca40,ACC-1521,ACC-1042,3686.01,2026-08-18 19:34:06.161838,False
TXN-67f9b8db,ACC-1843,ACC-1218,1959.15,2026-08-18 19:38:06.161838,False
TXN-fa347cd4,ACC-1903,ACC-1728,4395.26,2026-08-18 19:42:06.161838,False
TXN-a9ab8694,ACC-1224,ACC-1031,2321.79,2026-08-18 19:46:06.161838,False
TXN-8f018684,ACC-1390,ACC-1947,241.13,2026-08-18 19:50:06.161838,False
TXN-990fdef4,ACC-1738,ACC-1103,4759.13,2026-08-18 19:54:06.161838,False
TXN-ad5d2129,ACC-1152,ACC-1195,3647.05,2026-08-18 19:58:06.161838,False
TXN-1e80306b,ACC-1966,ACC-1929,3754.67,2026-08-18 20:02:06.161838,False
TXN-6fb58ebc,ACC-1301,ACC-1824,4155.46,2026-08-18 20:06:06.161838,False
TXN-2ddbcb66,ACC-1189,ACC-1616,396.32,2026-08-18 20:10:06.161838,False
TXN-e8e62175,ACC-1758,ACC-1241,577.99,2026-08-18 20:14:06.161838,False
TXN-d11126df,ACC-1823,ACC-1371,4837.22,2026-08-18 20:18:06.161838,False
TXN-c20a0c3a,ACC-1268,ACC-1769,2436.8,2026-08-18 20:22:06.161838,False
TXN-bf569566,ACC-1907,ACC-1043,4540.53,2026-08-18 20:26:06.161838,False
TXN-a21d1425,ACC-1790,ACC-1591,979.75,2026-08-18 20:30:06.161838,False
TXN-de74662d,ACC-1718,ACC-1955,1792.39,2026-08-18 20:34:06.161838,False
TXN-0ee23394,ACC-1656,ACC-1148,1171.67,2026-08-18 20:38:06.161838,False
TXN-85e3ef73,ACC-1616,ACC-1990,3595.54,2026-08-18 20:42:06.161838,False
TXN-da23b730,ACC-1173,ACC-1612,3199.04,2026-08-18 20:46:06.161838,False
TXN-4f52a417,ACC-1610,ACC-1709,3909.77,2026-08-18 20:50:06.161838,False
TXN-6164ac8b,ACC-1041,ACC-1511,1829.39,2026-08-18 20:54:06.161838,False
TXN-1c267b9a,ACC-1971,ACC-1779,3794.22,2026-08-18 20:58:06.161838,False
TXN-28424c8c,ACC-1610,ACC-1832,253.28,2026-08-18 21:02:06.161838,False
TXN-8c042fd1,ACC-1498,ACC-1109,1337.29,2026-08-18 21:06:06.161838,False
TXN-b9efadc2,ACC-1668,ACC-1241,4390.58,2026-08-18 21:10:06.161838,False
TXN-8eb8b559,ACC-1277,ACC-1409,4842.63,2026-08-18 21:14:06.161838,False
TXN-7f8f575d,ACC-1538,ACC-1187,1003.15,2026-08-18 21:18:06.161838,False
TXN-5457679f,ACC-1995,ACC-1148,136575.57,2026-08-18 21:22:06.161838,True
TXN-ff500af7,ACC-1896,ACC-1959,1146.26,2026-08-18 21:26:06.161838,False
TXN-7d6ee109,ACC-1641,ACC-1542,2220.16,2026-08-18 21:30:06.161838,False
TXN-e111000b,ACC-1729,ACC-1796,1194.46,2026-08-18 21:34:06.161838,False
TXN-5007755d,ACC-1817,ACC-1683,4388.55,2026-08-18 21:38:06.161838,False
TXN-74b52e1d,ACC-1478,ACC-1491,1818.87,2026-08-18 21:42:06.161838,False
TXN-7fc08950,ACC-1352,ACC-1414,3219.4,2026-08-18 21:46:06.161838,False
TXN-691c79d2,ACC-1386,ACC-1449,976.39,2026-08-18 21:50:06.161838,False
TXN-ea3e7a3b,ACC-1061,ACC-1691,4397.82,2026-08-18 21:54:06.161838,False
TXN-a958c5fc,ACC-1725,ACC-1846,4760.29,2026-08-18 21:58:06.161838,False
TXN-48ef318f,ACC-1677,ACC-1154,1231.17,2026-08-18 22:02:06.161838,False
TXN-4c752a3b,ACC-1052,ACC-1992,743.19,2026-08-18 22:06:06.161838,False
TXN-d0ec802c,ACC-1580,ACC-1179,4674.22,2026-08-18 22:10:06.161838,False
TXN-7061535f,ACC-1955,ACC-1015,2614.36,2026-08-18 22:14:06.161838,False
TXN-c33b05aa,ACC-1962,ACC-1129,507.78,2026-08-18 22:18:06.161838,False
TXN-03fc3026,ACC-1821,ACC-1760,1860.51,2026-08-18 22:22:06.161838,False
TXN-1dbfb14a,ACC-1128,ACC-1850,1540.18,2026-08-18 22:26:06.161838,False
TXN-d0d35d44,ACC-1991,ACC-1613,2500.88,2026-08-18 22:30:06.161838,False
TXN-6c6a4317,ACC-1161,ACC-1583,3618.46,2026-08-18 22:34:06.161838,False
TXN-c23acb53,ACC-1626,ACC-1431,651.75,2026-08-18 22:38:06.161838,False
TXN-cbd90c17,ACC-1202,ACC-1817,2788.6,2026-08-18 22:42:06.161838,False
TXN-896c16d2,ACC-1550,ACC-1329,1033.23,2026-08-18 22:46:06.161838,False
TXN-adfa363d,ACC-1051,ACC-1557,4588.07,2026-08-18 22:50:06.161838,False
TXN-5326599c,ACC-1560,ACC-1955,837.99,2026-08-18 22:54:06.161838,False
TXN-5d3001f4,ACC-1037,ACC-1369,3591.82,2026-08-18 22:58:06.161838,False
TXN-58b8228f,ACC-1268,ACC-1653,685.88,2026-08-18 23:02:06.161838,False
TXN-cbd1b0bb,ACC-1960,ACC-1558,3555.18,2026-08-18 23:06:06.161838,False
TXN-88464755,ACC-1519,ACC-1322,3609.66,2026-08-18 23:10:06.161838,False
TXN-89ac1e07,ACC-1237,ACC-1096,134.15,2026-08-18 23:14:06.161838,False
TXN-91ade1f6,ACC-1976,ACC-1013,3381.74,2026-08-18 23:18:06.161838,False
TXN-00a7531b,ACC-1506,ACC-1216,1361.86,2026-08-18 23:22:06.161838,False
TXN-6b807e92,ACC-1012,ACC-1668,1588.27,2026-08-18 23:26:06.161838,False
TXN-152e8fd5,ACC-1868,ACC-1282,172.66,2026-08-18 23:30:06.161838,False
TXN-e9740358,ACC-1749,ACC-1678,319.32,2026-08-18 23:34:06.161838,False
TXN-a60816d0,ACC-1814,ACC-1853,966.33,2026-08-18 23:38:06.161838,False
TXN-d5387485,ACC-1538,ACC-1422,2684.85,2026-08-18 23:42:06.161838,False
TXN-21c80916,ACC-1122,ACC-1773,4072.86,2026-08-18 23:46:06.161838,False
TXN-96e6def1,ACC-1252,ACC-1343,3200.9,2026-08-18 23:50:06.161838,False
TXN-b7bf2f99,ACC-1729,ACC-1500,652.68,2026-08-18 23:54:06.161838,False
TXN-688dfc30,ACC-1577,ACC-1948,3685.89,2026-08-18 23:58:06.161838,False
TXN-15dde602,ACC-1015,ACC-1418,1338.31,2026-08-19 00:02:06.161838,False
TXN-56aa8037,ACC-1842,ACC-1382,4911.14,2026-08-19 00:06:06.161838,False
TXN-34f97a53,ACC-1752,ACC-1984,2279.19,2026-08-19 00:10:06.161838,False
TXN-ca8a01c7,ACC-1308,ACC-1844,3928.36,2026-08-19 00:14:06.161838,False
TXN-ff09c046,ACC-1920,ACC-1336,4464.59,2026-08-19 00:18:06.161838,False
TXN-6e28ab1b,ACC-1031,ACC-1346,3778.38,2026-08-19 00:22:06.161838,False
TXN-c62419e7,ACC-1963,ACC-1077,623.83,2026-08-19 00:26:06.161838,False
TXN-ef64565d,ACC-1841,ACC-1856,4585.68,2026-08-19 00:30:06.161838,False
TXN-cfb744b4,ACC-1155,ACC-1871,2145.27,2026-08-19 00:34:06.161838,False
TXN-ae01a287,ACC-1375,ACC-1797,880.41,2026-08-19 00:38:06.161838,False
TXN-e3971c88,ACC-1227,ACC-1100,4116.71,2026-08-19 00:42:06.161838,False
TXN-d988833f,ACC-1934,ACC-1550,802.16,2026-08-19 00:46:06.161838,False
TXN-05239e87,ACC-1520,ACC-1116,3095.16,2026-08-19 00:50:06.161838,False
TXN-8179f6c5,ACC-1786,ACC-1048,3928.8,2026-08-19 00:54:06.161838,False
TXN-2c7764f3,ACC-1070,ACC-1008,408.49,2026-08-19 00:58:06.161838,False
TXN-8809fb9c,ACC-1518,ACC-1420,570.5,2026-08-19 01:02:06.161838,False
TXN-353632f3,ACC-1672,ACC-1942,4939.95,2026-08-19 01:06:06.161838,False
TXN-08924c4c,ACC-1993,ACC-1945,605.46,2026-08-19 01:10:06.161838,False
TXN-b134762d,ACC-1673,ACC-1351,4117.06,2026-08-19 01:14:06.161838,False
TXN-e8d9081f,ACC-1848,ACC-1742,2480.75,2026-08-19 01:18:06.161838,False
TXN-b1d8536d,ACC-1455,ACC-1667,2336.32,2026-08-19 01:22:06.161838,False
TXN-0ea0a97a,ACC-1745,ACC-1174,1624.44,2026-08-19 01:26:06.161838,False
TXN-dfb20ace,ACC-1419,ACC-1620,4363.17,2026-08-19 01:30:06.161838,False
TXN-ad5c5ea1,ACC-1694,ACC-1287,2246.42,2026-08-19 01:34:06.161838,False
TXN-1612b335,ACC-1781,ACC-1463,4503.57,2026-08-19 01:38:06.161838,False
TXN-529efc6c,ACC-1937,ACC-1472,1076.1,2026-08-19 01:42:06.161838,False
TXN-749e3412,ACC-1931,ACC-1619,3406.77,2026-08-19 01:46:06.161838,False
TXN-84821067,ACC-1696,ACC-1803,4279.33,2026-08-19 01:50:06.161838,False
TXN-1c1b7df6,ACC-1945,ACC-1918,1903.13,2026-08-19 01:54:06.161838,False
TXN-a5641074,ACC-1686,ACC-1737,1591.85,2026-08-19 01:58:06.161838,False
TXN-b7b074e2,ACC-1651,ACC-1650,1470.28,2026-08-19 02:02:06.161838,False
TXN-f084f470,ACC-1701,ACC-1954,3753.08,2026-08-19 02:06:06.161838,False
TXN-c4f1f5ee,ACC-1958,ACC-1907,561.07,2026-08-19 02:10:06.161838,False
TXN-2503d278,ACC-1379,ACC-1471,3897.15,2026-08-19 02:14:06.161838,False
TXN-52e77e10,ACC-1873,ACC-1803,580.59,2026-08-19 02:18:06.161838,False
TXN-77dd9b64,ACC-1743,ACC-1000,3570.9,2026-08-19 02:22:06.161838,False
TXN-dab0bb00,ACC-1814,ACC-1194,2380.38,2026-08-19 02:26:06.161838,False
TXN-7b2af1b2,ACC-1249,ACC-1313,2065.59,2026-08-19 02:30:06.161838,False
TXN-b1088390,ACC-1723,ACC-1229,1254.98,2026-08-19 02:34:06.161838,False
TXN-db84ef20,ACC-1479,ACC-1156,2059.57,2026-08-19 02:38:06.161838,False
TXN-e5c2b5b0,ACC-1771,ACC-1894,3088.39,2026-08-19 02:42:06.161838,False
TXN-0ebf8876,ACC-1017,ACC-1343,3754.32,2026-08-19 02:46:06.161838,False
TXN-fcf4a3f4,ACC-1502,ACC-1037,2651.75,2026-08-19 02:50:06.161838,False
TXN-baee195e,ACC-1277,ACC-1218,4467.2,2026-08-19 02:54:06.161838,False
TXN-3e64f0c7,ACC-1771,ACC-1493,2762.62,2026-08-19 02:58:06.161838,False
TXN-a3f90591,ACC-1289,ACC-1096,4957.18,2026-08-19 03:02:06.161838,False
TXN-911d42c0,ACC-1641,ACC-1778,1377.64,2026-08-19 03:06:06.161838,False
TXN-4f87c0d3,ACC-1579,ACC-1373,198505.97,2026-08-19 03:10:06.161838,True
TXN-35aea000,ACC-1651,ACC-1954,2693.76,2026-08-19 03:14:06.161838,False
TXN-3a221643,ACC-1587,ACC-1589,3994.72,2026-08-19 03:18:06.161838,False
TXN-e6087bae,ACC-1208,ACC-1589,2646.64,2026-08-19 03:22:06.161838,False
TXN-33965128,ACC-1051,ACC-1432,732.69,2026-08-19 03:26:06.161838,False
TXN-b9041157,ACC-1803,ACC-1466,3947.26,2026-08-19 03:30:06.161838,False
TXN-9d5deaf7,ACC-1546,ACC-1831,2377.72,2026-08-19 03:34:06.161838,False
TXN-5acf533f,ACC-1230,ACC-1006,1711.91,2026-08-19 03:38:06.161838,False
TXN-f27196d7,ACC-1353,ACC-1322,2312.34,2026-08-19 03:42:06.161838,False
TXN-8ccbc801,ACC-1534,ACC-1560,351.1,2026-08-19 03:46:06.161838,False
TXN-b12feb87,ACC-1152,ACC-1192,4827.99,2026-08-19 03:50:06.161838,False
TXN-fbb8dd34,ACC-1076,ACC-1692,4938.71,2026-08-19 03:54:06.161838,False
TXN-b643f222,ACC-1967,ACC-1417,3854.97,2026-08-19 03:58:06.161838,False
TXN-6fe2d94d,ACC-1622,ACC-1699,894.3,2026-08-19 04:02:06.161838,False
TXN-58b1d2a7,ACC-1115,ACC-1914,2768.08,2026-08-19 04:06:06.161838,False
TXN-2efc07b3,ACC-1644,ACC-1383,72147.32,2026-08-19 04:10:06.161838,True
TXN-401678b2,ACC-1291,ACC-1382,2285.98,2026-08-19 04:14:06.161838,False
TXN-38cc10c5,ACC-1147,ACC-1262,3749.01,2026-08-19 04:18:06.161838,False
TXN-d475fa2d,ACC-1547,ACC-1889,843.36,2026-08-19 04:22:06.161838,False
TXN-f58cfbac,ACC-1181,ACC-1018,4121.6,2026-08-19 04:26:06.161838,False
TXN-1fd25189,ACC-1430,ACC-1786,152.48,2026-08-19 04:30:06.161838,False
TXN-4bc36ec5,ACC-1598,ACC-1009,3706.06,2026-08-19 04:34:06.161838,False
TXN-3b4f31dd,ACC-1620,ACC-1349,1826.49,2026-08-19 04:38:06.161838,False
TXN-de172717,ACC-1531,ACC-1989,212.31,2026-08-19 04:42:06.161838,False
TXN-cca3545b,ACC-1077,ACC-1637,3769.55,2026-08-19 04:46:06.161838,False
TXN-2fddc7d8,ACC-1749,ACC-1618,3404.04,2026-08-19 04:50:06.161838,False
TXN-1c09d6d1,ACC-1031,ACC-1609,3029.51,2026-08-19 04:54:06.161838,False
TXN-4ef8bc69,ACC-1523,ACC-1594,1843.0,2026-08-19 04:58:06.161838,False
TXN-d1474349,ACC-1538,ACC-1849,3776.17,2026-08-19 05:02:06.161838,False
TXN-6cb96a00,ACC-1531,ACC-1542,1775.31,2026-08-19 05:06:06.161838,False
TXN-dbe55e5a,ACC-1502,ACC-1253,3864.12,2026-08-19 05:10:06.161838,False
TXN-42e7ffb6,ACC-1164,ACC-1158,178077.13,2026-08-19 05:14:06.161838,True
TXN-610d0ff4,ACC-1485,ACC-1806,1902.12,2026-08-19 05:18:06.161838,False
TXN-180fae2f,ACC-1268,ACC-1386,3876.07,2026-08-19 05:22:06.161838,False
TXN-1cd9f7bf,ACC-1574,ACC-1808,3885.75,2026-08-19 05:26:06.161838,False
TXN-1554630a,ACC-1956,ACC-1247,2698.39,2026-08-19 05:30:06.161838,False
TXN-41c54347,ACC-1957,ACC-1208,3713.94,2026-08-19 05:34:06.161838,False
TXN-a48189f8,ACC-1494,ACC-1593,75655.26,2026-08-19 05:38:06.161838,True
TXN-476c11f0,ACC-1124,ACC-1430,156.73,2026-08-19 05:42:06.161838,False
TXN-60b3980e,ACC-1093,ACC-1897,2370.34,2026-08-19 05:46:06.161838,False
TXN-8879a072,ACC-1027,ACC-1391,1521.15,2026-08-19 05:50:06.161838,False
TXN-349b4b0b,ACC-1845,ACC-1314,71790.28,2026-08-19 05:54:06.161838,True
TXN-b1ac57b8,ACC-1358,ACC-1399,1053.01,2026-08-19 05:58:06.161838,False
TXN-f40e9b5f,ACC-1829,ACC-1971,2653.08,2026-08-19 06:02:06.161838,False
TXN-55017f46,ACC-1973,ACC-1104,1363.46,2026-08-19 06:06:06.161838,False
TXN-daace4b8,ACC-1610,ACC-1004,1651.61,2026-08-19 06:10:06.161838,False
TXN-d864cd8b,ACC-1728,ACC-1799,1267.4,2026-08-19 06:14:06.161838,False
TXN-9c88bd52,ACC-1949,ACC-1657,1636.02,2026-08-19 06:18:06.161838,False
TXN-afe63e4e,ACC-1476,ACC-1385,2079.81,2026-08-19 06:22:06.161838,False
TXN-a7b40ece,ACC-1364,ACC-1719,3958.9,2026-08-19 06:26:06.161838,False
TXN-e919663a,ACC-1796,ACC-1813,2733.96,2026-08-19 06:30:06.161838,False
TXN-57de865c,ACC-1670,ACC-1005,424.19,2026-08-19 06:34:06.161838,False
TXN-5ec997a0,ACC-1186,ACC-1718,2509.64,2026-08-19 06:38:06.161838,False
TXN-282f41bb,ACC-1227,ACC-1230,2267.78,2026-08-19 06:42:06.161838,False
TXN-52de33dc,ACC-1782,ACC-1394,991.23,2026-08-19 06:46:06.161838,False
TXN-fbb61f38,ACC-1113,ACC-1998,3260.7,2026-08-19 06:50:06.161838,False
TXN-16ca241f,ACC-1014,ACC-1253,2746.41,2026-08-19 06:54:06.161838,False
TXN-5974078f,ACC-1377,ACC-1916,2748.91,2026-08-19 06:58:06.161838,False
TXN-3237aefa,ACC-1414,ACC-1759,4505.69,2026-08-19 07:02:06.161838,False
TXN-f2601551,ACC-1053,ACC-1403,2489.51,2026-08-19 07:06:06.161838,False
TXN-342f5bfa,ACC-1900,ACC-1821,3480.71,2026-08-19 07:10:06.161838,False
TXN-441046d3,ACC-1046,ACC-1260,4919.64,2026-08-19 07:14:06.161838,False
TXN-ca2a02a2,ACC-1491,ACC-1456,1381.84,2026-08-19 07:18:06.161838,False
TXN-ab8039e1,ACC-1408,ACC-1805,2577.6,2026-08-19 07:22:06.161838,False
TXN-7dcb31c9,ACC-1894,ACC-1413,2501.38,2026-08-19 07:26:06.161838,False
TXN-231b2c3c,ACC-1483,ACC-1445,1786.29,2026-08-19 07:30:06.161838,False
TXN-1f56b800,ACC-1131,ACC-1036,2543.65,2026-08-19 07:34:06.161838,False
TXN-e066e075,ACC-1178,ACC-1250,2853.41,2026-08-19 07:38:06.161838,False
TXN-f8975dad,ACC-1297,ACC-1504,788.96,2026-08-19 07:42:06.161838,False
TXN-dd365947,ACC-1106,ACC-1510,851.44,2026-08-19 07:46:06.161838,False
TXN-1e9bb226,ACC-1036,ACC-1467,4252.05,2026-08-19 07:50:06.161838,False
TXN-6598ac3e,ACC-1628,ACC-1805,1594.35,2026-08-19 07:54:06.161838,False
TXN-76fb3c22,ACC-1696,ACC-1060,1699.53,2026-08-19 07:58:06.161838,False
TXN-2fc69d33,ACC-1043,ACC-1844,779.56,2026-08-19 08:02:06.161838,False
TXN-f8bad9a8,ACC-1327,ACC-1471,2981.11,2026-08-19 08:06:06.161838,False
TXN-a377309c,ACC-1559,ACC-1991,2942.83,2026-08-19 08:10:06.161838,False
TXN-f1fe4d10,ACC-1717,ACC-1230,4430.25,2026-08-19 08:14:06.161838,False
TXN-01d3fcea,ACC-1449,ACC-1430,3642.94,2026-08-19 08:18:06.161838,False
TXN-64096177,ACC-1069,ACC-1856,3136.03,2026-08-19 08:22:06.161838,False
TXN-7044d97a,ACC-1297,ACC-1427,233.55,2026-08-19 08:26:06.161838,False
TXN-6180bbf7,ACC-1618,ACC-1785,1602.03,2026-08-19 08:30:06.161838,False
TXN-ffc8ca26,ACC-1471,ACC-1212,1564.04,2026-08-19 08:34:06.161838,False
TXN-144216cb,ACC-1083,ACC-1044,600.54,2026-08-19 08:38:06.161838,False
TXN-634d4dca,ACC-1894,ACC-1890,2629.77,2026-08-19 08:42:06.161838,False
TXN-36c4a47b,ACC-1109,ACC-1855,3181.0,2026-08-19 08:46:06.161838,False
TXN-9083e009,ACC-1261,ACC-1102,552.0,2026-08-19 08:50:06.161838,False
TXN-7469eb66,ACC-1015,ACC-1625,4038.63,2026-08-19 08:54:06.161838,False
TXN-3135168d,ACC-1589,ACC-1884,1092.05,2026-08-19 08:58:06.161838,False
TXN-74332630,ACC-1738,ACC-1606,1429.46,2026-08-19 09:02:06.161838,False
TXN-0594b882,ACC-1125,ACC-1376,3205.51,2026-08-19 09:06:06.161838,False
TXN-bcaf514c,ACC-1627,ACC-1148,3229.58,2026-08-19 09:10:06.161838,False
TXN-cd97bea1,ACC-1167,ACC-1106,767.32,2026-08-19 09:14:06.161838,False
TXN-3a77fbab,ACC-1524,ACC-1384,2286.67,2026-08-19 09:18:06.161838,False
TXN-28d72d3d,ACC-1799,ACC-1552,643.14,2026-08-19 09:22:06.161838,False
TXN-3530b578,ACC-1123,ACC-1669,1251.82,2026-08-19 09:26:06.161838,False
TXN-047b595d,ACC-1498,ACC-1504,1189.64,2026-08-19 09:30:06.161838,False
TXN-1073f198,ACC-1297,ACC-1276,121072.48,2026-08-19 09:34:06.161838,True
TXN-5998fa28,ACC-1319,ACC-1662,3735.56,2026-08-19 09:38:06.161838,False
TXN-e4fd80fc,ACC-1198,ACC-1912,4880.18,2026-08-19 09:42:06.161838,False
TXN-0c4bf417,ACC-1179,ACC-1348,1879.38,2026-08-19 09:46:06.161838,False
TXN-c885e53a,ACC-1156,ACC-1203,1748.42,2026-08-19 09:50:06.161838,False
TXN-973cfae1,ACC-1522,ACC-1805,2583.31,2026-08-19 09:54:06.161838,False
TXN-866b12fd,ACC-1691,ACC-1716,4023.25,2026-08-19 09:58:06.161838,False
TXN-d7d6c7f9,ACC-1237,ACC-1486,3962.55,2026-08-19 10:02:06.161838,False
TXN-a117bc96,ACC-1146,ACC-1805,425.06,2026-08-19 10:06:06.161838,False
TXN-706ecbfe,ACC-1569,ACC-1806,444.02,2026-08-19 10:10:06.161838,False
TXN-014c248c,ACC-1101,ACC-1332,4414.76,2026-08-19 10:14:06.161838,False
TXN-cf5c7bdd,ACC-1812,ACC-1780,4159.68,2026-08-19 10:18:06.161838,False
TXN-39f32c75,ACC-1464,ACC-1132,662.47,2026-08-19 10:22:06.161838,False
TXN-e938c589,ACC-1247,ACC-1698,1939.67,2026-08-19 10:26:06.161838,False
TXN-897730d6,ACC-1639,ACC-1215,3814.92,2026-08-19 10:30:06.161838,False
TXN-4ae461f9,ACC-1081,ACC-1444,4373.67,2026-08-19 10:34:06.161838,False
TXN-47aaced9,ACC-1773,ACC-1297,1989.96,2026-08-19 10:38:06.161838,False
TXN-0d212ff8,ACC-1248,ACC-1150,475.94,2026-08-19 10:42:06.161838,False
TXN-223b0ef3,ACC-1171,ACC-1728,3352.3,2026-08-19 10:46:06.161838,False
TXN-1cae76bb,ACC-1539,ACC-1150,560.55,2026-08-19 10:50:06.161838,False
TXN-bc6f1540,ACC-1430,ACC-1727,3583.58,2026-08-19 10:54:06.161838,False
TXN-6cb8d25a,ACC-1641,ACC-1128,466.87,2026-08-19 10:58:06.161838,False
TXN-855bafde,ACC-1772,ACC-1445,3022.66,2026-08-19 11:02:06.161838,False
TXN-40f6a2e2,ACC-1884,ACC-1747,4131.1,2026-08-19 11:06:06.161838,False
TXN-06fd8509,ACC-1515,ACC-1564,1078.33,2026-08-19 11:10:06.161838,False
TXN-d51ae737,ACC-1094,ACC-1623,2910.16,2026-08-19 11:14:06.161838,False
TXN-10f4ccc4,ACC-1347,ACC-1471,4361.66,2026-08-19 11:18:06.161838,False
TXN-93649ef0,ACC-1302,ACC-1889,3202.77,2026-08-19 11:22:06.161838,False
TXN-dbb496e5,ACC-1723,ACC-1187,2937.29,2026-08-19 11:26:06.161838,False
TXN-d845b25f,ACC-1069,ACC-1660,3554.62,2026-08-19 11:30:06.161838,False
TXN-02c2be13,ACC-1086,ACC-1272,1339.79,2026-08-19 11:34:06.161838,False
TXN-58877bae,ACC-1560,ACC-1247,1165.04,2026-08-19 11:38:06.161838,False
TXN-c38e8d06,ACC-1216,ACC-1896,4372.98,2026-08-19 11:42:06.161838,False
TXN-abea5c20,ACC-1189,ACC-1155,3997.11,2026-08-19 11:46:06.161838,False
TXN-62aaeac4,ACC-1392,ACC-1405,4086.12,2026-08-19 11:50:06.161838,False
TXN-5b397d7f,ACC-1549,ACC-1997,856.01,2026-08-19 11:54:06.161838,False
TXN-d1e73511,ACC-1687,ACC-1481,311.71,2026-08-19 11:58:06.161838,False
TXN-654e9774,ACC-1020,ACC-1725,4705.66,2026-08-19 12:02:06.161838,False
TXN-15eaa241,ACC-1959,ACC-1917,2650.29,2026-08-19 12:06:06.161838,False
TXN-bef0da17,ACC-1298,ACC-1326,4131.95,2026-08-19 12:10:06.161838,False
TXN-26313e5b,ACC-1434,ACC-1967,2530.68,2026-08-19 12:14:06.161838,False
TXN-6f27b9b5,ACC-1242,ACC-1853,2056.88,2026-08-19 12:18:06.161838,False
TXN-e0359b68,ACC-1003,ACC-1239,3405.69,2026-08-19 12:22:06.161838,False
TXN-19d3bc08,ACC-1341,ACC-1493,1834.46,2026-08-19 12:26:06.161838,False
TXN-2a8ad048,ACC-1957,ACC-1185,3879.91,2026-08-19 12:30:06.161838,False
TXN-f220047d,ACC-1019,ACC-1960,4471.27,2026-08-19 12:34:06.161838,False
TXN-0ecb22b4,ACC-1668,ACC-1547,4341.71,2026-08-19 12:38:06.161838,False
TXN-e7b75ca1,ACC-1172,ACC-1432,1374.99,2026-08-19 12:42:06.161838,False
TXN-8b400f6e,ACC-1073,ACC-1868,1405.75,2026-08-19 12:46:06.161838,False
TXN-16ee7967,ACC-1543,ACC-1743,3213.24,2026-08-19 12:50:06.161838,False
TXN-21fdb370,ACC-1236,ACC-1805,3129.55,2026-08-19 12:54:06.161838,False
TXN-78c312be,ACC-1796,ACC-1527,2408.85,2026-08-19 12:58:06.161838,False
TXN-52a43ce8,ACC-1530,ACC-1495,2974.52,2026-08-19 13:02:06.161838,False
TXN-0786e82c,ACC-1552,ACC-1172,2013.4,2026-08-19 13:06:06.161838,False
TXN-80eb4271,ACC-1866,ACC-1449,2995.65,2026-08-19 13:10:06.161838,False
TXN-dc6e4969,ACC-1332,ACC-1279,2943.22,2026-08-19 13:14:06.161838,False
TXN-69082ce2,ACC-1962,ACC-1705,4617.25,2026-08-19 13:18:06.161838,False
TXN-1bf5bd1e,ACC-1803,ACC-1641,4464.3,2026-08-19 13:22:06.161838,False
TXN-5890c65e,ACC-1818,ACC-1716,67065.92,2026-08-19 13:26:06.161838,True
TXN-107ef0ff,ACC-1829,ACC-1921,3974.97,2026-08-19 13:30:06.161838,False
TXN-1b600d12,ACC-1408,ACC-1230,2341.81,2026-08-19 13:34:06.161838,False
TXN-33b3a1e1,ACC-1764,ACC-1864,2527.22,2026-08-19 13:38:06.161838,False
TXN-6ee1e488,ACC-1750,ACC-1158,3295.98,2026-08-19 13:42:06.161838,False
TXN-142f07c1,ACC-1723,ACC-1731,3333.65,2026-08-19 13:46:06.161838,False
TXN-87c1e730,ACC-1259,ACC-1111,133.11,2026-08-19 13:50:06.161838,False
TXN-497410d6,ACC-1538,ACC-1725,4976.73,2026-08-19 13:54:06.161838,False
TXN-c57f8aff,ACC-1527,ACC-1356,1989.35,2026-08-19 13:58:06.161838,False
TXN-6ea04657,ACC-1428,ACC-1573,2368.48,2026-08-19 14:02:06.161838,False
TXN-67f9e7d9,ACC-1325,ACC-1204,831.4,2026-08-19 14:06:06.161838,False
TXN-7a9f9bb9,ACC-1077,ACC-1974,3527.05,2026-08-19 14:10:06.161838,False
TXN-2fce1298,ACC-1467,ACC-1392,1380.18,2026-08-19 14:14:06.161838,False
TXN-42cce57a,ACC-1098,ACC-1356,914.86,2026-08-19 14:18:06.161838,False
TXN-436887d4,ACC-1140,ACC-1507,625.49,2026-08-19 14:22:06.161838,False
TXN-20ec0fe6,ACC-1738,ACC-1310,3761.64,2026-08-19 14:26:06.161838,False
TXN-57fa6c2e,ACC-1507,ACC-1726,117934.77,2026-08-19 14:30:06.161838,True
TXN-17d6e448,ACC-1450,ACC-1456,4987.65,2026-08-19 14:34:06.161838,False
TXN-993e902b,ACC-1033,ACC-1002,3985.55,2026-08-19 14:38:06.161838,False
TXN-0a3c2404,ACC-1277,ACC-1051,3753.22,2026-08-19 14:42:06.161838,False
TXN-d0cb46f5,ACC-1660,ACC-1313,1708.56,2026-08-19 14:46:06.161838,False
TXN-e73fa233,ACC-1754,ACC-1566,2337.97,2026-08-19 14:50:06.161838,False
TXN-041667ec,ACC-1902,ACC-1618,3470.52,2026-08-19 14:54:06.161838,False
TXN-ab9317cd,ACC-1842,ACC-1931,3619.81,2026-08-19 14:58:06.161838,False
TXN-279b60b9,ACC-1994,ACC-1707,4455.16,2026-08-19 15:02:06.161838,False
TXN-556f3ead,ACC-1217,ACC-1067,4988.41,2026-08-19 15:06:06.161838,False
TXN-e0dbe3bf,ACC-1302,ACC-1837,4038.32,2026-08-19 15:10:06.161838,False
TXN-9121d727,ACC-1613,ACC-1579,4359.92,2026-08-19 15:14:06.161838,False
TXN-3ded016d,ACC-1718,ACC-1306,2517.71,2026-08-19 15:18:06.161838,False
TXN-9aa2edc7,ACC-1705,ACC-1079,2347.41,2026-08-19 15:22:06.161838,False
TXN-d822c90a,ACC-1886,ACC-1066,4423.37,2026-08-19 15:26:06.161838,False
TXN-685846ab,ACC-1470,ACC-1776,4441.15,2026-08-19 15:30:06.161838,False
TXN-75a53ab7,ACC-1491,ACC-1347,1760.56,2026-08-19 15:34:06.161838,False
TXN-bf79624a,ACC-1910,ACC-1212,1797.0,2026-08-19 15:38:06.161838,False
TXN-772a6376,ACC-1041,ACC-1778,576.31,2026-08-19 15:42:06.161838,False
TXN-24c86e80,ACC-1729,ACC-1915,3274.76,2026-08-19 15:46:06.161838,False
TXN-2a6e9a59,ACC-1652,ACC-1545,1898.26,2026-08-19 15:50:06.161838,False
TXN-9a3b7d82,ACC-1936,ACC-1179,2696.09,2026-08-19 15:54:06.161838,False
TXN-a9c0cfc4,ACC-1344,ACC-1042,2456.64,2026-08-19 15:58:06.161838,False
TXN-baf6ce67,ACC-1035,ACC-1810,4001.98,2026-08-19 16:02:06.161838,False
TXN-4b074e25,ACC-1568,ACC-1412,1759.24,2026-08-19 16:06:06.161838,False
TXN-609f928b,ACC-1067,ACC-1765,3715.06,2026-08-19 16:10:06.161838,False
TXN-c62900f2,ACC-1611,ACC-1313,1604.22,2026-08-19 16:14:06.161838,False
TXN-6f227ce5,ACC-1984,ACC-1574,3899.72,2026-08-19 16:18:06.161838,False
TXN-4ae518bd,ACC-1942,ACC-1337,3538.48,2026-08-19 16:22:06.161838,False
TXN-66ff49e5,ACC-1421,ACC-1722,2399.72,2026-08-19 16:26:06.161838,False
TXN-57657790,ACC-1572,ACC-1978,2880.56,2026-08-19 16:30:06.161838,False
TXN-4e1a174b,ACC-1531,ACC-1771,1602.32,2026-08-19 16:34:06.161838,False
TXN-66f91b5d,ACC-1750,ACC-1844,2583.8,2026-08-19 16:38:06.161838,False
TXN-d7bad21b,ACC-1653,ACC-1118,4818.95,2026-08-19 16:42:06.161838,False
TXN-3b5ff65a,ACC-1612,ACC-1325,1746.43,2026-08-19 16:46:06.161838,False
TXN-017d8fda,ACC-1572,ACC-1440,2739.62,2026-08-19 16:50:06.161838,False
TXN-fb064e33,ACC-1911,ACC-1757,599.49,2026-08-19 16:54:06.161838,False
TXN-aab36778,ACC-1720,ACC-1331,319.69,2026-08-19 16:58:06.161838,False
TXN-488004b5,ACC-1130,ACC-1913,3422.21,2026-08-19 17:02:06.161838,False
TXN-e6b37337,ACC-1465,ACC-1693,181895.82,2026-08-19 17:06:06.161838,True
TXN-2a53adab,ACC-1885,ACC-1297,2193.76,2026-08-19 17:10:06.161838,False
TXN-443b8f23,ACC-1994,ACC-1833,4931.26,2026-08-19 17:14:06.161838,False
TXN-df0f592e,ACC-1798,ACC-1679,4118.19,2026-08-19 17:18:06.161838,False
TXN-90d7b0d7,ACC-1553,ACC-1840,3020.78,2026-08-19 17:22:06.161838,False
TXN-7eac386e,ACC-1645,ACC-1194,1448.62,2026-08-19 17:26:06.161838,False
TXN-326ee839,ACC-1286,ACC-1747,1424.92,2026-08-19 17:30:06.161838,False
TXN-852b2608,ACC-1792,ACC-1409,824.62,2026-08-19 17:34:06.161838,False
TXN-05dfdc99,ACC-1878,ACC-1481,1902.92,2026-08-19 17:38:06.161838,False
TXN-12deec3f,ACC-1191,ACC-1588,4902.99,2026-08-19 17:42:06.161838,False
TXN-cadf90c0,ACC-1286,ACC-1818,2801.7,2026-08-19 17:46:06.161838,False
TXN-2b82bf96,ACC-1221,ACC-1944,4352.72,2026-08-19 17:50:06.161838,False
TXN-c7e1f57e,ACC-1167,ACC-1164,4631.35,2026-08-19 17:54:06.161838,False
TXN-9d64edcc,ACC-1513,ACC-1187,4390.96,2026-08-19 17:58:06.161838,False
TXN-b8734cda,ACC-1399,ACC-1370,534.65,2026-08-19 18:02:06.161838,False
TXN-f6850679,ACC-1201,ACC-1806,1419.26,2026-08-19 18:06:06.161838,False
TXN-89d0b331,ACC-1752,ACC-1792,4625.24,2026-08-19 18:10:06.161838,False
TXN-ffd67e25,ACC-1875,ACC-1155,1609.02,2026-08-19 18:14:06.161838,False
TXN-fb85a30d,ACC-1994,ACC-1854,2293.99,2026-08-19 18:18:06.161838,False
TXN-f04b596d,ACC-1481,ACC-1270,3403.16,2026-08-19 18:22:06.161838,False
TXN-f5643f8b,ACC-1825,ACC-1920,651.92,2026-08-19 18:26:06.161838,False
TXN-4755d283,ACC-1151,ACC-1855,1627.86,2026-08-19 18:30:06.161838,False
TXN-79c9b714,ACC-1349,ACC-1743,537.66,2026-08-19 18:34:06.161838,False
TXN-a4625b1b,ACC-1621,ACC-1370,1830.74,2026-08-19 18:38:06.161838,False
TXN-984ee37e,ACC-1471,ACC-1695,2216.02,2026-08-19 18:42:06.161838,False
TXN-34ed0acd,ACC-1471,ACC-1362,4345.42,2026-08-19 18:46:06.161838,False
TXN-f2fc9f84,ACC-1397,ACC-1522,2102.1,2026-08-19 18:50:06.161838,False
TXN-db993bf5,ACC-1821,ACC-1259,4431.7,2026-08-19 18:54:06.161838,False
TXN-994d4283,ACC-1073,ACC-1132,1138.34,2026-08-19 18:58:06.161838,False
TXN-d503bed5,ACC-1741,ACC-1089,4317.31,2026-08-19 19:02:06.161838,False
TXN-44692c5e,ACC-1049,ACC-1215,2406.6,2026-08-19 19:06:06.161838,False
TXN-31ca4e15,ACC-1930,ACC-1395,2595.69,2026-08-19 19:10:06.161838,False
TXN-82e4d191,ACC-1946,ACC-1843,3141.24,2026-08-19 19:14:06.161838,False
TXN-6e22e295,ACC-1277,ACC-1713,715.22,2026-08-19 19:18:06.161838,False
TXN-aa6b47dc,ACC-1085,ACC-1740,2520.58,2026-08-19 19:22:06.161838,False
TXN-001bdf13,ACC-1065,ACC-1999,3476.39,2026-08-19 19:26:06.161838,False
TXN-1eff5729,ACC-1039,ACC-1968,115.53,2026-08-19 19:30:06.161838,False
TXN-040db35b,ACC-1805,ACC-1676,2207.39,2026-08-19 19:34:06.161838,False
TXN-b9435269,ACC-1283,ACC-1580,1407.38,2026-08-19 19:38:06.161838,False
TXN-973c49b7,ACC-1797,ACC-1455,2534.79,2026-08-19 19:42:06.161838,False
TXN-d4fdbc1d,ACC-1075,ACC-1595,2826.19,2026-08-19 19:46:06.161838,False
TXN-78bce46c,ACC-1069,ACC-1195,523.08,2026-08-19 19:50:06.161838,False
TXN-f9fdc41c,ACC-1761,ACC-1415,2109.92,2026-08-19 19:54:06.161838,False
TXN-5ed871f9,ACC-1131,ACC-1863,1801.89,2026-08-19 19:58:06.161838,False
TXN-91ab5733,ACC-1622,ACC-1096,3921.58,2026-08-19 20:02:06.161838,False
TXN-ec6a3bc9,ACC-1511,ACC-1832,4393.92,2026-08-19 20:06:06.161838,False
TXN-5e04768b,ACC-1363,ACC-1705,128.19,2026-08-19 20:10:06.161838,False
TXN-9ec09736,ACC-1011,ACC-1384,675.95,2026-08-19 20:14:06.161838,False
TXN-5db1093d,ACC-1814,ACC-1463,1937.54,2026-08-19 20:18:06.161838,False
TXN-93b736e1,ACC-1988,ACC-1505,3129.51,2026-08-19 20:22:06.161838,False
TXN-8acf0565,ACC-1130,ACC-1828,3053.85,2026-08-19 20:26:06.161838,False
TXN-f32ce0d1,ACC-1209,ACC-1753,104215.84,2026-08-19 20:30:06.161838,True
TXN-a5c49c62,ACC-1072,ACC-1996,2071.83,2026-08-19 20:34:06.161838,False
TXN-7e586b93,ACC-1149,ACC-1379,4780.98,2026-08-19 20:38:06.161838,False
TXN-fb2dcac7,ACC-1253,ACC-1384,68300.26,2026-08-19 20:42:06.161838,True
TXN-d02def78,ACC-1446,ACC-1013,4642.73,2026-08-19 20:46:06.161838,False
TXN-1210c8d5,ACC-1218,ACC-1294,3402.62,2026-08-19 20:50:06.161838,False
TXN-37d6f592,ACC-1794,ACC-1045,1782.03,2026-08-19 20:54:06.161838,False
TXN-1bdb6a82,ACC-1241,ACC-1965,1845.46,2026-08-19 20:58:06.161838,False
TXN-ed0ecff2,ACC-1101,ACC-1786,740.11,2026-08-19 21:02:06.161838,False
TXN-9c4af4a6,ACC-1021,ACC-1193,2201.76,2026-08-19 21:06:06.161838,False
TXN-135c3164,ACC-1520,ACC-1794,2720.05,2026-08-19 21:10:06.161838,False
TXN-9676da30,ACC-1748,ACC-1817,701.81,2026-08-19 21:14:06.161838,False
TXN-ef18986e,ACC-1180,ACC-1556,828.84,2026-08-19 21:18:06.161838,False
TXN-93acc806,ACC-1438,ACC-1327,4862.58,2026-08-19 21:22:06.161838,False
TXN-6db7e61d,ACC-1299,ACC-1861,4467.27,2026-08-19 21:26:06.161838,False
TXN-9b2d5883,ACC-1682,ACC-1181,1940.38,2026-08-19 21:30:06.161838,False
TXN-51470e7e,ACC-1299,ACC-1142,866.87,2026-08-19 21:34:06.161838,False
TXN-434d9c53,ACC-1272,ACC-1223,4502.78,2026-08-19 21:38:06.161838,False
TXN-fd20c892,ACC-1162,ACC-1335,1223.95,2026-08-19 21:42:06.161838,False
TXN-10f6e3f3,ACC-1735,ACC-1855,1950.68,2026-08-19 21:46:06.161838,False
TXN-60278da9,ACC-1950,ACC-1062,3551.19,2026-08-19 21:50:06.161838,False
TXN-5688df1e,ACC-1657,ACC-1184,3612.4,2026-08-19 21:54:06.161838,False
TXN-06d16f3f,ACC-1300,ACC-1685,4185.97,2026-08-19 21:58:06.161838,False
TXN-52a804d2,ACC-1617,ACC-1091,3367.68,2026-08-19 22:02:06.161838,False
TXN-19411b3a,ACC-1358,ACC-1920,2865.68,2026-08-19 22:06:06.161838,False
TXN-a8a27f16,ACC-1992,ACC-1172,3799.48,2026-08-19 22:10:06.161838,False
TXN-8347b8b4,ACC-1165,ACC-1704,2074.09,2026-08-19 22:14:06.161838,False
TXN-7ac66af9,ACC-1273,ACC-1435,65760.19,2026-08-19 22:18:06.161838,True
TXN-d8cbb1ae,ACC-1693,ACC-1918,3930.16,2026-08-19 22:22:06.161838,False
TXN-36828ff9,ACC-1531,ACC-1664,72708.86,2026-08-19 22:26:06.161838,True
TXN-88979b45,ACC-1873,ACC-1209,3464.47,2026-08-19 22:30:06.161838,False
TXN-1cc53eb4,ACC-1887,ACC-1228,3389.06,2026-08-19 22:34:06.161838,False
TXN-114b2fcf,ACC-1744,ACC-1498,4355.87,2026-08-19 22:38:06.161838,False
TXN-ee99cc29,ACC-1404,ACC-1015,784.11,2026-08-19 22:42:06.161838,False
TXN-c9d8580c,ACC-1712,ACC-1048,3769.63,2026-08-19 22:46:06.161838,False
TXN-a4c741b1,ACC-1840,ACC-1210,4939.13,2026-08-19 22:50:06.161838,False
TXN-ab2ae29c,ACC-1157,ACC-1522,977.29,2026-08-19 22:54:06.161838,False
TXN-ae88b1e6,ACC-1729,ACC-1002,4892.1,2026-08-19 22:58:06.161838,False
TXN-da96a560,ACC-1424,ACC-1536,2343.25,2026-08-19 23:02:06.161838,False
TXN-90a4a668,ACC-1181,ACC-1351,3182.92,2026-08-19 23:06:06.161838,False
TXN-81313228,ACC-1490,ACC-1069,2823.33,2026-08-19 23:10:06.161838,False
TXN-4b78b4b4,ACC-1810,ACC-1752,3124.83,2026-08-19 23:14:06.161838,False
TXN-f17cf6ca,ACC-1223,ACC-1889,3510.13,2026-08-19 23:18:06.161838,False
TXN-7de6a318,ACC-1734,ACC-1629,2136.55,2026-08-19 23:22:06.161838,False
TXN-41f33daf,ACC-1569,ACC-1553,4996.39,2026-08-19 23:26:06.161838,False
TXN-edcc5356,ACC-1864,ACC-1808,4091.43,2026-08-19 23:30:06.161838,False
TXN-2a48e842,ACC-1512,ACC-1952,1980.32,2026-08-19 23:34:06.161838,False
TXN-8baa88fc,ACC-1637,ACC-1254,1713.91,2026-08-19 23:38:06.161838,False
TXN-99594c6c,ACC-1208,ACC-1387,2514.17,2026-08-19 23:42:06.161838,False
TXN-5e1a55ba,ACC-1355,ACC-1975,2161.1,2026-08-19 23:46:06.161838,False
TXN-3bdd6719,ACC-1144,ACC-1630,2803.94,2026-08-19 23:50:06.161838,False
TXN-f0284d7e,ACC-1892,ACC-1367,848.1,2026-08-19 23:54:06.161838,False
TXN-c0b59dee,ACC-1856,ACC-1884,246.62,2026-08-19 23:58:06.161838,False
TXN-8e047b62,ACC-1024,ACC-1215,2333.4,2026-08-20 00:02:06.161838,False
TXN-dc56c4c6,ACC-1979,ACC-1464,936.59,2026-08-20 00:06:06.161838,False
TXN-f7a045d2,ACC-1342,ACC-1383,3034.54,2026-08-20 00:10:06.161838,False
TXN-7821f5d8,ACC-1094,ACC-1932,3346.6,2026-08-20 00:14:06.161838,False
TXN-046dc54e,ACC-1272,ACC-1599,1053.83,2026-08-20 00:18:06.161838,False
TXN-ecb72215,ACC-1820,ACC-1634,3816.78,2026-08-20 00:22:06.161838,False
TXN-425c0e0f,ACC-1963,ACC-1033,857.21,2026-08-20 00:26:06.161838,False
TXN-e2bf97bf,ACC-1629,ACC-1927,4093.38,2026-08-20 00:30:06.161838,False
TXN-82636740,ACC-1756,ACC-1352,4732.62,2026-08-20 00:34:06.161838,False
TXN-a62a0333,ACC-1190,ACC-1917,101908.64,2026-08-20 00:38:06.161838,True
TXN-42c60c13,ACC-1519,ACC-1579,486.93,2026-08-20 00:42:06.161838,False
TXN-63e4bfa7,ACC-1864,ACC-1067,451.56,2026-08-20 00:46:06.161838,False
TXN-43199d7f,ACC-1775,ACC-1808,80703.43,2026-08-20 00:50:06.161838,True
TXN-fa6b7ec4,ACC-1585,ACC-1034,3527.97,2026-08-20 00:54:06.161838,False
TXN-1bf68ea5,ACC-1704,ACC-1504,2917.76,2026-08-20 00:58:06.161838,False
TXN-3898f8d6,ACC-1844,ACC-1724,788.49,2026-08-20 01:02:06.161838,False
TXN-b095a904,ACC-1299,ACC-1233,3873.59,2026-08-20 01:06:06.161838,False
TXN-c735d785,ACC-1562,ACC-1224,108.31,2026-08-20 01:10:06.161838,False
TXN-b0e47146,ACC-1612,ACC-1584,442.54,2026-08-20 01:14:06.161838,False
TXN-75fcc5f3,ACC-1603,ACC-1630,3401.57,2026-08-20 01:18:06.161838,False
TXN-a87c7435,ACC-1082,ACC-1098,2414.69,2026-08-20 01:22:06.161838,False
TXN-0c309d32,ACC-1955,ACC-1300,4076.65,2026-08-20 01:26:06.161838,False
TXN-7f705365,ACC-1603,ACC-1282,3064.6,2026-08-20 01:30:06.161838,False
TXN-7eae13cd,ACC-1218,ACC-1316,1147.08,2026-08-20 01:34:06.161838,False
TXN-03e5b6db,ACC-1685,ACC-1414,3037.36,2026-08-20 01:38:06.161838,False
TXN-81534186,ACC-1172,ACC-1548,90134.39,2026-08-20 01:42:06.161838,True
TXN-e9823b16,ACC-1752,ACC-1477,3065.3,2026-08-20 01:46:06.161838,False
TXN-75d4d495,ACC-1962,ACC-1111,714.21,2026-08-20 01:50:06.161838,False
TXN-f363b23c,ACC-1750,ACC-1072,2772.26,2026-08-20 01:54:06.161838,False
TXN-78f4452d,ACC-1837,ACC-1100,107639.19,2026-08-20 01:58:06.161838,True
TXN-59e9abb0,ACC-1540,ACC-1969,4295.79,2026-08-20 02:02:06.161838,False
TXN-bf52fb93,ACC-1170,ACC-1110,3707.21,2026-08-20 02:06:06.161838,False
TXN-048b870e,ACC-1604,ACC-1846,1594.07,2026-08-20 02:10:06.161838,False
TXN-9209aa5f,ACC-1030,ACC-1183,4720.11,2026-08-20 02:14:06.161838,False
TXN-617e0096,ACC-1377,ACC-1495,2467.64,2026-08-20 02:18:06.161838,False
TXN-5ec49be7,ACC-1913,ACC-1542,1444.47,2026-08-20 02:22:06.161838,False
TXN-217fc580,ACC-1626,ACC-1710,4660.75,2026-08-20 02:26:06.161838,False
TXN-20902a46,ACC-1065,ACC-1169,95857.95,2026-08-20 02:30:06.161838,True
TXN-15dae77f,ACC-1590,ACC-1945,924.71,2026-08-20 02:34:06.161838,False
TXN-34e9f33c,ACC-1521,ACC-1296,518.19,2026-08-20 02:38:06.161838,False
TXN-ad4d0d0e,ACC-1458,ACC-1669,3893.6,2026-08-20 02:42:06.161838,False
TXN-7ba004f8,ACC-1046,ACC-1430,2935.54,2026-08-20 02:46:06.161838,False
TXN-07ed23d7,ACC-1765,ACC-1850,4338.43,2026-08-20 02:50:06.161838,False
TXN-87187b40,ACC-1010,ACC-1017,2362.78,2026-08-20 02:54:06.161838,False
TXN-3a5bd0c1,ACC-1978,ACC-1848,987.31,2026-08-20 02:58:06.161838,False
TXN-d7baf1d6,ACC-1970,ACC-1368,3408.24,2026-08-20 03:02:06.161838,False
TXN-f5a2cef1,ACC-1573,ACC-1604,674.94,2026-08-20 03:06:06.161838,False
TXN-83c4e844,ACC-1392,ACC-1868,785.79,2026-08-20 03:10:06.161838,False
TXN-49b69cea,ACC-1108,ACC-1530,2625.99,2026-08-20 03:14:06.161838,False
TXN-ab44e1f5,ACC-1842,ACC-1835,2554.58,2026-08-20 03:18:06.161838,False
TXN-58b051fa,ACC-1113,ACC-1299,1681.48,2026-08-20 03:22:06.161838,False
TXN-51f88aa3,ACC-1524,ACC-1045,987.32,2026-08-20 03:26:06.161838,False
TXN-0c4174ec,ACC-1086,ACC-1451,4548.58,2026-08-20 03:30:06.161838,False
TXN-a2c1e748,ACC-1607,ACC-1359,4384.23,2026-08-20 03:34:06.161838,False
TXN-82cdd7a8,ACC-1456,ACC-1801,4427.47,2026-08-20 03:38:06.161838,False
TXN-1bfcde73,ACC-1834,ACC-1980,164914.27,2026-08-20 03:42:06.161838,True
TXN-123558e5,ACC-1528,ACC-1692,4611.3,2026-08-20 03:46:06.161838,False
TXN-d21f6d90,ACC-1089,ACC-1958,513.84,2026-08-20 03:50:06.161838,False
TXN-ec41c2af,ACC-1993,ACC-1972,2536.48,2026-08-20 03:54:06.161838,False
TXN-07ebfc8a,ACC-1712,ACC-1241,116185.17,2026-08-20 03:58:06.161838,True
TXN-d32b1ed0,ACC-1709,ACC-1494,452.83,2026-08-20 04:02:06.161838,False
TXN-56def873,ACC-1130,ACC-1586,2425.2,2026-08-20 04:06:06.161838,False
TXN-39e99c9a,ACC-1686,ACC-1603,635.03,2026-08-20 04:10:06.161838,False
TXN-3e59735c,ACC-1444,ACC-1166,4495.61,2026-08-20 04:14:06.161838,False
TXN-07fe1d63,ACC-1764,ACC-1455,2107.65,2026-08-20 04:18:06.161838,False
TXN-b51ebb4f,ACC-1561,ACC-1256,3456.83,2026-08-20 04:22:06.161838,False
TXN-ea93063c,ACC-1065,ACC-1477,4910.46,2026-08-20 04:26:06.161838,False
TXN-d7d9dcaf,ACC-1066,ACC-1757,3637.33,2026-08-20 04:30:06.161838,False
TXN-167d208f,ACC-1512,ACC-1779,1586.7,2026-08-20 04:34:06.161838,False
TXN-75fd1a9e,ACC-1058,ACC-1332,2397.02,2026-08-20 04:38:06.161838,False
TXN-9c4ca2bd,ACC-1955,ACC-1561,3437.88,2026-08-20 04:42:06.161838,False
TXN-a025da1d,ACC-1925,ACC-1039,1337.23,2026-08-20 04:46:06.161838,False
TXN-bbe23252,ACC-1422,ACC-1522,4807.84,2026-08-20 04:50:06.161838,False
TXN-f7d9a7fe,ACC-1718,ACC-1535,3430.8,2026-08-20 04:54:06.161838,False
TXN-af562399,ACC-1343,ACC-1002,3885.65,2026-08-20 04:58:06.161838,False
TXN-2d42bd9f,ACC-1493,ACC-1404,366.59,2026-08-20 05:02:06.161838,False
TXN-6e23a646,ACC-1149,ACC-1363,1075.92,2026-08-20 05:06:06.161838,False
TXN-9ccc1d83,ACC-1976,ACC-1394,4967.09,2026-08-20 05:10:06.161838,False
TXN-3a44a4b7,ACC-1855,ACC-1701,4678.93,2026-08-20 05:14:06.161838,False
TXN-562ba207,ACC-1826,ACC-1805,3471.02,2026-08-20 05:18:06.161838,False
TXN-7f14830a,ACC-1706,ACC-1570,4550.56,2026-08-20 05:22:06.161838,False
TXN-5d0a4084,ACC-1577,ACC-1846,1783.55,2026-08-20 05:26:06.161838,False
TXN-126f7ec5,ACC-1444,ACC-1644,4531.87,2026-08-20 05:30:06.161838,False
TXN-95932587,ACC-1260,ACC-1014,2468.81,2026-08-20 05:34:06.161838,False
TXN-024ceb9c,ACC-1948,ACC-1304,4030.74,2026-08-20 05:38:06.161838,False
TXN-b945ff3e,ACC-1948,ACC-1379,4438.76,2026-08-20 05:42:06.161838,False
TXN-4253f629,ACC-1615,ACC-1855,856.85,2026-08-20 05:46:06.161838,False
TXN-c5dc9257,ACC-1930,ACC-1287,3018.03,2026-08-20 05:50:06.161838,False
TXN-7efecfa7,ACC-1419,ACC-1711,292.58,2026-08-20 05:54:06.161838,False
TXN-30afcefa,ACC-1188,ACC-1075,1605.4,2026-08-20 05:58:06.161838,False
TXN-fb93b9b9,ACC-1393,ACC-1872,1541.41,2026-08-20 06:02:06.161838,False
TXN-619c9123,ACC-1287,ACC-1899,1815.53,2026-08-20 06:06:06.161838,False
TXN-70c6294b,ACC-1859,ACC-1472,4788.47,2026-08-20 06:10:06.161838,False
TXN-1b0ce5cd,ACC-1836,ACC-1109,4464.69,2026-08-20 06:14:06.161838,False
TXN-8781aaae,ACC-1983,ACC-1427,126.54,2026-08-20 06:18:06.161838,False
TXN-97c902a5,ACC-1794,ACC-1326,4546.91,2026-08-20 06:22:06.161838,False
TXN-dfdfaade,ACC-1280,ACC-1278,1637.18,2026-08-20 06:26:06.161838,False
TXN-7a1f9328,ACC-1579,ACC-1071,4185.4,2026-08-20 06:30:06.161838,False
TXN-ccd2c50a,ACC-1728,ACC-1530,4509.74,2026-08-20 06:34:06.161838,False
TXN-260da747,ACC-1219,ACC-1288,3358.28,2026-08-20 06:38:06.161838,False
TXN-3a68da27,ACC-1863,ACC-1269,4226.45,2026-08-20 06:42:06.161838,False
TXN-c584693e,ACC-1448,ACC-1928,64617.81,2026-08-20 06:46:06.161838,True
TXN-280d3184,ACC-1738,ACC-1776,2244.64,2026-08-20 06:50:06.161838,False
TXN-46d79940,ACC-1095,ACC-1140,2171.87,2026-08-20 06:54:06.161838,False
TXN-be6d76e2,ACC-1824,ACC-1130,1473.29,2026-08-20 06:58:06.161838,False
TXN-c778ba24,ACC-1190,ACC-1939,4511.64,2026-08-20 07:02:06.161838,False
TXN-b3697c0c,ACC-1079,ACC-1053,1869.68,2026-08-20 07:06:06.161838,False
TXN-bf2df4ce,ACC-1689,ACC-1071,1154.2,2026-08-20 07:10:06.161838,False
TXN-a68b2584,ACC-1505,ACC-1932,497.46,2026-08-20 07:14:06.161838,False
TXN-1e7a324d,ACC-1693,ACC-1146,801.49,2026-08-20 07:18:06.161838,False
TXN-16cb68ba,ACC-1697,ACC-1565,2759.86,2026-08-20 07:22:06.161838,False
TXN-649c8054,ACC-1544,ACC-1726,2329.93,2026-08-20 07:26:06.161838,False
TXN-9110d390,ACC-1143,ACC-1876,2660.08,2026-08-20 07:30:06.161838,False
TXN-e2c2bbaa,ACC-1555,ACC-1728,1822.38,2026-08-20 07:34:06.161838,False
TXN-18e7aa33,ACC-1833,ACC-1687,1656.69,2026-08-20 07:38:06.161838,False
TXN-268412d0,ACC-1364,ACC-1636,4909.23,2026-08-20 07:42:06.161838,False
TXN-015dcd44,ACC-1251,ACC-1764,4890.85,2026-08-20 07:46:06.161838,False
TXN-d0148f47,ACC-1672,ACC-1950,789.96,2026-08-20 07:50:06.161838,False
TXN-caccd8ae,ACC-1189,ACC-1479,4686.75,2026-08-20 07:54:06.161838,False
TXN-c986c721,ACC-1982,ACC-1676,2794.23,2026-08-20 07:58:06.161838,False
TXN-edbade3f,ACC-1518,ACC-1664,558.69,2026-08-20 08:02:06.161838,False
TXN-7153278c,ACC-1910,ACC-1714,2028.45,2026-08-20 08:06:06.161838,False
TXN-f810478a,ACC-1756,ACC-1210,653.68,2026-08-20 08:10:06.161838,False
TXN-b05ab7ea,ACC-1034,ACC-1373,4769.08,2026-08-20 08:14:06.161838,False
TXN-ed38e013,ACC-1080,ACC-1089,167.54,2026-08-20 08:18:06.161838,False
TXN-18e2e51f,ACC-1969,ACC-1820,4218.35,2026-08-20 08:22:06.161838,False
TXN-c8fc37e0,ACC-1044,ACC-1605,2716.39,2026-08-20 08:26:06.161838,False
TXN-718ba0b4,ACC-1716,ACC-1409,1267.81,2026-08-20 08:30:06.161838,False
TXN-56dafc56,ACC-1984,ACC-1486,2928.86,2026-08-20 08:34:06.161838,False
TXN-a5e820cf,ACC-1327,ACC-1811,113821.82,2026-08-20 08:38:06.161838,True
TXN-52e1407e,ACC-1042,ACC-1169,1274.37,2026-08-20 08:42:06.161838,False
TXN-c08ea02c,ACC-1228,ACC-1430,1663.39,2026-08-20 08:46:06.161838,False
TXN-6663a3ea,ACC-1886,ACC-1533,2666.11,2026-08-20 08:50:06.161838,False
TXN-b6f2c9d1,ACC-1582,ACC-1975,4522.94,2026-08-20 08:54:06.161838,False
TXN-1abbf418,ACC-1541,ACC-1868,2826.3,2026-08-20 08:58:06.161838,False
TXN-27d4c72d,ACC-1018,ACC-1075,942.25,2026-08-20 09:02:06.161838,False
TXN-212074b1,ACC-1052,ACC-1230,2846.75,2026-08-20 09:06:06.161838,False
TXN-eeaca8ea,ACC-1804,ACC-1456,2212.34,2026-08-20 09:10:06.161838,False
TXN-f01c2f96,ACC-1443,ACC-1567,887.28,2026-08-20 09:14:06.161838,False
TXN-0e9da78d,ACC-1771,ACC-1919,352.5,2026-08-20 09:18:06.161838,False
TXN-17d0cf5b,ACC-1101,ACC-1537,1587.62,2026-08-20 09:22:06.161838,False
TXN-f0311fcc,ACC-1942,ACC-1474,536.53,2026-08-20 09:26:06.161838,False
TXN-faaa370b,ACC-1781,ACC-1890,4485.26,2026-08-20 09:30:06.161838,False
TXN-199f04b3,ACC-1353,ACC-1954,3768.02,2026-08-20 09:34:06.161838,False
TXN-f14c5de2,ACC-1153,ACC-1629,4996.18,2026-08-20 09:38:06.161838,False
TXN-916d4106,ACC-1767,ACC-1618,1631.37,2026-08-20 09:42:06.161838,False
TXN-9cbf2aa7,ACC-1822,ACC-1306,3333.53,2026-08-20 09:46:06.161838,False
TXN-1e55bb50,ACC-1528,ACC-1232,2592.89,2026-08-20 09:50:06.161838,False
TXN-23a035e3,ACC-1468,ACC-1398,2723.71,2026-08-20 09:54:06.161838,False
TXN-d6b5cb92,ACC-1564,ACC-1707,1784.45,2026-08-20 09:58:06.161838,False
TXN-5105d665,ACC-1550,ACC-1780,3946.03,2026-08-20 10:02:06.161838,False
TXN-cc8b7914,ACC-1203,ACC-1248,3376.27,2026-08-20 10:06:06.161838,False
TXN-94321033,ACC-1586,ACC-1970,4263.95,2026-08-20 10:10:06.161838,False
TXN-8b6c8ab2,ACC-1090,ACC-1717,1290.73,2026-08-20 10:14:06.161838,False
TXN-4ed6ade5,ACC-1150,ACC-1381,4608.56,2026-08-20 10:18:06.161838,False
TXN-89f8c6cd,ACC-1774,ACC-1238,1859.99,2026-08-20 10:22:06.161838,False
TXN-873742d1,ACC-1207,ACC-1049,2951.22,2026-08-20 10:26:06.161838,False
TXN-64882d4c,ACC-1300,ACC-1205,324.41,2026-08-20 10:30:06.161838,False
TXN-0d7c2e03,ACC-1868,ACC-1155,2272.71,2026-08-20 10:34:06.161838,False
TXN-6440e254,ACC-1597,ACC-1291,3638.12,2026-08-20 10:38:06.161838,False
TXN-ace2132b,ACC-1271,ACC-1266,4089.09,2026-08-20 10:42:06.161838,False
TXN-c6d0af39,ACC-1672,ACC-1795,2807.81,2026-08-20 10:46:06.161838,False
TXN-7b702585,ACC-1575,ACC-1510,652.96,2026-08-20 10:50:06.161838,False
TXN-151eafc3,ACC-1358,ACC-1781,4796.72,2026-08-20 10:54:06.161838,False
TXN-fa32cc84,ACC-1895,ACC-1126,2512.09,2026-08-20 10:58:06.161838,False
TXN-d7ed0eb7,ACC-1694,ACC-1148,2225.14,2026-08-20 11:02:06.161838,False
TXN-1ff3d961,ACC-1005,ACC-1950,1780.57,2026-08-20 11:06:06.161838,False
TXN-e2b669ff,ACC-1776,ACC-1335,3863.51,2026-08-20 11:10:06.161838,False
TXN-1449141a,ACC-1331,ACC-1383,58183.19,2026-08-20 11:14:06.161838,True
TXN-b7ce7cc4,ACC-1810,ACC-1653,1531.02,2026-08-20 11:18:06.161838,False
TXN-dbe0beab,ACC-1471,ACC-1795,1652.91,2026-08-20 11:22:06.161838,False
TXN-ed7c5a1f,ACC-1019,ACC-1806,1308.45,2026-08-20 11:26:06.161838,False
TXN-91d1b802,ACC-1373,ACC-1436,274.27,2026-08-20 11:30:06.161838,False
TXN-31deec7d,ACC-1746,ACC-1885,1660.89,2026-08-20 11:34:06.161838,False
TXN-bc7afe54,ACC-1710,ACC-1080,2486.07,2026-08-20 11:38:06.161838,False
TXN-1c149959,ACC-1848,ACC-1519,2657.01,2026-08-20 11:42:06.161838,False
TXN-4d6de0b7,ACC-1239,ACC-1855,2047.11,2026-08-20 11:46:06.161838,False
TXN-86eac1df,ACC-1821,ACC-1430,430.16,2026-08-20 11:50:06.161838,False
TXN-8c3bfaca,ACC-1940,ACC-1869,3086.81,2026-08-20 11:54:06.161838,False
TXN-b6c8b241,ACC-1854,ACC-1983,1749.41,2026-08-20 11:58:06.161838,False
TXN-82ec9449,ACC-1725,ACC-1065,2837.41,2026-08-20 12:02:06.161838,False
TXN-34dd64e4,ACC-1301,ACC-1343,1146.88,2026-08-20 12:06:06.161838,False
TXN-dd820352,ACC-1495,ACC-1523,1724.9,2026-08-20 12:10:06.161838,False
TXN-311dc296,ACC-1230,ACC-1229,2671.63,2026-08-20 12:14:06.161838,False
TXN-45d83fa2,ACC-1328,ACC-1641,602.94,2026-08-20 12:18:06.161838,False
TXN-f458ca29,ACC-1432,ACC-1681,322.07,2026-08-20 12:22:06.161838,False
TXN-c5ba1fb5,ACC-1932,ACC-1555,4264.28,2026-08-20 12:26:06.161838,False
TXN-213908b2,ACC-1778,ACC-1730,484.82,2026-08-20 12:30:06.161838,False
TXN-83e039d2,ACC-1330,ACC-1372,727.31,2026-08-20 12:34:06.161838,False
TXN-e958211f,ACC-1040,ACC-1320,2120.96,2026-08-20 12:38:06.161838,False
TXN-27652560,ACC-1422,ACC-1535,2883.34,2026-08-20 12:42:06.161838,False
TXN-e95618fc,ACC-1641,ACC-1090,2707.25,2026-08-20 12:46:06.161838,False
TXN-670c15cf,ACC-1122,ACC-1352,3551.06,2026-08-20 12:50:06.161838,False
TXN-64b66c37,ACC-1793,ACC-1170,3744.74,2026-08-20 12:54:06.161838,False
TXN-31a0bfb4,ACC-1786,ACC-1220,2036.28,2026-08-20 12:58:06.161838,False
TXN-a9848503,ACC-1628,ACC-1312,1801.98,2026-08-20 13:02:06.161838,False
TXN-f3fc243e,ACC-1771,ACC-1803,908.22,2026-08-20 13:06:06.161838,False
TXN-61444d85,ACC-1084,ACC-1664,3664.58,2026-08-20 13:10:06.161838,False
TXN-3064daf8,ACC-1468,ACC-1015,3209.24,2026-08-20 13:14:06.161838,False
TXN-a6bcc1cc,ACC-1541,ACC-1414,1733.43,2026-08-20 13:18:06.161838,False
TXN-e709e745,ACC-1348,ACC-1378,159253.64,2026-08-20 13:22:06.161838,True
TXN-e698e574,ACC-1348,ACC-1814,4785.49,2026-08-20 13:26:06.161838,False
TXN-bce14eaa,ACC-1117,ACC-1343,128.36,2026-08-20 13:30:06.161838,False
TXN-10a5820d,ACC-1864,ACC-1518,1785.71,2026-08-20 13:34:06.161838,False
TXN-3bad0aef,ACC-1783,ACC-1815,1995.54,2026-08-20 13:38:06.161838,False
TXN-55bfb97f,ACC-1452,ACC-1985,1949.53,2026-08-20 13:42:06.161838,False
TXN-d9a325fe,ACC-1729,ACC-1558,3777.54,2026-08-20 13:46:06.161838,False
TXN-99aec54c,ACC-1185,ACC-1191,3397.84,2026-08-20 13:50:06.161838,False
TXN-bd49a723,ACC-1529,ACC-1739,2358.59,2026-08-20 13:54:06.161838,False
TXN-806c8967,ACC-1709,ACC-1523,111025.06,2026-08-20 13:58:06.161838,True
TXN-d80dd8ed,ACC-1864,ACC-1259,3848.19,2026-08-20 14:02:06.161838,False
TXN-74177805,ACC-1531,ACC-1733,398.38,2026-08-20 14:06:06.161838,False
TXN-7a7b2364,ACC-1625,ACC-1174,221.55,2026-08-20 14:10:06.161838,False
TXN-df8a046d,ACC-1377,ACC-1189,3297.97,2026-08-20 14:14:06.161838,False
TXN-6ce8f8aa,ACC-1643,ACC-1189,2617.57,2026-08-20 14:18:06.161838,False
TXN-72c9fff1,ACC-1619,ACC-1202,4950.01,2026-08-20 14:22:06.161838,False
TXN-0f6f0083,ACC-1073,ACC-1735,768.48,2026-08-20 14:26:06.161838,False
TXN-c13ff9a4,ACC-1384,ACC-1457,2873.89,2026-08-20 14:30:06.161838,False
TXN-8e284ad0,ACC-1215,ACC-1078,189607.31,2026-08-20 14:34:06.161838,True
TXN-21622230,ACC-1716,ACC-1861,4799.37,2026-08-20 14:38:06.161838,False
TXN-7d57b2cf,ACC-1719,ACC-1475,3311.69,2026-08-20 14:42:06.161838,False
TXN-60145779,ACC-1507,ACC-1397,579.1,2026-08-20 14:46:06.161838,False
TXN-9fce2634,ACC-1955,ACC-1732,3031.59,2026-08-20 14:50:06.161838,False
TXN-1f7d786f,ACC-1975,ACC-1795,1133.58,2026-08-20 14:54:06.161838,False
TXN-f6968358,ACC-1957,ACC-1878,2575.94,2026-08-20 14:58:06.161838,False
TXN-4f9a1ff7,ACC-1589,ACC-1056,4573.19,2026-08-20 15:02:06.161838,False
TXN-b77a61f1,ACC-1538,ACC-1181,483.19,2026-08-20 15:06:06.161838,False
TXN-3ac73c31,ACC-1242,ACC-1074,4802.87,2026-08-20 15:10:06.161838,False
TXN-af669ab9,ACC-1457,ACC-1613,3777.5,2026-08-20 15:14:06.161838,False
TXN-9ffafc71,ACC-1134,ACC-1941,306.6,2026-08-20 15:18:06.161838,False
TXN-cf7bcaed,ACC-1852,ACC-1658,372.62,2026-08-20 15:22:06.161838,False
TXN-66efeefc,ACC-1750,ACC-1477,1616.45,2026-08-20 15:26:06.161838,False
TXN-2cc3fe42,ACC-1267,ACC-1230,623.34,2026-08-20 15:30:06.161838,False
TXN-c64b88e3,ACC-1017,ACC-1697,3035.66,2026-08-20 15:34:06.161838,False
TXN-7c1d9d08,ACC-1943,ACC-1770,61635.66,2026-08-20 15:38:06.161838,True
TXN-90cc3939,ACC-1936,ACC-1918,164.07,2026-08-20 15:42:06.161838,False
TXN-39e41a33,ACC-1312,ACC-1623,1894.45,2026-08-20 15:46:06.161838,False
TXN-916299b7,ACC-1391,ACC-1603,4527.95,2026-08-20 15:50:06.161838,False
TXN-2a323edc,ACC-1854,ACC-1318,3791.36,2026-08-20 15:54:06.161838,False
TXN-823e8b21,ACC-1449,ACC-1766,1665.18,2026-08-20 15:58:06.161838,False
TXN-104e4a85,ACC-1538,ACC-1051,2647.06,2026-08-20 16:02:06.161838,False
TXN-85799a57,ACC-1080,ACC-1004,1671.32,2026-08-20 16:06:06.161838,False
TXN-49a5a1e3,ACC-1877,ACC-1758,1711.89,2026-08-20 16:10:06.161838,False
TXN-3e882b5e,ACC-1819,ACC-1619,4256.82,2026-08-20 16:14:06.161838,False
TXN-432409dc,ACC-1735,ACC-1515,2506.47,2026-08-20 16:18:06.161838,False
TXN-0386ec89,ACC-1389,ACC-1219,3728.55,2026-08-20 16:22:06.161838,False
TXN-5924f62e,ACC-1347,ACC-1298,2763.02,2026-08-20 16:26:06.161838,False
TXN-634f51d0,ACC-1414,ACC-1237,520.88,2026-08-20 16:30:06.161838,False
TXN-91b9cc60,ACC-1330,ACC-1720,713.07,2026-08-20 16:34:06.161838,False
TXN-45fdf2c3,ACC-1336,ACC-1322,4038.2,2026-08-20 16:38:06.161838,False
TXN-f78599ae,ACC-1119,ACC-1150,2859.7,2026-08-20 16:42:06.161838,False
TXN-7309e61b,ACC-1630,ACC-1916,800.75,2026-08-20 16:46:06.161838,False
TXN-199951e1,ACC-1390,ACC-1686,2192.66,2026-08-20 16:50:06.161838,False
TXN-1b7dd8c5,ACC-1628,ACC-1878,4863.11,2026-08-20 16:54:06.161838,False
TXN-7cd9e8ce,ACC-1692,ACC-1581,2506.94,2026-08-20 16:58:06.161838,False
TXN-5cfd30a9,ACC-1694,ACC-1917,146486.81,2026-08-20 17:02:06.161838,True
TXN-6d0ff469,ACC-1382,ACC-1547,3351.12,2026-08-20 17:06:06.161838,False
TXN-377e5d3d,ACC-1901,ACC-1745,3098.92,2026-08-20 17:10:06.161838,False
TXN-359250da,ACC-1767,ACC-1033,2816.71,2026-08-20 17:14:06.161838,False
TXN-49d6149f,ACC-1153,ACC-1753,161655.4,2026-08-20 17:18:06.161838,True
TXN-f362fb83,ACC-1770,ACC-1378,3962.66,2026-08-20 17:22:06.161838,False
TXN-92199bba,ACC-1418,ACC-1440,731.29,2026-08-20 17:26:06.161838,False
TXN-0eed0686,ACC-1398,ACC-1760,270.52,2026-08-20 17:30:06.161838,False
TXN-2ab29bd7,ACC-1823,ACC-1056,1476.25,2026-08-20 17:34:06.161838,False
TXN-f9d3b1d5,ACC-1028,ACC-1306,2707.13,2026-08-20 17:38:06.161838,False
TXN-2ada1ca1,ACC-1973,ACC-1955,1225.07,2026-08-20 17:42:06.161838,False
TXN-66cbbacc,ACC-1285,ACC-1913,4623.24,2026-08-20 17:46:06.161838,False
TXN-09cf545b,ACC-1226,ACC-1740,950.71,2026-08-20 17:50:06.161838,False
TXN-8160c5bb,ACC-1957,ACC-1111,1212.43,2026-08-20 17:54:06.161838,False
TXN-282544a5,ACC-1127,ACC-1922,3328.73,2026-08-20 17:58:06.161838,False
TXN-4c7bc33d,ACC-1003,ACC-1362,3933.41,2026-08-20 18:02:06.161838,False
TXN-d93a64b0,ACC-1135,ACC-1241,526.44,2026-08-20 18:06:06.161838,False
TXN-0560edd8,ACC-1787,ACC-1619,2132.25,2026-08-20 18:10:06.161838,False
TXN-a0a287f9,ACC-1193,ACC-1778,4175.59,2026-08-20 18:14:06.161838,False
TXN-fd35a751,ACC-1121,ACC-1041,3091.54,2026-08-20 18:18:06.161838,False
TXN-1640e373,ACC-1112,ACC-1889,2373.07,2026-08-20 18:22:06.161838,False
TXN-0136c14a,ACC-1349,ACC-1702,83279.67,2026-08-20 18:26:06.161838,True
TXN-48fe7387,ACC-1530,ACC-1772,1047.66,2026-08-20 18:30:06.161838,False
TXN-723054f7,ACC-1921,ACC-1860,2849.94,2026-08-20 18:34:06.161838,False
TXN-08d2a29a,ACC-1675,ACC-1863,1911.09,2026-08-20 18:38:06.161838,False
TXN-099e7dbb,ACC-1243,ACC-1273,2037.43,2026-08-20 18:42:06.161838,False
TXN-477ef7e0,ACC-1473,ACC-1421,689.64,2026-08-20 18:46:06.161838,False
TXN-e5884d12,ACC-1089,ACC-1617,2531.91,2026-08-20 18:50:06.161838,False
TXN-bf80f9d7,ACC-1615,ACC-1414,1536.13,2026-08-20 18:54:06.161838,False
TXN-4680509a,ACC-1749,ACC-1758,3053.23,2026-08-20 18:58:06.161838,False
TXN-9f7e4f42,ACC-1648,ACC-1078,713.44,2026-08-20 19:02:06.161838,False
TXN-b6b4f16b,ACC-1705,ACC-1862,1292.77,2026-08-20 19:06:06.161838,False
TXN-39555101,ACC-1287,ACC-1331,3206.94,2026-08-20 19:10:06.161838,False
TXN-35bd0bed,ACC-1919,ACC-1099,4823.91,2026-08-20 19:14:06.161838,False
TXN-6dfd617b,ACC-1262,ACC-1534,1034.62,2026-08-20 19:18:06.161838,False
TXN-28eba04e,ACC-1749,ACC-1824,3216.08,2026-08-20 19:22:06.161838,False
TXN-8c6ed405,ACC-1750,ACC-1653,3850.61,2026-08-20 19:26:06.161838,False
TXN-af55737a,ACC-1183,ACC-1067,4468.15,2026-08-20 19:30:06.161838,False
TXN-34f8cc79,ACC-1609,ACC-1038,1766.34,2026-08-20 19:34:06.161838,False
TXN-1d1bce84,ACC-1184,ACC-1918,1507.71,2026-08-20 19:38:06.161838,False
TXN-d14fdac7,ACC-1564,ACC-1114,4860.52,2026-08-20 19:42:06.161838,False
TXN-f9bce60d,ACC-1577,ACC-1878,4354.5,2026-08-20 19:46:06.161838,False
TXN-0d6ebbf3,ACC-1941,ACC-1852,3213.38,2026-08-20 19:50:06.161838,False
TXN-2fe8a3c4,ACC-1298,ACC-1811,886.13,2026-08-20 19:54:06.161838,False
TXN-16ba8e28,ACC-1916,ACC-1579,2907.1,2026-08-20 19:58:06.161838,False
TXN-89a9579e,ACC-1401,ACC-1432,979.8,2026-08-20 20:02:06.161838,False
TXN-4f2fcc57,ACC-1672,ACC-1205,3874.05,2026-08-20 20:06:06.161838,False
TXN-9f68ed71,ACC-1098,ACC-1307,3287.58,2026-08-20 20:10:06.161838,False
TXN-bdc2442f,ACC-1092,ACC-1112,2407.95,2026-08-20 20:14:06.161838,False
TXN-10ab0624,ACC-1986,ACC-1093,1867.83,2026-08-20 20:18:06.161838,False
TXN-d14f15f1,ACC-1856,ACC-1156,743.17,2026-08-20 20:22:06.161838,False
TXN-2a0ea03e,ACC-1700,ACC-1204,1062.88,2026-08-20 20:26:06.161838,False
TXN-70734350,ACC-1741,ACC-1625,1283.71,2026-08-20 20:30:06.161838,False
TXN-822a8439,ACC-1872,ACC-1689,136.79,2026-08-20 20:34:06.161838,False
TXN-a44e8436,ACC-1440,ACC-1752,285.04,2026-08-20 20:38:06.161838,False
TXN-de747af6,ACC-1182,ACC-1015,1865.48,2026-08-20 20:42:06.161838,False
TXN-c96e6a2e,ACC-1955,ACC-1158,4682.52,2026-08-20 20:46:06.161838,False
TXN-a9eac5b7,ACC-1528,ACC-1534,4609.15,2026-08-20 20:50:06.161838,False
TXN-e4fd4eb2,ACC-1626,ACC-1056,3673.49,2026-08-20 20:54:06.161838,False
TXN-9a8bee6b,ACC-1359,ACC-1497,2024.11,2026-08-20 20:58:06.161838,False
TXN-810d75b3,ACC-1527,ACC-1637,4975.98,2026-08-20 21:02:06.161838,False
TXN-39979941,ACC-1474,ACC-1935,2710.88,2026-08-20 21:06:06.161838,False
TXN-1bb19f6d,ACC-1170,ACC-1805,765.23,2026-08-20 21:10:06.161838,False
TXN-591afefa,ACC-1990,ACC-1079,3056.31,2026-08-20 21:14:06.161838,False
TXN-aab6ed8a,ACC-1945,ACC-1719,3517.49,2026-08-20 21:18:06.161838,False
TXN-8bb2ec0e,ACC-1467,ACC-1835,3310.47,2026-08-20 21:22:06.161838,False
TXN-7257f8d6,ACC-1517,ACC-1232,317.8,2026-08-20 21:26:06.161838,False
TXN-384897f5,ACC-1700,ACC-1061,181154.86,2026-08-20 21:30:06.161838,True
TXN-76ebd076,ACC-1788,ACC-1800,136271.59,2026-08-20 21:34:06.161838,True
TXN-3d880b84,ACC-1949,ACC-1602,4825.03,2026-08-20 21:38:06.161838,False
TXN-f0ffc17e,ACC-1801,ACC-1605,4023.19,2026-08-20 21:42:06.161838,False
TXN-9dbc190a,ACC-1687,ACC-1819,4504.23,2026-08-20 21:46:06.161838,False
TXN-2e1fe013,ACC-1258,ACC-1749,154.56,2026-08-20 21:50:06.161838,False
TXN-fe8fe522,ACC-1243,ACC-1179,2117.88,2026-08-20 21:54:06.161838,False
TXN-51a954a0,ACC-1607,ACC-1896,4731.19,2026-08-20 21:58:06.161838,False
TXN-5a142c8d,ACC-1395,ACC-1092,2487.12,2026-08-20 22:02:06.161838,False
TXN-2ccde7d1,ACC-1187,ACC-1992,2331.44,2026-08-20 22:06:06.161838,False
TXN-46c03205,ACC-1642,ACC-1769,1408.06,2026-08-20 22:10:06.161838,False
TXN-48656e20,ACC-1721,ACC-1844,2508.03,2026-08-20 22:14:06.161838,False
TXN-0a827475,ACC-1458,ACC-1005,606.02,2026-08-20 22:18:06.161838,False
TXN-7c2f583e,ACC-1326,ACC-1266,1392.84,2026-08-20 22:22:06.161838,False
TXN-59ee87e2,ACC-1666,ACC-1592,404.87,2026-08-20 22:26:06.161838,False
TXN-2324a302,ACC-1491,ACC-1351,2732.78,2026-08-20 22:30:06.161838,False
TXN-1f137e84,ACC-1609,ACC-1175,3310.55,2026-08-20 22:34:06.161838,False
TXN-745f2d8a,ACC-1231,ACC-1810,118628.74,2026-08-20 22:38:06.161838,True
TXN-7a3a2480,ACC-1172,ACC-1158,1087.53,2026-08-20 22:42:06.161838,False
TXN-709fc80c,ACC-1245,ACC-1514,834.98,2026-08-20 22:46:06.161838,False
TXN-468a2f49,ACC-1944,ACC-1748,173987.29,2026-08-20 22:50:06.161838,True
TXN-3f4fe036,ACC-1732,ACC-1660,2461.9,2026-08-20 22:54:06.161838,False
TXN-8f2b1aae,ACC-1469,ACC-1781,1166.83,2026-08-20 22:58:06.161838,False
TXN-b585c2ca,ACC-1599,ACC-1234,4347.16,2026-08-20 23:02:06.161838,False
TXN-7343b417,ACC-1838,ACC-1830,4957.56,2026-08-20 23:06:06.161838,False
TXN-14470b7d,ACC-1212,ACC-1539,639.08,2026-08-20 23:10:06.161838,False
TXN-0c45a367,ACC-1521,ACC-1068,4645.42,2026-08-20 23:14:06.161838,False
TXN-7cb8fe99,ACC-1453,ACC-1769,2131.45,2026-08-20 23:18:06.161838,False
TXN-21bf8e6c,ACC-1839,ACC-1433,4763.62,2026-08-20 23:22:06.161838,False
TXN-b644310d,ACC-1864,ACC-1041,4773.73,2026-08-20 23:26:06.161838,False
TXN-8f6d9de6,ACC-1768,ACC-1073,871.7,2026-08-20 23:30:06.161838,False
TXN-08fac0c9,ACC-1146,ACC-1143,1268.56,2026-08-20 23:34:06.161838,False
TXN-74baf1c1,ACC-1119,ACC-1791,4475.21,2026-08-20 23:38:06.161838,False
TXN-ff48ed22,ACC-1685,ACC-1108,3082.35,2026-08-20 23:42:06.161838,False
TXN-61d632a4,ACC-1989,ACC-1757,1532.86,2026-08-20 23:46:06.161838,False
TXN-69436741,ACC-1067,ACC-1159,411.32,2026-08-20 23:50:06.161838,False
TXN-1b133a65,ACC-1695,ACC-1648,889.71,2026-08-20 23:54:06.161838,False
TXN-c4815007,ACC-1544,ACC-1160,1324.21,2026-08-20 23:58:06.161838,False
TXN-089d0842,ACC-1663,ACC-1144,327.86,2026-08-21 00:02:06.161838,False
TXN-545fec23,ACC-1141,ACC-1619,381.07,2026-08-21 00:06:06.161838,False
TXN-208219fb,ACC-1651,ACC-1604,4586.97,2026-08-21 00:10:06.161838,False
TXN-3665145b,ACC-1488,ACC-1962,924.98,2026-08-21 00:14:06.161838,False
TXN-38d5e3e7,ACC-1977,ACC-1939,1538.68,2026-08-21 00:18:06.161838,False
TXN-c2a2e968,ACC-1927,ACC-1074,2893.25,2026-08-21 00:22:06.161838,False
TXN-fef434b8,ACC-1150,ACC-1964,4926.52,2026-08-21 00:26:06.161838,False
TXN-c786cca1,ACC-1514,ACC-1561,3917.24,2026-08-21 00:30:06.161838,False
TXN-0d7c2476,ACC-1527,ACC-1698,3796.93,2026-08-21 00:34:06.161838,False
TXN-da765ed3,ACC-1989,ACC-1334,3638.8,2026-08-21 00:38:06.161838,False
TXN-7a52faa7,ACC-1564,ACC-1794,1137.62,2026-08-21 00:42:06.161838,False
TXN-465af6c9,ACC-1413,ACC-1010,2019.74,2026-08-21 00:46:06.161838,False
TXN-7d3d9850,ACC-1558,ACC-1506,3175.09,2026-08-21 00:50:06.161838,False
TXN-53fa7413,ACC-1224,ACC-1121,3179.76,2026-08-21 00:54:06.161838,False
TXN-c4ed804b,ACC-1449,ACC-1938,518.5,2026-08-21 00:58:06.161838,False
TXN-36989c44,ACC-1677,ACC-1976,4704.77,2026-08-21 01:02:06.161838,False
TXN-4ef524d7,ACC-1918,ACC-1276,3354.68,2026-08-21 01:06:06.161838,False
TXN-94dcb658,ACC-1034,ACC-1705,1435.41,2026-08-21 01:10:06.161838,False
TXN-fe4b5bf3,ACC-1881,ACC-1501,417.9,2026-08-21 01:14:06.161838,False
TXN-9e580d1d,ACC-1187,ACC-1419,1871.63,2026-08-21 01:18:06.161838,False
TXN-350cb766,ACC-1687,ACC-1796,847.38,2026-08-21 01:22:06.161838,False
TXN-54c08c63,ACC-1231,ACC-1954,2555.7,2026-08-21 01:26:06.161838,False
TXN-6daee868,ACC-1386,ACC-1787,1967.88,2026-08-21 01:30:06.161838,False
TXN-8dec4f79,ACC-1652,ACC-1016,85946.55,2026-08-21 01:34:06.161838,True
TXN-ffbce360,ACC-1862,ACC-1392,3505.45,2026-08-21 01:38:06.161838,False
TXN-be3e0d02,ACC-1722,ACC-1574,987.11,2026-08-21 01:42:06.161838,False
TXN-df71ac94,ACC-1063,ACC-1042,1795.25,2026-08-21 01:46:06.161838,False
TXN-378c4929,ACC-1602,ACC-1571,1395.12,2026-08-21 01:50:06.161838,False
TXN-6a516f9b,ACC-1064,ACC-1627,3938.27,2026-08-21 01:54:06.161838,False
TXN-f810e4d5,ACC-1549,ACC-1395,131.64,2026-08-21 01:58:06.161838,False
TXN-90b98500,ACC-1564,ACC-1214,3220.2,2026-08-21 02:02:06.161838,False
TXN-7934bf2e,ACC-1064,ACC-1590,428.2,2026-08-21 02:06:06.161838,False
TXN-14bae483,ACC-1201,ACC-1069,525.09,2026-08-21 02:10:06.161838,False
TXN-654748b1,ACC-1785,ACC-1066,81896.52,2026-08-21 02:14:06.161838,True
TXN-3cb4301a,ACC-1964,ACC-1989,4237.65,2026-08-21 02:18:06.161838,False
TXN-12c135d4,ACC-1928,ACC-1718,4508.52,2026-08-21 02:22:06.161838,False
TXN-3eb7e59f,ACC-1047,ACC-1977,91968.06,2026-08-21 02:26:06.161838,True
TXN-0f30f3ec,ACC-1413,ACC-1684,80089.38,2026-08-21 02:30:06.161838,True
TXN-d7276063,ACC-1934,ACC-1100,3189.91,2026-08-21 02:34:06.161838,False
TXN-9d363fd0,ACC-1722,ACC-1092,4271.55,2026-08-21 02:38:06.161838,False
TXN-7206b2a1,ACC-1559,ACC-1040,1074.41,2026-08-21 02:42:06.161838,False
TXN-650a82f4,ACC-1549,ACC-1803,2909.06,2026-08-21 02:46:06.161838,False
TXN-804fb73e,ACC-1321,ACC-1011,397.17,2026-08-21 02:50:06.161838,False
TXN-b41b21bc,ACC-1955,ACC-1590,749.46,2026-08-21 02:54:06.161838,False
TXN-51e25cf5,ACC-1596,ACC-1668,4649.98,2026-08-21 02:58:06.161838,False
TXN-67982ac8,ACC-1450,ACC-1291,2042.61,2026-08-21 03:02:06.161838,False
TXN-94bce0ed,ACC-1381,ACC-1112,199.46,2026-08-21 03:06:06.161838,False
TXN-613e179b,ACC-1022,ACC-1034,3489.9,2026-08-21 03:10:06.161838,False
TXN-346672f3,ACC-1945,ACC-1818,3033.19,2026-08-21 03:14:06.161838,False
TXN-819491eb,ACC-1801,ACC-1250,3288.98,2026-08-21 03:18:06.161838,False
TXN-bef9b1b0,ACC-1040,ACC-1367,3960.46,2026-08-21 03:22:06.161838,False
TXN-11c214fd,ACC-1825,ACC-1212,2227.19,2026-08-21 03:26:06.161838,False
TXN-d3961c69,ACC-1806,ACC-1967,928.74,2026-08-21 03:30:06.161838,False
TXN-cba7d4f0,ACC-1403,ACC-1475,4226.75,2026-08-21 03:34:06.161838,False
TXN-512b3a3a,ACC-1329,ACC-1444,1830.42,2026-08-21 03:38:06.161838,False
TXN-91920f45,ACC-1403,ACC-1205,69433.59,2026-08-21 03:42:06.161838,True
TXN-acd97c87,ACC-1956,ACC-1639,3585.48,2026-08-21 03:46:06.161838,False
TXN-721c408c,ACC-1233,ACC-1968,4778.81,2026-08-21 03:50:06.161838,False
TXN-2fee25ac,ACC-1483,ACC-1605,3081.43,2026-08-21 03:54:06.161838,False
TXN-dfc0a5d8,ACC-1150,ACC-1535,3042.8,2026-08-21 03:58:06.161838,False
TXN-a923f61d,ACC-1044,ACC-1822,3781.63,2026-08-21 04:02:06.161838,False
TXN-70d18681,ACC-1704,ACC-1997,4849.83,2026-08-21 04:06:06.161838,False
TXN-c78503c3,ACC-1893,ACC-1700,3236.73,2026-08-21 04:10:06.161838,False
TXN-3f23ead4,ACC-1049,ACC-1134,3541.37,2026-08-21 04:14:06.161838,False
TXN-8a92d8a2,ACC-1002,ACC-1276,1419.81,2026-08-21 04:18:06.161838,False
TXN-e178757b,ACC-1604,ACC-1687,3685.55,2026-08-21 04:22:06.161838,False
TXN-474d05bb,ACC-1500,ACC-1401,3594.6,2026-08-21 04:26:06.161838,False
TXN-8b8aea46,ACC-1509,ACC-1288,1458.85,2026-08-21 04:30:06.161838,False
TXN-a2ea14ef,ACC-1391,ACC-1357,497.12,2026-08-21 04:34:06.161838,False
TXN-b93fa0a1,ACC-1147,ACC-1130,1098.72,2026-08-21 04:38:06.161838,False
TXN-df8463f1,ACC-1926,ACC-1090,1813.33,2026-08-21 04:42:06.161838,False
TXN-b5a04aa5,ACC-1539,ACC-1829,4539.85,2026-08-21 04:46:06.161838,False
TXN-31942f32,ACC-1385,ACC-1968,1590.61,2026-08-21 04:50:06.161838,False
TXN-91e3252b,ACC-1652,ACC-1655,199341.19,2026-08-21 04:54:06.161838,True
TXN-141782f4,ACC-1328,ACC-1488,2072.11,2026-08-21 04:58:06.161838,False
TXN-615a465e,ACC-1844,ACC-1300,3098.18,2026-08-21 05:02:06.161838,False
TXN-3ab5d29e,ACC-1790,ACC-1569,3312.15,2026-08-21 05:06:06.161838,False
TXN-cbbaf3a4,ACC-1912,ACC-1468,3890.25,2026-08-21 05:10:06.161838,False
TXN-af954b75,ACC-1001,ACC-1613,3439.66,2026-08-21 05:14:06.161838,False
TXN-fb9fcd6f,ACC-1959,ACC-1285,1169.68,2026-08-21 05:18:06.161838,False
TXN-4cb37601,ACC-1756,ACC-1522,4849.57,2026-08-21 05:22:06.161838,False
TXN-437c291a,ACC-1442,ACC-1342,4022.9,2026-08-21 05:26:06.161838,False
TXN-203e710e,ACC-1843,ACC-1601,1229.48,2026-08-21 05:30:06.161838,False
TXN-9fdab002,ACC-1842,ACC-1646,574.44,2026-08-21 05:34:06.161838,False
TXN-c33457d4,ACC-1799,ACC-1994,4371.0,2026-08-21 05:38:06.161838,False
TXN-d310a07c,ACC-1623,ACC-1654,993.51,2026-08-21 05:42:06.161838,False
TXN-fa20cba3,ACC-1014,ACC-1821,4684.55,2026-08-21 05:46:06.161838,False
TXN-43b24a27,ACC-1306,ACC-1174,4424.66,2026-08-21 05:50:06.161838,False
TXN-6dc7ea91,ACC-1158,ACC-1129,726.64,2026-08-21 05:54:06.161838,False
TXN-8c17c15a,ACC-1318,ACC-1683,4756.73,2026-08-21 05:58:06.161838,False
TXN-151d8419,ACC-1028,ACC-1855,1747.05,2026-08-21 06:02:06.161838,False
TXN-28848cd4,ACC-1645,ACC-1368,1253.4,2026-08-21 06:06:06.161838,False
TXN-a0088f37,ACC-1671,ACC-1662,130.05,2026-08-21 06:10:06.161838,False
TXN-1fd70043,ACC-1382,ACC-1506,977.53,2026-08-21 06:14:06.161838,False
TXN-d368093c,ACC-1517,ACC-1861,4235.18,2026-08-21 06:18:06.161838,False
TXN-21f6ebb2,ACC-1166,ACC-1465,2441.65,2026-08-21 06:22:06.161838,False
TXN-b21511b4,ACC-1486,ACC-1180,2131.13,2026-08-21 06:26:06.161838,False
TXN-4815a3b1,ACC-1502,ACC-1790,2106.07,2026-08-21 06:30:06.161838,False
TXN-003c96ff,ACC-1237,ACC-1582,1072.25,2026-08-21 06:34:06.161838,False
TXN-b15ccdfe,ACC-1371,ACC-1801,4092.73,2026-08-21 06:38:06.161838,False
TXN-87c4e608,ACC-1579,ACC-1876,3556.57,2026-08-21 06:42:06.161838,False
TXN-a3897fb1,ACC-1111,ACC-1128,4080.44,2026-08-21 06:46:06.161838,False
TXN-a5f47b7b,ACC-1552,ACC-1432,825.47,2026-08-21 06:50:06.161838,False
TXN-dc2d9f85,ACC-1877,ACC-1081,3285.9,2026-08-21 06:54:06.161838,False
TXN-998ad54a,ACC-1534,ACC-1985,1768.99,2026-08-21 06:58:06.161838,False
TXN-bcf7226a,ACC-1315,ACC-1097,1294.39,2026-08-21 07:02:06.161838,False
TXN-8c2a9dda,ACC-1199,ACC-1244,2495.16,2026-08-21 07:06:06.161838,False
TXN-d8a87da9,ACC-1060,ACC-1747,132.19,2026-08-21 07:10:06.161838,False
TXN-b8df4e04,ACC-1483,ACC-1846,3443.46,2026-08-21 07:14:06.161838,False
TXN-250be4f9,ACC-1169,ACC-1966,4502.06,2026-08-21 07:18:06.161838,False
TXN-86496594,ACC-1399,ACC-1322,4616.95,2026-08-21 07:22:06.161838,False
TXN-c81f1266,ACC-1990,ACC-1940,3956.96,2026-08-21 07:26:06.161838,False
TXN-01a32fae,ACC-1696,ACC-1783,543.16,2026-08-21 07:30:06.161838,False
TXN-7a9374a9,ACC-1416,ACC-1642,2843.39,2026-08-21 07:34:06.161838,False
TXN-8e2a0925,ACC-1983,ACC-1295,3269.18,2026-08-21 07:38:06.161838,False
TXN-a2d4bc78,ACC-1878,ACC-1980,3515.75,2026-08-21 07:42:06.161838,False
TXN-44cf7945,ACC-1318,ACC-1560,3184.07,2026-08-21 07:46:06.161838,False
TXN-8c5d39bc,ACC-1909,ACC-1805,2689.38,2026-08-21 07:50:06.161838,False
TXN-1003bedd,ACC-1961,ACC-1478,969.17,2026-08-21 07:54:06.161838,False
TXN-fde8170e,ACC-1168,ACC-1034,4785.33,2026-08-21 07:58:06.161838,False
TXN-9eb1ba12,ACC-1344,ACC-1218,1208.11,2026-08-21 08:02:06.161838,False
TXN-3ce6018b,ACC-1669,ACC-1941,1694.03,2026-08-21 08:06:06.161838,False
TXN-d3ae0e72,ACC-1819,ACC-1919,3262.92,2026-08-21 08:10:06.161838,False
TXN-764edb46,ACC-1016,ACC-1541,332.06,2026-08-21 08:14:06.161838,False
TXN-3f252c96,ACC-1692,ACC-1001,1144.85,2026-08-21 08:18:06.161838,False
TXN-3ab03d3f,ACC-1202,ACC-1345,3096.46,2026-08-21 08:22:06.161838,False
TXN-f4907a9a,ACC-1763,ACC-1661,4593.11,2026-08-21 08:26:06.161838,False
TXN-4f9ce98b,ACC-1975,ACC-1950,4151.78,2026-08-21 08:30:06.161838,False
TXN-fb1364be,ACC-1384,ACC-1069,1172.65,2026-08-21 08:34:06.161838,False
TXN-d55c4861,ACC-1694,ACC-1834,694.28,2026-08-21 08:38:06.161838,False
TXN-e4b4ab30,ACC-1731,ACC-1631,3707.14,2026-08-21 08:42:06.161838,False
TXN-2ca3f0f8,ACC-1412,ACC-1614,2839.84,2026-08-21 08:46:06.161838,False
TXN-0bbe31f0,ACC-1910,ACC-1460,3877.21,2026-08-21 08:50:06.161838,False
TXN-6bb5764d,ACC-1516,ACC-1370,1686.22,2026-08-21 08:54:06.161838,False
TXN-9fd87dde,ACC-1723,ACC-1211,143.55,2026-08-21 08:58:06.161838,False
TXN-a941eed9,ACC-1230,ACC-1680,4762.66,2026-08-21 09:02:06.161838,False
TXN-da582e1e,ACC-1979,ACC-1122,4394.6,2026-08-21 09:06:06.161838,False
TXN-01cec7d9,ACC-1767,ACC-1883,4839.14,2026-08-21 09:10:06.161838,False
TXN-f8687fa6,ACC-1763,ACC-1267,2402.92,2026-08-21 09:14:06.161838,False
TXN-d1451a63,ACC-1009,ACC-1379,265.73,2026-08-21 09:18:06.161838,False
TXN-ac44a061,ACC-1097,ACC-1118,988.09,2026-08-21 09:22:06.161838,False
TXN-36b687e3,ACC-1761,ACC-1932,4820.04,2026-08-21 09:26:06.161838,False
TXN-ea79d859,ACC-1223,ACC-1471,1437.16,2026-08-21 09:30:06.161838,False
TXN-be4bc258,ACC-1315,ACC-1426,293.94,2026-08-21 09:34:06.161838,False
TXN-a9ed0d2d,ACC-1705,ACC-1706,55368.34,2026-08-21 09:38:06.161838,True
TXN-140b54b3,ACC-1809,ACC-1914,625.04,2026-08-21 09:42:06.161838,False
TXN-07eb50b8,ACC-1929,ACC-1090,187676.93,2026-08-21 09:46:06.161838,True
TXN-d00bcb46,ACC-1083,ACC-1735,1231.44,2026-08-21 09:50:06.161838,False
TXN-deb25561,ACC-1893,ACC-1991,135762.98,2026-08-21 09:54:06.161838,True
TXN-ff751ad1,ACC-1177,ACC-1262,972.8,2026-08-21 09:58:06.161838,False
TXN-51958993,ACC-1929,ACC-1832,4034.56,2026-08-21 10:02:06.161838,False
TXN-3f4e0629,ACC-1180,ACC-1067,3049.67,2026-08-21 10:06:06.161838,False
TXN-2d410652,ACC-1674,ACC-1691,3449.85,2026-08-21 10:10:06.161838,False
TXN-d8a75ce7,ACC-1994,ACC-1257,2316.08,2026-08-21 10:14:06.161838,False
TXN-9b22820e,ACC-1260,ACC-1512,4716.59,2026-08-21 10:18:06.161838,False
TXN-8a5f671a,ACC-1699,ACC-1298,1742.03,2026-08-21 10:22:06.161838,False
TXN-2efb738c,ACC-1148,ACC-1030,3256.97,2026-08-21 10:26:06.161838,False
TXN-9cf7c499,ACC-1918,ACC-1030,1335.73,2026-08-21 10:30:06.161838,False
TXN-682fd630,ACC-1821,ACC-1417,4064.71,2026-08-21 10:34:06.161838,False
TXN-cb46499d,ACC-1500,ACC-1405,1041.53,2026-08-21 10:38:06.161838,False
TXN-0cb338cb,ACC-1802,ACC-1567,2747.67,2026-08-21 10:42:06.161838,False
TXN-37b1c9ed,ACC-1071,ACC-1405,2279.58,2026-08-21 10:46:06.161838,False
TXN-0d89042d,ACC-1315,ACC-1385,546.21,2026-08-21 10:50:06.161838,False
TXN-d2dcd936,ACC-1697,ACC-1522,1472.99,2026-08-21 10:54:06.161838,False
TXN-d3cd6c0f,ACC-1429,ACC-1719,3479.02,2026-08-21 10:58:06.161838,False
TXN-d051f360,ACC-1328,ACC-1568,2298.5,2026-08-21 11:02:06.161838,False
TXN-5763a6ce,ACC-1032,ACC-1729,2365.29,2026-08-21 11:06:06.161838,False
TXN-901a2311,ACC-1228,ACC-1549,3509.6,2026-08-21 11:10:06.161838,False
TXN-375380dd,ACC-1264,ACC-1672,2506.17,2026-08-21 11:14:06.161838,False
TXN-c947804e,ACC-1653,ACC-1285,1441.15,2026-08-21 11:18:06.161838,False
TXN-406d4288,ACC-1536,ACC-1981,2403.67,2026-08-21 11:22:06.161838,False
TXN-279c682c,ACC-1516,ACC-1225,372.46,2026-08-21 11:26:06.161838,False
TXN-2e499378,ACC-1193,ACC-1460,4301.5,2026-08-21 11:30:06.161838,False
TXN-8be1bd72,ACC-1621,ACC-1958,814.8,2026-08-21 11:34:06.161838,False
TXN-553970a0,ACC-1463,ACC-1504,3184.72,2026-08-21 11:38:06.161838,False
TXN-170aee3f,ACC-1488,ACC-1694,2680.22,2026-08-21 11:42:06.161838,False
TXN-75dc0386,ACC-1583,ACC-1805,4350.48,2026-08-21 11:46:06.161838,False
TXN-c72819b2,ACC-1946,ACC-1861,1662.84,2026-08-21 11:50:06.161838,False
TXN-0b267195,ACC-1114,ACC-1513,136.37,2026-08-21 11:54:06.161838,False
TXN-4cd81589,ACC-1614,ACC-1375,2666.12,2026-08-21 11:58:06.161838,False
TXN-ec4fa0c0,ACC-1440,ACC-1657,4012.67,2026-08-21 12:02:06.161838,False
TXN-aca6ca56,ACC-1420,ACC-1190,3239.26,2026-08-21 12:06:06.161838,False
TXN-c47c9c6a,ACC-1786,ACC-1454,3565.75,2026-08-21 12:10:06.161838,False
TXN-f6c1fa07,ACC-1388,ACC-1557,2664.76,2026-08-21 12:14:06.161838,False
TXN-3e4eaa60,ACC-1555,ACC-1944,136.46,2026-08-21 12:18:06.161838,False
TXN-a0fa0e30,ACC-1798,ACC-1784,946.81,2026-08-21 12:22:06.161838,False
TXN-0aeba1b6,ACC-1824,ACC-1816,3573.56,2026-08-21 12:26:06.161838,False
TXN-51b0db0a,ACC-1406,ACC-1336,446.39,2026-08-21 12:30:06.161838,False
TXN-24af4689,ACC-1140,ACC-1925,2154.48,2026-08-21 12:34:06.161838,False
TXN-41fb3289,ACC-1585,ACC-1348,126169.87,2026-08-21 12:38:06.161838,True
TXN-eb95d11c,ACC-1039,ACC-1716,4101.53,2026-08-21 12:42:06.161838,False
TXN-54e917a1,ACC-1545,ACC-1082,840.19,2026-08-21 12:46:06.161838,False
TXN-5e1f35bf,ACC-1572,ACC-1242,241.18,2026-08-21 12:50:06.161838,False
TXN-41c17fa8,ACC-1255,ACC-1050,4399.77,2026-08-21 12:54:06.161838,False
TXN-dd5a14d2,ACC-1896,ACC-1893,2539.01,2026-08-21 12:58:06.161838,False
TXN-0eee68e1,ACC-1507,ACC-1671,2868.0,2026-08-21 13:02:06.161838,False
TXN-a3a4da19,ACC-1173,ACC-1244,4794.7,2026-08-21 13:06:06.161838,False
TXN-4e2e82ee,ACC-1390,ACC-1747,2922.86,2026-08-21 13:10:06.161838,False
TXN-b05c39af,ACC-1100,ACC-1083,3681.36,2026-08-21 13:14:06.161838,False
TXN-fa894485,ACC-1065,ACC-1019,112250.04,2026-08-21 13:18:06.161838,True
TXN-5eff58bc,ACC-1077,ACC-1912,1239.42,2026-08-21 13:22:06.161838,False
TXN-76137a99,ACC-1678,ACC-1158,3365.16,2026-08-21 13:26:06.161838,False
TXN-a79b5f96,ACC-1413,ACC-1091,1486.49,2026-08-21 13:30:06.161838,False
TXN-02a5ddd9,ACC-1922,ACC-1133,2806.81,2026-08-21 13:34:06.161838,False
TXN-7724a777,ACC-1563,ACC-1047,881.46,2026-08-21 13:38:06.161838,False
TXN-461bf472,ACC-1670,ACC-1814,1171.77,2026-08-21 13:42:06.161838,False
TXN-5f1dbd49,ACC-1786,ACC-1132,2605.26,2026-08-21 13:46:06.161838,False
TXN-ff7686be,ACC-1887,ACC-1211,312.5,2026-08-21 13:50:06.161838,False
TXN-b20c2645,ACC-1302,ACC-1660,2731.74,2026-08-21 13:54:06.161838,False
TXN-875c3b93,ACC-1021,ACC-1689,788.91,2026-08-21 13:58:06.161838,False
TXN-7a65211b,ACC-1150,ACC-1932,3986.54,2026-08-21 14:02:06.161838,False
TXN-fc7ccda2,ACC-1396,ACC-1624,1773.06,2026-08-21 14:06:06.161838,False
TXN-6c29e2f2,ACC-1508,ACC-1630,2596.55,2026-08-21 14:10:06.161838,False
TXN-d14fdd22,ACC-1364,ACC-1854,2278.93,2026-08-21 14:14:06.161838,False
TXN-b6aca255,ACC-1747,ACC-1893,112632.52,2026-08-21 14:18:06.161838,True
TXN-84a78f12,ACC-1619,ACC-1682,3306.78,2026-08-21 14:22:06.161838,False
TXN-df0b82f4,ACC-1949,ACC-1037,1701.05,2026-08-21 14:26:06.161838,False
TXN-e5a820ea,ACC-1105,ACC-1262,2143.75,2026-08-21 14:30:06.161838,False
TXN-ab79972c,ACC-1161,ACC-1186,395.26,2026-08-21 14:34:06.161838,False
TXN-8ab87e9e,ACC-1376,ACC-1916,1021.47,2026-08-21 14:38:06.161838,False
TXN-dde1a597,ACC-1806,ACC-1112,161.53,2026-08-21 14:42:06.161838,False
TXN-4337d38b,ACC-1774,ACC-1707,4950.91,2026-08-21 14:46:06.161838,False
TXN-ad44aaf4,ACC-1753,ACC-1657,3687.8,2026-08-21 14:50:06.161838,False
TXN-115681e9,ACC-1955,ACC-1794,4642.46,2026-08-21 14:54:06.161838,False
TXN-d9bbea4e,ACC-1974,ACC-1479,165351.42,2026-08-21 14:58:06.161838,True
TXN-01698aaf,ACC-1655,ACC-1251,123061.46,2026-08-21 15:02:06.161838,True
TXN-5afbd4a3,ACC-1223,ACC-1602,334.04,2026-08-21 15:06:06.161838,False
TXN-2501d3c2,ACC-1365,ACC-1279,173336.65,2026-08-21 15:10:06.161838,True
TXN-25409e29,ACC-1602,ACC-1461,309.98,2026-08-21 15:14:06.161838,False
TXN-13c0380c,ACC-1253,ACC-1696,1619.55,2026-08-21 15:18:06.161838,False
TXN-5328c6a2,ACC-1846,ACC-1020,4474.43,2026-08-21 15:22:06.161838,False
TXN-f205f3b5,ACC-1043,ACC-1200,127061.54,2026-08-21 15:26:06.161838,True
TXN-237897be,ACC-1702,ACC-1807,3495.55,2026-08-21 15:30:06.161838,False
TXN-46f1b6e8,ACC-1141,ACC-1990,2716.64,2026-08-21 15:34:06.161838,False
TXN-f5c3dd0b,ACC-1412,ACC-1669,1439.11,2026-08-21 15:38:06.161838,False
TXN-cb5db53f,ACC-1779,ACC-1446,509.63,2026-08-21 15:42:06.161838,False
TXN-72edac90,ACC-1007,ACC-1420,3334.78,2026-08-21 15:46:06.161838,False
TXN-20a9dbd6,ACC-1017,ACC-1310,2746.29,2026-08-21 15:50:06.161838,False
TXN-295ae0d9,ACC-1211,ACC-1286,4653.95,2026-08-21 15:54:06.161838,False
TXN-7d0acba4,ACC-1643,ACC-1523,3534.14,2026-08-21 15:58:06.161838,False
TXN-a64aa322,ACC-1889,ACC-1373,3982.4,2026-08-21 16:02:06.161838,False
TXN-bf805c1b,ACC-1109,ACC-1201,3901.85,2026-08-21 16:06:06.161838,False
TXN-3989f60e,ACC-1744,ACC-1103,4365.13,2026-08-21 16:10:06.161838,False
TXN-f89d765d,ACC-1299,ACC-1846,1964.26,2026-08-21 16:14:06.161838,False
TXN-faefd988,ACC-1312,ACC-1047,1716.05,2026-08-21 16:18:06.161838,False
TXN-ccbcdd9b,ACC-1022,ACC-1224,2112.29,2026-08-21 16:22:06.161838,False
TXN-786856e9,ACC-1705,ACC-1116,3972.22,2026-08-21 16:26:06.161838,False
TXN-a70cb04d,ACC-1727,ACC-1703,1559.86,2026-08-21 16:30:06.161838,False
TXN-6b87f379,ACC-1809,ACC-1862,81134.34,2026-08-21 16:34:06.161838,True
TXN-9dd5e8e3,ACC-1566,ACC-1224,1410.18,2026-08-21 16:38:06.161838,False
TXN-a4f17738,ACC-1828,ACC-1112,2732.04,2026-08-21 16:42:06.161838,False
TXN-92daa930,ACC-1098,ACC-1451,3217.6,2026-08-21 16:46:06.161838,False
TXN-7a360548,ACC-1149,ACC-1939,2920.99,2026-08-21 16:50:06.161838,False
TXN-7fce5f85,ACC-1540,ACC-1100,1560.65,2026-08-21 16:54:06.161838,False
TXN-e622b965,ACC-1906,ACC-1970,1020.42,2026-08-21 16:58:06.161838,False
TXN-703a8c60,ACC-1828,ACC-1668,1488.39,2026-08-21 17:02:06.161838,False
TXN-f430ae39,ACC-1010,ACC-1889,325.97,2026-08-21 17:06:06.161838,False
TXN-df895b4f,ACC-1608,ACC-1041,3691.2,2026-08-21 17:10:06.161838,False
TXN-6e8eb20e,ACC-1681,ACC-1085,357.78,2026-08-21 17:14:06.161838,False
TXN-6a3c053e,ACC-1109,ACC-1808,4576.59,2026-08-21 17:18:06.161838,False
TXN-76edfb6e,ACC-1129,ACC-1891,1818.25,2026-08-21 17:22:06.161838,False
TXN-c7464e23,ACC-1861,ACC-1790,108784.39,2026-08-21 17:26:06.161838,True
TXN-87262ec0,ACC-1722,ACC-1957,232.43,2026-08-21 17:30:06.161838,False
TXN-ba747e74,ACC-1659,ACC-1819,467.57,2026-08-21 17:34:06.161838,False
TXN-9a184daa,ACC-1147,ACC-1808,4547.66,2026-08-21 17:38:06.161838,False
TXN-222a5ce1,ACC-1533,ACC-1091,1283.16,2026-08-21 17:42:06.161838,False
TXN-a34052e6,ACC-1364,ACC-1338,3211.06,2026-08-21 17:46:06.161838,False
TXN-ecceaeb7,ACC-1995,ACC-1940,2534.3,2026-08-21 17:50:06.161838,False
TXN-93718716,ACC-1830,ACC-1563,2807.33,2026-08-21 17:54:06.161838,False
TXN-ca63076c,ACC-1023,ACC-1061,3205.07,2026-08-21 17:58:06.161838,False
TXN-28cc319e,ACC-1814,ACC-1540,1053.96,2026-08-21 18:02:06.161838,False
TXN-7b9b8b09,ACC-1744,ACC-1115,2985.91,2026-08-21 18:06:06.161838,False
TXN-7ee8ec07,ACC-1682,ACC-1965,185081.75,2026-08-21 18:10:06.161838,True
TXN-11e9a95d,ACC-1310,ACC-1982,1264.59,2026-08-21 18:14:06.161838,False
TXN-f7277c31,ACC-1364,ACC-1939,584.04,2026-08-21 18:18:06.161838,False
TXN-39fd20a9,ACC-1047,ACC-1053,3459.53,2026-08-21 18:22:06.161838,False
TXN-ab5a3b04,ACC-1845,ACC-1296,1535.17,2026-08-21 18:26:06.161838,False
TXN-b737f710,ACC-1865,ACC-1816,2565.39,2026-08-21 18:30:06.161838,False
TXN-ad498e24,ACC-1153,ACC-1400,1003.53,2026-08-21 18:34:06.161838,False
TXN-517219d7,ACC-1723,ACC-1169,1870.38,2026-08-21 18:38:06.161838,False
TXN-411ab5d6,ACC-1012,ACC-1059,4828.03,2026-08-21 18:42:06.161838,False
TXN-5e58f384,ACC-1812,ACC-1006,1071.96,2026-08-21 18:46:06.161838,False
TXN-86b53f4b,ACC-1132,ACC-1109,1751.36,2026-08-21 18:50:06.161838,False
TXN-ee610cf9,ACC-1070,ACC-1278,2639.44,2026-08-21 18:54:06.161838,False
TXN-ac65ace1,ACC-1501,ACC-1120,2536.96,2026-08-21 18:58:06.161838,False
TXN-26c5c3de,ACC-1552,ACC-1248,3217.04,2026-08-21 19:02:06.161838,False
TXN-a2515aaa,ACC-1243,ACC-1121,2231.25,2026-08-21 19:06:06.161838,False
TXN-46de5ae6,ACC-1018,ACC-1959,919.22,2026-08-21 19:10:06.161838,False
TXN-c362d15d,ACC-1565,ACC-1450,4550.93,2026-08-21 19:14:06.161838,False
TXN-809781b0,ACC-1473,ACC-1282,1781.1,2026-08-21 19:18:06.161838,False
TXN-b7eeb489,ACC-1771,ACC-1393,749.57,2026-08-21 19:22:06.161838,False
TXN-74351a7c,ACC-1349,ACC-1725,1582.49,2026-08-21 19:26:06.161838,False
TXN-4b0a7ea4,ACC-1319,ACC-1072,2247.67,2026-08-21 19:30:06.161838,False
TXN-24410366,ACC-1737,ACC-1898,4343.9,2026-08-21 19:34:06.161838,False
TXN-34925aec,ACC-1265,ACC-1206,4066.37,2026-08-21 19:38:06.161838,False
TXN-5a3773da,ACC-1144,ACC-1164,111406.82,2026-08-21 19:42:06.161838,True
TXN-fcff43fb,ACC-1097,ACC-1190,4780.85,2026-08-21 19:46:06.161838,False
TXN-ee3ff784,ACC-1714,ACC-1436,2163.02,2026-08-21 19:50:06.161838,False
TXN-c0312da4,ACC-1852,ACC-1217,3251.52,2026-08-21 19:54:06.161838,False
TXN-fc99470d,ACC-1594,ACC-1298,448.93,2026-08-21 19:58:06.161838,False
TXN-7b38e02d,ACC-1438,ACC-1354,1800.96,2026-08-21 20:02:06.161838,False
TXN-0ab8c0e8,ACC-1025,ACC-1798,2999.61,2026-08-21 20:06:06.161838,False
TXN-5b9b19b8,ACC-1028,ACC-1507,3817.36,2026-08-21 20:10:06.161838,False
TXN-21aefe31,ACC-1365,ACC-1519,785.54,2026-08-21 20:14:06.161838,False
TXN-df852008,ACC-1713,ACC-1134,2397.63,2026-08-21 20:18:06.161838,False
TXN-b435a3b9,ACC-1622,ACC-1124,1183.1,2026-08-21 20:22:06.161838,False
TXN-e8d7397c,ACC-1950,ACC-1776,3212.65,2026-08-21 20:26:06.161838,False
TXN-bbe6c652,ACC-1223,ACC-1934,606.58,2026-08-21 20:30:06.161838,False
TXN-1f5f5391,ACC-1295,ACC-1695,3775.99,2026-08-21 20:34:06.161838,False
TXN-1fc1ef96,ACC-1274,ACC-1022,291.99,2026-08-21 20:38:06.161838,False
TXN-dc01127a,ACC-1994,ACC-1735,2135.07,2026-08-21 20:42:06.161838,False
TXN-b2d80b40,ACC-1834,ACC-1814,4479.6,2026-08-21 20:46:06.161838,False
TXN-1c6c7e31,ACC-1551,ACC-1718,2517.17,2026-08-21 20:50:06.161838,False
TXN-b20199cf,ACC-1267,ACC-1027,3519.28,2026-08-21 20:54:06.161838,False
TXN-e24d095d,ACC-1802,ACC-1123,2348.78,2026-08-21 20:58:06.161838,False
TXN-e442d2f9,ACC-1988,ACC-1404,2411.99,2026-08-21 21:02:06.161838,False
TXN-eec67068,ACC-1400,ACC-1190,4268.14,2026-08-21 21:06:06.161838,False
TXN-9fd87c58,ACC-1222,ACC-1571,3788.78,2026-08-21 21:10:06.161838,False
TXN-5fd5718e,ACC-1541,ACC-1290,4248.78,2026-08-21 21:14:06.161838,False
TXN-00032378,ACC-1285,ACC-1879,135321.78,2026-08-21 21:18:06.161838,True
TXN-9e5b916b,ACC-1338,ACC-1369,3205.33,2026-08-21 21:22:06.161838,False
TXN-5e080bba,ACC-1489,ACC-1244,3971.7,2026-08-21 21:26:06.161838,False
TXN-39fccb03,ACC-1243,ACC-1501,2741.16,2026-08-21 21:30:06.161838,False
TXN-73893fef,ACC-1577,ACC-1992,1863.09,2026-08-21 21:34:06.161838,False
TXN-d0bccbac,ACC-1583,ACC-1904,3205.27,2026-08-21 21:38:06.161838,False
TXN-bc6c881a,ACC-1602,ACC-1539,1671.43,2026-08-21 21:42:06.161838,False
TXN-4ad7aebf,ACC-1593,ACC-1174,3107.89,2026-08-21 21:46:06.161838,False
TXN-cf5577ce,ACC-1523,ACC-1627,3437.16,2026-08-21 21:50:06.161838,False
TXN-038d4fab,ACC-1005,ACC-1009,4500.97,2026-08-21 21:54:06.161838,False
TXN-8aef83b4,ACC-1058,ACC-1515,1395.92,2026-08-21 21:58:06.161838,False
TXN-fcfdd927,ACC-1832,ACC-1497,3051.8,2026-08-21 22:02:06.161838,False
TXN-b3b7bee4,ACC-1591,ACC-1254,2730.65,2026-08-21 22:06:06.161838,False
TXN-b4804a15,ACC-1885,ACC-1698,2887.45,2026-08-21 22:10:06.161838,False
TXN-be4813a7,ACC-1844,ACC-1111,3018.8,2026-08-21 22:14:06.161838,False
TXN-b49822fb,ACC-1583,ACC-1988,2867.68,2026-08-21 22:18:06.161838,False
TXN-6af888cc,ACC-1330,ACC-1323,813.47,2026-08-21 22:22:06.161838,False
TXN-dae392e3,ACC-1698,ACC-1126,188887.69,2026-08-21 22:26:06.161838,True
TXN-511642a7,ACC-1650,ACC-1205,3886.73,2026-08-21 22:30:06.161838,False
TXN-d6b04e02,ACC-1096,ACC-1708,3775.6,2026-08-21 22:34:06.161838,False
TXN-5ea79f45,ACC-1871,ACC-1798,2956.01,2026-08-21 22:38:06.161838,False
TXN-55fc844d,ACC-1845,ACC-1720,4570.9,2026-08-21 22:42:06.161838,False
TXN-d7d72191,ACC-1933,ACC-1378,2729.8,2026-08-21 22:46:06.161838,False
TXN-fa426ba9,ACC-1381,ACC-1474,4976.06,2026-08-21 22:50:06.161838,False
TXN-c32aeb37,ACC-1853,ACC-1534,3015.83,2026-08-21 22:54:06.161838,False
TXN-1dfc7c31,ACC-1191,ACC-1418,970.36,2026-08-21 22:58:06.161838,False
TXN-24b23c50,ACC-1951,ACC-1815,438.05,2026-08-21 23:02:06.161838,False
TXN-4864e7fd,ACC-1236,ACC-1125,931.82,2026-08-21 23:06:06.161838,False
TXN-b6d68c18,ACC-1440,ACC-1346,4378.19,2026-08-21 23:10:06.161838,False
TXN-6a01a0a8,ACC-1361,ACC-1175,174683.98,2026-08-21 23:14:06.161838,True
TXN-944673fb,ACC-1703,ACC-1694,3347.56,2026-08-21 23:18:06.161838,False
TXN-e0fa1629,ACC-1682,ACC-1540,3643.16,2026-08-21 23:22:06.161838,False
TXN-29d30cc5,ACC-1865,ACC-1272,2038.54,2026-08-21 23:26:06.161838,False
TXN-7b8b780b,ACC-1808,ACC-1909,3920.79,2026-08-21 23:30:06.161838,False
TXN-b0a3ec6d,ACC-1548,ACC-1451,179.32,2026-08-21 23:34:06.161838,False
TXN-0e09de3c,ACC-1238,ACC-1055,785.04,2026-08-21 23:38:06.161838,False
TXN-9d4ba1e2,ACC-1500,ACC-1990,2510.98,2026-08-21 23:42:06.161838,False
TXN-f94677d3,ACC-1858,ACC-1261,3522.71,2026-08-21 23:46:06.161838,False
TXN-b56739cd,ACC-1671,ACC-1848,2068.37,2026-08-21 23:50:06.161838,False
TXN-289db558,ACC-1059,ACC-1305,4876.92,2026-08-21 23:54:06.161838,False
TXN-9b3e3f81,ACC-1661,ACC-1142,3042.6,2026-08-21 23:58:06.161838,False
TXN-d85835bd,ACC-1258,ACC-1114,181.45,2026-08-22 00:02:06.161838,False
TXN-2b8d1667,ACC-1890,ACC-1384,2663.25,2026-08-22 00:06:06.161838,False
TXN-1ddfee7b,ACC-1128,ACC-1783,449.75,2026-08-22 00:10:06.161838,False
TXN-e4424ff0,ACC-1423,ACC-1516,3799.02,2026-08-22 00:14:06.161838,False
TXN-f0c9b887,ACC-1951,ACC-1345,3033.58,2026-08-22 00:18:06.161838,False
TXN-3f40c1a1,ACC-1886,ACC-1644,2798.03,2026-08-22 00:22:06.161838,False
TXN-f8c341c1,ACC-1552,ACC-1593,308.87,2026-08-22 00:26:06.161838,False
TXN-cfa3d29a,ACC-1644,ACC-1001,2820.4,2026-08-22 00:30:06.161838,False
TXN-20a1f00d,ACC-1039,ACC-1657,1102.59,2026-08-22 00:34:06.161838,False
TXN-08f05db2,ACC-1898,ACC-1846,888.22,2026-08-22 00:38:06.161838,False
TXN-82216593,ACC-1965,ACC-1389,131781.9,2026-08-22 00:42:06.161838,True
TXN-e9d6af31,ACC-1815,ACC-1355,1731.1,2026-08-22 00:46:06.161838,False
TXN-bdb7a354,ACC-1774,ACC-1352,3314.14,2026-08-22 00:50:06.161838,False
TXN-def2906e,ACC-1348,ACC-1340,3760.08,2026-08-22 00:54:06.161838,False
TXN-09518cd0,ACC-1160,ACC-1006,4369.42,2026-08-22 00:58:06.161838,False
TXN-5bc9d1cd,ACC-1036,ACC-1451,3019.48,2026-08-22 01:02:06.161838,False
TXN-909e8587,ACC-1448,ACC-1916,3149.81,2026-08-22 01:06:06.161838,False
TXN-3009ab74,ACC-1569,ACC-1331,4015.03,2026-08-22 01:10:06.161838,False
TXN-468105c8,ACC-1896,ACC-1844,2169.27,2026-08-22 01:14:06.161838,False
TXN-1032dd78,ACC-1498,ACC-1142,136.11,2026-08-22 01:18:06.161838,False
TXN-68d25513,ACC-1666,ACC-1992,2379.19,2026-08-22 01:22:06.161838,False
TXN-460ee751,ACC-1605,ACC-1832,209.08,2026-08-22 01:26:06.161838,False
TXN-4d6b9ab8,ACC-1772,ACC-1220,823.78,2026-08-22 01:30:06.161838,False
TXN-205fd4d7,ACC-1370,ACC-1392,1659.95,2026-08-22 01:34:06.161838,False
TXN-5f4387c2,ACC-1114,ACC-1237,4848.41,2026-08-22 01:38:06.161838,False
TXN-121acb37,ACC-1429,ACC-1020,2439.43,2026-08-22 01:42:06.161838,False
TXN-90f96970,ACC-1267,ACC-1499,3977.83,2026-08-22 01:46:06.161838,False
TXN-043680fe,ACC-1438,ACC-1807,1992.9,2026-08-22 01:50:06.161838,False
TXN-599112d2,ACC-1300,ACC-1453,3127.78,2026-08-22 01:54:06.161838,False
TXN-451b58e1,ACC-1506,ACC-1788,274.5,2026-08-22 01:58:06.161838,False
TXN-5a7dd348,ACC-1931,ACC-1537,1679.75,2026-08-22 02:02:06.161838,False
TXN-34a8515c,ACC-1039,ACC-1366,938.23,2026-08-22 02:06:06.161838,False
TXN-6903cd3c,ACC-1485,ACC-1359,3116.41,2026-08-22 02:10:06.161838,False
TXN-2ab57041,ACC-1333,ACC-1688,4056.39,2026-08-22 02:14:06.161838,False
TXN-12c3a93f,ACC-1017,ACC-1133,2622.65,2026-08-22 02:18:06.161838,False
TXN-91b37530,ACC-1807,ACC-1654,778.4,2026-08-22 02:22:06.161838,False
TXN-2df2b104,ACC-1978,ACC-1002,2719.26,2026-08-22 02:26:06.161838,False
TXN-0816c632,ACC-1820,ACC-1892,2230.23,2026-08-22 02:30:06.161838,False
TXN-d2006272,ACC-1515,ACC-1541,3901.83,2026-08-22 02:34:06.161838,False
TXN-730e87ac,ACC-1458,ACC-1050,3131.67,2026-08-22 02:38:06.161838,False
TXN-52ed63fd,ACC-1173,ACC-1446,330.72,2026-08-22 02:42:06.161838,False
TXN-f0b747df,ACC-1304,ACC-1627,3304.82,2026-08-22 02:46:06.161838,False
TXN-9ba12265,ACC-1826,ACC-1538,2381.09,2026-08-22 02:50:06.161838,False
TXN-87ff6913,ACC-1474,ACC-1069,2688.89,2026-08-22 02:54:06.161838,False
TXN-078b00b2,ACC-1720,ACC-1044,941.71,2026-08-22 02:58:06.161838,False
TXN-e8740e6a,ACC-1955,ACC-1553,2840.65,2026-08-22 03:02:06.161838,False
TXN-01b7b2e6,ACC-1840,ACC-1642,1784.7,2026-08-22 03:06:06.161838,False
TXN-45098a80,ACC-1003,ACC-1010,954.81,2026-08-22 03:10:06.161838,False
TXN-ec001054,ACC-1802,ACC-1250,1219.59,2026-08-22 03:14:06.161838,False
TXN-f483ba29,ACC-1453,ACC-1001,68649.62,2026-08-22 03:18:06.161838,True
TXN-68271561,ACC-1144,ACC-1353,2931.9,2026-08-22 03:22:06.161838,False
TXN-3916682e,ACC-1377,ACC-1545,225.38,2026-08-22 03:26:06.161838,False
TXN-4f4dde9f,ACC-1501,ACC-1931,4599.6,2026-08-22 03:30:06.161838,False
TXN-2c01eed1,ACC-1995,ACC-1169,4605.31,2026-08-22 03:34:06.161838,False
TXN-e7bdca9e,ACC-1058,ACC-1267,149930.18,2026-08-22 03:38:06.161838,True
TXN-e610631f,ACC-1581,ACC-1046,1288.75,2026-08-22 03:42:06.161838,False
TXN-fed13d99,ACC-1033,ACC-1527,3643.3,2026-08-22 03:46:06.161838,False
TXN-b4ab701b,ACC-1971,ACC-1864,948.05,2026-08-22 03:50:06.161838,False
TXN-c5b5c068,ACC-1943,ACC-1189,4699.61,2026-08-22 03:54:06.161838,False
TXN-b1aca35d,ACC-1044,ACC-1603,449.72,2026-08-22 03:58:06.161838,False
TXN-bd28ff19,ACC-1034,ACC-1809,3147.04,2026-08-22 04:02:06.161838,False
TXN-5898eb01,ACC-1497,ACC-1735,2410.55,2026-08-22 04:06:06.161838,False
TXN-de5c2410,ACC-1904,ACC-1873,576.23,2026-08-22 04:10:06.161838,False
TXN-6b646234,ACC-1203,ACC-1453,1870.56,2026-08-22 04:14:06.161838,False
TXN-034ce2d2,ACC-1538,ACC-1476,4069.19,2026-08-22 04:18:06.161838,False
TXN-46b9dd44,ACC-1551,ACC-1712,2374.49,2026-08-22 04:22:06.161838,False
TXN-5d9e7281,ACC-1163,ACC-1039,2729.88,2026-08-22 04:26:06.161838,False
TXN-30d64824,ACC-1844,ACC-1734,1548.54,2026-08-22 04:30:06.161838,False
TXN-adb05c9e,ACC-1733,ACC-1788,1941.71,2026-08-22 04:34:06.161838,False
TXN-11a7e0b5,ACC-1111,ACC-1623,1755.7,2026-08-22 04:38:06.161838,False
TXN-4a4367d8,ACC-1063,ACC-1056,3245.64,2026-08-22 04:42:06.161838,False
TXN-24f2a550,ACC-1736,ACC-1982,3934.99,2026-08-22 04:46:06.161838,False
TXN-1ad28c24,ACC-1256,ACC-1118,2354.5,2026-08-22 04:50:06.161838,False
TXN-49956f80,ACC-1025,ACC-1193,752.27,2026-08-22 04:54:06.161838,False
TXN-f67d69fc,ACC-1890,ACC-1460,1987.24,2026-08-22 04:58:06.161838,False
TXN-03a0baad,ACC-1707,ACC-1042,2069.3,2026-08-22 05:02:06.161838,False
TXN-32ce65d1,ACC-1083,ACC-1948,179746.28,2026-08-22 05:06:06.161838,True
TXN-67cbfad4,ACC-1530,ACC-1874,3306.15,2026-08-22 05:10:06.161838,False
TXN-06edebf3,ACC-1693,ACC-1852,3833.36,2026-08-22 05:14:06.161838,False
TXN-785cafc3,ACC-1987,ACC-1879,1195.66,2026-08-22 05:18:06.161838,False
TXN-0233219a,ACC-1710,ACC-1448,4833.78,2026-08-22 05:22:06.161838,False
TXN-e8b1f5c3,ACC-1093,ACC-1775,458.33,2026-08-22 05:26:06.161838,False
TXN-39a91b1d,ACC-1903,ACC-1901,2771.52,2026-08-22 05:30:06.161838,False
TXN-5246f38c,ACC-1749,ACC-1361,2945.15,2026-08-22 05:34:06.161838,False
TXN-870e1824,ACC-1554,ACC-1867,1325.72,2026-08-22 05:38:06.161838,False
TXN-b6ba287b,ACC-1707,ACC-1301,1525.15,2026-08-22 05:42:06.161838,False
TXN-3c3c0f91,ACC-1967,ACC-1119,1662.36,2026-08-22 05:46:06.161838,False
TXN-63e299aa,ACC-1490,ACC-1525,172422.86,2026-08-22 05:50:06.161838,True
TXN-7d723281,ACC-1659,ACC-1434,4323.11,2026-08-22 05:54:06.161838,False
TXN-f598de2d,ACC-1320,ACC-1221,4845.68,2026-08-22 05:58:06.161838,False
TXN-98ea7399,ACC-1842,ACC-1007,2313.25,2026-08-22 06:02:06.161838,False
TXN-6bfba737,ACC-1682,ACC-1735,1852.34,2026-08-22 06:06:06.161838,False
TXN-e64c7251,ACC-1778,ACC-1444,3441.92,2026-08-22 06:10:06.161838,False
TXN-3618e747,ACC-1791,ACC-1127,1273.97,2026-08-22 06:14:06.161838,False
TXN-98e766cd,ACC-1256,ACC-1132,1607.56,2026-08-22 06:18:06.161838,False
TXN-e6ae165d,ACC-1258,ACC-1626,4307.25,2026-08-22 06:22:06.161838,False
TXN-3aa6408d,ACC-1079,ACC-1251,2828.01,2026-08-22 06:26:06.161838,False
TXN-92c9acf7,ACC-1134,ACC-1718,2932.97,2026-08-22 06:30:06.161838,False
TXN-e1a02685,ACC-1390,ACC-1597,2578.35,2026-08-22 06:34:06.161838,False
TXN-d0237208,ACC-1760,ACC-1869,3002.67,2026-08-22 06:38:06.161838,False
TXN-cd1af90b,ACC-1245,ACC-1333,75051.81,2026-08-22 06:42:06.161838,True
TXN-850b4239,ACC-1401,ACC-1798,71500.4,2026-08-22 06:46:06.161838,True
TXN-455d2f43,ACC-1949,ACC-1485,3478.14,2026-08-22 06:50:06.161838,False
TXN-d72effa2,ACC-1070,ACC-1051,3109.82,2026-08-22 06:54:06.161838,False
TXN-be809d87,ACC-1544,ACC-1023,2488.83,2026-08-22 06:58:06.161838,False
TXN-e52be467,ACC-1147,ACC-1976,3840.55,2026-08-22 07:02:06.161838,False
TXN-e92b8d0a,ACC-1228,ACC-1860,1621.28,2026-08-22 07:06:06.161838,False
TXN-4b5f593c,ACC-1576,ACC-1401,942.88,2026-08-22 07:10:06.161838,False
TXN-7f2af0c9,ACC-1374,ACC-1277,3230.94,2026-08-22 07:14:06.161838,False
TXN-e0cc59e9,ACC-1347,ACC-1901,4998.72,2026-08-22 07:18:06.161838,False
TXN-619d8dcc,ACC-1451,ACC-1301,297.05,2026-08-22 07:22:06.161838,False
TXN-a492b3a1,ACC-1759,ACC-1027,566.3,2026-08-22 07:26:06.161838,False
TXN-b8a1630f,ACC-1793,ACC-1409,2624.14,2026-08-22 07:30:06.161838,False
TXN-f4644864,ACC-1831,ACC-1960,301.95,2026-08-22 07:34:06.161838,False
TXN-0059815e,ACC-1129,ACC-1323,2277.75,2026-08-22 07:38:06.161838,False
TXN-9936ad01,ACC-1384,ACC-1715,4111.43,2026-08-22 07:42:06.161838,False
TXN-dc1ebbc1,ACC-1426,ACC-1504,2316.27,2026-08-22 07:46:06.161838,False
TXN-4b27d274,ACC-1981,ACC-1522,190357.47,2026-08-22 07:50:06.161838,True
TXN-5bbaac8b,ACC-1017,ACC-1370,2085.56,2026-08-22 07:54:06.161838,False
TXN-c11d3a87,ACC-1377,ACC-1108,4674.09,2026-08-22 07:58:06.161838,False
TXN-cb4ab12f,ACC-1326,ACC-1997,517.77,2026-08-22 08:02:06.161838,False
TXN-37024157,ACC-1153,ACC-1401,2051.01,2026-08-22 08:06:06.161838,False
TXN-8cf0f96b,ACC-1942,ACC-1675,4241.04,2026-08-22 08:10:06.161838,False
TXN-ebfd9bfc,ACC-1040,ACC-1756,2002.61,2026-08-22 08:14:06.161838,False
TXN-ed43f8c5,ACC-1561,ACC-1955,2521.51,2026-08-22 08:18:06.161838,False
TXN-39205cc5,ACC-1035,ACC-1690,2436.19,2026-08-22 08:22:06.161838,False
TXN-952a4f70,ACC-1547,ACC-1779,4136.69,2026-08-22 08:26:06.161838,False
TXN-c59ab90d,ACC-1410,ACC-1670,362.73,2026-08-22 08:30:06.161838,False
TXN-80354469,ACC-1497,ACC-1540,2849.45,2026-08-22 08:34:06.161838,False
TXN-96cf3892,ACC-1178,ACC-1947,436.24,2026-08-22 08:38:06.161838,False
TXN-73c7e09d,ACC-1724,ACC-1705,1949.85,2026-08-22 08:42:06.161838,False
TXN-50157186,ACC-1619,ACC-1597,4417.7,2026-08-22 08:46:06.161838,False
TXN-16a586f6,ACC-1424,ACC-1686,3649.13,2026-08-22 08:50:06.161838,False
TXN-1345c8d3,ACC-1994,ACC-1564,354.53,2026-08-22 08:54:06.161838,False
TXN-fdc7b804,ACC-1897,ACC-1374,2384.57,2026-08-22 08:58:06.161838,False
TXN-d0e35778,ACC-1891,ACC-1503,1855.36,2026-08-22 09:02:06.161838,False
TXN-a7115872,ACC-1540,ACC-1509,2083.03,2026-08-22 09:06:06.161838,False
TXN-65152950,ACC-1847,ACC-1075,1076.42,2026-08-22 09:10:06.161838,False
TXN-0e9297db,ACC-1468,ACC-1679,4730.94,2026-08-22 09:14:06.161838,False
TXN-f7ccfeba,ACC-1962,ACC-1674,503.35,2026-08-22 09:18:06.161838,False
TXN-5f29adf6,ACC-1531,ACC-1137,2509.16,2026-08-22 09:22:06.161838,False
TXN-19b788c6,ACC-1962,ACC-1432,2516.02,2026-08-22 09:26:06.161838,False
TXN-348ddc5d,ACC-1763,ACC-1584,4630.96,2026-08-22 09:30:06.161838,False
TXN-fd52c3db,ACC-1659,ACC-1013,469.07,2026-08-22 09:34:06.161838,False
TXN-c9ae7e28,ACC-1863,ACC-1877,1587.78,2026-08-22 09:38:06.161838,False
TXN-4ed7e0dd,ACC-1133,ACC-1034,4804.75,2026-08-22 09:42:06.161838,False
TXN-691fbb05,ACC-1924,ACC-1539,3954.99,2026-08-22 09:46:06.161838,False
TXN-26461295,ACC-1136,ACC-1081,4885.88,2026-08-22 09:50:06.161838,False
TXN-ade5bf8b,ACC-1170,ACC-1971,4643.16,2026-08-22 09:54:06.161838,False
TXN-f2f24dbf,ACC-1235,ACC-1826,810.06,2026-08-22 09:58:06.161838,False
TXN-2ebb8fd5,ACC-1279,ACC-1273,4358.93,2026-08-22 10:02:06.161838,False
TXN-6880e1f3,ACC-1002,ACC-1681,1686.5,2026-08-22 10:06:06.161838,False
TXN-1bb6072b,ACC-1647,ACC-1080,1093.56,2026-08-22 10:10:06.161838,False
TXN-dc3affd7,ACC-1632,ACC-1557,1526.93,2026-08-22 10:14:06.161838,False
TXN-49fb72f3,ACC-1013,ACC-1150,2703.15,2026-08-22 10:18:06.161838,False
TXN-3651d941,ACC-1609,ACC-1524,3440.54,2026-08-22 10:22:06.161838,False
TXN-cdf69fc9,ACC-1393,ACC-1868,602.8,2026-08-22 10:26:06.161838,False
TXN-353a5883,ACC-1215,ACC-1358,3820.58,2026-08-22 10:30:06.161838,False
TXN-9dffbc41,ACC-1058,ACC-1108,99785.2,2026-08-22 10:34:06.161838,True
TXN-ee635158,ACC-1954,ACC-1610,3065.9,2026-08-22 10:38:06.161838,False
TXN-2c575cb2,ACC-1111,ACC-1465,4060.77,2026-08-22 10:42:06.161838,False
TXN-6f2b76af,ACC-1482,ACC-1167,3755.26,2026-08-22 10:46:06.161838,False
TXN-e6a91ba1,ACC-1685,ACC-1443,2180.9,2026-08-22 10:50:06.161838,False
TXN-7b6c8646,ACC-1563,ACC-1803,3441.35,2026-08-22 10:54:06.161838,False
TXN-c90b2d4e,ACC-1516,ACC-1578,3554.15,2026-08-22 10:58:06.161838,False
TXN-ddaf65ee,ACC-1328,ACC-1822,3348.5,2026-08-22 11:02:06.161838,False
TXN-c60045cd,ACC-1519,ACC-1569,863.74,2026-08-22 11:06:06.161838,False
TXN-bc888c41,ACC-1336,ACC-1141,2756.26,2026-08-22 11:10:06.161838,False
TXN-e7f241ac,ACC-1095,ACC-1029,4694.32,2026-08-22 11:14:06.161838,False
TXN-4b52993b,ACC-1652,ACC-1701,756.83,2026-08-22 11:18:06.161838,False
TXN-b89b1ae7,ACC-1164,ACC-1353,122729.44,2026-08-22 11:22:06.161838,True
TXN-afde4d15,ACC-1882,ACC-1434,2375.19,2026-08-22 11:26:06.161838,False
TXN-e4882327,ACC-1014,ACC-1283,4225.54,2026-08-22 11:30:06.161838,False
TXN-b7bcb397,ACC-1051,ACC-1140,1667.14,2026-08-22 11:34:06.161838,False
TXN-0306481c,ACC-1513,ACC-1710,2456.82,2026-08-22 11:38:06.161838,False
TXN-78bf0323,ACC-1713,ACC-1475,3552.39,2026-08-22 11:42:06.161838,False
TXN-204bd02e,ACC-1731,ACC-1677,2503.6,2026-08-22 11:46:06.161838,False
TXN-d62cdf29,ACC-1910,ACC-1265,2106.37,2026-08-22 11:50:06.161838,False
TXN-78f0e32e,ACC-1903,ACC-1022,2382.71,2026-08-22 11:54:06.161838,False
TXN-b0f39be5,ACC-1681,ACC-1650,4548.12,2026-08-22 11:58:06.161838,False
TXN-09cd2b38,ACC-1425,ACC-1765,156149.51,2026-08-22 12:02:06.161838,True
TXN-7064ea98,ACC-1029,ACC-1104,4658.65,2026-08-22 12:06:06.161838,False
TXN-d827681c,ACC-1929,ACC-1607,194232.64,2026-08-22 12:10:06.161838,True
TXN-0f0f2391,ACC-1630,ACC-1515,479.94,2026-08-22 12:14:06.161838,False
TXN-1146853d,ACC-1689,ACC-1451,1808.77,2026-08-22 12:18:06.161838,False
TXN-e5a5b543,ACC-1459,ACC-1398,790.52,2026-08-22 12:22:06.161838,False
TXN-b638b0f6,ACC-1980,ACC-1736,96087.37,2026-08-22 12:26:06.161838,True
TXN-b40a8b65,ACC-1836,ACC-1884,4102.43,2026-08-22 12:30:06.161838,False
TXN-03b31051,ACC-1125,ACC-1335,1418.4,2026-08-22 12:34:06.161838,False
TXN-8eef77bd,ACC-1222,ACC-1759,4032.83,2026-08-22 12:38:06.161838,False
TXN-3cbbdb76,ACC-1573,ACC-1025,2543.42,2026-08-22 12:42:06.161838,False
TXN-2f19a6e6,ACC-1955,ACC-1929,3821.82,2026-08-22 12:46:06.161838,False
TXN-cfd87993,ACC-1714,ACC-1957,241.22,2026-08-22 12:50:06.161838,False
TXN-97dfcf57,ACC-1151,ACC-1398,3376.24,2026-08-22 12:54:06.161838,False
TXN-97ae08d8,ACC-1545,ACC-1409,2695.67,2026-08-22 12:58:06.161838,False
TXN-292e9593,ACC-1634,ACC-1900,2611.07,2026-08-22 13:02:06.161838,False
TXN-31f07dd9,ACC-1652,ACC-1031,1255.73,2026-08-22 13:06:06.161838,False
TXN-10df5cb3,ACC-1128,ACC-1031,64247.4,2026-08-22 13:10:06.161838,True
TXN-11280f88,ACC-1711,ACC-1802,3480.42,2026-08-22 13:14:06.161838,False
TXN-1799a47a,ACC-1874,ACC-1400,3143.27,2026-08-22 13:18:06.161838,False
TXN-ac356094,ACC-1763,ACC-1184,1014.08,2026-08-22 13:22:06.161838,False
TXN-5a3c0ca7,ACC-1132,ACC-1601,3647.9,2026-08-22 13:26:06.161838,False
TXN-6ae36ec4,ACC-1989,ACC-1624,3267.32,2026-08-22 13:30:06.161838,False
TXN-8977657b,ACC-1160,ACC-1782,4219.99,2026-08-22 13:34:06.161838,False
TXN-ed5cea48,ACC-1036,ACC-1977,189.1,2026-08-22 13:38:06.161838,False
TXN-4448e217,ACC-1478,ACC-1528,791.96,2026-08-22 13:42:06.161838,False
TXN-1611e021,ACC-1098,ACC-1233,2043.1,2026-08-22 13:46:06.161838,False
TXN-771e89fc,ACC-1827,ACC-1368,1640.61,2026-08-22 13:50:06.161838,False
TXN-e71daacb,ACC-1676,ACC-1239,2381.17,2026-08-22 13:54:06.161838,False
TXN-fac3d33a,ACC-1290,ACC-1554,4830.74,2026-08-22 13:58:06.161838,False
TXN-9241fdb0,ACC-1081,ACC-1790,923.17,2026-08-22 14:02:06.161838,False
TXN-d0266484,ACC-1491,ACC-1677,3184.52,2026-08-22 14:06:06.161838,False
TXN-aa7fd6d2,ACC-1634,ACC-1552,577.76,2026-08-22 14:10:06.161838,False
TXN-ebf86190,ACC-1588,ACC-1610,156.67,2026-08-22 14:14:06.161838,False
TXN-a6ecccf2,ACC-1722,ACC-1516,2098.99,2026-08-22 14:18:06.161838,False
TXN-ff729c29,ACC-1444,ACC-1124,3769.26,2026-08-22 14:22:06.161838,False
TXN-3590458a,ACC-1102,ACC-1999,4198.72,2026-08-22 14:26:06.161838,False
TXN-714caa39,ACC-1397,ACC-1195,4968.84,2026-08-22 14:30:06.161838,False
TXN-4408a7d5,ACC-1127,ACC-1411,1174.22,2026-08-22 14:34:06.161838,False
TXN-45ecb524,ACC-1815,ACC-1788,3200.32,2026-08-22 14:38:06.161838,False
TXN-35b93202,ACC-1598,ACC-1551,1352.94,2026-08-22 14:42:06.161838,False
TXN-2bb27c4b,ACC-1869,ACC-1032,946.95,2026-08-22 14:46:06.161838,False
TXN-8a93fb85,ACC-1012,ACC-1959,2116.09,2026-08-22 14:50:06.161838,False
TXN-a74ffe84,ACC-1211,ACC-1101,4464.53,2026-08-22 14:54:06.161838,False
TXN-c356369b,ACC-1970,ACC-1555,2074.41,2026-08-22 14:58:06.161838,False
TXN-e6e33c71,ACC-1908,ACC-1576,2842.93,2026-08-22 15:02:06.161838,False
TXN-f0f9e3e3,ACC-1099,ACC-1649,3705.4,2026-08-22 15:06:06.161838,False
TXN-c4e3b20d,ACC-1151,ACC-1586,2641.89,2026-08-22 15:10:06.161838,False
TXN-330c448f,ACC-1776,ACC-1736,2039.7,2026-08-22 15:14:06.161838,False
TXN-a69f015e,ACC-1026,ACC-1340,4385.54,2026-08-22 15:18:06.161838,False
TXN-b25c701c,ACC-1144,ACC-1630,3642.07,2026-08-22 15:22:06.161838,False
TXN-2703721e,ACC-1760,ACC-1168,3776.35,2026-08-22 15:26:06.161838,False
TXN-87f431ef,ACC-1904,ACC-1461,1228.85,2026-08-22 15:30:06.161838,False
TXN-ec3b2b42,ACC-1777,ACC-1983,677.19,2026-08-22 15:34:06.161838,False
TXN-9c86fd24,ACC-1383,ACC-1714,4742.3,2026-08-22 15:38:06.161838,False
TXN-d27d463d,ACC-1566,ACC-1143,2061.65,2026-08-22 15:42:06.161838,False
TXN-8aefb658,ACC-1898,ACC-1189,4146.16,2026-08-22 15:46:06.161838,False
TXN-875e7bed,ACC-1659,ACC-1748,2755.4,2026-08-22 15:50:06.161838,False
TXN-2c728c01,ACC-1877,ACC-1446,160.51,2026-08-22 15:54:06.161838,False
TXN-f340b02c,ACC-1745,ACC-1595,4112.76,2026-08-22 15:58:06.161838,False
TXN-57af77ab,ACC-1412,ACC-1379,4674.19,2026-08-22 16:02:06.161838,False
TXN-160ee3f5,ACC-1769,ACC-1412,4080.98,2026-08-22 16:06:06.161838,False
TXN-2f77e617,ACC-1516,ACC-1285,63940.53,2026-08-22 16:10:06.161838,True
TXN-31f83378,ACC-1921,ACC-1153,3579.66,2026-08-22 16:14:06.161838,False
TXN-0123c652,ACC-1837,ACC-1095,4124.01,2026-08-22 16:18:06.161838,False
TXN-6fc8f713,ACC-1098,ACC-1820,1204.18,2026-08-22 16:22:06.161838,False
TXN-e9e56b92,ACC-1888,ACC-1066,4454.51,2026-08-22 16:26:06.161838,False
TXN-5184bd49,ACC-1392,ACC-1439,3138.41,2026-08-22 16:30:06.161838,False
TXN-a84c5b5c,ACC-1764,ACC-1104,784.78,2026-08-22 16:34:06.161838,False
TXN-8e1156b0,ACC-1004,ACC-1616,3001.4,2026-08-22 16:38:06.161838,False
TXN-f4451cc1,ACC-1733,ACC-1413,2557.18,2026-08-22 16:42:06.161838,False
TXN-fd679b8a,ACC-1875,ACC-1399,1699.82,2026-08-22 16:46:06.161838,False
TXN-316566bf,ACC-1037,ACC-1598,4321.31,2026-08-22 16:50:06.161838,False
TXN-2c77735d,ACC-1069,ACC-1466,2800.14,2026-08-22 16:54:06.161838,False
TXN-87e8ed7d,ACC-1026,ACC-1636,1812.16,2026-08-22 16:58:06.161838,False
TXN-ebb55936,ACC-1527,ACC-1375,701.64,2026-08-22 17:02:06.161838,False
TXN-12f66b89,ACC-1824,ACC-1004,2510.0,2026-08-22 17:06:06.161838,False
TXN-e62e88ee,ACC-1438,ACC-1481,1044.4,2026-08-22 17:10:06.161838,False
TXN-e1522fc4,ACC-1098,ACC-1235,3028.66,2026-08-22 17:14:06.161838,False
TXN-d65efc58,ACC-1556,ACC-1445,1346.8,2026-08-22 17:18:06.161838,False
TXN-6df8dee4,ACC-1677,ACC-1259,2342.82,2026-08-22 17:22:06.161838,False
TXN-61375a66,ACC-1303,ACC-1027,4930.83,2026-08-22 17:26:06.161838,False
TXN-96700e9c,ACC-1223,ACC-1239,3549.26,2026-08-22 17:30:06.161838,False
TXN-c9946177,ACC-1422,ACC-1910,1499.76,2026-08-22 17:34:06.161838,False
TXN-b2439d4b,ACC-1643,ACC-1664,4598.53,2026-08-22 17:38:06.161838,False
TXN-61d737b6,ACC-1301,ACC-1443,1188.64,2026-08-22 17:42:06.161838,False
TXN-fc878b8f,ACC-1392,ACC-1684,2986.41,2026-08-22 17:46:06.161838,False
TXN-51cb59d0,ACC-1053,ACC-1413,2860.58,2026-08-22 17:50:06.161838,False
TXN-6085383d,ACC-1667,ACC-1881,1947.93,2026-08-22 17:54:06.161838,False
TXN-f79d8494,ACC-1589,ACC-1266,1605.65,2026-08-22 17:58:06.161838,False
TXN-3fbacc6f,ACC-1024,ACC-1777,1242.2,2026-08-22 18:02:06.161838,False
TXN-f384b46f,ACC-1094,ACC-1955,1605.58,2026-08-22 18:06:06.161838,False
TXN-af65b095,ACC-1798,ACC-1498,3287.41,2026-08-22 18:10:06.161838,False
TXN-9a293bca,ACC-1994,ACC-1900,3002.17,2026-08-22 18:14:06.161838,False
TXN-0019cdbd,ACC-1862,ACC-1651,4919.35,2026-08-22 18:18:06.161838,False
TXN-49c3c63f,ACC-1972,ACC-1697,2600.69,2026-08-22 18:22:06.161838,False
TXN-bd59f516,ACC-1881,ACC-1052,3385.67,2026-08-22 18:26:06.161838,False
TXN-4e91193d,ACC-1422,ACC-1825,2364.61,2026-08-22 18:30:06.161838,False
TXN-c79621cd,ACC-1677,ACC-1846,244.34,2026-08-22 18:34:06.161838,False
TXN-c4a8d544,ACC-1016,ACC-1364,3650.94,2026-08-22 18:38:06.161838,False
TXN-66f37708,ACC-1321,ACC-1001,2001.95,2026-08-22 18:42:06.161838,False
TXN-c46699b0,ACC-1486,ACC-1714,2071.38,2026-08-22 18:46:06.161838,False
TXN-7ea8f947,ACC-1107,ACC-1705,114.37,2026-08-22 18:50:06.161838,False
TXN-a0af5a68,ACC-1944,ACC-1484,2769.1,2026-08-22 18:54:06.161838,False
TXN-377b9c70,ACC-1823,ACC-1167,379.96,2026-08-22 18:58:06.161838,False
TXN-bf69332c,ACC-1635,ACC-1098,197152.17,2026-08-22 19:02:06.161838,True
TXN-88186bf0,ACC-1837,ACC-1079,4183.53,2026-08-22 19:06:06.161838,False
TXN-509f4a24,ACC-1788,ACC-1052,832.37,2026-08-22 19:10:06.161838,False
TXN-acd91bfc,ACC-1020,ACC-1166,93673.49,2026-08-22 19:14:06.161838,True
TXN-e274e0ee,ACC-1702,ACC-1768,807.43,2026-08-22 19:18:06.161838,False
TXN-00b4f6e3,ACC-1795,ACC-1357,2882.77,2026-08-22 19:22:06.161838,False
TXN-b459dc5d,ACC-1783,ACC-1828,3892.28,2026-08-22 19:26:06.161838,False
TXN-4dca2604,ACC-1685,ACC-1461,2187.53,2026-08-22 19:30:06.161838,False
TXN-8545b521,ACC-1721,ACC-1127,3849.4,2026-08-22 19:34:06.161838,False
TXN-181ca21c,ACC-1656,ACC-1587,4112.32,2026-08-22 19:38:06.161838,False
TXN-d45f7301,ACC-1718,ACC-1736,146660.52,2026-08-22 19:42:06.161838,True
TXN-27c7f5a5,ACC-1307,ACC-1350,2285.77,2026-08-22 19:46:06.161838,False
TXN-906f5d9e,ACC-1940,ACC-1316,857.95,2026-08-22 19:50:06.161838,False
TXN-cd8db716,ACC-1916,ACC-1309,1350.17,2026-08-22 19:54:06.161838,False
TXN-13ead2b9,ACC-1368,ACC-1025,1593.97,2026-08-22 19:58:06.161838,False
TXN-506167ff,ACC-1848,ACC-1106,3210.36,2026-08-22 20:02:06.161838,False
TXN-d40612fa,ACC-1092,ACC-1296,1399.47,2026-08-22 20:06:06.161838,False
TXN-45ef134b,ACC-1489,ACC-1608,1481.42,2026-08-22 20:10:06.161838,False
TXN-fedd1ec7,ACC-1262,ACC-1790,4542.64,2026-08-22 20:14:06.161838,False
TXN-00caf1eb,ACC-1075,ACC-1687,3462.57,2026-08-22 20:18:06.161838,False
TXN-ec01f28d,ACC-1802,ACC-1294,361.07,2026-08-22 20:22:06.161838,False
TXN-778a47d9,ACC-1935,ACC-1044,308.84,2026-08-22 20:26:06.161838,False
TXN-72a407c9,ACC-1016,ACC-1600,3970.0,2026-08-22 20:30:06.161838,False
TXN-60581490,ACC-1000,ACC-1154,4415.33,2026-08-22 20:34:06.161838,False
TXN-131ef6f8,ACC-1485,ACC-1949,4054.8,2026-08-22 20:38:06.161838,False
TXN-cf1737be,ACC-1602,ACC-1190,804.68,2026-08-22 20:42:06.161838,False
TXN-af93fbdb,ACC-1530,ACC-1267,4315.04,2026-08-22 20:46:06.161838,False
TXN-df5c1bb1,ACC-1329,ACC-1946,2202.8,2026-08-22 20:50:06.161838,False
TXN-231685a9,ACC-1357,ACC-1018,117771.83,2026-08-22 20:54:06.161838,True
TXN-c12f27fb,ACC-1077,ACC-1397,4098.47,2026-08-22 20:58:06.161838,False
TXN-e487f266,ACC-1092,ACC-1325,2926.16,2026-08-22 21:02:06.161838,False
TXN-6a71fe6a,ACC-1356,ACC-1876,829.17,2026-08-22 21:06:06.161838,False
TXN-46024c50,ACC-1202,ACC-1617,3191.08,2026-08-22 21:10:06.161838,False
TXN-1597b0c9,ACC-1589,ACC-1792,695.45,2026-08-22 21:14:06.161838,False
TXN-83e632ae,ACC-1994,ACC-1640,3267.62,2026-08-22 21:18:06.161838,False
TXN-ef2e01cb,ACC-1994,ACC-1557,933.58,2026-08-22 21:22:06.161838,False
TXN-809ee71c,ACC-1146,ACC-1284,2746.8,2026-08-22 21:26:06.161838,False
TXN-6a419159,ACC-1763,ACC-1979,1664.4,2026-08-22 21:30:06.161838,False
TXN-ff20455e,ACC-1332,ACC-1648,947.47,2026-08-22 21:34:06.161838,False
TXN-665588e8,ACC-1192,ACC-1454,2264.68,2026-08-22 21:38:06.161838,False
TXN-cc88f509,ACC-1502,ACC-1213,4470.15,2026-08-22 21:42:06.161838,False
TXN-986c0f91,ACC-1705,ACC-1278,4951.74,2026-08-22 21:46:06.161838,False
TXN-6f99eddb,ACC-1157,ACC-1207,4667.02,2026-08-22 21:50:06.161838,False
TXN-92cf7a1d,ACC-1898,ACC-1744,4817.94,2026-08-22 21:54:06.161838,False
TXN-2508ad7f,ACC-1248,ACC-1451,1196.34,2026-08-22 21:58:06.161838,False
TXN-3da50de3,ACC-1406,ACC-1065,2186.01,2026-08-22 22:02:06.161838,False
TXN-8251c45c,ACC-1717,ACC-1681,1404.95,2026-08-22 22:06:06.161838,False
TXN-b64671d6,ACC-1161,ACC-1159,1821.12,2026-08-22 22:10:06.161838,False
TXN-343ce56a,ACC-1721,ACC-1014,2028.75,2026-08-22 22:14:06.161838,False
TXN-99ef9360,ACC-1827,ACC-1512,362.57,2026-08-22 22:18:06.161838,False
TXN-a89ac301,ACC-1854,ACC-1798,4816.71,2026-08-22 22:22:06.161838,False
TXN-1a94ee3d,ACC-1211,ACC-1306,1750.86,2026-08-22 22:26:06.161838,False
TXN-c34d9bc6,ACC-1962,ACC-1822,2901.39,2026-08-22 22:30:06.161838,False
TXN-a24d33c4,ACC-1779,ACC-1203,3638.31,2026-08-22 22:34:06.161838,False
TXN-c26921f6,ACC-1969,ACC-1505,4265.61,2026-08-22 22:38:06.161838,False
TXN-5b35363b,ACC-1592,ACC-1539,3215.37,2026-08-22 22:42:06.161838,False
TXN-3870f0c9,ACC-1913,ACC-1720,4682.05,2026-08-22 22:46:06.161838,False
TXN-d6a06dc1,ACC-1561,ACC-1547,900.5,2026-08-22 22:50:06.161838,False
TXN-9c3690ac,ACC-1695,ACC-1984,4821.45,2026-08-22 22:54:06.161838,False
TXN-341e6947,ACC-1835,ACC-1279,1961.62,2026-08-22 22:58:06.161838,False
TXN-812afdb7,ACC-1962,ACC-1561,4183.22,2026-08-22 23:02:06.161838,False
TXN-403e0af4,ACC-1761,ACC-1700,3746.96,2026-08-22 23:06:06.161838,False
TXN-16c5f64c,ACC-1008,ACC-1006,3380.44,2026-08-22 23:10:06.161838,False
TXN-f82ee771,ACC-1886,ACC-1349,2073.52,2026-08-22 23:14:06.161838,False
TXN-c719ada4,ACC-1855,ACC-1592,3230.22,2026-08-22 23:18:06.161838,False
TXN-ee460bcf,ACC-1778,ACC-1397,118610.48,2026-08-22 23:22:06.161838,True
TXN-b055dc33,ACC-1305,ACC-1206,149416.43,2026-08-22 23:26:06.161838,True
TXN-5c7d3fe6,ACC-1160,ACC-1230,2953.37,2026-08-22 23:30:06.161838,False
TXN-7c02452b,ACC-1068,ACC-1374,3456.01,2026-08-22 23:34:06.161838,False
TXN-ca74cbd5,ACC-1701,ACC-1898,2850.9,2026-08-22 23:38:06.161838,False
TXN-06f8dcca,ACC-1592,ACC-1821,251.99,2026-08-22 23:42:06.161838,False
TXN-5ace40ad,ACC-1643,ACC-1052,1093.64,2026-08-22 23:46:06.161838,False
TXN-20970335,ACC-1523,ACC-1528,1740.69,2026-08-22 23:50:06.161838,False
TXN-233c9d45,ACC-1483,ACC-1293,1115.5,2026-08-22 23:54:06.161838,False
TXN-5d813216,ACC-1379,ACC-1971,1166.6,2026-08-22 23:58:06.161838,False
TXN-3bf9cefe,ACC-1925,ACC-1733,940.64,2026-08-23 00:02:06.161838,False
TXN-ee8abb5e,ACC-1205,ACC-1681,186181.34,2026-08-23 00:06:06.161838,True
TXN-03d3fe2d,ACC-1531,ACC-1456,2619.01,2026-08-23 00:10:06.161838,False
TXN-977b3782,ACC-1064,ACC-1785,3488.27,2026-08-23 00:14:06.161838,False
TXN-c67b94bd,ACC-1236,ACC-1744,133.1,2026-08-23 00:18:06.161838,False
TXN-8b1a7aad,ACC-1691,ACC-1812,2693.91,2026-08-23 00:22:06.161838,False
TXN-b18764fb,ACC-1383,ACC-1448,4481.27,2026-08-23 00:26:06.161838,False
TXN-1f5b4398,ACC-1797,ACC-1928,2808.11,2026-08-23 00:30:06.161838,False
TXN-094b7d74,ACC-1703,ACC-1540,3424.66,2026-08-23 00:34:06.161838,False
TXN-6af5d395,ACC-1305,ACC-1216,143063.0,2026-08-23 00:38:06.161838,True
TXN-b1ec22fd,ACC-1295,ACC-1294,2952.61,2026-08-23 00:42:06.161838,False
TXN-3ed05aea,ACC-1443,ACC-1490,3364.57,2026-08-23 00:46:06.161838,False
TXN-8d30c98e,ACC-1243,ACC-1556,3530.64,2026-08-23 00:50:06.161838,False
TXN-7b3332fa,ACC-1013,ACC-1717,434.13,2026-08-23 00:54:06.161838,False
TXN-50c8572c,ACC-1506,ACC-1212,4923.26,2026-08-23 00:58:06.161838,False
TXN-dd67dde1,ACC-1678,ACC-1833,4569.06,2026-08-23 01:02:06.161838,False
TXN-263c0f7f,ACC-1853,ACC-1264,4900.33,2026-08-23 01:06:06.161838,False
TXN-e49423fa,ACC-1050,ACC-1949,350.78,2026-08-23 01:10:06.161838,False
TXN-a4e22e4d,ACC-1544,ACC-1463,3297.37,2026-08-23 01:14:06.161838,False
TXN-e124c777,ACC-1373,ACC-1796,2090.0,2026-08-23 01:18:06.161838,False
TXN-24ebb573,ACC-1523,ACC-1157,269.7,2026-08-23 01:22:06.161838,False
TXN-30a9d35b,ACC-1568,ACC-1289,3792.46,2026-08-23 01:26:06.161838,False
TXN-4073f5ee,ACC-1086,ACC-1654,101115.17,2026-08-23 01:30:06.161838,True
TXN-24e6a320,ACC-1460,ACC-1467,4240.14,2026-08-23 01:34:06.161838,False
TXN-c6f76946,ACC-1595,ACC-1760,4385.43,2026-08-23 01:38:06.161838,False
TXN-788b24b6,ACC-1467,ACC-1122,2357.69,2026-08-23 01:42:06.161838,False
TXN-c7a2d26f,ACC-1683,ACC-1760,4080.83,2026-08-23 01:46:06.161838,False
TXN-be2e40de,ACC-1354,ACC-1918,3157.11,2026-08-23 01:50:06.161838,False
TXN-c38a1b7f,ACC-1911,ACC-1379,1233.21,2026-08-23 01:54:06.161838,False
TXN-9fbf3d19,ACC-1866,ACC-1121,3813.39,2026-08-23 01:58:06.161838,False
TXN-5fb4450f,ACC-1338,ACC-1632,2270.46,2026-08-23 02:02:06.161838,False
TXN-6fbb043c,ACC-1741,ACC-1365,2483.23,2026-08-23 02:06:06.161838,False
TXN-c1cd9485,ACC-1218,ACC-1322,1404.41,2026-08-23 02:10:06.161838,False
TXN-a29b2844,ACC-1909,ACC-1878,1105.0,2026-08-23 02:14:06.161838,False
TXN-389a2143,ACC-1901,ACC-1051,3575.89,2026-08-23 02:18:06.161838,False
TXN-91271842,ACC-1524,ACC-1033,916.42,2026-08-23 02:22:06.161838,False
TXN-5d8f4b46,ACC-1637,ACC-1350,259.36,2026-08-23 02:26:06.161838,False
TXN-86217a74,ACC-1082,ACC-1794,2237.87,2026-08-23 02:30:06.161838,False
TXN-308b3eef,ACC-1158,ACC-1806,2860.84,2026-08-23 02:34:06.161838,False
TXN-fe934d7d,ACC-1293,ACC-1050,3677.4,2026-08-23 02:38:06.161838,False
TXN-387de2f0,ACC-1863,ACC-1914,1818.83,2026-08-23 02:42:06.161838,False
TXN-67e8f195,ACC-1772,ACC-1796,1468.64,2026-08-23 02:46:06.161838,False
TXN-81f964f5,ACC-1363,ACC-1091,4292.54,2026-08-23 02:50:06.161838,False
TXN-3c6d43bd,ACC-1249,ACC-1959,3635.73,2026-08-23 02:54:06.161838,False
TXN-b5db5fdb,ACC-1405,ACC-1284,3033.85,2026-08-23 02:58:06.161838,False
TXN-333db184,ACC-1390,ACC-1185,1095.07,2026-08-23 03:02:06.161838,False
TXN-b8d122f3,ACC-1958,ACC-1931,2404.28,2026-08-23 03:06:06.161838,False
TXN-2f11b4e3,ACC-1604,ACC-1581,161529.02,2026-08-23 03:10:06.161838,True
TXN-b4dd9b57,ACC-1805,ACC-1811,4659.01,2026-08-23 03:14:06.161838,False
TXN-786be5d0,ACC-1021,ACC-1025,389.87,2026-08-23 03:18:06.161838,False
TXN-984dc6f3,ACC-1398,ACC-1296,2592.27,2026-08-23 03:22:06.161838,False
TXN-fc7c0e45,ACC-1839,ACC-1008,4106.2,2026-08-23 03:26:06.161838,False
TXN-3dd1887a,ACC-1188,ACC-1593,2295.03,2026-08-23 03:30:06.161838,False
TXN-31a5da55,ACC-1509,ACC-1842,3839.04,2026-08-23 03:34:06.161838,False
TXN-5030b820,ACC-1889,ACC-1696,4823.91,2026-08-23 03:38:06.161838,False
TXN-b088b6ab,ACC-1949,ACC-1705,3610.74,2026-08-23 03:42:06.161838,False
TXN-57becfc1,ACC-1347,ACC-1161,2089.58,2026-08-23 03:46:06.161838,False
TXN-616db2d6,ACC-1463,ACC-1900,3701.32,2026-08-23 03:50:06.161838,False
TXN-a580b380,ACC-1578,ACC-1830,1265.11,2026-08-23 03:54:06.161838,False
TXN-090ffe25,ACC-1850,ACC-1035,642.23,2026-08-23 03:58:06.161838,False
TXN-cc9527a4,ACC-1997,ACC-1438,1705.68,2026-08-23 04:02:06.161838,False
TXN-2f825475,ACC-1951,ACC-1980,3191.14,2026-08-23 04:06:06.161838,False
TXN-7a7bd1db,ACC-1035,ACC-1851,979.09,2026-08-23 04:10:06.161838,False
TXN-dfd3e537,ACC-1537,ACC-1615,861.27,2026-08-23 04:14:06.161838,False
TXN-48d4e509,ACC-1845,ACC-1321,3126.57,2026-08-23 04:18:06.161838,False
TXN-0380d02a,ACC-1964,ACC-1951,3902.46,2026-08-23 04:22:06.161838,False
TXN-92b8d106,ACC-1402,ACC-1358,3239.58,2026-08-23 04:26:06.161838,False
TXN-836f7edd,ACC-1696,ACC-1603,4996.95,2026-08-23 04:30:06.161838,False
TXN-794566c8,ACC-1284,ACC-1904,499.08,2026-08-23 04:34:06.161838,False
TXN-24bacfd7,ACC-1998,ACC-1443,3875.73,2026-08-23 04:38:06.161838,False
TXN-f4e8680e,ACC-1429,ACC-1440,1175.0,2026-08-23 04:42:06.161838,False
TXN-33345917,ACC-1040,ACC-1164,2178.34,2026-08-23 04:46:06.161838,False
TXN-dccc5fff,ACC-1429,ACC-1752,285.86,2026-08-23 04:50:06.161838,False
TXN-7baeb6c0,ACC-1517,ACC-1324,2845.39,2026-08-23 04:54:06.161838,False
TXN-22b7a31d,ACC-1583,ACC-1852,1659.4,2026-08-23 04:58:06.161838,False
TXN-4e067357,ACC-1433,ACC-1164,630.51,2026-08-23 05:02:06.161838,False
TXN-7e23a971,ACC-1450,ACC-1357,4894.15,2026-08-23 05:06:06.161838,False
TXN-cbac72a8,ACC-1533,ACC-1094,491.87,2026-08-23 05:10:06.161838,False
TXN-663243d4,ACC-1483,ACC-1098,1715.21,2026-08-23 05:14:06.161838,False
TXN-2a079f74,ACC-1723,ACC-1171,720.79,2026-08-23 05:18:06.161838,False
TXN-97e0c38c,ACC-1769,ACC-1728,291.8,2026-08-23 05:22:06.161838,False
TXN-c0d885e3,ACC-1655,ACC-1145,3517.44,2026-08-23 05:26:06.161838,False
TXN-b0275d8f,ACC-1146,ACC-1924,195905.82,2026-08-23 05:30:06.161838,True
TXN-cf997eab,ACC-1251,ACC-1399,4198.65,2026-08-23 05:34:06.161838,False
TXN-89b74e7a,ACC-1378,ACC-1383,3034.86,2026-08-23 05:38:06.161838,False
TXN-1e6d1555,ACC-1323,ACC-1934,3770.88,2026-08-23 05:42:06.161838,False
TXN-d2e6251a,ACC-1225,ACC-1929,4658.32,2026-08-23 05:46:06.161838,False
TXN-6329b22c,ACC-1665,ACC-1527,2096.18,2026-08-23 05:50:06.161838,False
TXN-2734600c,ACC-1354,ACC-1512,1032.3,2026-08-23 05:54:06.161838,False
TXN-b117f252,ACC-1329,ACC-1867,4993.7,2026-08-23 05:58:06.161838,False
TXN-3734e787,ACC-1856,ACC-1457,4327.98,2026-08-23 06:02:06.161838,False
TXN-96299377,ACC-1996,ACC-1156,3492.1,2026-08-23 06:06:06.161838,False
TXN-9f0dcfd0,ACC-1191,ACC-1478,4555.54,2026-08-23 06:10:06.161838,False
TXN-a73b1ddd,ACC-1156,ACC-1619,2186.55,2026-08-23 06:14:06.161838,False
TXN-645752ee,ACC-1381,ACC-1920,1815.79,2026-08-23 06:18:06.161838,False
TXN-05574bc1,ACC-1819,ACC-1044,4074.57,2026-08-23 06:22:06.161838,False
TXN-ada09aca,ACC-1571,ACC-1910,915.06,2026-08-23 06:26:06.161838,False
TXN-b146491d,ACC-1041,ACC-1751,4772.45,2026-08-23 06:30:06.161838,False
TXN-feaa0473,ACC-1951,ACC-1851,4339.31,2026-08-23 06:34:06.161838,False
TXN-01752a59,ACC-1471,ACC-1451,584.4,2026-08-23 06:38:06.161838,False
TXN-3fe7767b,ACC-1955,ACC-1611,352.39,2026-08-23 06:42:06.161838,False
TXN-55b7f42c,ACC-1145,ACC-1126,4972.62,2026-08-23 06:46:06.161838,False
TXN-83a03189,ACC-1533,ACC-1448,4217.3,2026-08-23 06:50:06.161838,False
TXN-964aa9d4,ACC-1749,ACC-1145,669.24,2026-08-23 06:54:06.161838,False
TXN-59af7c71,ACC-1531,ACC-1913,1458.81,2026-08-23 06:58:06.161838,False
TXN-7c3d872a,ACC-1361,ACC-1018,4909.78,2026-08-23 07:02:06.161838,False
TXN-153a9067,ACC-1684,ACC-1055,4174.96,2026-08-23 07:06:06.161838,False
TXN-2458b56f,ACC-1002,ACC-1769,4425.66,2026-08-23 07:10:06.161838,False
TXN-f22045ca,ACC-1088,ACC-1938,4474.73,2026-08-23 07:14:06.161838,False
TXN-d20297f0,ACC-1116,ACC-1413,3872.3,2026-08-23 07:18:06.161838,False
TXN-9543afae,ACC-1226,ACC-1933,1273.86,2026-08-23 07:22:06.161838,False
TXN-24bf0c82,ACC-1527,ACC-1190,615.77,2026-08-23 07:26:06.161838,False
TXN-2c2c3fb1,ACC-1689,ACC-1120,146102.68,2026-08-23 07:30:06.161838,True
TXN-2c0cb004,ACC-1968,ACC-1539,3202.31,2026-08-23 07:34:06.161838,False
TXN-ae63beb8,ACC-1180,ACC-1109,4972.94,2026-08-23 07:38:06.161838,False
TXN-436649bb,ACC-1796,ACC-1568,3202.53,2026-08-23 07:42:06.161838,False
TXN-0184d52c,ACC-1277,ACC-1473,1741.11,2026-08-23 07:46:06.161838,False
TXN-bc986a44,ACC-1738,ACC-1896,3555.35,2026-08-23 07:50:06.161838,False
TXN-29c8f1f8,ACC-1659,ACC-1378,191966.69,2026-08-23 07:54:06.161838,True
TXN-bb4b816a,ACC-1904,ACC-1061,3115.99,2026-08-23 07:58:06.161838,False
TXN-0b6d8f71,ACC-1111,ACC-1477,2781.27,2026-08-23 08:02:06.161838,False
TXN-53e407a3,ACC-1309,ACC-1622,4280.46,2026-08-23 08:06:06.161838,False
TXN-a024e685,ACC-1848,ACC-1408,1547.92,2026-08-23 08:10:06.161838,False
TXN-113b56be,ACC-1934,ACC-1729,4137.18,2026-08-23 08:14:06.161838,False
TXN-48d9b2ea,ACC-1897,ACC-1585,946.76,2026-08-23 08:18:06.161838,False
TXN-a12d1b8f,ACC-1199,ACC-1940,2980.21,2026-08-23 08:22:06.161838,False
TXN-e4f0bc01,ACC-1544,ACC-1927,577.31,2026-08-23 08:26:06.161838,False
TXN-299e8f62,ACC-1378,ACC-1310,66325.58,2026-08-23 08:30:06.161838,True
TXN-b1453beb,ACC-1460,ACC-1506,1325.32,2026-08-23 08:34:06.161838,False
TXN-ebe2a3a7,ACC-1124,ACC-1439,1367.44,2026-08-23 08:38:06.161838,False
TXN-5eb3c916,ACC-1961,ACC-1861,1677.25,2026-08-23 08:42:06.161838,False
TXN-3bd55e4e,ACC-1581,ACC-1018,2928.81,2026-08-23 08:46:06.161838,False
TXN-15b0a6dd,ACC-1614,ACC-1987,2473.54,2026-08-23 08:50:06.161838,False
TXN-8bd89d77,ACC-1305,ACC-1075,3770.82,2026-08-23 08:54:06.161838,False
TXN-6a88a27c,ACC-1165,ACC-1874,4990.17,2026-08-23 08:58:06.161838,False
TXN-b26bf8e6,ACC-1334,ACC-1426,296.29,2026-08-23 09:02:06.161838,False
TXN-37381ea3,ACC-1531,ACC-1397,1212.16,2026-08-23 09:06:06.161838,False
TXN-0039ca32,ACC-1889,ACC-1386,1388.62,2026-08-23 09:10:06.161838,False
TXN-5a009530,ACC-1471,ACC-1696,4996.24,2026-08-23 09:14:06.161838,False
TXN-8d64b8bb,ACC-1034,ACC-1401,1870.43,2026-08-23 09:18:06.161838,False
TXN-4d4cf8e3,ACC-1598,ACC-1600,179.07,2026-08-23 09:22:06.161838,False
TXN-76d8705b,ACC-1597,ACC-1427,2072.81,2026-08-23 09:26:06.161838,False
TXN-45c77244,ACC-1632,ACC-1618,2753.4,2026-08-23 09:30:06.161838,False
TXN-ab7b35e8,ACC-1409,ACC-1954,3348.87,2026-08-23 09:34:06.161838,False
TXN-b8f28420,ACC-1053,ACC-1036,2219.77,2026-08-23 09:38:06.161838,False
TXN-1d7407ce,ACC-1408,ACC-1330,1070.61,2026-08-23 09:42:06.161838,False
TXN-42e81fce,ACC-1681,ACC-1662,3433.75,2026-08-23 09:46:06.161838,False
TXN-a2e2665a,ACC-1921,ACC-1140,2951.44,2026-08-23 09:50:06.161838,False
TXN-8b5f307c,ACC-1333,ACC-1414,1215.99,2026-08-23 09:54:06.161838,False
TXN-fb520a77,ACC-1303,ACC-1700,4596.41,2026-08-23 09:58:06.161838,False
TXN-e2848768,ACC-1436,ACC-1057,166446.54,2026-08-23 10:02:06.161838,True
TXN-7bcffea9,ACC-1707,ACC-1356,2573.18,2026-08-23 10:06:06.161838,False
TXN-89696be1,ACC-1889,ACC-1894,3576.35,2026-08-23 10:10:06.161838,False
TXN-49eda1e0,ACC-1862,ACC-1935,899.71,2026-08-23 10:14:06.161838,False
TXN-6d38bb0c,ACC-1787,ACC-1216,3727.73,2026-08-23 10:18:06.161838,False
TXN-441ba5da,ACC-1200,ACC-1137,1663.07,2026-08-23 10:22:06.161838,False
TXN-b0c55fb8,ACC-1753,ACC-1150,2711.99,2026-08-23 10:26:06.161838,False
TXN-00cd0ca0,ACC-1658,ACC-1791,4073.89,2026-08-23 10:30:06.161838,False
TXN-4250cfcb,ACC-1343,ACC-1654,1847.35,2026-08-23 10:34:06.161838,False
TXN-568a6ef6,ACC-1675,ACC-1576,1843.6,2026-08-23 10:38:06.161838,False
TXN-bc244e10,ACC-1132,ACC-1361,2809.44,2026-08-23 10:42:06.161838,False
TXN-0bfd414b,ACC-1743,ACC-1764,2637.86,2026-08-23 10:46:06.161838,False
TXN-411c35d2,ACC-1912,ACC-1302,3249.76,2026-08-23 10:50:06.161838,False
TXN-fa9e1722,ACC-1359,ACC-1511,1264.21,2026-08-23 10:54:06.161838,False
TXN-89d2bd45,ACC-1235,ACC-1331,4240.32,2026-08-23 10:58:06.161838,False
TXN-b609b874,ACC-1722,ACC-1640,1691.84,2026-08-23 11:02:06.161838,False
TXN-8af5b53a,ACC-1031,ACC-1829,2075.93,2026-08-23 11:06:06.161838,False
TXN-0b7a5169,ACC-1064,ACC-1705,4112.81,2026-08-23 11:10:06.161838,False
TXN-afba8ca2,ACC-1144,ACC-1905,1896.51,2026-08-23 11:14:06.161838,False
TXN-c5cd347b,ACC-1693,ACC-1477,222.88,2026-08-23 11:18:06.161838,False
TXN-eaec6388,ACC-1618,ACC-1739,2824.86,2026-08-23 11:22:06.161838,False
TXN-7cab3c6b,ACC-1292,ACC-1453,3814.94,2026-08-23 11:26:06.161838,False
TXN-435e627a,ACC-1519,ACC-1476,3780.94,2026-08-23 11:30:06.161838,False
TXN-427c3d3f,ACC-1961,ACC-1126,2729.83,2026-08-23 11:34:06.161838,False
TXN-5f4b7d5b,ACC-1015,ACC-1620,391.17,2026-08-23 11:38:06.161838,False
TXN-60aebdfc,ACC-1171,ACC-1931,4936.69,2026-08-23 11:42:06.161838,False
TXN-83b76be3,ACC-1070,ACC-1007,2736.94,2026-08-23 11:46:06.161838,False
TXN-60dd3958,ACC-1381,ACC-1644,759.32,2026-08-23 11:50:06.161838,False
TXN-03f8fdea,ACC-1244,ACC-1500,3746.49,2026-08-23 11:54:06.161838,False
TXN-08bc6342,ACC-1854,ACC-1796,2477.41,2026-08-23 11:58:06.161838,False
TXN-589262b4,ACC-1773,ACC-1538,519.13,2026-08-23 12:02:06.161838,False
TXN-8d3e341c,ACC-1125,ACC-1763,2454.71,2026-08-23 12:06:06.161838,False
TXN-7528b69d,ACC-1488,ACC-1163,2158.1,2026-08-23 12:10:06.161838,False
TXN-c402ccdf,ACC-1875,ACC-1325,1017.19,2026-08-23 12:14:06.161838,False
TXN-a30e9d6b,ACC-1683,ACC-1765,63074.61,2026-08-23 12:18:06.161838,True
TXN-e034658b,ACC-1513,ACC-1608,376.53,2026-08-23 12:22:06.161838,False
TXN-b7ae841d,ACC-1817,ACC-1849,1656.03,2026-08-23 12:26:06.161838,False
TXN-f1be1734,ACC-1999,ACC-1845,1187.48,2026-08-23 12:30:06.161838,False
TXN-f5cff676,ACC-1417,ACC-1586,2765.94,2026-08-23 12:34:06.161838,False
TXN-f632e992,ACC-1586,ACC-1201,682.51,2026-08-23 12:38:06.161838,False
TXN-f471f635,ACC-1732,ACC-1989,3222.35,2026-08-23 12:42:06.161838,False
TXN-11b638d0,ACC-1081,ACC-1682,4628.29,2026-08-23 12:46:06.161838,False
TXN-096d8ec1,ACC-1454,ACC-1239,268.89,2026-08-23 12:50:06.161838,False
TXN-f4924566,ACC-1817,ACC-1731,4975.61,2026-08-23 12:54:06.161838,False
TXN-ee96d301,ACC-1631,ACC-1643,2815.28,2026-08-23 12:58:06.161838,False
TXN-e63f7ae8,ACC-1436,ACC-1946,1146.9,2026-08-23 13:02:06.161838,False
TXN-799646f2,ACC-1271,ACC-1679,2069.59,2026-08-23 13:06:06.161838,False
TXN-0f8f0a08,ACC-1081,ACC-1092,2743.44,2026-08-23 13:10:06.161838,False
TXN-ba121c7a,ACC-1011,ACC-1560,2218.36,2026-08-23 13:14:06.161838,False
TXN-1f9c59ce,ACC-1366,ACC-1493,4973.52,2026-08-23 13:18:06.161838,False
TXN-db6c9644,ACC-1527,ACC-1454,3739.95,2026-08-23 13:22:06.161838,False
TXN-73d842a8,ACC-1458,ACC-1963,3451.99,2026-08-23 13:26:06.161838,False
TXN-03fca5f6,ACC-1791,ACC-1316,4201.19,2026-08-23 13:30:06.161838,False
TXN-b8313ccb,ACC-1162,ACC-1321,1968.47,2026-08-23 13:34:06.161838,False
TXN-7c5c55ab,ACC-1048,ACC-1397,670.24,2026-08-23 13:38:06.161838,False
TXN-6f08b439,ACC-1039,ACC-1595,2646.03,2026-08-23 13:42:06.161838,False
TXN-fb0fa9d5,ACC-1966,ACC-1171,2758.91,2026-08-23 13:46:06.161838,False
TXN-98ebd1b3,ACC-1483,ACC-1143,2774.3,2026-08-23 13:50:06.161838,False
TXN-f0ec1a9e,ACC-1307,ACC-1273,994.76,2026-08-23 13:54:06.161838,False
TXN-59a86c7f,ACC-1459,ACC-1532,4242.84,2026-08-23 13:58:06.161838,False
TXN-0f1cefd6,ACC-1589,ACC-1408,699.11,2026-08-23 14:02:06.161838,False
TXN-86dc4511,ACC-1732,ACC-1158,4398.55,2026-08-23 14:06:06.161838,False
TXN-61a906a7,ACC-1396,ACC-1080,2222.16,2026-08-23 14:10:06.161838,False
TXN-7f83f5b7,ACC-1749,ACC-1988,164515.07,2026-08-23 14:14:06.161838,True
TXN-8f1a24ad,ACC-1099,ACC-1054,532.57,2026-08-23 14:18:06.161838,False
TXN-237218d9,ACC-1281,ACC-1986,2005.63,2026-08-23 14:22:06.161838,False
TXN-2abbcc00,ACC-1455,ACC-1065,1370.48,2026-08-23 14:26:06.161838,False
TXN-cc1bd656,ACC-1747,ACC-1097,1743.14,2026-08-23 14:30:06.161838,False
TXN-f4ae7f56,ACC-1402,ACC-1808,1208.72,2026-08-23 14:34:06.161838,False
TXN-e861f1dd,ACC-1659,ACC-1848,3225.2,2026-08-23 14:38:06.161838,False
TXN-e51b7bea,ACC-1893,ACC-1236,4803.82,2026-08-23 14:42:06.161838,False
TXN-bbdfa662,ACC-1494,ACC-1221,3927.17,2026-08-23 14:46:06.161838,False
TXN-23b8ae89,ACC-1871,ACC-1804,1308.28,2026-08-23 14:50:06.161838,False
TXN-52f2920a,ACC-1787,ACC-1194,4659.27,2026-08-23 14:54:06.161838,False
TXN-22678408,ACC-1715,ACC-1238,2578.75,2026-08-23 14:58:06.161838,False
TXN-7c9cd3a3,ACC-1700,ACC-1048,3875.63,2026-08-23 15:02:06.161838,False
TXN-0e14dc84,ACC-1502,ACC-1000,1094.44,2026-08-23 15:06:06.161838,False
TXN-526719a2,ACC-1557,ACC-1495,804.23,2026-08-23 15:10:06.161838,False
TXN-f09f0835,ACC-1917,ACC-1074,4004.16,2026-08-23 15:14:06.161838,False
TXN-4dbfede9,ACC-1662,ACC-1513,846.1,2026-08-23 15:18:06.161838,False
TXN-8b0fd064,ACC-1466,ACC-1776,4843.92,2026-08-23 15:22:06.161838,False
TXN-523ca5d3,ACC-1201,ACC-1843,3369.85,2026-08-23 15:26:06.161838,False
TXN-20e561f5,ACC-1692,ACC-1176,3825.1,2026-08-23 15:30:06.161838,False
TXN-75ccf25c,ACC-1971,ACC-1577,3400.0,2026-08-23 15:34:06.161838,False
TXN-b06ac913,ACC-1783,ACC-1151,2377.66,2026-08-23 15:38:06.161838,False
TXN-5497e4cc,ACC-1946,ACC-1928,3963.14,2026-08-23 15:42:06.161838,False
TXN-f0434f7c,ACC-1264,ACC-1672,847.39,2026-08-23 15:46:06.161838,False
TXN-745b2ce3,ACC-1426,ACC-1586,374.78,2026-08-23 15:50:06.161838,False
TXN-e8a7fdff,ACC-1879,ACC-1746,127.6,2026-08-23 15:54:06.161838,False
TXN-9dc1b53f,ACC-1696,ACC-1122,4029.42,2026-08-23 15:58:06.161838,False
TXN-33653038,ACC-1956,ACC-1667,513.0,2026-08-23 16:02:06.161838,False
TXN-2426425b,ACC-1492,ACC-1689,1446.86,2026-08-23 16:06:06.161838,False
TXN-b18cd7d1,ACC-1623,ACC-1147,1479.9,2026-08-23 16:10:06.161838,False
TXN-c19c4df4,ACC-1194,ACC-1921,4473.97,2026-08-23 16:14:06.161838,False
TXN-8c4a87f6,ACC-1554,ACC-1240,1324.77,2026-08-23 16:18:06.161838,False
TXN-06f49621,ACC-1134,ACC-1132,1636.87,2026-08-23 16:22:06.161838,False
TXN-eccb6ce2,ACC-1208,ACC-1765,4332.12,2026-08-23 16:26:06.161838,False
TXN-e7e7efc9,ACC-1929,ACC-1434,1801.55,2026-08-23 16:30:06.161838,False
TXN-b3afa32d,ACC-1550,ACC-1994,407.71,2026-08-23 16:34:06.161838,False
TXN-950948bc,ACC-1208,ACC-1734,2485.28,2026-08-23 16:38:06.161838,False
TXN-5a66dbaf,ACC-1807,ACC-1822,4656.93,2026-08-23 16:42:06.161838,False
TXN-84e0a1ea,ACC-1082,ACC-1372,4738.29,2026-08-23 16:46:06.161838,False
TXN-cced5117,ACC-1548,ACC-1938,2299.65,2026-08-23 16:50:06.161838,False
TXN-c7678d71,ACC-1691,ACC-1849,2629.77,2026-08-23 16:54:06.161838,False
TXN-b85be88f,ACC-1157,ACC-1267,2523.59,2026-08-23 16:58:06.161838,False
TXN-d9b878d5,ACC-1455,ACC-1525,1726.33,2026-08-23 17:02:06.161838,False
TXN-aa6a8db0,ACC-1269,ACC-1355,2020.97,2026-08-23 17:06:06.161838,False
TXN-107c6f8f,ACC-1448,ACC-1425,585.4,2026-08-23 17:10:06.161838,False
TXN-4571065e,ACC-1672,ACC-1578,3859.18,2026-08-23 17:14:06.161838,False
TXN-5362467d,ACC-1250,ACC-1379,2059.4,2026-08-23 17:18:06.161838,False
TXN-ec44948c,ACC-1874,ACC-1614,4995.39,2026-08-23 17:22:06.161838,False
TXN-81020ce5,ACC-1586,ACC-1791,3344.31,2026-08-23 17:26:06.161838,False
TXN-b098ff84,ACC-1762,ACC-1109,4710.5,2026-08-23 17:30:06.161838,False
TXN-b17447b3,ACC-1069,ACC-1122,4482.42,2026-08-23 17:34:06.161838,False
TXN-f8429ee0,ACC-1180,ACC-1790,315.32,2026-08-23 17:38:06.161838,False
TXN-f6c2ce20,ACC-1347,ACC-1359,4835.9,2026-08-23 17:42:06.161838,False
TXN-5c98cb75,ACC-1043,ACC-1823,1389.26,2026-08-23 17:46:06.161838,False
TXN-7d3f9dc1,ACC-1374,ACC-1085,2269.4,2026-08-23 17:50:06.161838,False
TXN-18288d57,ACC-1288,ACC-1087,3317.72,2026-08-23 17:54:06.161838,False
TXN-a9c50520,ACC-1736,ACC-1475,4830.07,2026-08-23 17:58:06.161838,False
TXN-e6708700,ACC-1694,ACC-1217,2828.14,2026-08-23 18:02:06.161838,False
TXN-309f711b,ACC-1954,ACC-1758,4064.66,2026-08-23 18:06:06.161838,False
TXN-9806a3b4,ACC-1134,ACC-1259,2599.3,2026-08-23 18:10:06.161838,False
TXN-4a000d5c,ACC-1264,ACC-1928,1242.39,2026-08-23 18:14:06.161838,False
TXN-6e7c56d8,ACC-1721,ACC-1169,1144.32,2026-08-23 18:18:06.161838,False
TXN-bd8ef541,ACC-1456,ACC-1121,1799.98,2026-08-23 18:22:06.161838,False
TXN-01083707,ACC-1803,ACC-1126,90765.56,2026-08-23 18:26:06.161838,True
TXN-5d785dbd,ACC-1233,ACC-1378,3800.26,2026-08-23 18:30:06.161838,False
TXN-e39fa16f,ACC-1648,ACC-1028,147875.46,2026-08-23 18:34:06.161838,True
TXN-8bdde7f7,ACC-1208,ACC-1935,3861.02,2026-08-23 18:38:06.161838,False
TXN-e5576d61,ACC-1974,ACC-1422,2633.0,2026-08-23 18:42:06.161838,False
TXN-67cc5c06,ACC-1941,ACC-1595,1120.06,2026-08-23 18:46:06.161838,False
TXN-d9a0d46f,ACC-1929,ACC-1545,3006.44,2026-08-23 18:50:06.161838,False
TXN-77dd0581,ACC-1870,ACC-1718,1637.34,2026-08-23 18:54:06.161838,False
TXN-2f1001c2,ACC-1600,ACC-1347,1420.96,2026-08-23 18:58:06.161838,False
TXN-76d095de,ACC-1700,ACC-1503,1840.17,2026-08-23 19:02:06.161838,False
TXN-eef5deae,ACC-1852,ACC-1728,186398.13,2026-08-23 19:06:06.161838,True
TXN-efcfd171,ACC-1977,ACC-1478,4972.52,2026-08-23 19:10:06.161838,False
TXN-10532170,ACC-1053,ACC-1816,2272.36,2026-08-23 19:14:06.161838,False
TXN-f097ae0b,ACC-1129,ACC-1634,1248.57,2026-08-23 19:18:06.161838,False
TXN-c552293b,ACC-1449,ACC-1867,4425.06,2026-08-23 19:22:06.161838,False
TXN-1ba5e3ce,ACC-1764,ACC-1480,4391.39,2026-08-23 19:26:06.161838,False
TXN-40c6ec5d,ACC-1426,ACC-1092,1563.58,2026-08-23 19:30:06.161838,False
TXN-3d3b5391,ACC-1967,ACC-1371,1299.55,2026-08-23 19:34:06.161838,False
TXN-759467cf,ACC-1029,ACC-1565,3556.45,2026-08-23 19:38:06.161838,False
TXN-f269eee6,ACC-1211,ACC-1523,151134.16,2026-08-23 19:42:06.161838,True
TXN-27bd954e,ACC-1207,ACC-1481,2903.38,2026-08-23 19:46:06.161838,False
TXN-2ef6afe6,ACC-1797,ACC-1920,4974.63,2026-08-23 19:50:06.161838,False
TXN-770fe17a,ACC-1308,ACC-1144,2102.81,2026-08-23 19:54:06.161838,False
TXN-4c4eb867,ACC-1465,ACC-1259,149922.42,2026-08-23 19:58:06.161838,True
TXN-97e25817,ACC-1551,ACC-1799,343.87,2026-08-23 20:02:06.161838,False
TXN-1db109c3,ACC-1974,ACC-1022,2065.03,2026-08-23 20:06:06.161838,False
TXN-552c65a7,ACC-1414,ACC-1585,2434.33,2026-08-23 20:10:06.161838,False
TXN-0dbb8741,ACC-1584,ACC-1193,4747.11,2026-08-23 20:14:06.161838,False
TXN-77111883,ACC-1429,ACC-1226,3350.78,2026-08-23 20:18:06.161838,False
TXN-6afed4b5,ACC-1731,ACC-1754,4799.81,2026-08-23 20:22:06.161838,False
TXN-537b140e,ACC-1214,ACC-1836,205.65,2026-08-23 20:26:06.161838,False
TXN-091b83ee,ACC-1954,ACC-1513,443.52,2026-08-23 20:30:06.161838,False
TXN-38f5ea3c,ACC-1784,ACC-1229,4377.73,2026-08-23 20:34:06.161838,False
TXN-27e368c1,ACC-1102,ACC-1485,4888.97,2026-08-23 20:38:06.161838,False
TXN-61e5e557,ACC-1931,ACC-1931,88279.06,2026-08-23 20:42:06.161838,True
TXN-52b7a4f2,ACC-1493,ACC-1318,878.36,2026-08-23 20:46:06.161838,False
TXN-229a35d2,ACC-1737,ACC-1125,4984.26,2026-08-23 20:50:06.161838,False
TXN-988006fe,ACC-1399,ACC-1820,3864.47,2026-08-23 20:54:06.161838,False
TXN-fcf2b23f,ACC-1774,ACC-1767,4973.03,2026-08-23 20:58:06.161838,False
TXN-d564d317,ACC-1997,ACC-1972,3969.27,2026-08-23 21:02:06.161838,False
TXN-1c47e4e8,ACC-1658,ACC-1269,3268.53,2026-08-23 21:06:06.161838,False
TXN-99b908b4,ACC-1049,ACC-1878,2846.05,2026-08-23 21:10:06.161838,False
TXN-5c167cb6,ACC-1263,ACC-1505,3674.71,2026-08-23 21:14:06.161838,False
TXN-1c6a84a7,ACC-1255,ACC-1831,4864.22,2026-08-23 21:18:06.161838,False
TXN-3d0615ed,ACC-1367,ACC-1252,2606.32,2026-08-23 21:22:06.161838,False
TXN-695142ca,ACC-1832,ACC-1645,4081.06,2026-08-23 21:26:06.161838,False
TXN-041a6543,ACC-1007,ACC-1352,1263.84,2026-08-23 21:30:06.161838,False
TXN-d4695653,ACC-1486,ACC-1316,3333.8,2026-08-23 21:34:06.161838,False
TXN-39f221b8,ACC-1098,ACC-1302,1187.08,2026-08-23 21:38:06.161838,False
TXN-7faf239b,ACC-1530,ACC-1885,3264.72,2026-08-23 21:42:06.161838,False
TXN-f0e2f793,ACC-1261,ACC-1957,4404.75,2026-08-23 21:46:06.161838,False
TXN-e34c059d,ACC-1614,ACC-1191,1009.67,2026-08-23 21:50:06.161838,False
TXN-fbef3beb,ACC-1486,ACC-1902,2093.83,2026-08-23 21:54:06.161838,False
TXN-9bb86ade,ACC-1404,ACC-1777,2396.53,2026-08-23 21:58:06.161838,False
TXN-00f81cc3,ACC-1330,ACC-1260,3438.33,2026-08-23 22:02:06.161838,False
TXN-7b43068c,ACC-1800,ACC-1103,3363.72,2026-08-23 22:06:06.161838,False
TXN-36902adc,ACC-1945,ACC-1845,4742.92,2026-08-23 22:10:06.161838,False
TXN-99e7d48f,ACC-1816,ACC-1092,3585.8,2026-08-23 22:14:06.161838,False
TXN-96784041,ACC-1836,ACC-1358,3884.04,2026-08-23 22:18:06.161838,False
TXN-afc396c6,ACC-1905,ACC-1396,3999.13,2026-08-23 22:22:06.161838,False
TXN-e68a6cef,ACC-1789,ACC-1092,1398.08,2026-08-23 22:26:06.161838,False
TXN-d7eb07dc,ACC-1336,ACC-1767,1289.87,2026-08-23 22:30:06.161838,False
TXN-2b9de96b,ACC-1389,ACC-1322,3486.2,2026-08-23 22:34:06.161838,False
TXN-4a924388,ACC-1842,ACC-1531,3967.57,2026-08-23 22:38:06.161838,False
TXN-5fce212d,ACC-1062,ACC-1602,4284.69,2026-08-23 22:42:06.161838,False
TXN-f56d9f40,ACC-1418,ACC-1365,2584.06,2026-08-23 22:46:06.161838,False
TXN-09f8b845,ACC-1304,ACC-1652,2231.31,2026-08-23 22:50:06.161838,False
TXN-5bf71448,ACC-1115,ACC-1215,95430.85,2026-08-23 22:54:06.161838,True
TXN-aab19877,ACC-1070,ACC-1124,3646.83,2026-08-23 22:58:06.161838,False
TXN-6836f088,ACC-1942,ACC-1360,655.4,2026-08-23 23:02:06.161838,False
TXN-ef726e8f,ACC-1120,ACC-1745,1877.39,2026-08-23 23:06:06.161838,False
TXN-871374f7,ACC-1132,ACC-1234,3051.01,2026-08-23 23:10:06.161838,False
TXN-bf57e1d7,ACC-1689,ACC-1639,4803.52,2026-08-23 23:14:06.161838,False
TXN-b2deae8f,ACC-1830,ACC-1573,2793.82,2026-08-23 23:18:06.161838,False
TXN-456b402b,ACC-1574,ACC-1632,2641.72,2026-08-23 23:22:06.161838,False
TXN-e814ebd7,ACC-1502,ACC-1245,703.64,2026-08-23 23:26:06.161838,False
TXN-b2cba5b3,ACC-1837,ACC-1532,1930.32,2026-08-23 23:30:06.161838,False
TXN-b752bf4b,ACC-1061,ACC-1864,1418.31,2026-08-23 23:34:06.161838,False
TXN-9ffe2f1c,ACC-1562,ACC-1695,2863.44,2026-08-23 23:38:06.161838,False
TXN-6fb1d2c5,ACC-1209,ACC-1626,4229.02,2026-08-23 23:42:06.161838,False
TXN-18529124,ACC-1666,ACC-1299,2314.13,2026-08-23 23:46:06.161838,False
TXN-05e357c0,ACC-1282,ACC-1178,3506.8,2026-08-23 23:50:06.161838,False
TXN-e5a2b268,ACC-1792,ACC-1046,4115.7,2026-08-23 23:54:06.161838,False
TXN-155824a7,ACC-1052,ACC-1760,2446.18,2026-08-23 23:58:06.161838,False
TXN-7b28f7ba,ACC-1537,ACC-1332,4229.87,2026-08-24 00:02:06.161838,False
TXN-889f0422,ACC-1680,ACC-1203,1685.11,2026-08-24 00:06:06.161838,False
TXN-7249ec8e,ACC-1154,ACC-1652,821.76,2026-08-24 00:10:06.161838,False
TXN-6ed65cf0,ACC-1924,ACC-1066,1678.02,2026-08-24 00:14:06.161838,False
TXN-7ebc9978,ACC-1051,ACC-1127,694.26,2026-08-24 00:18:06.161838,False
TXN-a2db2c35,ACC-1206,ACC-1057,3586.09,2026-08-24 00:22:06.161838,False
TXN-7f4f9ae4,ACC-1957,ACC-1850,2710.4,2026-08-24 00:26:06.161838,False
TXN-b70e7eb2,ACC-1688,ACC-1257,4933.58,2026-08-24 00:30:06.161838,False
TXN-4ce7dcf8,ACC-1917,ACC-1593,3431.61,2026-08-24 00:34:06.161838,False
TXN-c5e9ae72,ACC-1235,ACC-1723,123113.92,2026-08-24 00:38:06.161838,True
TXN-2287c413,ACC-1797,ACC-1261,527.1,2026-08-24 00:42:06.161838,False
TXN-a7423d34,ACC-1303,ACC-1395,2872.67,2026-08-24 00:46:06.161838,False
TXN-d21d44bb,ACC-1997,ACC-1772,4837.88,2026-08-24 00:50:06.161838,False
TXN-be6399c5,ACC-1152,ACC-1278,3391.73,2026-08-24 00:54:06.161838,False
TXN-20765db4,ACC-1891,ACC-1196,3582.18,2026-08-24 00:58:06.161838,False
TXN-9f9145fc,ACC-1431,ACC-1119,234.36,2026-08-24 01:02:06.161838,False
TXN-971204e3,ACC-1094,ACC-1760,1622.22,2026-08-24 01:06:06.161838,False
TXN-5d545bdc,ACC-1427,ACC-1085,2999.72,2026-08-24 01:10:06.161838,False
TXN-3aa0829f,ACC-1773,ACC-1684,2416.51,2026-08-24 01:14:06.161838,False
TXN-eeb989c2,ACC-1345,ACC-1646,1706.62,2026-08-24 01:18:06.161838,False
TXN-efc6be56,ACC-1477,ACC-1258,1866.55,2026-08-24 01:22:06.161838,False
TXN-b0766a47,ACC-1757,ACC-1728,938.29,2026-08-24 01:26:06.161838,False
TXN-ff419ce9,ACC-1070,ACC-1453,1064.5,2026-08-24 01:30:06.161838,False
TXN-fad2db8c,ACC-1307,ACC-1840,198739.08,2026-08-24 01:34:06.161838,True
TXN-f9cd0f95,ACC-1093,ACC-1857,4302.04,2026-08-24 01:38:06.161838,False
TXN-d0e5f79b,ACC-1683,ACC-1947,2647.15,2026-08-24 01:42:06.161838,False
TXN-615ad78c,ACC-1618,ACC-1005,3112.94,2026-08-24 01:46:06.161838,False
TXN-37e916cb,ACC-1442,ACC-1977,1494.38,2026-08-24 01:50:06.161838,False
TXN-2084c043,ACC-1817,ACC-1790,1244.62,2026-08-24 01:54:06.161838,False
TXN-41acd056,ACC-1722,ACC-1810,3628.16,2026-08-24 01:58:06.161838,False
TXN-7f563308,ACC-1573,ACC-1273,3325.34,2026-08-24 02:02:06.161838,False
TXN-8e7078f0,ACC-1994,ACC-1485,1107.7,2026-08-24 02:06:06.161838,False
TXN-275364d7,ACC-1845,ACC-1238,3827.18,2026-08-24 02:10:06.161838,False
TXN-56b8afb4,ACC-1545,ACC-1057,3323.84,2026-08-24 02:14:06.161838,False
TXN-d1837e2a,ACC-1130,ACC-1865,988.02,2026-08-24 02:18:06.161838,False
TXN-4bd5e9dd,ACC-1363,ACC-1562,82757.51,2026-08-24 02:22:06.161838,True
TXN-89b58fd7,ACC-1804,ACC-1995,524.7,2026-08-24 02:26:06.161838,False
TXN-8f548002,ACC-1392,ACC-1597,4767.82,2026-08-24 02:30:06.161838,False
TXN-21610702,ACC-1974,ACC-1162,4129.94,2026-08-24 02:34:06.161838,False
TXN-77c70e65,ACC-1275,ACC-1539,1892.34,2026-08-24 02:38:06.161838,False
TXN-8aafc5b6,ACC-1557,ACC-1304,3040.92,2026-08-24 02:42:06.161838,False
TXN-74b5f06d,ACC-1401,ACC-1269,2555.17,2026-08-24 02:46:06.161838,False
TXN-2f8b3049,ACC-1497,ACC-1808,4794.28,2026-08-24 02:50:06.161838,False
TXN-599b7a4d,ACC-1303,ACC-1781,1263.03,2026-08-24 02:54:06.161838,False
TXN-06da3a8b,ACC-1182,ACC-1741,4439.59,2026-08-24 02:58:06.161838,False
TXN-38ae335e,ACC-1114,ACC-1341,4605.97,2026-08-24 03:02:06.161838,False
TXN-4a6636b0,ACC-1749,ACC-1761,2794.58,2026-08-24 03:06:06.161838,False
TXN-1be141ed,ACC-1221,ACC-1172,1495.15,2026-08-24 03:10:06.161838,False
TXN-1c19340c,ACC-1672,ACC-1007,648.67,2026-08-24 03:14:06.161838,False
TXN-44360d63,ACC-1233,ACC-1196,224.72,2026-08-24 03:18:06.161838,False
TXN-6cadf22d,ACC-1026,ACC-1465,2114.85,2026-08-24 03:22:06.161838,False
TXN-836c8011,ACC-1094,ACC-1007,807.01,2026-08-24 03:26:06.161838,False
TXN-79573182,ACC-1409,ACC-1294,3810.55,2026-08-24 03:30:06.161838,False
TXN-23c8697b,ACC-1582,ACC-1795,1144.33,2026-08-24 03:34:06.161838,False
TXN-05b5f081,ACC-1804,ACC-1717,3906.02,2026-08-24 03:38:06.161838,False
TXN-69787f3a,ACC-1966,ACC-1221,3465.8,2026-08-24 03:42:06.161838,False
TXN-703bfb33,ACC-1533,ACC-1603,2046.5,2026-08-24 03:46:06.161838,False
TXN-7bdfa04e,ACC-1828,ACC-1195,2340.04,2026-08-24 03:50:06.161838,False
TXN-295db01b,ACC-1403,ACC-1071,3592.87,2026-08-24 03:54:06.161838,False
TXN-12ce8e24,ACC-1348,ACC-1913,1310.2,2026-08-24 03:58:06.161838,False
TXN-50d6ee0a,ACC-1698,ACC-1242,3133.97,2026-08-24 04:02:06.161838,False
TXN-f318b843,ACC-1213,ACC-1655,3822.5,2026-08-24 04:06:06.161838,False
TXN-ec3f54eb,ACC-1300,ACC-1645,2705.29,2026-08-24 04:10:06.161838,False
TXN-ef65a5d7,ACC-1624,ACC-1857,4732.79,2026-08-24 04:14:06.161838,False
TXN-ab8d695b,ACC-1417,ACC-1598,4205.79,2026-08-24 04:18:06.161838,False
TXN-6abeadbb,ACC-1017,ACC-1130,1897.91,2026-08-24 04:22:06.161838,False
TXN-7fa2599b,ACC-1796,ACC-1840,4717.53,2026-08-24 04:26:06.161838,False
TXN-f499114f,ACC-1374,ACC-1642,163634.45,2026-08-24 04:30:06.161838,True
TXN-6ed18a0e,ACC-1471,ACC-1194,1534.68,2026-08-24 04:34:06.161838,False
TXN-22893e3e,ACC-1351,ACC-1522,304.08,2026-08-24 04:38:06.161838,False
TXN-d4d0794f,ACC-1948,ACC-1552,4197.28,2026-08-24 04:42:06.161838,False
TXN-64e8b92e,ACC-1527,ACC-1522,3449.73,2026-08-24 04:46:06.161838,False
TXN-94116012,ACC-1695,ACC-1742,1704.31,2026-08-24 04:50:06.161838,False
TXN-2ba979f1,ACC-1487,ACC-1559,4691.55,2026-08-24 04:54:06.161838,False
TXN-0b96ee94,ACC-1455,ACC-1907,1963.89,2026-08-24 04:58:06.161838,False
TXN-466e8c52,ACC-1261,ACC-1253,780.12,2026-08-24 05:02:06.161838,False
TXN-c5f6f85b,ACC-1777,ACC-1344,4071.58,2026-08-24 05:06:06.161838,False
TXN-acf396ca,ACC-1874,ACC-1674,2004.09,2026-08-24 05:10:06.161838,False
TXN-b301fa26,ACC-1883,ACC-1276,498.17,2026-08-24 05:14:06.161838,False
TXN-e15da554,ACC-1420,ACC-1361,4935.15,2026-08-24 05:18:06.161838,False
TXN-b5e24dcc,ACC-1651,ACC-1058,3738.06,2026-08-24 05:22:06.161838,False
TXN-d769f24d,ACC-1654,ACC-1216,326.22,2026-08-24 05:26:06.161838,False
TXN-0f274989,ACC-1054,ACC-1713,3322.92,2026-08-24 05:30:06.161838,False
TXN-2aeba095,ACC-1486,ACC-1697,2373.46,2026-08-24 05:34:06.161838,False
TXN-87e9e797,ACC-1502,ACC-1197,4830.76,2026-08-24 05:38:06.161838,False
TXN-ca041e6a,ACC-1958,ACC-1499,4219.99,2026-08-24 05:42:06.161838,False
TXN-19c4c943,ACC-1138,ACC-1554,2668.08,2026-08-24 05:46:06.161838,False
TXN-227c96c7,ACC-1059,ACC-1567,2124.07,2026-08-24 05:50:06.161838,False
TXN-639aba01,ACC-1440,ACC-1807,4122.11,2026-08-24 05:54:06.161838,False
TXN-6ac95fd6,ACC-1792,ACC-1946,2620.21,2026-08-24 05:58:06.161838,False
TXN-925e7609,ACC-1255,ACC-1517,4815.36,2026-08-24 06:02:06.161838,False
TXN-6fbab90a,ACC-1160,ACC-1044,779.68,2026-08-24 06:06:06.161838,False
TXN-c030df51,ACC-1818,ACC-1644,878.18,2026-08-24 06:10:06.161838,False
TXN-acea115a,ACC-1048,ACC-1568,1168.74,2026-08-24 06:14:06.161838,False
TXN-99bfa24d,ACC-1838,ACC-1774,551.34,2026-08-24 06:18:06.161838,False
TXN-cafc66a1,ACC-1328,ACC-1969,3708.2,2026-08-24 06:22:06.161838,False
TXN-da76e033,ACC-1071,ACC-1352,4274.1,2026-08-24 06:26:06.161838,False
TXN-7b6b15c2,ACC-1767,ACC-1326,4324.88,2026-08-24 06:30:06.161838,False
TXN-510a04c7,ACC-1564,ACC-1525,2304.74,2026-08-24 06:34:06.161838,False
TXN-dc562f69,ACC-1587,ACC-1575,871.91,2026-08-24 06:38:06.161838,False
TXN-92175364,ACC-1136,ACC-1965,4986.33,2026-08-24 06:42:06.161838,False
TXN-82978259,ACC-1714,ACC-1375,1149.78,2026-08-24 06:46:06.161838,False
TXN-7aee4229,ACC-1652,ACC-1485,2310.64,2026-08-24 06:50:06.161838,False
TXN-30adc8c6,ACC-1853,ACC-1094,2840.38,2026-08-24 06:54:06.161838,False
TXN-9ed95bc7,ACC-1163,ACC-1041,673.09,2026-08-24 06:58:06.161838,False
TXN-336f73f7,ACC-1591,ACC-1225,4910.73,2026-08-24 07:02:06.161838,False
TXN-16d9f15b,ACC-1646,ACC-1654,188.99,2026-08-24 07:06:06.161838,False
TXN-740fe869,ACC-1695,ACC-1728,1445.97,2026-08-24 07:10:06.161838,False
TXN-34686950,ACC-1034,ACC-1503,1189.1,2026-08-24 07:14:06.161838,False
TXN-257fc77b,ACC-1444,ACC-1492,144022.45,2026-08-24 07:18:06.161838,True
TXN-7f703699,ACC-1077,ACC-1011,3276.84,2026-08-24 07:22:06.161838,False
TXN-72b38118,ACC-1330,ACC-1910,2352.72,2026-08-24 07:26:06.161838,False
TXN-a755e9c5,ACC-1319,ACC-1207,2807.8,2026-08-24 07:30:06.161838,False
TXN-91c101a4,ACC-1399,ACC-1149,4600.83,2026-08-24 07:34:06.161838,False
TXN-9152463f,ACC-1658,ACC-1183,3153.48,2026-08-24 07:38:06.161838,False
TXN-cbb59993,ACC-1062,ACC-1130,1320.85,2026-08-24 07:42:06.161838,False
TXN-6de22b8f,ACC-1458,ACC-1979,174739.4,2026-08-24 07:46:06.161838,True
TXN-f984e5af,ACC-1046,ACC-1716,3606.65,2026-08-24 07:50:06.161838,False
TXN-89bb6ca9,ACC-1849,ACC-1716,2263.14,2026-08-24 07:54:06.161838,False
TXN-47857051,ACC-1096,ACC-1353,827.17,2026-08-24 07:58:06.161838,False
TXN-f65baae8,ACC-1244,ACC-1878,4906.5,2026-08-24 08:02:06.161838,False
TXN-9ee71dac,ACC-1984,ACC-1722,4350.32,2026-08-24 08:06:06.161838,False
TXN-824e03cc,ACC-1856,ACC-1731,111320.46,2026-08-24 08:10:06.161838,True
TXN-3b088418,ACC-1762,ACC-1468,476.06,2026-08-24 08:14:06.161838,False
TXN-6966a2c2,ACC-1645,ACC-1802,4342.43,2026-08-24 08:18:06.161838,False
TXN-6905ab3d,ACC-1100,ACC-1370,295.37,2026-08-24 08:22:06.161838,False
TXN-efb117af,ACC-1913,ACC-1163,1593.94,2026-08-24 08:26:06.161838,False
TXN-6088d302,ACC-1442,ACC-1655,4702.44,2026-08-24 08:30:06.161838,False
TXN-3ab75833,ACC-1293,ACC-1748,2297.75,2026-08-24 08:34:06.161838,False
TXN-5a124e41,ACC-1394,ACC-1037,1544.79,2026-08-24 08:38:06.161838,False
TXN-afbe6245,ACC-1954,ACC-1154,2560.81,2026-08-24 08:42:06.161838,False
TXN-f2c7228a,ACC-1628,ACC-1153,75871.34,2026-08-24 08:46:06.161838,True
TXN-e8f16a20,ACC-1663,ACC-1848,1738.92,2026-08-24 08:50:06.161838,False
TXN-b337f51e,ACC-1620,ACC-1293,3048.85,2026-08-24 08:54:06.161838,False
TXN-f2d605f0,ACC-1178,ACC-1193,2438.11,2026-08-24 08:58:06.161838,False
TXN-cdb91f0b,ACC-1821,ACC-1893,1361.94,2026-08-24 09:02:06.161838,False
TXN-b6c4b5f6,ACC-1324,ACC-1998,297.8,2026-08-24 09:06:06.161838,False
TXN-7ee66cad,ACC-1141,ACC-1438,1688.28,2026-08-24 09:10:06.161838,False
TXN-7adb1e7f,ACC-1084,ACC-1939,1884.78,2026-08-24 09:14:06.161838,False
TXN-ca22901d,ACC-1856,ACC-1655,2067.07,2026-08-24 09:18:06.161838,False
TXN-9b387903,ACC-1283,ACC-1199,2114.58,2026-08-24 09:22:06.161838,False
TXN-1374badc,ACC-1258,ACC-1125,86144.94,2026-08-24 09:26:06.161838,True
TXN-60da8acb,ACC-1815,ACC-1449,2799.68,2026-08-24 09:30:06.161838,False
TXN-4599ac91,ACC-1570,ACC-1532,1085.74,2026-08-24 09:34:06.161838,False
TXN-e825a7c9,ACC-1536,ACC-1097,2820.73,2026-08-24 09:38:06.161838,False
TXN-c0359d36,ACC-1471,ACC-1049,4756.43,2026-08-24 09:42:06.161838,False
TXN-61ae645f,ACC-1695,ACC-1473,2862.27,2026-08-24 09:46:06.161838,False
TXN-906de8fc,ACC-1850,ACC-1718,147.16,2026-08-24 09:50:06.161838,False
TXN-7f2b82b0,ACC-1415,ACC-1227,3431.71,2026-08-24 09:54:06.161838,False
TXN-4d6a54fb,ACC-1322,ACC-1927,3140.23,2026-08-24 09:58:06.161838,False
TXN-611ba2f6,ACC-1523,ACC-1707,4578.03,2026-08-24 10:02:06.161838,False
TXN-cce9f832,ACC-1086,ACC-1347,2610.74,2026-08-24 10:06:06.161838,False
TXN-3e255562,ACC-1606,ACC-1635,1844.81,2026-08-24 10:10:06.161838,False
TXN-75b85c92,ACC-1631,ACC-1044,3276.02,2026-08-24 10:14:06.161838,False
TXN-0c03f7fe,ACC-1541,ACC-1241,3173.41,2026-08-24 10:18:06.161838,False
TXN-00d60db9,ACC-1147,ACC-1729,4970.71,2026-08-24 10:22:06.161838,False
TXN-d99dea12,ACC-1546,ACC-1475,553.34,2026-08-24 10:26:06.161838,False
TXN-9d96190e,ACC-1070,ACC-1397,115977.12,2026-08-24 10:30:06.161838,True
TXN-e0a82d8a,ACC-1406,ACC-1877,3246.63,2026-08-24 10:34:06.161838,False
TXN-5cb3d861,ACC-1924,ACC-1038,453.3,2026-08-24 10:38:06.161838,False
TXN-43106878,ACC-1656,ACC-1333,605.69,2026-08-24 10:42:06.161838,False
TXN-f452b9ea,ACC-1494,ACC-1790,2768.83,2026-08-24 10:46:06.161838,False
TXN-e307eead,ACC-1163,ACC-1719,3347.0,2026-08-24 10:50:06.161838,False
TXN-c21b4185,ACC-1979,ACC-1513,2174.19,2026-08-24 10:54:06.161838,False
TXN-65661047,ACC-1654,ACC-1710,4592.95,2026-08-24 10:58:06.161838,False
TXN-f5ce68a5,ACC-1734,ACC-1319,1571.55,2026-08-24 11:02:06.161838,False
TXN-0bf1a970,ACC-1679,ACC-1140,2111.18,2026-08-24 11:06:06.161838,False
TXN-44516973,ACC-1262,ACC-1747,824.15,2026-08-24 11:10:06.161838,False
TXN-681fcf83,ACC-1683,ACC-1211,1284.38,2026-08-24 11:14:06.161838,False
TXN-6cf32678,ACC-1568,ACC-1505,3398.0,2026-08-24 11:18:06.161838,False
TXN-4e81e5d7,ACC-1905,ACC-1644,3431.19,2026-08-24 11:22:06.161838,False
TXN-fd2eec9f,ACC-1869,ACC-1847,433.38,2026-08-24 11:26:06.161838,False
TXN-b10754c2,ACC-1813,ACC-1405,4515.68,2026-08-24 11:30:06.161838,False
TXN-373efe82,ACC-1866,ACC-1896,4289.23,2026-08-24 11:34:06.161838,False
TXN-17ff265b,ACC-1136,ACC-1304,1986.55,2026-08-24 11:38:06.161838,False
TXN-83697f0f,ACC-1987,ACC-1308,3699.22,2026-08-24 11:42:06.161838,False
TXN-2366e8ff,ACC-1720,ACC-1665,1861.67,2026-08-24 11:46:06.161838,False
TXN-f2bab587,ACC-1392,ACC-1418,3478.74,2026-08-24 11:50:06.161838,False
TXN-c3e8211f,ACC-1654,ACC-1020,2565.41,2026-08-24 11:54:06.161838,False
TXN-0fea8af5,ACC-1456,ACC-1858,2047.32,2026-08-24 11:58:06.161838,False
TXN-776cce94,ACC-1732,ACC-1901,405.52,2026-08-24 12:02:06.161838,False
TXN-8c12e0d3,ACC-1031,ACC-1103,1804.55,2026-08-24 12:06:06.161838,False
TXN-75d7726f,ACC-1985,ACC-1925,3722.8,2026-08-24 12:10:06.161838,False
TXN-956e8c8f,ACC-1964,ACC-1712,1467.76,2026-08-24 12:14:06.161838,False
TXN-ae1c1540,ACC-1517,ACC-1833,252.11,2026-08-24 12:18:06.161838,False
TXN-9b702069,ACC-1699,ACC-1432,4251.26,2026-08-24 12:22:06.161838,False
TXN-65964c04,ACC-1176,ACC-1547,4496.48,2026-08-24 12:26:06.161838,False
TXN-058706fe,ACC-1850,ACC-1048,657.93,2026-08-24 12:30:06.161838,False
TXN-577b8996,ACC-1150,ACC-1431,154.46,2026-08-24 12:34:06.161838,False
TXN-c16d0db7,ACC-1811,ACC-1795,3874.27,2026-08-24 12:38:06.161838,False
TXN-dbd68b8b,ACC-1992,ACC-1753,1289.42,2026-08-24 12:42:06.161838,False
TXN-e06e67a8,ACC-1403,ACC-1796,4618.9,2026-08-24 12:46:06.161838,False
TXN-c7f26a97,ACC-1836,ACC-1750,4044.82,2026-08-24 12:50:06.161838,False
TXN-20af92d1,ACC-1017,ACC-1724,4509.03,2026-08-24 12:54:06.161838,False
TXN-18ce9253,ACC-1690,ACC-1920,128784.76,2026-08-24 12:58:06.161838,True
TXN-2ed3f8ea,ACC-1287,ACC-1234,3684.46,2026-08-24 13:02:06.161838,False
TXN-a7ed3723,ACC-1294,ACC-1554,114.12,2026-08-24 13:06:06.161838,False
TXN-3d9dffaa,ACC-1318,ACC-1026,2527.18,2026-08-24 13:10:06.161838,False
TXN-133e340f,ACC-1696,ACC-1362,308.09,2026-08-24 13:14:06.161838,False
TXN-7d2f6fb2,ACC-1147,ACC-1160,2446.98,2026-08-24 13:18:06.161838,False
TXN-6b757ad2,ACC-1097,ACC-1143,304.54,2026-08-24 13:22:06.161838,False
TXN-b82cfd5d,ACC-1204,ACC-1339,3761.52,2026-08-24 13:26:06.161838,False
TXN-6520ba29,ACC-1584,ACC-1218,1035.7,2026-08-24 13:30:06.161838,False
TXN-c4b017f5,ACC-1421,ACC-1071,2325.3,2026-08-24 13:34:06.161838,False
TXN-84f28396,ACC-1423,ACC-1136,3672.12,2026-08-24 13:38:06.161838,False
TXN-0d7d5c16,ACC-1159,ACC-1772,4886.47,2026-08-24 13:42:06.161838,False
TXN-985b4014,ACC-1815,ACC-1674,3152.1,2026-08-24 13:46:06.161838,False
TXN-3f12a892,ACC-1494,ACC-1392,1222.88,2026-08-24 13:50:06.161838,False
TXN-4a1c2031,ACC-1355,ACC-1366,2110.29,2026-08-24 13:54:06.161838,False
TXN-217d09a2,ACC-1546,ACC-1574,763.71,2026-08-24 13:58:06.161838,False
TXN-8c857b0d,ACC-1546,ACC-1148,2334.02,2026-08-24 14:02:06.161838,False
TXN-34cef35d,ACC-1368,ACC-1673,800.31,2026-08-24 14:06:06.161838,False
TXN-41b8887d,ACC-1773,ACC-1765,80824.9,2026-08-24 14:10:06.161838,True
TXN-579561f2,ACC-1196,ACC-1947,3984.68,2026-08-24 14:14:06.161838,False
TXN-c4a8ba39,ACC-1051,ACC-1426,1740.08,2026-08-24 14:18:06.161838,False
TXN-cf9a8c02,ACC-1995,ACC-1360,508.39,2026-08-24 14:22:06.161838,False
TXN-ba157089,ACC-1345,ACC-1832,4380.26,2026-08-24 14:26:06.161838,False
TXN-bf292db0,ACC-1226,ACC-1546,887.93,2026-08-24 14:30:06.161838,False
TXN-1ec1e668,ACC-1920,ACC-1851,611.64,2026-08-24 14:34:06.161838,False
TXN-962c4ec8,ACC-1035,ACC-1696,3206.02,2026-08-24 14:38:06.161838,False
TXN-8d54593a,ACC-1411,ACC-1231,3763.03,2026-08-24 14:42:06.161838,False
TXN-33480624,ACC-1072,ACC-1343,1765.75,2026-08-24 14:46:06.161838,False
TXN-3849258d,ACC-1180,ACC-1748,2180.34,2026-08-24 14:50:06.161838,False
TXN-d597f8e1,ACC-1109,ACC-1516,828.86,2026-08-24 14:54:06.161838,False
TXN-bda3d6a0,ACC-1216,ACC-1652,2590.31,2026-08-24 14:58:06.161838,False
TXN-a1ecc8b4,ACC-1843,ACC-1410,1756.69,2026-08-24 15:02:06.161838,False
TXN-66640585,ACC-1321,ACC-1000,128073.15,2026-08-24 15:06:06.161838,True
TXN-ef004390,ACC-1601,ACC-1843,4737.31,2026-08-24 15:10:06.161838,False
TXN-0313c81b,ACC-1818,ACC-1285,2101.36,2026-08-24 15:14:06.161838,False
TXN-fcfa909c,ACC-1075,ACC-1175,4426.33,2026-08-24 15:18:06.161838,False
TXN-4065cf6e,ACC-1085,ACC-1271,1155.58,2026-08-24 15:22:06.161838,False
TXN-74fc48e0,ACC-1045,ACC-1403,4541.49,2026-08-24 15:26:06.161838,False
TXN-726c4aa7,ACC-1277,ACC-1018,4569.3,2026-08-24 15:30:06.161838,False
TXN-c9ac25ff,ACC-1827,ACC-1193,2864.38,2026-08-24 15:34:06.161838,False
TXN-cf44a648,ACC-1106,ACC-1754,257.17,2026-08-24 15:38:06.161838,False
TXN-44bfd464,ACC-1402,ACC-1128,4250.02,2026-08-24 15:42:06.161838,False
TXN-5548d6cf,ACC-1352,ACC-1870,1607.39,2026-08-24 15:46:06.161838,False
TXN-0e866e6e,ACC-1484,ACC-1117,2653.31,2026-08-24 15:50:06.161838,False
TXN-8ce62867,ACC-1322,ACC-1620,1461.61,2026-08-24 15:54:06.161838,False
TXN-dda46827,ACC-1403,ACC-1473,4443.8,2026-08-24 15:58:06.161838,False
TXN-dc85c895,ACC-1461,ACC-1382,510.4,2026-08-24 16:02:06.161838,False
TXN-40ce8577,ACC-1725,ACC-1433,939.54,2026-08-24 16:06:06.161838,False
TXN-06e87d89,ACC-1788,ACC-1890,2631.69,2026-08-24 16:10:06.161838,False
TXN-f3be6eac,ACC-1446,ACC-1064,734.21,2026-08-24 16:14:06.161838,False
TXN-6edb94ec,ACC-1357,ACC-1972,3139.12,2026-08-24 16:18:06.161838,False
TXN-dbc3929f,ACC-1049,ACC-1449,2248.2,2026-08-24 16:22:06.161838,False
TXN-261235e8,ACC-1843,ACC-1030,2279.88,2026-08-24 16:26:06.161838,False
TXN-495d73b4,ACC-1607,ACC-1009,92935.17,2026-08-24 16:30:06.161838,True
TXN-62f0a9c5,ACC-1638,ACC-1545,2206.2,2026-08-24 16:34:06.161838,False
TXN-4052285e,ACC-1372,ACC-1042,2379.44,2026-08-24 16:38:06.161838,False
TXN-0cce9d5e,ACC-1549,ACC-1950,4472.82,2026-08-24 16:42:06.161838,False
TXN-aca769fe,ACC-1578,ACC-1398,586.18,2026-08-24 16:46:06.161838,False
TXN-1f09ed56,ACC-1190,ACC-1558,1293.23,2026-08-24 16:50:06.161838,False
TXN-3f99c312,ACC-1923,ACC-1168,3264.4,2026-08-24 16:54:06.161838,False
TXN-1c98148c,ACC-1894,ACC-1149,78091.91,2026-08-24 16:58:06.161838,True
TXN-404e3d44,ACC-1029,ACC-1777,1976.9,2026-08-24 17:02:06.161838,False
TXN-05f90e76,ACC-1543,ACC-1755,3164.39,2026-08-24 17:06:06.161838,False
TXN-aaf71150,ACC-1481,ACC-1656,3831.39,2026-08-24 17:10:06.161838,False
TXN-99901636,ACC-1204,ACC-1578,4312.85,2026-08-24 17:14:06.161838,False
TXN-3b2e9a14,ACC-1661,ACC-1909,1213.03,2026-08-24 17:18:06.161838,False
TXN-6d5753b5,ACC-1032,ACC-1244,784.71,2026-08-24 17:22:06.161838,False
TXN-11c5f4d3,ACC-1810,ACC-1611,3260.05,2026-08-24 17:26:06.161838,False
TXN-592e99dd,ACC-1873,ACC-1660,2273.5,2026-08-24 17:30:06.161838,False
TXN-101e864d,ACC-1593,ACC-1460,1832.51,2026-08-24 17:34:06.161838,False
TXN-f59ecd70,ACC-1975,ACC-1165,1095.18,2026-08-24 17:38:06.161838,False
TXN-b0fbce41,ACC-1525,ACC-1599,3564.16,2026-08-24 17:42:06.161838,False
TXN-659ceac6,ACC-1290,ACC-1084,169012.3,2026-08-24 17:46:06.161838,True
TXN-24e26ea0,ACC-1508,ACC-1647,4110.46,2026-08-24 17:50:06.161838,False
TXN-98d4432d,ACC-1078,ACC-1694,3198.77,2026-08-24 17:54:06.161838,False
TXN-3a70d437,ACC-1757,ACC-1714,957.82,2026-08-24 17:58:06.161838,False
TXN-24045f53,ACC-1095,ACC-1092,1660.37,2026-08-24 18:02:06.161838,False
TXN-0e97ae4a,ACC-1186,ACC-1936,162.19,2026-08-24 18:06:06.161838,False
TXN-c97f2927,ACC-1988,ACC-1524,1757.31,2026-08-24 18:10:06.161838,False
TXN-71364a67,ACC-1481,ACC-1102,2140.34,2026-08-24 18:14:06.161838,False
TXN-60b23a47,ACC-1079,ACC-1866,1728.93,2026-08-24 18:18:06.161838,False
TXN-fa87303c,ACC-1656,ACC-1406,4260.16,2026-08-24 18:22:06.161838,False
TXN-60d75a5e,ACC-1994,ACC-1409,4745.49,2026-08-24 18:26:06.161838,False
TXN-4f50adf3,ACC-1986,ACC-1446,1916.18,2026-08-24 18:30:06.161838,False
TXN-71283aff,ACC-1671,ACC-1730,4149.71,2026-08-24 18:34:06.161838,False
TXN-3f221549,ACC-1984,ACC-1290,1132.86,2026-08-24 18:38:06.161838,False
TXN-4169b42f,ACC-1978,ACC-1678,2025.77,2026-08-24 18:42:06.161838,False
TXN-6bc50654,ACC-1057,ACC-1620,2408.57,2026-08-24 18:46:06.161838,False
TXN-9b666581,ACC-1840,ACC-1320,4432.37,2026-08-24 18:50:06.161838,False
TXN-29fcd34c,ACC-1721,ACC-1319,330.51,2026-08-24 18:54:06.161838,False
TXN-3dafa549,ACC-1496,ACC-1873,96103.93,2026-08-24 18:58:06.161838,True
TXN-2b7ab692,ACC-1112,ACC-1374,612.74,2026-08-24 19:02:06.161838,False
TXN-5b3915c0,ACC-1234,ACC-1357,488.74,2026-08-24 19:06:06.161838,False
TXN-28225c94,ACC-1385,ACC-1894,3652.33,2026-08-24 19:10:06.161838,False
TXN-100d096b,ACC-1896,ACC-1282,4634.08,2026-08-24 19:14:06.161838,False
TXN-80d52f57,ACC-1006,ACC-1237,984.08,2026-08-24 19:18:06.161838,False
TXN-9b4d5dbb,ACC-1355,ACC-1846,1486.45,2026-08-24 19:22:06.161838,False
TXN-cf8e20c1,ACC-1436,ACC-1938,137120.31,2026-08-24 19:26:06.161838,True
TXN-c5241bff,ACC-1766,ACC-1465,1004.91,2026-08-24 19:30:06.161838,False
TXN-ccd664ea,ACC-1829,ACC-1028,265.3,2026-08-24 19:34:06.161838,False
TXN-8b47b721,ACC-1312,ACC-1356,912.72,2026-08-24 19:38:06.161838,False
TXN-079e9724,ACC-1136,ACC-1240,2621.22,2026-08-24 19:42:06.161838,False
TXN-4a65a4fb,ACC-1514,ACC-1852,1402.94,2026-08-24 19:46:06.161838,False
TXN-b0bc40b1,ACC-1404,ACC-1875,4600.77,2026-08-24 19:50:06.161838,False
TXN-a04ca16b,ACC-1974,ACC-1558,1297.77,2026-08-24 19:54:06.161838,False
TXN-d33e0eec,ACC-1332,ACC-1634,4535.63,2026-08-24 19:58:06.161838,False
TXN-9cff0340,ACC-1079,ACC-1059,3032.84,2026-08-24 20:02:06.161838,False
TXN-b0480bc3,ACC-1319,ACC-1245,3388.2,2026-08-24 20:06:06.161838,False
TXN-b8c1ccf8,ACC-1841,ACC-1543,2935.25,2026-08-24 20:10:06.161838,False
TXN-a68d57c7,ACC-1276,ACC-1745,1567.75,2026-08-24 20:14:06.161838,False
TXN-2bb836ab,ACC-1698,ACC-1570,2884.14,2026-08-24 20:18:06.161838,False
TXN-c21e3a4e,ACC-1034,ACC-1274,3520.56,2026-08-24 20:22:06.161838,False
TXN-c09c8f4c,ACC-1435,ACC-1000,3989.6,2026-08-24 20:26:06.161838,False
TXN-026a4a31,ACC-1667,ACC-1917,4671.53,2026-08-24 20:30:06.161838,False
TXN-1857b688,ACC-1112,ACC-1126,4165.95,2026-08-24 20:34:06.161838,False
TXN-e7a38405,ACC-1935,ACC-1959,1825.17,2026-08-24 20:38:06.161838,False
TXN-ddfd3d6e,ACC-1955,ACC-1353,3274.71,2026-08-24 20:42:06.161838,False
TXN-13ce23ec,ACC-1586,ACC-1231,3160.54,2026-08-24 20:46:06.161838,False
TXN-84c3069e,ACC-1957,ACC-1384,637.69,2026-08-24 20:50:06.161838,False
TXN-6713aac3,ACC-1605,ACC-1116,2177.6,2026-08-24 20:54:06.161838,False
TXN-cc36ca39,ACC-1963,ACC-1482,2425.54,2026-08-24 20:58:06.161838,False
TXN-386e28b1,ACC-1576,ACC-1663,1065.94,2026-08-24 21:02:06.161838,False
TXN-da25f4b1,ACC-1821,ACC-1209,3881.08,2026-08-24 21:06:06.161838,False
TXN-f5f927b2,ACC-1315,ACC-1031,2462.88,2026-08-24 21:10:06.161838,False
TXN-ed69c871,ACC-1773,ACC-1659,4384.08,2026-08-24 21:14:06.161838,False
TXN-d0fa5f8e,ACC-1142,ACC-1635,4439.34,2026-08-24 21:18:06.161838,False
TXN-02721ad8,ACC-1495,ACC-1483,4086.29,2026-08-24 21:22:06.161838,False
TXN-4c453642,ACC-1708,ACC-1277,1092.38,2026-08-24 21:26:06.161838,False
TXN-b852051c,ACC-1594,ACC-1093,2382.09,2026-08-24 21:30:06.161838,False
TXN-65e3cbdf,ACC-1923,ACC-1603,4414.32,2026-08-24 21:34:06.161838,False
TXN-10c3ecc0,ACC-1798,ACC-1189,141175.05,2026-08-24 21:38:06.161838,True
TXN-53d766f1,ACC-1694,ACC-1839,3694.27,2026-08-24 21:42:06.161838,False
TXN-97b32144,ACC-1386,ACC-1350,3650.97,2026-08-24 21:46:06.161838,False
TXN-604406e1,ACC-1445,ACC-1603,4606.19,2026-08-24 21:50:06.161838,False
TXN-0815dc45,ACC-1051,ACC-1841,2864.02,2026-08-24 21:54:06.161838,False
TXN-0e459936,ACC-1868,ACC-1907,1734.68,2026-08-24 21:58:06.161838,False
TXN-c84039d9,ACC-1791,ACC-1855,3958.99,2026-08-24 22:02:06.161838,False
TXN-cde5b6df,ACC-1595,ACC-1596,2391.72,2026-08-24 22:06:06.161838,False
TXN-43f5c53f,ACC-1297,ACC-1770,3216.46,2026-08-24 22:10:06.161838,False
TXN-0501d395,ACC-1332,ACC-1743,3658.0,2026-08-24 22:14:06.161838,False
TXN-2ade1ef9,ACC-1012,ACC-1379,3138.28,2026-08-24 22:18:06.161838,False
TXN-6d9ead78,ACC-1762,ACC-1123,1382.05,2026-08-24 22:22:06.161838,False
TXN-8f1f325b,ACC-1492,ACC-1212,3186.54,2026-08-24 22:26:06.161838,False
TXN-37aceeae,ACC-1061,ACC-1025,514.9,2026-08-24 22:30:06.161838,False
TXN-3406ed0c,ACC-1769,ACC-1023,575.61,2026-08-24 22:34:06.161838,False
TXN-499e2034,ACC-1728,ACC-1062,1286.45,2026-08-24 22:38:06.161838,False
TXN-b0d9c7c1,ACC-1209,ACC-1501,2500.9,2026-08-24 22:42:06.161838,False
TXN-2580b57a,ACC-1068,ACC-1672,3638.07,2026-08-24 22:46:06.161838,False
TXN-5726d57b,ACC-1068,ACC-1626,2237.43,2026-08-24 22:50:06.161838,False
TXN-69fe8f60,ACC-1428,ACC-1948,430.65,2026-08-24 22:54:06.161838,False
TXN-193682cf,ACC-1852,ACC-1952,2197.83,2026-08-24 22:58:06.161838,False
TXN-6b796f7c,ACC-1830,ACC-1575,155998.57,2026-08-24 23:02:06.161838,True
TXN-fa6a2372,ACC-1831,ACC-1092,2527.95,2026-08-24 23:06:06.161838,False
TXN-ffc07403,ACC-1110,ACC-1277,2938.99,2026-08-24 23:10:06.161838,False
TXN-12e19705,ACC-1805,ACC-1743,4871.49,2026-08-24 23:14:06.161838,False
TXN-639c3d13,ACC-1945,ACC-1691,2488.95,2026-08-24 23:18:06.161838,False
TXN-32e6f040,ACC-1449,ACC-1778,3975.39,2026-08-24 23:22:06.161838,False
TXN-6a3f1add,ACC-1059,ACC-1115,186998.32,2026-08-24 23:26:06.161838,True
TXN-0e44f540,ACC-1607,ACC-1964,831.6,2026-08-24 23:30:06.161838,False
TXN-d5396350,ACC-1593,ACC-1205,631.55,2026-08-24 23:34:06.161838,False
TXN-f7f7db13,ACC-1733,ACC-1005,2797.81,2026-08-24 23:38:06.161838,False
TXN-7c542c5d,ACC-1806,ACC-1358,4254.68,2026-08-24 23:42:06.161838,False
TXN-6d577876,ACC-1223,ACC-1924,4726.47,2026-08-24 23:46:06.161838,False
TXN-1d54871e,ACC-1448,ACC-1468,2823.75,2026-08-24 23:50:06.161838,False
TXN-a912bd10,ACC-1988,ACC-1271,144.9,2026-08-24 23:54:06.161838,False
TXN-759f6e75,ACC-1126,ACC-1365,374.52,2026-08-24 23:58:06.161838,False
TXN-85448a0f,ACC-1868,ACC-1119,678.93,2026-08-25 00:02:06.161838,False
TXN-2bacf12b,ACC-1470,ACC-1128,1621.44,2026-08-25 00:06:06.161838,False
TXN-a65c38df,ACC-1028,ACC-1421,3397.97,2026-08-25 00:10:06.161838,False
TXN-49a47599,ACC-1856,ACC-1091,2251.59,2026-08-25 00:14:06.161838,False
TXN-cc5ae178,ACC-1083,ACC-1214,2562.02,2026-08-25 00:18:06.161838,False
TXN-0136dffc,ACC-1831,ACC-1099,1863.52,2026-08-25 00:22:06.161838,False
TXN-20f21176,ACC-1551,ACC-1002,171060.23,2026-08-25 00:26:06.161838,True
TXN-e2aa53cd,ACC-1224,ACC-1163,3950.11,2026-08-25 00:30:06.161838,False
TXN-f774be3f,ACC-1030,ACC-1008,3957.39,2026-08-25 00:34:06.161838,False
TXN-1aea5549,ACC-1332,ACC-1741,2845.64,2026-08-25 00:38:06.161838,False
TXN-1237795a,ACC-1393,ACC-1082,4317.3,2026-08-25 00:42:06.161838,False
TXN-ecb79089,ACC-1849,ACC-1244,4560.27,2026-08-25 00:46:06.161838,False
TXN-d078ba76,ACC-1951,ACC-1930,3656.6,2026-08-25 00:50:06.161838,False
TXN-c3384ad3,ACC-1281,ACC-1078,253.62,2026-08-25 00:54:06.161838,False
TXN-39f3e292,ACC-1425,ACC-1994,1890.05,2026-08-25 00:58:06.161838,False
TXN-0d047a09,ACC-1595,ACC-1571,1741.82,2026-08-25 01:02:06.161838,False
TXN-a9b4bd8b,ACC-1432,ACC-1071,2999.49,2026-08-25 01:06:06.161838,False
TXN-549d2435,ACC-1443,ACC-1806,1994.85,2026-08-25 01:10:06.161838,False
TXN-4440bc8e,ACC-1527,ACC-1672,2308.92,2026-08-25 01:14:06.161838,False
TXN-54924303,ACC-1358,ACC-1715,1167.79,2026-08-25 01:18:06.161838,False
TXN-fe5b793c,ACC-1584,ACC-1589,940.52,2026-08-25 01:22:06.161838,False
TXN-ff479cf8,ACC-1840,ACC-1408,1953.83,2026-08-25 01:26:06.161838,False
TXN-86a4d5d5,ACC-1589,ACC-1048,4044.63,2026-08-25 01:30:06.161838,False
TXN-ff7a49c1,ACC-1524,ACC-1989,3460.65,2026-08-25 01:34:06.161838,False
TXN-61922731,ACC-1332,ACC-1456,480.38,2026-08-25 01:38:06.161838,False
TXN-a9d75cf0,ACC-1718,ACC-1252,327.71,2026-08-25 01:42:06.161838,False
TXN-83ff947b,ACC-1331,ACC-1620,2347.44,2026-08-25 01:46:06.161838,False
TXN-21d7b91f,ACC-1165,ACC-1218,2949.84,2026-08-25 01:50:06.161838,False
TXN-46acec66,ACC-1622,ACC-1946,576.57,2026-08-25 01:54:06.161838,False
TXN-de47a399,ACC-1744,ACC-1579,3648.33,2026-08-25 01:58:06.161838,False
TXN-7c6424a9,ACC-1064,ACC-1950,1231.13,2026-08-25 02:02:06.161838,False
TXN-e81be6ea,ACC-1804,ACC-1941,3667.52,2026-08-25 02:06:06.161838,False
TXN-65c8d05b,ACC-1894,ACC-1058,2665.03,2026-08-25 02:10:06.161838,False
TXN-d4e027d6,ACC-1419,ACC-1691,3068.66,2026-08-25 02:14:06.161838,False
TXN-e76b5d51,ACC-1655,ACC-1119,2612.89,2026-08-25 02:18:06.161838,False
TXN-33a963e6,ACC-1699,ACC-1428,2684.88,2026-08-25 02:22:06.161838,False
TXN-f6223a07,ACC-1908,ACC-1316,4280.24,2026-08-25 02:26:06.161838,False
TXN-a819516e,ACC-1500,ACC-1035,4492.86,2026-08-25 02:30:06.161838,False
TXN-80d0e021,ACC-1131,ACC-1931,4272.93,2026-08-25 02:34:06.161838,False
TXN-7126af80,ACC-1168,ACC-1951,1986.82,2026-08-25 02:38:06.161838,False
TXN-95a01896,ACC-1757,ACC-1244,3822.14,2026-08-25 02:42:06.161838,False
TXN-849f465e,ACC-1254,ACC-1977,4179.78,2026-08-25 02:46:06.161838,False
TXN-c992708d,ACC-1994,ACC-1501,477.25,2026-08-25 02:50:06.161838,False
TXN-2c3d6974,ACC-1872,ACC-1637,1487.18,2026-08-25 02:54:06.161838,False
TXN-661bc422,ACC-1975,ACC-1532,2247.96,2026-08-25 02:58:06.161838,False
TXN-a2848049,ACC-1180,ACC-1210,2940.19,2026-08-25 03:02:06.161838,False
TXN-b2307a7d,ACC-1927,ACC-1652,2792.36,2026-08-25 03:06:06.161838,False
TXN-0d526e28,ACC-1964,ACC-1234,1745.08,2026-08-25 03:10:06.161838,False
TXN-7af82e18,ACC-1048,ACC-1392,149.48,2026-08-25 03:14:06.161838,False
TXN-becd42c5,ACC-1932,ACC-1082,3118.66,2026-08-25 03:18:06.161838,False
TXN-b22eceec,ACC-1158,ACC-1288,2150.29,2026-08-25 03:22:06.161838,False
TXN-293c271a,ACC-1067,ACC-1611,3642.96,2026-08-25 03:26:06.161838,False
TXN-4a29858d,ACC-1439,ACC-1438,1197.49,2026-08-25 03:30:06.161838,False
TXN-79d7fbb4,ACC-1742,ACC-1797,4302.29,2026-08-25 03:34:06.161838,False
TXN-eaef89ce,ACC-1707,ACC-1640,621.23,2026-08-25 03:38:06.161838,False
TXN-35d5e555,ACC-1360,ACC-1782,3664.05,2026-08-25 03:42:06.161838,False
TXN-94671b2b,ACC-1967,ACC-1005,3408.89,2026-08-25 03:46:06.161838,False
TXN-644842fe,ACC-1038,ACC-1268,2665.04,2026-08-25 03:50:06.161838,False
TXN-86d01ebe,ACC-1592,ACC-1757,1118.66,2026-08-25 03:54:06.161838,False
TXN-74063d47,ACC-1118,ACC-1488,3178.88,2026-08-25 03:58:06.161838,False
TXN-66118676,ACC-1049,ACC-1860,295.34,2026-08-25 04:02:06.161838,False
TXN-340310c4,ACC-1102,ACC-1490,852.51,2026-08-25 04:06:06.161838,False
TXN-c41f74bc,ACC-1206,ACC-1504,2756.77,2026-08-25 04:10:06.161838,False
TXN-cc244db1,ACC-1826,ACC-1843,3492.01,2026-08-25 04:14:06.161838,False
TXN-5f54295c,ACC-1425,ACC-1237,4256.33,2026-08-25 04:18:06.161838,False
TXN-fcad46c5,ACC-1923,ACC-1653,534.82,2026-08-25 04:22:06.161838,False
TXN-ddfcd2b4,ACC-1721,ACC-1849,4614.67,2026-08-25 04:26:06.161838,False
TXN-6cf79e2f,ACC-1255,ACC-1116,1319.35,2026-08-25 04:30:06.161838,False
TXN-394c3078,ACC-1811,ACC-1757,3422.26,2026-08-25 04:34:06.161838,False
TXN-3a1e89d0,ACC-1962,ACC-1014,2242.05,2026-08-25 04:38:06.161838,False
TXN-9e4f58bf,ACC-1709,ACC-1179,4475.63,2026-08-25 04:42:06.161838,False
TXN-654ea6a4,ACC-1237,ACC-1883,3916.29,2026-08-25 04:46:06.161838,False
TXN-571607fa,ACC-1833,ACC-1577,4347.53,2026-08-25 04:50:06.161838,False
TXN-4944995c,ACC-1579,ACC-1136,1693.61,2026-08-25 04:54:06.161838,False
TXN-915f2b12,ACC-1679,ACC-1466,3307.7,2026-08-25 04:58:06.161838,False
TXN-34c6fe47,ACC-1264,ACC-1496,1618.47,2026-08-25 05:02:06.161838,False
TXN-85bf6b67,ACC-1666,ACC-1376,4174.74,2026-08-25 05:06:06.161838,False
TXN-b7af466e,ACC-1039,ACC-1847,1411.25,2026-08-25 05:10:06.161838,False
TXN-54d18870,ACC-1977,ACC-1323,1498.38,2026-08-25 05:14:06.161838,False
TXN-8d70c926,ACC-1722,ACC-1036,820.8,2026-08-25 05:18:06.161838,False
TXN-57fe0f3b,ACC-1359,ACC-1233,1233.98,2026-08-25 05:22:06.161838,False
TXN-5b571968,ACC-1181,ACC-1816,172.77,2026-08-25 05:26:06.161838,False
TXN-7f43f3f3,ACC-1627,ACC-1005,2030.56,2026-08-25 05:30:06.161838,False
TXN-949f9b60,ACC-1286,ACC-1457,659.48,2026-08-25 05:34:06.161838,False
TXN-c4ecf34c,ACC-1159,ACC-1155,299.96,2026-08-25 05:38:06.161838,False
TXN-7bea8a51,ACC-1928,ACC-1808,3995.23,2026-08-25 05:42:06.161838,False
TXN-d07aab7c,ACC-1035,ACC-1245,3350.93,2026-08-25 05:46:06.161838,False
TXN-24456a94,ACC-1751,ACC-1121,1289.58,2026-08-25 05:50:06.161838,False
TXN-77a9593b,ACC-1066,ACC-1559,1039.76,2026-08-25 05:54:06.161838,False
TXN-58862b2c,ACC-1982,ACC-1080,437.47,2026-08-25 05:58:06.161838,False
TXN-96a436c6,ACC-1316,ACC-1810,809.56,2026-08-25 06:02:06.161838,False
TXN-74fce509,ACC-1915,ACC-1876,651.27,2026-08-25 06:06:06.161838,False
TXN-9d71559f,ACC-1197,ACC-1252,3640.14,2026-08-25 06:10:06.161838,False
TXN-6cb1c2e5,ACC-1095,ACC-1135,163366.21,2026-08-25 06:14:06.161838,True
TXN-bd85f6e2,ACC-1942,ACC-1861,1268.45,2026-08-25 06:18:06.161838,False
TXN-63c62e9e,ACC-1082,ACC-1930,3472.78,2026-08-25 06:22:06.161838,False
TXN-b07b0f2c,ACC-1954,ACC-1946,2623.99,2026-08-25 06:26:06.161838,False
TXN-7c59ca82,ACC-1857,ACC-1234,4617.89,2026-08-25 06:30:06.161838,False
TXN-159a2eb3,ACC-1494,ACC-1668,705.79,2026-08-25 06:34:06.161838,False
TXN-87488bdb,ACC-1219,ACC-1042,202.56,2026-08-25 06:38:06.161838,False
TXN-d0c782b8,ACC-1785,ACC-1656,1974.85,2026-08-25 06:42:06.161838,False
TXN-55daa699,ACC-1537,ACC-1270,3998.36,2026-08-25 06:46:06.161838,False
TXN-6a02f0be,ACC-1978,ACC-1484,178702.34,2026-08-25 06:50:06.161838,True
TXN-944ca032,ACC-1241,ACC-1705,259.48,2026-08-25 06:54:06.161838,False
TXN-99d9422a,ACC-1717,ACC-1039,4467.59,2026-08-25 06:58:06.161838,False
TXN-18398748,ACC-1951,ACC-1700,498.85,2026-08-25 07:02:06.161838,False
TXN-289da9c0,ACC-1860,ACC-1848,4327.47,2026-08-25 07:06:06.161838,False
TXN-da6b8adc,ACC-1211,ACC-1196,4700.92,2026-08-25 07:10:06.161838,False
TXN-4b8bb828,ACC-1056,ACC-1395,523.41,2026-08-25 07:14:06.161838,False
TXN-f2f03865,ACC-1133,ACC-1721,2558.82,2026-08-25 07:18:06.161838,False
TXN-ae747057,ACC-1984,ACC-1499,4507.11,2026-08-25 07:22:06.161838,False
TXN-2ae2a122,ACC-1993,ACC-1731,2818.58,2026-08-25 07:26:06.161838,False
TXN-b143e09b,ACC-1123,ACC-1756,184208.3,2026-08-25 07:30:06.161838,True
TXN-7e44edb4,ACC-1200,ACC-1197,1129.27,2026-08-25 07:34:06.161838,False
TXN-2adf3d05,ACC-1325,ACC-1516,3396.28,2026-08-25 07:38:06.161838,False
TXN-e8e76a0f,ACC-1017,ACC-1451,1566.12,2026-08-25 07:42:06.161838,False
TXN-5849e71c,ACC-1433,ACC-1228,3986.86,2026-08-25 07:46:06.161838,False
TXN-1ae6581a,ACC-1344,ACC-1662,3735.42,2026-08-25 07:50:06.161838,False
TXN-8fdd9e9e,ACC-1307,ACC-1459,2245.71,2026-08-25 07:54:06.161838,False
TXN-eb8ca469,ACC-1808,ACC-1894,2594.48,2026-08-25 07:58:06.161838,False
TXN-526e0a2c,ACC-1551,ACC-1153,1221.29,2026-08-25 08:02:06.161838,False
TXN-79b54d8a,ACC-1485,ACC-1944,2713.96,2026-08-25 08:06:06.161838,False
TXN-8e8fc412,ACC-1804,ACC-1676,1740.28,2026-08-25 08:10:06.161838,False
TXN-ffd1030f,ACC-1882,ACC-1976,2400.88,2026-08-25 08:14:06.161838,False
TXN-bed267a7,ACC-1589,ACC-1790,734.95,2026-08-25 08:18:06.161838,False
TXN-a7c75654,ACC-1259,ACC-1778,117.11,2026-08-25 08:22:06.161838,False
TXN-f52a9b81,ACC-1939,ACC-1882,463.99,2026-08-25 08:26:06.161838,False
TXN-b4755211,ACC-1052,ACC-1476,505.71,2026-08-25 08:30:06.161838,False
TXN-7ce6a8ac,ACC-1987,ACC-1563,2762.18,2026-08-25 08:34:06.161838,False
TXN-664e0450,ACC-1939,ACC-1218,4432.36,2026-08-25 08:38:06.161838,False
TXN-4a7e923e,ACC-1376,ACC-1176,1032.64,2026-08-25 08:42:06.161838,False
TXN-6056201c,ACC-1944,ACC-1065,351.64,2026-08-25 08:46:06.161838,False
TXN-7b8f188b,ACC-1849,ACC-1390,4830.94,2026-08-25 08:50:06.161838,False
TXN-10534721,ACC-1460,ACC-1299,1867.39,2026-08-25 08:54:06.161838,False
TXN-e6672859,ACC-1948,ACC-1609,993.95,2026-08-25 08:58:06.161838,False
TXN-ca2c7b40,ACC-1753,ACC-1119,175161.16,2026-08-25 09:02:06.161838,True
TXN-eefb13e9,ACC-1865,ACC-1344,485.09,2026-08-25 09:06:06.161838,False
TXN-5edec16b,ACC-1987,ACC-1837,2447.9,2026-08-25 09:10:06.161838,False
TXN-bac8bf0b,ACC-1193,ACC-1515,2152.74,2026-08-25 09:14:06.161838,False
TXN-8414dddb,ACC-1296,ACC-1136,1166.12,2026-08-25 09:18:06.161838,False
TXN-72dc3677,ACC-1282,ACC-1845,278.86,2026-08-25 09:22:06.161838,False
TXN-e1516df6,ACC-1081,ACC-1941,3261.35,2026-08-25 09:26:06.161838,False
TXN-6fb880a9,ACC-1761,ACC-1623,1606.68,2026-08-25 09:30:06.161838,False
TXN-be403d3d,ACC-1409,ACC-1519,3307.03,2026-08-25 09:34:06.161838,False
TXN-7ae59129,ACC-1850,ACC-1171,4242.32,2026-08-25 09:38:06.161838,False
TXN-6455c0a0,ACC-1889,ACC-1658,1794.31,2026-08-25 09:42:06.161838,False
TXN-7ffed0e4,ACC-1040,ACC-1143,4143.18,2026-08-25 09:46:06.161838,False
TXN-3980dded,ACC-1206,ACC-1582,4491.53,2026-08-25 09:50:06.161838,False
TXN-6dfb8f79,ACC-1038,ACC-1003,3248.2,2026-08-25 09:54:06.161838,False
TXN-9ad6f9cf,ACC-1349,ACC-1482,397.17,2026-08-25 09:58:06.161838,False
TXN-0a07d1e8,ACC-1506,ACC-1500,3970.84,2026-08-25 10:02:06.161838,False
TXN-568e912f,ACC-1622,ACC-1910,4621.8,2026-08-25 10:06:06.161838,False
TXN-9a5c9172,ACC-1737,ACC-1455,1042.23,2026-08-25 10:10:06.161838,False
TXN-bb5f04d8,ACC-1076,ACC-1863,1861.66,2026-08-25 10:14:06.161838,False
TXN-26b080f4,ACC-1920,ACC-1795,3690.35,2026-08-25 10:18:06.161838,False
TXN-7560b5b9,ACC-1661,ACC-1321,524.66,2026-08-25 10:22:06.161838,False
TXN-ba6cc615,ACC-1663,ACC-1165,2132.12,2026-08-25 10:26:06.161838,False
TXN-bef4fff6,ACC-1192,ACC-1859,1815.48,2026-08-25 10:30:06.161838,False
TXN-0c556c00,ACC-1158,ACC-1298,334.17,2026-08-25 10:34:06.161838,False
TXN-074936ef,ACC-1610,ACC-1464,1206.67,2026-08-25 10:38:06.161838,False
TXN-79e263c3,ACC-1752,ACC-1635,3262.73,2026-08-25 10:42:06.161838,False
TXN-45da2ce2,ACC-1034,ACC-1620,4757.79,2026-08-25 10:46:06.161838,False
TXN-2d6e44fc,ACC-1952,ACC-1082,3561.22,2026-08-25 10:50:06.161838,False
TXN-a862d8fd,ACC-1815,ACC-1484,4242.59,2026-08-25 10:54:06.161838,False
TXN-842fb8ce,ACC-1273,ACC-1041,1439.06,2026-08-25 10:58:06.161838,False
TXN-d0cc9281,ACC-1255,ACC-1675,4075.16,2026-08-25 11:02:06.161838,False
TXN-b50dd407,ACC-1086,ACC-1488,3405.93,2026-08-25 11:06:06.161838,False
TXN-5cf22113,ACC-1680,ACC-1828,1588.76,2026-08-25 11:10:06.161838,False
TXN-1a486a88,ACC-1537,ACC-1434,3337.43,2026-08-25 11:14:06.161838,False
TXN-cbda64ac,ACC-1158,ACC-1435,2467.53,2026-08-25 11:18:06.161838,False
TXN-7a504b48,ACC-1511,ACC-1905,4749.5,2026-08-25 11:22:06.161838,False
TXN-f4c2ca13,ACC-1330,ACC-1268,4149.04,2026-08-25 11:26:06.161838,False
TXN-56a5827b,ACC-1961,ACC-1286,4494.52,2026-08-25 11:30:06.161838,False
TXN-12faac81,ACC-1959,ACC-1727,4388.5,2026-08-25 11:34:06.161838,False
TXN-e2dab3ac,ACC-1309,ACC-1990,3285.46,2026-08-25 11:38:06.161838,False
TXN-84b9d2a4,ACC-1909,ACC-1335,4492.33,2026-08-25 11:42:06.161838,False
TXN-6c550a48,ACC-1276,ACC-1842,221.45,2026-08-25 11:46:06.161838,False
TXN-36c06396,ACC-1953,ACC-1467,1349.63,2026-08-25 11:50:06.161838,False
TXN-4019c394,ACC-1683,ACC-1346,1760.83,2026-08-25 11:54:06.161838,False
TXN-16a8de3e,ACC-1683,ACC-1182,134.23,2026-08-25 11:58:06.161838,False
TXN-1d6676b1,ACC-1008,ACC-1036,124.36,2026-08-25 12:02:06.161838,False
TXN-08ae7918,ACC-1873,ACC-1882,3286.65,2026-08-25 12:06:06.161838,False
TXN-20d4fae0,ACC-1157,ACC-1875,2593.15,2026-08-25 12:10:06.161838,False
TXN-80133414,ACC-1878,ACC-1805,364.89,2026-08-25 12:14:06.161838,False
TXN-971b2e44,ACC-1053,ACC-1690,1406.24,2026-08-25 12:18:06.161838,False
TXN-1eab07ef,ACC-1303,ACC-1372,1795.88,2026-08-25 12:22:06.161838,False
TXN-b6753eee,ACC-1010,ACC-1344,4734.61,2026-08-25 12:26:06.161838,False
TXN-42110354,ACC-1612,ACC-1761,1557.17,2026-08-25 12:30:06.161838,False
TXN-a3e9a8f9,ACC-1863,ACC-1527,2534.63,2026-08-25 12:34:06.161838,False
TXN-ac8d7fc9,ACC-1118,ACC-1355,4426.0,2026-08-25 12:38:06.161838,False
TXN-e0e143b5,ACC-1830,ACC-1753,4662.34,2026-08-25 12:42:06.161838,False
TXN-ff1e11c3,ACC-1159,ACC-1244,1355.86,2026-08-25 12:46:06.161838,False
TXN-0e50bc9b,ACC-1916,ACC-1565,4321.57,2026-08-25 12:50:06.161838,False
TXN-af4181cb,ACC-1208,ACC-1797,2377.54,2026-08-25 12:54:06.161838,False
TXN-44037241,ACC-1644,ACC-1688,2803.76,2026-08-25 12:58:06.161838,False
TXN-2e867298,ACC-1719,ACC-1129,4776.46,2026-08-25 13:02:06.161838,False
TXN-c2c8aab2,ACC-1805,ACC-1487,3636.82,2026-08-25 13:06:06.161838,False
TXN-23ce8f34,ACC-1333,ACC-1107,3078.68,2026-08-25 13:10:06.161838,False
TXN-afa358a6,ACC-1830,ACC-1023,2570.11,2026-08-25 13:14:06.161838,False
TXN-fa3e807f,ACC-1362,ACC-1509,2326.48,2026-08-25 13:18:06.161838,False
TXN-5e15eddd,ACC-1560,ACC-1645,1825.91,2026-08-25 13:22:06.161838,False
TXN-866e56b0,ACC-1696,ACC-1682,1898.74,2026-08-25 13:26:06.161838,False
TXN-36f8bd1b,ACC-1500,ACC-1316,1739.63,2026-08-25 13:30:06.161838,False
TXN-9d3c435e,ACC-1208,ACC-1916,638.64,2026-08-25 13:34:06.161838,False
TXN-13b1ea76,ACC-1481,ACC-1588,2510.8,2026-08-25 13:38:06.161838,False
TXN-af30382d,ACC-1005,ACC-1462,3323.86,2026-08-25 13:42:06.161838,False
TXN-367f5ff2,ACC-1150,ACC-1364,1860.36,2026-08-25 13:46:06.161838,False
TXN-7bdbdf52,ACC-1004,ACC-1759,4930.12,2026-08-25 13:50:06.161838,False
TXN-03e40043,ACC-1340,ACC-1674,3994.45,2026-08-25 13:54:06.161838,False
TXN-038972dd,ACC-1105,ACC-1318,1529.86,2026-08-25 13:58:06.161838,False
TXN-01747ed3,ACC-1080,ACC-1936,296.52,2026-08-25 14:02:06.161838,False
TXN-97590b6e,ACC-1454,ACC-1958,1260.92,2026-08-25 14:06:06.161838,False
TXN-0b46a193,ACC-1487,ACC-1382,4301.2,2026-08-25 14:10:06.161838,False
TXN-7bfd967a,ACC-1704,ACC-1107,541.65,2026-08-25 14:14:06.161838,False
TXN-fc50d41e,ACC-1142,ACC-1577,4879.98,2026-08-25 14:18:06.161838,False
TXN-f0e3ad39,ACC-1106,ACC-1815,1021.02,2026-08-25 14:22:06.161838,False
TXN-f934b632,ACC-1696,ACC-1932,607.5,2026-08-25 14:26:06.161838,False
TXN-b6634a49,ACC-1922,ACC-1075,146.52,2026-08-25 14:30:06.161838,False
TXN-d6027f6f,ACC-1413,ACC-1330,4085.35,2026-08-25 14:34:06.161838,False
TXN-54559355,ACC-1616,ACC-1038,546.23,2026-08-25 14:38:06.161838,False
TXN-f8fa32e9,ACC-1635,ACC-1830,132042.21,2026-08-25 14:42:06.161838,True
TXN-4b7965ba,ACC-1849,ACC-1892,1566.81,2026-08-25 14:46:06.161838,False
TXN-beda12af,ACC-1032,ACC-1384,4849.84,2026-08-25 14:50:06.161838,False
TXN-bd4c0317,ACC-1281,ACC-1034,2735.86,2026-08-25 14:54:06.161838,False
TXN-5e937aa9,ACC-1331,ACC-1679,1053.38,2026-08-25 14:58:06.161838,False
TXN-8707657b,ACC-1423,ACC-1589,4656.05,2026-08-25 15:02:06.161838,False
TXN-57bb195f,ACC-1429,ACC-1086,1831.05,2026-08-25 15:06:06.161838,False
TXN-16673cd0,ACC-1574,ACC-1655,1109.34,2026-08-25 15:10:06.161838,False
TXN-d33c8cb8,ACC-1651,ACC-1279,4273.23,2026-08-25 15:14:06.161838,False
TXN-509af89c,ACC-1211,ACC-1581,59739.94,2026-08-25 15:18:06.161838,True
TXN-f591d0ff,ACC-1484,ACC-1441,4109.23,2026-08-25 15:22:06.161838,False
TXN-9ad796c1,ACC-1693,ACC-1044,775.44,2026-08-25 15:26:06.161838,False
TXN-e50deb9e,ACC-1288,ACC-1968,3604.95,2026-08-25 15:30:06.161838,False
TXN-794b9ba9,ACC-1278,ACC-1557,2481.2,2026-08-25 15:34:06.161838,False
TXN-7c9cd9b3,ACC-1125,ACC-1885,1038.89,2026-08-25 15:38:06.161838,False
TXN-bb1fc74d,ACC-1919,ACC-1758,1307.88,2026-08-25 15:42:06.161838,False
TXN-ae8924de,ACC-1660,ACC-1691,209.61,2026-08-25 15:46:06.161838,False
TXN-60994c22,ACC-1199,ACC-1274,4760.19,2026-08-25 15:50:06.161838,False
TXN-187686f1,ACC-1304,ACC-1987,2229.69,2026-08-25 15:54:06.161838,False
TXN-6f56a438,ACC-1010,ACC-1677,2563.67,2026-08-25 15:58:06.161838,False
TXN-4d28bcd7,ACC-1950,ACC-1558,3255.79,2026-08-25 16:02:06.161838,False
TXN-64d896e6,ACC-1259,ACC-1653,3184.91,2026-08-25 16:06:06.161838,False
TXN-6967ad87,ACC-1543,ACC-1232,170438.2,2026-08-25 16:10:06.161838,True
TXN-04b9f9d3,ACC-1687,ACC-1916,4714.34,2026-08-25 16:14:06.161838,False
TXN-a921b088,ACC-1467,ACC-1138,2628.23,2026-08-25 16:18:06.161838,False
TXN-cb969876,ACC-1709,ACC-1027,393.18,2026-08-25 16:22:06.161838,False
TXN-a0dea7bc,ACC-1717,ACC-1073,2534.63,2026-08-25 16:26:06.161838,False
TXN-e8c2dbe9,ACC-1907,ACC-1899,965.86,2026-08-25 16:30:06.161838,False
TXN-9190c1e2,ACC-1708,ACC-1792,2259.81,2026-08-25 16:34:06.161838,False
TXN-d86b0b2d,ACC-1873,ACC-1483,3198.39,2026-08-25 16:38:06.161838,False
TXN-b753fddb,ACC-1739,ACC-1531,4933.21,2026-08-25 16:42:06.161838,False
TXN-16aca26c,ACC-1761,ACC-1158,2630.34,2026-08-25 16:46:06.161838,False
TXN-e391e549,ACC-1031,ACC-1900,4459.96,2026-08-25 16:50:06.161838,False
TXN-13b16861,ACC-1957,ACC-1830,973.21,2026-08-25 16:54:06.161838,False
TXN-1b52847e,ACC-1010,ACC-1092,2500.61,2026-08-25 16:58:06.161838,False
TXN-6eab8399,ACC-1093,ACC-1503,3908.45,2026-08-25 17:02:06.161838,False
TXN-c7d9b159,ACC-1776,ACC-1301,2125.48,2026-08-25 17:06:06.161838,False
TXN-1a9ae54f,ACC-1583,ACC-1903,2723.94,2026-08-25 17:10:06.161838,False
TXN-85540158,ACC-1301,ACC-1676,1109.36,2026-08-25 17:14:06.161838,False
TXN-1314dc0b,ACC-1634,ACC-1286,2511.07,2026-08-25 17:18:06.161838,False
TXN-ea816dde,ACC-1214,ACC-1428,3791.12,2026-08-25 17:22:06.161838,False
TXN-564c94ce,ACC-1367,ACC-1956,3361.42,2026-08-25 17:26:06.161838,False
TXN-b696d1f5,ACC-1632,ACC-1561,229.5,2026-08-25 17:30:06.161838,False
TXN-6d598305,ACC-1117,ACC-1947,2560.62,2026-08-25 17:34:06.161838,False
TXN-e69b2376,ACC-1990,ACC-1049,3830.5,2026-08-25 17:38:06.161838,False
TXN-dbcdffbe,ACC-1895,ACC-1354,2597.21,2026-08-25 17:42:06.161838,False
TXN-5e54e200,ACC-1584,ACC-1127,742.23,2026-08-25 17:46:06.161838,False
TXN-2cb193ba,ACC-1042,ACC-1594,3101.54,2026-08-25 17:50:06.161838,False
TXN-6c1d1158,ACC-1371,ACC-1317,1428.12,2026-08-25 17:54:06.161838,False
TXN-18b7b6e0,ACC-1037,ACC-1262,124.95,2026-08-25 17:58:06.161838,False
TXN-53a9e697,ACC-1496,ACC-1657,176.51,2026-08-25 18:02:06.161838,False
TXN-97fc96af,ACC-1550,ACC-1221,4711.03,2026-08-25 18:06:06.161838,False
TXN-cf61bc16,ACC-1543,ACC-1188,4918.27,2026-08-25 18:10:06.161838,False
TXN-fe56b514,ACC-1237,ACC-1481,154.41,2026-08-25 18:14:06.161838,False
TXN-5015be5e,ACC-1015,ACC-1716,1818.78,2026-08-25 18:18:06.161838,False
TXN-1a2e0a2a,ACC-1208,ACC-1995,137335.3,2026-08-25 18:22:06.161838,True
TXN-82ceb573,ACC-1338,ACC-1985,1544.62,2026-08-25 18:26:06.161838,False
TXN-0558a19a,ACC-1549,ACC-1625,64943.95,2026-08-25 18:30:06.161838,True
TXN-f05da3d1,ACC-1756,ACC-1271,3588.42,2026-08-25 18:34:06.161838,False
TXN-61caafbf,ACC-1390,ACC-1059,4565.04,2026-08-25 18:38:06.161838,False
TXN-94605ebd,ACC-1224,ACC-1919,219.55,2026-08-25 18:42:06.161838,False
TXN-8ace9372,ACC-1775,ACC-1988,1520.2,2026-08-25 18:46:06.161838,False
TXN-a7d95706,ACC-1000,ACC-1043,3769.01,2026-08-25 18:50:06.161838,False
TXN-277d7c54,ACC-1688,ACC-1827,3395.95,2026-08-25 18:54:06.161838,False
TXN-b59f693a,ACC-1088,ACC-1789,4892.49,2026-08-25 18:58:06.161838,False
TXN-c87a5c0b,ACC-1362,ACC-1409,3957.78,2026-08-25 19:02:06.161838,False
TXN-2f13384c,ACC-1236,ACC-1279,400.88,2026-08-25 19:06:06.161838,False
TXN-ca68f689,ACC-1162,ACC-1945,283.99,2026-08-25 19:10:06.161838,False
TXN-a284b7f2,ACC-1606,ACC-1922,2488.62,2026-08-25 19:14:06.161838,False
TXN-91f6429d,ACC-1860,ACC-1171,834.77,2026-08-25 19:18:06.161838,False
TXN-4ac37ef8,ACC-1433,ACC-1432,4504.79,2026-08-25 19:22:06.161838,False
TXN-6aaac2b1,ACC-1718,ACC-1176,2697.4,2026-08-25 19:26:06.161838,False
TXN-f9a97240,ACC-1489,ACC-1328,333.17,2026-08-25 19:30:06.161838,False
TXN-aa2b4580,ACC-1375,ACC-1170,76873.37,2026-08-25 19:34:06.161838,True
TXN-417507eb,ACC-1136,ACC-1237,1604.69,2026-08-25 19:38:06.161838,False
TXN-30fbd9ab,ACC-1471,ACC-1736,3481.08,2026-08-25 19:42:06.161838,False
TXN-ca0812e9,ACC-1819,ACC-1398,2692.33,2026-08-25 19:46:06.161838,False
TXN-890ee6ed,ACC-1475,ACC-1631,2500.3,2026-08-25 19:50:06.161838,False
TXN-752f36aa,ACC-1777,ACC-1825,576.13,2026-08-25 19:54:06.161838,False
TXN-bc157368,ACC-1951,ACC-1001,1542.94,2026-08-25 19:58:06.161838,False
TXN-d090df93,ACC-1921,ACC-1783,3175.18,2026-08-25 20:02:06.161838,False
TXN-d33479bd,ACC-1273,ACC-1706,4710.55,2026-08-25 20:06:06.161838,False
TXN-b4712ec8,ACC-1307,ACC-1093,3074.24,2026-08-25 20:10:06.161838,False
TXN-94e1f986,ACC-1233,ACC-1676,3171.32,2026-08-25 20:14:06.161838,False
TXN-d31ddef0,ACC-1480,ACC-1024,4131.96,2026-08-25 20:18:06.161838,False
TXN-5642967b,ACC-1345,ACC-1355,2191.95,2026-08-25 20:22:06.161838,False
TXN-c22d8c40,ACC-1532,ACC-1388,2668.73,2026-08-25 20:26:06.161838,False
TXN-1244d421,ACC-1089,ACC-1163,3385.58,2026-08-25 20:30:06.161838,False
TXN-3972d19e,ACC-1332,ACC-1797,1490.9,2026-08-25 20:34:06.161838,False
TXN-b6960c1a,ACC-1048,ACC-1937,2319.8,2026-08-25 20:38:06.161838,False
TXN-3d4085ce,ACC-1372,ACC-1617,4762.59,2026-08-25 20:42:06.161838,False
TXN-fe830578,ACC-1578,ACC-1284,2260.56,2026-08-25 20:46:06.161838,False
TXN-a8711fe1,ACC-1536,ACC-1055,3133.53,2026-08-25 20:50:06.161838,False
TXN-afaf3c80,ACC-1966,ACC-1679,970.36,2026-08-25 20:54:06.161838,False
TXN-2e215b9e,ACC-1342,ACC-1770,3680.65,2026-08-25 20:58:06.161838,False
TXN-9a59e75b,ACC-1185,ACC-1582,190.41,2026-08-25 21:02:06.161838,False
TXN-7d62a387,ACC-1298,ACC-1115,2442.87,2026-08-25 21:06:06.161838,False
TXN-795966c5,ACC-1768,ACC-1191,2089.58,2026-08-25 21:10:06.161838,False
TXN-3b7d5154,ACC-1987,ACC-1647,3486.95,2026-08-25 21:14:06.161838,False
TXN-c578c160,ACC-1221,ACC-1059,1014.64,2026-08-25 21:18:06.161838,False
TXN-4514d970,ACC-1847,ACC-1522,2478.14,2026-08-25 21:22:06.161838,False
TXN-07d615c0,ACC-1074,ACC-1994,4294.46,2026-08-25 21:26:06.161838,False
TXN-796f357c,ACC-1115,ACC-1230,2148.54,2026-08-25 21:30:06.161838,False
TXN-59c43327,ACC-1279,ACC-1876,4997.23,2026-08-25 21:34:06.161838,False
TXN-d9e71420,ACC-1075,ACC-1404,2707.24,2026-08-25 21:38:06.161838,False
TXN-ee88df4d,ACC-1425,ACC-1531,133114.71,2026-08-25 21:42:06.161838,True
TXN-9761e318,ACC-1249,ACC-1001,2164.58,2026-08-25 21:46:06.161838,False
TXN-770952ed,ACC-1464,ACC-1925,3168.86,2026-08-25 21:50:06.161838,False
TXN-1c57de10,ACC-1900,ACC-1223,4187.81,2026-08-25 21:54:06.161838,False
TXN-aa8cc482,ACC-1288,ACC-1497,4173.19,2026-08-25 21:58:06.161838,False
TXN-13c54aba,ACC-1976,ACC-1934,3785.36,2026-08-25 22:02:06.161838,False
TXN-55419208,ACC-1125,ACC-1546,4313.11,2026-08-25 22:06:06.161838,False
TXN-c2705098,ACC-1299,ACC-1932,3070.88,2026-08-25 22:10:06.161838,False
TXN-185f9ea2,ACC-1115,ACC-1168,1487.01,2026-08-25 22:14:06.161838,False
TXN-77eea8ec,ACC-1178,ACC-1650,690.23,2026-08-25 22:18:06.161838,False
TXN-8b32acf7,ACC-1878,ACC-1377,4298.91,2026-08-25 22:22:06.161838,False
TXN-f66ea3dd,ACC-1983,ACC-1017,172.85,2026-08-25 22:26:06.161838,False
TXN-cc8cca0b,ACC-1270,ACC-1881,361.55,2026-08-25 22:30:06.161838,False
TXN-b7763737,ACC-1721,ACC-1930,2567.98,2026-08-25 22:34:06.161838,False
TXN-56cad182,ACC-1502,ACC-1792,2094.66,2026-08-25 22:38:06.161838,False
TXN-a4662f1e,ACC-1776,ACC-1331,1282.78,2026-08-25 22:42:06.161838,False
TXN-f9eacbdb,ACC-1946,ACC-1725,2755.63,2026-08-25 22:46:06.161838,False
TXN-f087863f,ACC-1688,ACC-1890,4324.04,2026-08-25 22:50:06.161838,False
TXN-98e40f31,ACC-1889,ACC-1488,212.43,2026-08-25 22:54:06.161838,False
TXN-ad018eb0,ACC-1654,ACC-1974,138347.83,2026-08-25 22:58:06.161838,True
TXN-4d7f15f4,ACC-1144,ACC-1335,3722.45,2026-08-25 23:02:06.161838,False
TXN-ccf190c5,ACC-1010,ACC-1281,2424.03,2026-08-25 23:06:06.161838,False
TXN-ed008fb0,ACC-1823,ACC-1798,3196.7,2026-08-25 23:10:06.161838,False
TXN-301cd649,ACC-1006,ACC-1404,3336.17,2026-08-25 23:14:06.161838,False
TXN-2aa6306b,ACC-1515,ACC-1506,4079.26,2026-08-25 23:18:06.161838,False
TXN-4449c2be,ACC-1093,ACC-1511,2735.86,2026-08-25 23:22:06.161838,False
TXN-a3e4d233,ACC-1393,ACC-1695,1462.2,2026-08-25 23:26:06.161838,False
TXN-07e6703e,ACC-1644,ACC-1782,3973.63,2026-08-25 23:30:06.161838,False
TXN-11d0a776,ACC-1902,ACC-1181,4391.69,2026-08-25 23:34:06.161838,False
TXN-3fbdeb26,ACC-1976,ACC-1822,1103.36,2026-08-25 23:38:06.161838,False
TXN-608fad3d,ACC-1602,ACC-1525,987.42,2026-08-25 23:42:06.161838,False
TXN-339780bb,ACC-1060,ACC-1723,2224.48,2026-08-25 23:46:06.161838,False
TXN-2dee4947,ACC-1391,ACC-1591,1629.44,2026-08-25 23:50:06.161838,False
TXN-fda8ce9f,ACC-1220,ACC-1886,3926.12,2026-08-25 23:54:06.161838,False
TXN-5905a7fc,ACC-1233,ACC-1557,2946.98,2026-08-25 23:58:06.161838,False
TXN-ad1aa939,ACC-1762,ACC-1336,4622.79,2026-08-26 00:02:06.161838,False
TXN-6ff7758b,ACC-1501,ACC-1443,3160.23,2026-08-26 00:06:06.161838,False
TXN-3e6eced3,ACC-1366,ACC-1614,1946.9,2026-08-26 00:10:06.161838,False
TXN-37beb5bc,ACC-1478,ACC-1702,3388.78,2026-08-26 00:14:06.161838,False
TXN-eb297df6,ACC-1928,ACC-1067,2814.33,2026-08-26 00:18:06.161838,False
TXN-dfcd70f3,ACC-1018,ACC-1873,1925.88,2026-08-26 00:22:06.161838,False
TXN-913f22fe,ACC-1894,ACC-1740,4227.68,2026-08-26 00:26:06.161838,False
TXN-e0e73546,ACC-1251,ACC-1110,2009.4,2026-08-26 00:30:06.161838,False
TXN-3233a12a,ACC-1397,ACC-1041,80059.76,2026-08-26 00:34:06.161838,True
TXN-285bce87,ACC-1629,ACC-1906,3120.86,2026-08-26 00:38:06.161838,False
TXN-ee6c4069,ACC-1230,ACC-1355,3543.66,2026-08-26 00:42:06.161838,False
TXN-44a13c05,ACC-1667,ACC-1372,1243.43,2026-08-26 00:46:06.161838,False
TXN-b8c68b7d,ACC-1696,ACC-1594,879.5,2026-08-26 00:50:06.161838,False
TXN-e0153bff,ACC-1547,ACC-1074,4449.49,2026-08-26 00:54:06.161838,False
TXN-4e095290,ACC-1877,ACC-1243,1754.44,2026-08-26 00:58:06.161838,False
TXN-713309ac,ACC-1370,ACC-1322,1607.51,2026-08-26 01:02:06.161838,False
TXN-deb0c82b,ACC-1328,ACC-1246,138963.75,2026-08-26 01:06:06.161838,True
TXN-79eeed35,ACC-1788,ACC-1084,2142.05,2026-08-26 01:10:06.161838,False
TXN-1d46e7ec,ACC-1005,ACC-1584,526.48,2026-08-26 01:14:06.161838,False
TXN-16137fa0,ACC-1315,ACC-1951,2884.61,2026-08-26 01:18:06.161838,False
TXN-cf366357,ACC-1088,ACC-1220,3049.76,2026-08-26 01:22:06.161838,False
TXN-88aee0d1,ACC-1582,ACC-1802,3767.57,2026-08-26 01:26:06.161838,False
TXN-b6867bcf,ACC-1361,ACC-1180,3454.32,2026-08-26 01:30:06.161838,False
TXN-eaa44f32,ACC-1197,ACC-1879,3569.56,2026-08-26 01:34:06.161838,False
TXN-315dd273,ACC-1105,ACC-1564,111.56,2026-08-26 01:38:06.161838,False
TXN-b98b5b4e,ACC-1178,ACC-1468,3742.74,2026-08-26 01:42:06.161838,False
TXN-c3f66672,ACC-1690,ACC-1564,1196.57,2026-08-26 01:46:06.161838,False
TXN-a2ac64b5,ACC-1183,ACC-1819,1567.53,2026-08-26 01:50:06.161838,False
TXN-c0819e9c,ACC-1938,ACC-1188,4907.09,2026-08-26 01:54:06.161838,False
TXN-598e9c41,ACC-1623,ACC-1089,1614.05,2026-08-26 01:58:06.161838,False
TXN-7295954b,ACC-1135,ACC-1045,3548.05,2026-08-26 02:02:06.161838,False
TXN-a0080d5a,ACC-1940,ACC-1763,4029.57,2026-08-26 02:06:06.161838,False
TXN-4a529072,ACC-1453,ACC-1246,617.52,2026-08-26 02:10:06.161838,False
TXN-27cfd56d,ACC-1898,ACC-1564,3410.49,2026-08-26 02:14:06.161838,False
TXN-133d8000,ACC-1203,ACC-1065,1049.44,2026-08-26 02:18:06.161838,False
TXN-695b0166,ACC-1325,ACC-1914,4476.34,2026-08-26 02:22:06.161838,False
TXN-99dc7365,ACC-1955,ACC-1290,3170.48,2026-08-26 02:26:06.161838,False
TXN-5c1b6f3b,ACC-1927,ACC-1586,466.31,2026-08-26 02:30:06.161838,False
TXN-990af08f,ACC-1459,ACC-1309,3775.77,2026-08-26 02:34:06.161838,False
TXN-79328e6f,ACC-1502,ACC-1354,4795.33,2026-08-26 02:38:06.161838,False
TXN-b3f7f0a3,ACC-1201,ACC-1267,2439.09,2026-08-26 02:42:06.161838,False
TXN-1a5bcc38,ACC-1625,ACC-1053,4646.71,2026-08-26 02:46:06.161838,False
TXN-14a166c7,ACC-1184,ACC-1732,111364.83,2026-08-26 02:50:06.161838,True
TXN-3d61eb5a,ACC-1610,ACC-1454,642.91,2026-08-26 02:54:06.161838,False
TXN-5f4ec4a4,ACC-1019,ACC-1026,4160.39,2026-08-26 02:58:06.161838,False
TXN-e8170a44,ACC-1684,ACC-1107,3961.32,2026-08-26 03:02:06.161838,False
TXN-d4d86fc1,ACC-1425,ACC-1676,2404.18,2026-08-26 03:06:06.161838,False
TXN-df879dd5,ACC-1869,ACC-1288,3107.54,2026-08-26 03:10:06.161838,False
TXN-41c2042a,ACC-1602,ACC-1896,353.49,2026-08-26 03:14:06.161838,False
TXN-79bb8928,ACC-1900,ACC-1765,815.6,2026-08-26 03:18:06.161838,False
TXN-10a97fdc,ACC-1034,ACC-1307,4223.43,2026-08-26 03:22:06.161838,False
TXN-12efb2ac,ACC-1818,ACC-1318,4532.83,2026-08-26 03:26:06.161838,False
TXN-fd8bd733,ACC-1971,ACC-1760,2144.73,2026-08-26 03:30:06.161838,False
TXN-dad65aa4,ACC-1564,ACC-1082,1539.71,2026-08-26 03:34:06.161838,False
TXN-a0fab8b3,ACC-1400,ACC-1683,786.19,2026-08-26 03:38:06.161838,False
TXN-b0fdcc63,ACC-1966,ACC-1399,2350.41,2026-08-26 03:42:06.161838,False
TXN-03e74555,ACC-1599,ACC-1551,3645.11,2026-08-26 03:46:06.161838,False
TXN-7c4bd46d,ACC-1440,ACC-1330,2570.66,2026-08-26 03:50:06.161838,False
TXN-0e5b3505,ACC-1004,ACC-1890,726.79,2026-08-26 03:54:06.161838,False
TXN-469bb4b4,ACC-1654,ACC-1191,4196.51,2026-08-26 03:58:06.161838,False
TXN-280645fd,ACC-1354,ACC-1172,1761.95,2026-08-26 04:02:06.161838,False
TXN-bac35f60,ACC-1960,ACC-1767,4942.31,2026-08-26 04:06:06.161838,False
TXN-03fc275a,ACC-1562,ACC-1088,4889.25,2026-08-26 04:10:06.161838,False
TXN-1ba5ea82,ACC-1508,ACC-1342,1911.49,2026-08-26 04:14:06.161838,False
TXN-7060da94,ACC-1401,ACC-1364,303.31,2026-08-26 04:18:06.161838,False
TXN-86580373,ACC-1037,ACC-1515,3669.99,2026-08-26 04:22:06.161838,False
TXN-7db0bf90,ACC-1057,ACC-1961,234.55,2026-08-26 04:26:06.161838,False
TXN-a2bd17cf,ACC-1446,ACC-1443,1274.95,2026-08-26 04:30:06.161838,False
TXN-eeebce25,ACC-1790,ACC-1900,3687.23,2026-08-26 04:34:06.161838,False
TXN-e602fbd2,ACC-1120,ACC-1718,147465.17,2026-08-26 04:38:06.161838,True
TXN-ce9fc0e8,ACC-1464,ACC-1485,656.47,2026-08-26 04:42:06.161838,False
TXN-5174bf90,ACC-1829,ACC-1642,1350.18,2026-08-26 04:46:06.161838,False
TXN-832f0901,ACC-1539,ACC-1138,3327.71,2026-08-26 04:50:06.161838,False
TXN-6b52e6bd,ACC-1587,ACC-1814,1871.48,2026-08-26 04:54:06.161838,False
TXN-aa2f79d4,ACC-1934,ACC-1073,1451.9,2026-08-26 04:58:06.161838,False
TXN-c460ce0d,ACC-1864,ACC-1443,3618.49,2026-08-26 05:02:06.161838,False
TXN-1444e8b9,ACC-1562,ACC-1112,62834.61,2026-08-26 05:06:06.161838,True
TXN-60b75b2f,ACC-1135,ACC-1206,3927.73,2026-08-26 05:10:06.161838,False
TXN-a8b5e689,ACC-1106,ACC-1057,158.49,2026-08-26 05:14:06.161838,False
TXN-56c5b4b7,ACC-1129,ACC-1346,409.8,2026-08-26 05:18:06.161838,False
TXN-7ca40a04,ACC-1795,ACC-1845,839.63,2026-08-26 05:22:06.161838,False
TXN-e076690e,ACC-1959,ACC-1312,1124.95,2026-08-26 05:26:06.161838,False
TXN-e3625835,ACC-1202,ACC-1324,3956.86,2026-08-26 05:30:06.161838,False
TXN-decafe07,ACC-1212,ACC-1674,4306.37,2026-08-26 05:34:06.161838,False
TXN-65e9a577,ACC-1721,ACC-1021,1058.26,2026-08-26 05:38:06.161838,False
TXN-0b89d5e3,ACC-1032,ACC-1352,1028.29,2026-08-26 05:42:06.161838,False
TXN-90401cd4,ACC-1800,ACC-1565,1481.04,2026-08-26 05:46:06.161838,False
TXN-f29dc37f,ACC-1018,ACC-1071,427.11,2026-08-26 05:50:06.161838,False
TXN-9f490d28,ACC-1981,ACC-1003,1668.43,2026-08-26 05:54:06.161838,False
TXN-9b233a0d,ACC-1945,ACC-1438,3330.93,2026-08-26 05:58:06.161838,False
TXN-2f97160b,ACC-1886,ACC-1728,1338.34,2026-08-26 06:02:06.161838,False
TXN-ec449647,ACC-1631,ACC-1667,3056.37,2026-08-26 06:06:06.161838,False
TXN-c9faff6e,ACC-1771,ACC-1630,4497.4,2026-08-26 06:10:06.161838,False
TXN-972fc53f,ACC-1332,ACC-1283,1918.61,2026-08-26 06:14:06.161838,False
TXN-11c1c94a,ACC-1702,ACC-1273,1344.19,2026-08-26 06:18:06.161838,False
TXN-6c9f665e,ACC-1349,ACC-1126,3354.79,2026-08-26 06:22:06.161838,False
TXN-7b305819,ACC-1502,ACC-1969,3591.05,2026-08-26 06:26:06.161838,False
TXN-20846945,ACC-1688,ACC-1343,1511.93,2026-08-26 06:30:06.161838,False
TXN-304a699c,ACC-1846,ACC-1556,4981.06,2026-08-26 06:34:06.161838,False
TXN-420b53b9,ACC-1680,ACC-1982,1926.31,2026-08-26 06:38:06.161838,False
TXN-b202841f,ACC-1829,ACC-1802,587.51,2026-08-26 06:42:06.161838,False
TXN-3ac21ad8,ACC-1209,ACC-1924,4590.08,2026-08-26 06:46:06.161838,False
TXN-43250229,ACC-1797,ACC-1394,2155.99,2026-08-26 06:50:06.161838,False
TXN-f12e7bc9,ACC-1840,ACC-1236,1606.12,2026-08-26 06:54:06.161838,False
TXN-2b14c526,ACC-1966,ACC-1067,1782.46,2026-08-26 06:58:06.161838,False
TXN-df322631,ACC-1361,ACC-1094,2523.53,2026-08-26 07:02:06.161838,False
TXN-6a499b4c,ACC-1094,ACC-1256,135596.84,2026-08-26 07:06:06.161838,True
TXN-4efa6672,ACC-1088,ACC-1801,3472.74,2026-08-26 07:10:06.161838,False
TXN-d9b92cc9,ACC-1678,ACC-1606,4542.14,2026-08-26 07:14:06.161838,False
TXN-02dca2f9,ACC-1875,ACC-1974,3386.59,2026-08-26 07:18:06.161838,False
TXN-76b8ed86,ACC-1528,ACC-1432,3402.81,2026-08-26 07:22:06.161838,False
TXN-a50dad55,ACC-1431,ACC-1900,2745.77,2026-08-26 07:26:06.161838,False
TXN-1c13864f,ACC-1227,ACC-1273,3911.77,2026-08-26 07:30:06.161838,False
TXN-910a7376,ACC-1725,ACC-1690,1077.52,2026-08-26 07:34:06.161838,False
TXN-b2b0db17,ACC-1283,ACC-1802,1159.99,2026-08-26 07:38:06.161838,False
TXN-7c0b07ff,ACC-1677,ACC-1920,3024.66,2026-08-26 07:42:06.161838,False
TXN-9c2b0189,ACC-1397,ACC-1809,1544.24,2026-08-26 07:46:06.161838,False
TXN-8f439f94,ACC-1419,ACC-1599,3951.68,2026-08-26 07:50:06.161838,False
TXN-d190ce34,ACC-1221,ACC-1329,2605.05,2026-08-26 07:54:06.161838,False
TXN-5f27cc14,ACC-1353,ACC-1473,3653.98,2026-08-26 07:58:06.161838,False
TXN-45b53e07,ACC-1071,ACC-1748,3284.6,2026-08-26 08:02:06.161838,False
TXN-f1a0adb2,ACC-1515,ACC-1354,3400.87,2026-08-26 08:06:06.161838,False
TXN-e500a086,ACC-1685,ACC-1011,4077.87,2026-08-26 08:10:06.161838,False
TXN-0a69c042,ACC-1611,ACC-1056,1428.85,2026-08-26 08:14:06.161838,False
TXN-006b5237,ACC-1597,ACC-1506,2927.56,2026-08-26 08:18:06.161838,False
TXN-d94b3147,ACC-1371,ACC-1589,1647.8,2026-08-26 08:22:06.161838,False
TXN-05754022,ACC-1869,ACC-1484,1378.89,2026-08-26 08:26:06.161838,False
TXN-88637cc8,ACC-1023,ACC-1677,1869.0,2026-08-26 08:30:06.161838,False
TXN-a12087ba,ACC-1697,ACC-1565,522.61,2026-08-26 08:34:06.161838,False
TXN-e6ffcf11,ACC-1699,ACC-1472,4232.24,2026-08-26 08:38:06.161838,False
TXN-3729ecc1,ACC-1022,ACC-1119,2956.8,2026-08-26 08:42:06.161838,False
TXN-2d5476f4,ACC-1333,ACC-1681,143.47,2026-08-26 08:46:06.161838,False
TXN-af570404,ACC-1202,ACC-1149,4762.39,2026-08-26 08:50:06.161838,False
TXN-ae77a878,ACC-1882,ACC-1181,317.18,2026-08-26 08:54:06.161838,False
TXN-d5b2ddcd,ACC-1078,ACC-1081,149319.29,2026-08-26 08:58:06.161838,True
TXN-05cb72c8,ACC-1092,ACC-1218,648.2,2026-08-26 09:02:06.161838,False
TXN-80c30d79,ACC-1132,ACC-1779,4869.99,2026-08-26 09:06:06.161838,False
TXN-0fb8702d,ACC-1801,ACC-1527,1753.09,2026-08-26 09:10:06.161838,False
TXN-3d99b1da,ACC-1666,ACC-1906,74504.44,2026-08-26 09:14:06.161838,True
TXN-6eb784ef,ACC-1444,ACC-1380,3571.63,2026-08-26 09:18:06.161838,False
TXN-b61a4fee,ACC-1049,ACC-1131,849.24,2026-08-26 09:22:06.161838,False
TXN-76b80e7f,ACC-1453,ACC-1369,2489.29,2026-08-26 09:26:06.161838,False
TXN-8909cef5,ACC-1232,ACC-1192,4526.77,2026-08-26 09:30:06.161838,False
TXN-957f1b8d,ACC-1218,ACC-1152,2492.42,2026-08-26 09:34:06.161838,False
TXN-08179f04,ACC-1430,ACC-1138,4466.83,2026-08-26 09:38:06.161838,False
TXN-02e6c452,ACC-1846,ACC-1246,3533.84,2026-08-26 09:42:06.161838,False
TXN-c31e969f,ACC-1698,ACC-1670,2212.14,2026-08-26 09:46:06.161838,False
TXN-7c373542,ACC-1396,ACC-1097,3991.17,2026-08-26 09:50:06.161838,False
TXN-f04e65c7,ACC-1275,ACC-1569,1838.45,2026-08-26 09:54:06.161838,False
TXN-fb28571e,ACC-1420,ACC-1801,3309.47,2026-08-26 09:58:06.161838,False
TXN-b1f225f5,ACC-1404,ACC-1102,3453.24,2026-08-26 10:02:06.161838,False
TXN-7b3c88a9,ACC-1345,ACC-1724,1232.64,2026-08-26 10:06:06.161838,False
TXN-1e335d14,ACC-1044,ACC-1093,731.78,2026-08-26 10:10:06.161838,False
TXN-8038b01c,ACC-1008,ACC-1745,2969.33,2026-08-26 10:14:06.161838,False
TXN-a24e6f4c,ACC-1010,ACC-1715,1407.48,2026-08-26 10:18:06.161838,False
TXN-b3bb9750,ACC-1663,ACC-1754,2931.66,2026-08-26 10:22:06.161838,False
TXN-4c281528,ACC-1363,ACC-1643,4807.33,2026-08-26 10:26:06.161838,False
TXN-5cac18e9,ACC-1196,ACC-1229,4357.7,2026-08-26 10:30:06.161838,False
TXN-feaba507,ACC-1411,ACC-1807,1393.32,2026-08-26 10:34:06.161838,False
TXN-d40cb999,ACC-1739,ACC-1574,3953.88,2026-08-26 10:38:06.161838,False
TXN-52cd24c2,ACC-1011,ACC-1463,3897.95,2026-08-26 10:42:06.161838,False
TXN-c4e3c99d,ACC-1692,ACC-1067,2602.33,2026-08-26 10:46:06.161838,False
TXN-7dbb0417,ACC-1937,ACC-1320,1314.36,2026-08-26 10:50:06.161838,False
TXN-fc2d14b3,ACC-1146,ACC-1050,738.5,2026-08-26 10:54:06.161838,False
TXN-b4bdb78b,ACC-1655,ACC-1493,963.56,2026-08-26 10:58:06.161838,False
TXN-cef99fab,ACC-1064,ACC-1304,624.6,2026-08-26 11:02:06.161838,False
TXN-f3ce6125,ACC-1236,ACC-1602,1064.19,2026-08-26 11:06:06.161838,False
TXN-b4f22ad2,ACC-1452,ACC-1284,4480.37,2026-08-26 11:10:06.161838,False
TXN-9922c285,ACC-1860,ACC-1607,2114.19,2026-08-26 11:14:06.161838,False
TXN-4fbb54ec,ACC-1601,ACC-1996,4826.44,2026-08-26 11:18:06.161838,False
TXN-ed9cdecd,ACC-1578,ACC-1102,4884.36,2026-08-26 11:22:06.161838,False
TXN-6eb1ff25,ACC-1477,ACC-1803,1305.85,2026-08-26 11:26:06.161838,False
TXN-2091235f,ACC-1671,ACC-1995,3361.26,2026-08-26 11:30:06.161838,False
TXN-170b2141,ACC-1682,ACC-1920,2740.79,2026-08-26 11:34:06.161838,False
TXN-2c5d1593,ACC-1128,ACC-1775,1268.13,2026-08-26 11:38:06.161838,False
TXN-e8aab3ed,ACC-1540,ACC-1169,4286.36,2026-08-26 11:42:06.161838,False
TXN-19cee79c,ACC-1198,ACC-1779,816.09,2026-08-26 11:46:06.161838,False
TXN-e4faf13e,ACC-1283,ACC-1443,59438.93,2026-08-26 11:50:06.161838,True
TXN-d24b375f,ACC-1716,ACC-1997,1821.42,2026-08-26 11:54:06.161838,False
TXN-642e3047,ACC-1701,ACC-1377,4416.83,2026-08-26 11:58:06.161838,False
TXN-fe19649e,ACC-1186,ACC-1748,3446.79,2026-08-26 12:02:06.161838,False
TXN-44b7968a,ACC-1078,ACC-1556,301.87,2026-08-26 12:06:06.161838,False
TXN-848c37f7,ACC-1256,ACC-1703,2543.74,2026-08-26 12:10:06.161838,False
TXN-ed09c0e4,ACC-1694,ACC-1306,4533.79,2026-08-26 12:14:06.161838,False
TXN-1da73e23,ACC-1268,ACC-1560,4630.5,2026-08-26 12:18:06.161838,False
TXN-62c11777,ACC-1800,ACC-1072,2094.77,2026-08-26 12:22:06.161838,False
TXN-8538ae9b,ACC-1068,ACC-1553,1397.29,2026-08-26 12:26:06.161838,False
TXN-23eb5730,ACC-1382,ACC-1067,1013.15,2026-08-26 12:30:06.161838,False
TXN-51a7ad8a,ACC-1343,ACC-1294,398.84,2026-08-26 12:34:06.161838,False
TXN-7533c63b,ACC-1406,ACC-1941,2705.07,2026-08-26 12:38:06.161838,False
TXN-b6f5313f,ACC-1758,ACC-1952,936.64,2026-08-26 12:42:06.161838,False
TXN-b84f8d17,ACC-1953,ACC-1054,436.71,2026-08-26 12:46:06.161838,False
TXN-8b1e9f3a,ACC-1998,ACC-1943,2361.85,2026-08-26 12:50:06.161838,False
TXN-5248a2d6,ACC-1761,ACC-1707,378.23,2026-08-26 12:54:06.161838,False
TXN-1b754db2,ACC-1874,ACC-1379,278.87,2026-08-26 12:58:06.161838,False
TXN-0963a2b2,ACC-1430,ACC-1689,427.23,2026-08-26 13:02:06.161838,False
TXN-45473f67,ACC-1647,ACC-1466,3687.68,2026-08-26 13:06:06.161838,False
TXN-75b09227,ACC-1983,ACC-1632,4245.65,2026-08-26 13:10:06.161838,False
TXN-a746f4d6,ACC-1237,ACC-1980,4039.26,2026-08-26 13:14:06.161838,False
TXN-37e3d9c7,ACC-1752,ACC-1070,2727.65,2026-08-26 13:18:06.161838,False
TXN-79b17f5d,ACC-1742,ACC-1246,3220.51,2026-08-26 13:22:06.161838,False
TXN-f39d57ee,ACC-1072,ACC-1033,2838.88,2026-08-26 13:26:06.161838,False
TXN-cac520b6,ACC-1302,ACC-1916,3382.73,2026-08-26 13:30:06.161838,False
TXN-a0d90c00,ACC-1453,ACC-1287,2926.31,2026-08-26 13:34:06.161838,False
TXN-e9807aa9,ACC-1848,ACC-1586,4550.99,2026-08-26 13:38:06.161838,False
TXN-aedfc6ee,ACC-1409,ACC-1919,2277.94,2026-08-26 13:42:06.161838,False
TXN-8675387f,ACC-1989,ACC-1336,3239.46,2026-08-26 13:46:06.161838,False
TXN-5cdff595,ACC-1714,ACC-1227,4323.19,2026-08-26 13:50:06.161838,False
TXN-4004c58f,ACC-1198,ACC-1877,2757.02,2026-08-26 13:54:06.161838,False
TXN-3ac997cd,ACC-1318,ACC-1719,1787.39,2026-08-26 13:58:06.161838,False
TXN-e7d4b056,ACC-1035,ACC-1989,3888.35,2026-08-26 14:02:06.161838,False
TXN-62341f88,ACC-1158,ACC-1263,2554.3,2026-08-26 14:06:06.161838,False
TXN-33634aea,ACC-1729,ACC-1860,2155.87,2026-08-26 14:10:06.161838,False
TXN-c6857b65,ACC-1448,ACC-1889,817.04,2026-08-26 14:14:06.161838,False
TXN-2187509e,ACC-1763,ACC-1940,4445.81,2026-08-26 14:18:06.161838,False
TXN-a064bba9,ACC-1348,ACC-1776,3504.09,2026-08-26 14:22:06.161838,False
TXN-cca36eaf,ACC-1796,ACC-1428,3335.2,2026-08-26 14:26:06.161838,False
TXN-37f6a976,ACC-1941,ACC-1346,353.16,2026-08-26 14:30:06.161838,False
TXN-9c2f740f,ACC-1112,ACC-1995,3548.6,2026-08-26 14:34:06.161838,False
TXN-bfb827b8,ACC-1991,ACC-1578,2006.86,2026-08-26 14:38:06.161838,False
TXN-132646cc,ACC-1334,ACC-1161,176020.34,2026-08-26 14:42:06.161838,True
TXN-7974ae0a,ACC-1339,ACC-1210,1168.34,2026-08-26 14:46:06.161838,False
TXN-0a363358,ACC-1943,ACC-1508,3224.91,2026-08-26 14:50:06.161838,False
TXN-98519211,ACC-1260,ACC-1035,794.04,2026-08-26 14:54:06.161838,False
TXN-7f114288,ACC-1493,ACC-1115,4132.16,2026-08-26 14:58:06.161838,False
TXN-2fc47c86,ACC-1056,ACC-1718,4688.28,2026-08-26 15:02:06.161838,False
TXN-c70d9453,ACC-1400,ACC-1091,3251.75,2026-08-26 15:06:06.161838,False
TXN-c8889f99,ACC-1467,ACC-1537,3973.8,2026-08-26 15:10:06.161838,False
TXN-c21f1b3a,ACC-1122,ACC-1844,4911.49,2026-08-26 15:14:06.161838,False
TXN-3f66ad50,ACC-1784,ACC-1635,2034.65,2026-08-26 15:18:06.161838,False
TXN-5316239f,ACC-1221,ACC-1458,4943.12,2026-08-26 15:22:06.161838,False
TXN-5c8e2c0b,ACC-1294,ACC-1216,3380.7,2026-08-26 15:26:06.161838,False
TXN-3bc4c501,ACC-1438,ACC-1126,1042.69,2026-08-26 15:30:06.161838,False
TXN-44c4b106,ACC-1161,ACC-1632,520.9,2026-08-26 15:34:06.161838,False
TXN-fe91940c,ACC-1611,ACC-1854,1717.05,2026-08-26 15:38:06.161838,False
TXN-48ba2f79,ACC-1759,ACC-1837,4925.02,2026-08-26 15:42:06.161838,False
TXN-461ad14d,ACC-1378,ACC-1898,1633.16,2026-08-26 15:46:06.161838,False
TXN-712a1225,ACC-1786,ACC-1495,976.22,2026-08-26 15:50:06.161838,False
TXN-1cbb089e,ACC-1414,ACC-1943,4729.61,2026-08-26 15:54:06.161838,False
TXN-2f49e8e5,ACC-1121,ACC-1561,4600.93,2026-08-26 15:58:06.161838,False
TXN-2fcdec3a,ACC-1243,ACC-1560,4573.28,2026-08-26 16:02:06.161838,False
TXN-bafa3646,ACC-1646,ACC-1863,4720.12,2026-08-26 16:06:06.161838,False
TXN-47755c84,ACC-1541,ACC-1418,1050.02,2026-08-26 16:10:06.161838,False
TXN-ab4a3d0b,ACC-1566,ACC-1503,4932.51,2026-08-26 16:14:06.161838,False
TXN-8a32e69e,ACC-1518,ACC-1629,3371.94,2026-08-26 16:18:06.161838,False
TXN-be366539,ACC-1579,ACC-1131,915.75,2026-08-26 16:22:06.161838,False
TXN-abfa9c2a,ACC-1996,ACC-1430,941.17,2026-08-26 16:26:06.161838,False
TXN-a798ed69,ACC-1323,ACC-1417,4338.36,2026-08-26 16:30:06.161838,False
TXN-9e73733c,ACC-1775,ACC-1118,1117.22,2026-08-26 16:34:06.161838,False
TXN-4f0914c2,ACC-1191,ACC-1240,4465.83,2026-08-26 16:38:06.161838,False
TXN-14e1e794,ACC-1915,ACC-1161,3693.66,2026-08-26 16:42:06.161838,False
TXN-06c47a20,ACC-1432,ACC-1395,2821.67,2026-08-26 16:46:06.161838,False
TXN-dcdb1af1,ACC-1126,ACC-1397,2629.11,2026-08-26 16:50:06.161838,False
TXN-d98f227d,ACC-1529,ACC-1862,2613.28,2026-08-26 16:54:06.161838,False
TXN-65dc539e,ACC-1426,ACC-1874,2563.14,2026-08-26 16:58:06.161838,False
TXN-9e4b7ddf,ACC-1968,ACC-1635,4241.74,2026-08-26 17:02:06.161838,False
TXN-478b3b08,ACC-1910,ACC-1350,380.4,2026-08-26 17:06:06.161838,False
TXN-6383b7df,ACC-1350,ACC-1807,2557.32,2026-08-26 17:10:06.161838,False
TXN-2ca3f886,ACC-1480,ACC-1942,4054.17,2026-08-26 17:14:06.161838,False
TXN-58681d50,ACC-1983,ACC-1547,179.87,2026-08-26 17:18:06.161838,False
TXN-c960c5b1,ACC-1423,ACC-1335,887.42,2026-08-26 17:22:06.161838,False
TXN-69fd8f81,ACC-1115,ACC-1968,3596.88,2026-08-26 17:26:06.161838,False
TXN-e47c90d7,ACC-1620,ACC-1907,2469.53,2026-08-26 17:30:06.161838,False
TXN-5405f2a2,ACC-1193,ACC-1652,2757.32,2026-08-26 17:34:06.161838,False
TXN-12ded544,ACC-1732,ACC-1079,2544.75,2026-08-26 17:38:06.161838,False
TXN-a6c56ee3,ACC-1093,ACC-1848,4768.92,2026-08-26 17:42:06.161838,False
TXN-d1731739,ACC-1693,ACC-1025,1299.05,2026-08-26 17:46:06.161838,False
TXN-87edcfbe,ACC-1513,ACC-1949,1947.59,2026-08-26 17:50:06.161838,False
TXN-84f52410,ACC-1203,ACC-1634,3823.99,2026-08-26 17:54:06.161838,False
TXN-6b9c0038,ACC-1569,ACC-1085,2539.6,2026-08-26 17:58:06.161838,False
TXN-17187ebe,ACC-1150,ACC-1155,2149.96,2026-08-26 18:02:06.161838,False
TXN-7ccb79ed,ACC-1379,ACC-1191,2489.72,2026-08-26 18:06:06.161838,False
TXN-a59753ce,ACC-1564,ACC-1413,2473.84,2026-08-26 18:10:06.161838,False
TXN-f26e8a0d,ACC-1793,ACC-1750,2794.09,2026-08-26 18:14:06.161838,False
TXN-4c7a96c2,ACC-1733,ACC-1958,2597.05,2026-08-26 18:18:06.161838,False
TXN-ee075546,ACC-1353,ACC-1697,3522.56,2026-08-26 18:22:06.161838,False
TXN-7fbccedb,ACC-1411,ACC-1021,1374.78,2026-08-26 18:26:06.161838,False
TXN-fc893a8a,ACC-1261,ACC-1795,3484.34,2026-08-26 18:30:06.161838,False
TXN-0379a1d6,ACC-1713,ACC-1023,948.46,2026-08-26 18:34:06.161838,False
TXN-a6b057fe,ACC-1266,ACC-1957,579.64,2026-08-26 18:38:06.161838,False
TXN-3c047f2c,ACC-1916,ACC-1888,511.44,2026-08-26 18:42:06.161838,False
TXN-850cc3d8,ACC-1106,ACC-1917,3059.61,2026-08-26 18:46:06.161838,False
TXN-6634ba19,ACC-1967,ACC-1665,2461.22,2026-08-26 18:50:06.161838,False
TXN-3690f86b,ACC-1733,ACC-1121,4929.45,2026-08-26 18:54:06.161838,False
TXN-f0ee8977,ACC-1198,ACC-1130,3036.74,2026-08-26 18:58:06.161838,False
TXN-55393e41,ACC-1225,ACC-1558,3716.29,2026-08-26 19:02:06.161838,False
TXN-072d3619,ACC-1022,ACC-1424,4954.9,2026-08-26 19:06:06.161838,False
TXN-c30090f7,ACC-1826,ACC-1128,2073.94,2026-08-26 19:10:06.161838,False
TXN-74a22973,ACC-1547,ACC-1865,4596.01,2026-08-26 19:14:06.161838,False
TXN-feadc982,ACC-1057,ACC-1781,1971.53,2026-08-26 19:18:06.161838,False
TXN-dced85bf,ACC-1628,ACC-1897,4757.04,2026-08-26 19:22:06.161838,False
TXN-83ce683b,ACC-1937,ACC-1733,660.75,2026-08-26 19:26:06.161838,False
TXN-1f81fabc,ACC-1717,ACC-1514,4443.75,2026-08-26 19:30:06.161838,False
TXN-8d9ff8b4,ACC-1950,ACC-1562,1825.43,2026-08-26 19:34:06.161838,False
TXN-b72d93a8,ACC-1567,ACC-1954,381.95,2026-08-26 19:38:06.161838,False
TXN-8d7cfda3,ACC-1095,ACC-1796,4439.34,2026-08-26 19:42:06.161838,False
TXN-e89bd597,ACC-1497,ACC-1715,2717.6,2026-08-26 19:46:06.161838,False
TXN-e76c8f64,ACC-1457,ACC-1744,3411.99,2026-08-26 19:50:06.161838,False
TXN-3d7a8f65,ACC-1097,ACC-1426,3669.78,2026-08-26 19:54:06.161838,False
TXN-cfc58f62,ACC-1483,ACC-1406,2565.32,2026-08-26 19:58:06.161838,False
TXN-fc2dfbc9,ACC-1273,ACC-1759,894.05,2026-08-26 20:02:06.161838,False
TXN-a27729fd,ACC-1369,ACC-1430,1900.03,2026-08-26 20:06:06.161838,False
TXN-40a98302,ACC-1302,ACC-1689,2699.99,2026-08-26 20:10:06.161838,False
TXN-82fe06f7,ACC-1921,ACC-1836,4132.34,2026-08-26 20:14:06.161838,False
TXN-3e42dadd,ACC-1073,ACC-1553,4631.79,2026-08-26 20:18:06.161838,False
TXN-2b377ea2,ACC-1468,ACC-1799,2261.97,2026-08-26 20:22:06.161838,False
TXN-02efe3d0,ACC-1637,ACC-1766,1695.07,2026-08-26 20:26:06.161838,False
TXN-0570b9b0,ACC-1648,ACC-1952,1621.63,2026-08-26 20:30:06.161838,False
TXN-ce5f71ae,ACC-1161,ACC-1312,781.34,2026-08-26 20:34:06.161838,False
TXN-99d1ca9a,ACC-1800,ACC-1093,2598.12,2026-08-26 20:38:06.161838,False
TXN-43d09692,ACC-1381,ACC-1123,2443.36,2026-08-26 20:42:06.161838,False
TXN-88616392,ACC-1994,ACC-1615,498.85,2026-08-26 20:46:06.161838,False
TXN-d8701e8e,ACC-1515,ACC-1161,418.88,2026-08-26 20:50:06.161838,False
TXN-73146120,ACC-1100,ACC-1781,523.42,2026-08-26 20:54:06.161838,False
TXN-5d3c767c,ACC-1706,ACC-1117,528.06,2026-08-26 20:58:06.161838,False
TXN-9e8252bb,ACC-1346,ACC-1550,4228.22,2026-08-26 21:02:06.161838,False
TXN-c6748c6a,ACC-1357,ACC-1293,2333.4,2026-08-26 21:06:06.161838,False
TXN-7fff9523,ACC-1371,ACC-1198,1630.76,2026-08-26 21:10:06.161838,False
TXN-7cc1b8ad,ACC-1864,ACC-1848,2609.08,2026-08-26 21:14:06.161838,False
TXN-3c33540d,ACC-1076,ACC-1742,2342.21,2026-08-26 21:18:06.161838,False
TXN-80e440aa,ACC-1911,ACC-1288,1250.12,2026-08-26 21:22:06.161838,False
TXN-4acbd971,ACC-1256,ACC-1391,991.13,2026-08-26 21:26:06.161838,False
TXN-a3756b16,ACC-1089,ACC-1241,2446.48,2026-08-26 21:30:06.161838,False
TXN-6cedcd75,ACC-1214,ACC-1236,2386.12,2026-08-26 21:34:06.161838,False
TXN-8df98e4b,ACC-1079,ACC-1444,1953.67,2026-08-26 21:38:06.161838,False
TXN-7419b969,ACC-1660,ACC-1540,3988.48,2026-08-26 21:42:06.161838,False
TXN-7f1c4ad7,ACC-1703,ACC-1584,3882.06,2026-08-26 21:46:06.161838,False
TXN-6e4ed4de,ACC-1398,ACC-1192,1162.6,2026-08-26 21:50:06.161838,False
TXN-65965d81,ACC-1875,ACC-1110,4686.6,2026-08-26 21:54:06.161838,False
TXN-202dbfeb,ACC-1909,ACC-1497,447.52,2026-08-26 21:58:06.161838,False
TXN-f7786434,ACC-1212,ACC-1236,2351.02,2026-08-26 22:02:06.161838,False
TXN-f81c05f7,ACC-1550,ACC-1086,1813.48,2026-08-26 22:06:06.161838,False
TXN-23b4944f,ACC-1878,ACC-1050,3648.03,2026-08-26 22:10:06.161838,False
TXN-d1860216,ACC-1074,ACC-1041,1405.22,2026-08-26 22:14:06.161838,False
TXN-3f8c6731,ACC-1083,ACC-1812,1624.16,2026-08-26 22:18:06.161838,False
TXN-b0da50e3,ACC-1392,ACC-1161,1662.53,2026-08-26 22:22:06.161838,False
TXN-26c67f7a,ACC-1515,ACC-1213,1190.4,2026-08-26 22:26:06.161838,False
TXN-9988b766,ACC-1706,ACC-1563,2872.77,2026-08-26 22:30:06.161838,False
TXN-4bffbcc7,ACC-1058,ACC-1070,4778.31,2026-08-26 22:34:06.161838,False
TXN-167893c5,ACC-1918,ACC-1799,2380.24,2026-08-26 22:38:06.161838,False
TXN-63030baf,ACC-1448,ACC-1843,2354.42,2026-08-26 22:42:06.161838,False
TXN-bc3dc89f,ACC-1697,ACC-1172,2502.5,2026-08-26 22:46:06.161838,False
TXN-c7b0bbdb,ACC-1674,ACC-1245,4508.71,2026-08-26 22:50:06.161838,False
TXN-ee9b83cf,ACC-1810,ACC-1487,2871.0,2026-08-26 22:54:06.161838,False
TXN-f20e8b30,ACC-1567,ACC-1800,4020.9,2026-08-26 22:58:06.161838,False
TXN-cce0abc4,ACC-1557,ACC-1579,2850.73,2026-08-26 23:02:06.161838,False
TXN-9d2e8461,ACC-1166,ACC-1153,231.59,2026-08-26 23:06:06.161838,False
TXN-f7ed5c25,ACC-1307,ACC-1209,4106.4,2026-08-26 23:10:06.161838,False
TXN-88711c46,ACC-1278,ACC-1021,147.53,2026-08-26 23:14:06.161838,False
TXN-cbdec48e,ACC-1165,ACC-1487,66272.13,2026-08-26 23:18:06.161838,True
TXN-e63aa452,ACC-1813,ACC-1775,4522.85,2026-08-26 23:22:06.161838,False
TXN-cb53024e,ACC-1712,ACC-1802,1599.62,2026-08-26 23:26:06.161838,False
TXN-93930b96,ACC-1642,ACC-1825,4731.68,2026-08-26 23:30:06.161838,False
TXN-9cd822ae,ACC-1661,ACC-1151,919.25,2026-08-26 23:34:06.161838,False
TXN-efd001e3,ACC-1540,ACC-1381,1890.57,2026-08-26 23:38:06.161838,False
TXN-a1ec0a82,ACC-1504,ACC-1080,101.11,2026-08-26 23:42:06.161838,False
TXN-1c57d232,ACC-1367,ACC-1939,1368.49,2026-08-26 23:46:06.161838,False
TXN-d17d00eb,ACC-1929,ACC-1988,3285.13,2026-08-26 23:50:06.161838,False
TXN-fad6431a,ACC-1335,ACC-1364,4561.57,2026-08-26 23:54:06.161838,False
TXN-1ac5b923,ACC-1541,ACC-1309,2510.36,2026-08-26 23:58:06.161838,False
TXN-4bd169a1,ACC-1962,ACC-1035,3134.9,2026-08-27 00:02:06.161838,False
TXN-ad76d122,ACC-1324,ACC-1407,1063.04,2026-08-27 00:06:06.161838,False
TXN-4825b374,ACC-1173,ACC-1695,974.79,2026-08-27 00:10:06.161838,False
TXN-47f24af3,ACC-1231,ACC-1946,669.79,2026-08-27 00:14:06.161838,False
TXN-54a087a9,ACC-1245,ACC-1208,892.49,2026-08-27 00:18:06.161838,False
TXN-67656009,ACC-1616,ACC-1275,2812.24,2026-08-27 00:22:06.161838,False
TXN-db78e0c6,ACC-1741,ACC-1164,4916.22,2026-08-27 00:26:06.161838,False
TXN-6c22b4d1,ACC-1969,ACC-1980,1361.43,2026-08-27 00:30:06.161838,False
TXN-cfe38a1d,ACC-1005,ACC-1466,4221.95,2026-08-27 00:34:06.161838,False
TXN-83a7b548,ACC-1045,ACC-1682,4049.66,2026-08-27 00:38:06.161838,False
TXN-d4df0201,ACC-1095,ACC-1592,2232.64,2026-08-27 00:42:06.161838,False
TXN-4a7cb23b,ACC-1415,ACC-1272,3753.59,2026-08-27 00:46:06.161838,False
TXN-1e31a8f6,ACC-1246,ACC-1450,4067.98,2026-08-27 00:50:06.161838,False
TXN-4bdb90a2,ACC-1579,ACC-1227,2239.99,2026-08-27 00:54:06.161838,False
TXN-9b97106a,ACC-1407,ACC-1300,4207.41,2026-08-27 00:58:06.161838,False
TXN-8976bed2,ACC-1905,ACC-1943,77203.7,2026-08-27 01:02:06.161838,True
TXN-0afcd028,ACC-1747,ACC-1908,3191.72,2026-08-27 01:06:06.161838,False
TXN-0e381c8e,ACC-1388,ACC-1826,2974.58,2026-08-27 01:10:06.161838,False
TXN-099dd88d,ACC-1950,ACC-1234,4174.58,2026-08-27 01:14:06.161838,False
TXN-e959bc4e,ACC-1429,ACC-1796,2705.47,2026-08-27 01:18:06.161838,False
TXN-f3a30d51,ACC-1048,ACC-1166,2103.72,2026-08-27 01:22:06.161838,False
TXN-e2d6753f,ACC-1288,ACC-1731,140208.63,2026-08-27 01:26:06.161838,True
TXN-0497cda5,ACC-1527,ACC-1315,4231.27,2026-08-27 01:30:06.161838,False
TXN-94398df9,ACC-1780,ACC-1360,3452.83,2026-08-27 01:34:06.161838,False
TXN-9102e64b,ACC-1712,ACC-1303,513.6,2026-08-27 01:38:06.161838,False
TXN-03e501d5,ACC-1092,ACC-1256,3189.06,2026-08-27 01:42:06.161838,False
TXN-210c0197,ACC-1708,ACC-1696,2938.69,2026-08-27 01:46:06.161838,False
TXN-0c131f53,ACC-1210,ACC-1379,4782.68,2026-08-27 01:50:06.161838,False
TXN-91be5f51,ACC-1581,ACC-1015,994.11,2026-08-27 01:54:06.161838,False
TXN-0e2f8e40,ACC-1260,ACC-1349,2001.77,2026-08-27 01:58:06.161838,False
TXN-90366d6c,ACC-1718,ACC-1433,4544.13,2026-08-27 02:02:06.161838,False
TXN-1e2b3046,ACC-1048,ACC-1391,1220.5,2026-08-27 02:06:06.161838,False
TXN-925bca6c,ACC-1908,ACC-1391,3324.14,2026-08-27 02:10:06.161838,False
TXN-2a1f58ea,ACC-1770,ACC-1687,306.83,2026-08-27 02:14:06.161838,False
TXN-77a14593,ACC-1062,ACC-1756,2606.45,2026-08-27 02:18:06.161838,False
TXN-96db78b9,ACC-1973,ACC-1758,4739.57,2026-08-27 02:22:06.161838,False
TXN-2aaed832,ACC-1360,ACC-1319,56871.71,2026-08-27 02:26:06.161838,True
TXN-cdf26a67,ACC-1080,ACC-1858,1236.09,2026-08-27 02:30:06.161838,False
TXN-94c700ee,ACC-1365,ACC-1787,2536.93,2026-08-27 02:34:06.161838,False
TXN-27fc3062,ACC-1760,ACC-1476,4659.92,2026-08-27 02:38:06.161838,False
TXN-bc8dd164,ACC-1922,ACC-1778,4095.3,2026-08-27 02:42:06.161838,False
TXN-13754041,ACC-1384,ACC-1275,4810.53,2026-08-27 02:46:06.161838,False
TXN-be0e54c4,ACC-1094,ACC-1499,300.7,2026-08-27 02:50:06.161838,False
TXN-9b9cebf9,ACC-1515,ACC-1485,746.64,2026-08-27 02:54:06.161838,False
TXN-9f286174,ACC-1022,ACC-1655,4250.66,2026-08-27 02:58:06.161838,False
TXN-30162454,ACC-1727,ACC-1331,2410.45,2026-08-27 03:02:06.161838,False
TXN-bd35bb25,ACC-1047,ACC-1753,4761.1,2026-08-27 03:06:06.161838,False
TXN-ed09200c,ACC-1571,ACC-1263,2153.67,2026-08-27 03:10:06.161838,False
TXN-f0bf6c64,ACC-1181,ACC-1847,2274.84,2026-08-27 03:14:06.161838,False
TXN-a6bde5fb,ACC-1462,ACC-1093,334.52,2026-08-27 03:18:06.161838,False
TXN-227a70fe,ACC-1303,ACC-1956,93207.29,2026-08-27 03:22:06.161838,True
TXN-0b575c61,ACC-1237,ACC-1889,359.75,2026-08-27 03:26:06.161838,False
TXN-f7a6628f,ACC-1545,ACC-1283,86561.51,2026-08-27 03:30:06.161838,True
TXN-49b04f9a,ACC-1968,ACC-1272,1815.17,2026-08-27 03:34:06.161838,False
TXN-843b551c,ACC-1940,ACC-1851,124774.11,2026-08-27 03:38:06.161838,True
TXN-74e1b0d0,ACC-1094,ACC-1985,976.92,2026-08-27 03:42:06.161838,False
TXN-e44959b9,ACC-1313,ACC-1339,3659.22,2026-08-27 03:46:06.161838,False
TXN-f87bfa02,ACC-1666,ACC-1172,2800.94,2026-08-27 03:50:06.161838,False
TXN-ae756f89,ACC-1695,ACC-1169,3474.38,2026-08-27 03:54:06.161838,False
TXN-ca1d8262,ACC-1833,ACC-1709,1466.71,2026-08-27 03:58:06.161838,False
TXN-cce964a4,ACC-1528,ACC-1802,4150.85,2026-08-27 04:02:06.161838,False
TXN-e5652d7b,ACC-1636,ACC-1130,4855.77,2026-08-27 04:06:06.161838,False
TXN-0a6a71d0,ACC-1207,ACC-1495,2276.84,2026-08-27 04:10:06.161838,False
TXN-be4193c7,ACC-1095,ACC-1266,185.11,2026-08-27 04:14:06.161838,False
TXN-b7ff023d,ACC-1632,ACC-1129,2334.17,2026-08-27 04:18:06.161838,False
TXN-22dfb159,ACC-1002,ACC-1633,1323.83,2026-08-27 04:22:06.161838,False
TXN-093cd259,ACC-1567,ACC-1757,234.34,2026-08-27 04:26:06.161838,False
TXN-8facd408,ACC-1993,ACC-1833,2011.97,2026-08-27 04:30:06.161838,False
TXN-c7c36f84,ACC-1634,ACC-1813,2891.45,2026-08-27 04:34:06.161838,False
TXN-7f3f27fe,ACC-1315,ACC-1343,2163.24,2026-08-27 04:38:06.161838,False
TXN-d9e2caa0,ACC-1595,ACC-1952,155.29,2026-08-27 04:42:06.161838,False
TXN-5efbb04d,ACC-1711,ACC-1969,111305.71,2026-08-27 04:46:06.161838,True
TXN-707e3513,ACC-1862,ACC-1374,2537.53,2026-08-27 04:50:06.161838,False
TXN-56d52ea3,ACC-1382,ACC-1185,176671.17,2026-08-27 04:54:06.161838,True
TXN-1e5e2f3d,ACC-1807,ACC-1267,2590.16,2026-08-27 04:58:06.161838,False
TXN-edbd2d33,ACC-1337,ACC-1061,374.92,2026-08-27 05:02:06.161838,False
TXN-7c93f424,ACC-1925,ACC-1452,3403.62,2026-08-27 05:06:06.161838,False
TXN-8cf23c78,ACC-1690,ACC-1212,4686.9,2026-08-27 05:10:06.161838,False
TXN-0c7e0ce0,ACC-1838,ACC-1860,1209.58,2026-08-27 05:14:06.161838,False
TXN-d037d1c2,ACC-1541,ACC-1834,165.79,2026-08-27 05:18:06.161838,False
TXN-7a384857,ACC-1618,ACC-1953,3661.9,2026-08-27 05:22:06.161838,False
TXN-568ef315,ACC-1327,ACC-1183,4535.99,2026-08-27 05:26:06.161838,False
TXN-b80c64d8,ACC-1620,ACC-1157,4835.32,2026-08-27 05:30:06.161838,False
TXN-1d8a8ac9,ACC-1491,ACC-1570,4636.21,2026-08-27 05:34:06.161838,False
TXN-a1085bc9,ACC-1586,ACC-1106,2005.88,2026-08-27 05:38:06.161838,False
TXN-793ee74c,ACC-1215,ACC-1812,675.33,2026-08-27 05:42:06.161838,False
TXN-6e6f567e,ACC-1593,ACC-1308,2249.06,2026-08-27 05:46:06.161838,False
TXN-bdc98262,ACC-1125,ACC-1527,2377.17,2026-08-27 05:50:06.161838,False
TXN-f20bbd09,ACC-1916,ACC-1954,709.61,2026-08-27 05:54:06.161838,False
TXN-cf580f11,ACC-1160,ACC-1193,2092.31,2026-08-27 05:58:06.161838,False
TXN-5eb4fd73,ACC-1350,ACC-1257,812.97,2026-08-27 06:02:06.161838,False
TXN-c31aba2f,ACC-1221,ACC-1853,3453.18,2026-08-27 06:06:06.161838,False
TXN-0dcd70c1,ACC-1323,ACC-1016,4323.01,2026-08-27 06:10:06.161838,False
TXN-c8cd0ee5,ACC-1325,ACC-1622,4967.7,2026-08-27 06:14:06.161838,False
TXN-42a1ed18,ACC-1471,ACC-1930,2212.93,2026-08-27 06:18:06.161838,False
TXN-abb11694,ACC-1595,ACC-1176,4235.55,2026-08-27 06:22:06.161838,False
TXN-25868738,ACC-1679,ACC-1921,608.5,2026-08-27 06:26:06.161838,False
TXN-a48c89b5,ACC-1495,ACC-1589,2919.94,2026-08-27 06:30:06.161838,False
TXN-3a9413d6,ACC-1630,ACC-1632,3941.98,2026-08-27 06:34:06.161838,False
TXN-db397e7a,ACC-1288,ACC-1341,1105.26,2026-08-27 06:38:06.161838,False
TXN-f87ae78d,ACC-1907,ACC-1322,2974.24,2026-08-27 06:42:06.161838,False
TXN-d2899f17,ACC-1781,ACC-1962,4627.59,2026-08-27 06:46:06.161838,False
TXN-33d55329,ACC-1828,ACC-1163,2170.23,2026-08-27 06:50:06.161838,False
TXN-3c7b6ba4,ACC-1343,ACC-1194,2745.5,2026-08-27 06:54:06.161838,False
TXN-a84808a3,ACC-1452,ACC-1565,1220.01,2026-08-27 06:58:06.161838,False
TXN-3ec0dc9b,ACC-1316,ACC-1293,354.24,2026-08-27 07:02:06.161838,False
TXN-cda15114,ACC-1038,ACC-1025,1661.88,2026-08-27 07:06:06.161838,False
TXN-42e923be,ACC-1141,ACC-1159,3041.57,2026-08-27 07:10:06.161838,False
TXN-3308bdd3,ACC-1327,ACC-1102,2594.28,2026-08-27 07:14:06.161838,False
TXN-c046eb06,ACC-1065,ACC-1940,4658.77,2026-08-27 07:18:06.161838,False
TXN-0ae8a386,ACC-1540,ACC-1813,2039.91,2026-08-27 07:22:06.161838,False
TXN-a2ee9910,ACC-1622,ACC-1431,516.42,2026-08-27 07:26:06.161838,False
TXN-89fd4366,ACC-1873,ACC-1041,1789.84,2026-08-27 07:30:06.161838,False
TXN-2171c466,ACC-1626,ACC-1877,2668.72,2026-08-27 07:34:06.161838,False
TXN-bc431b44,ACC-1716,ACC-1610,497.49,2026-08-27 07:38:06.161838,False
TXN-745f7601,ACC-1400,ACC-1669,1945.52,2026-08-27 07:42:06.161838,False
TXN-c80e29d1,ACC-1687,ACC-1514,1769.82,2026-08-27 07:46:06.161838,False
TXN-1ebfbbf3,ACC-1314,ACC-1760,402.38,2026-08-27 07:50:06.161838,False
TXN-c0f606c6,ACC-1119,ACC-1850,127.5,2026-08-27 07:54:06.161838,False
TXN-2d0dd246,ACC-1388,ACC-1415,181330.82,2026-08-27 07:58:06.161838,True
TXN-2ac85ce0,ACC-1741,ACC-1613,921.46,2026-08-27 08:02:06.161838,False
TXN-32d1c619,ACC-1427,ACC-1743,4621.49,2026-08-27 08:06:06.161838,False
TXN-1e581f90,ACC-1481,ACC-1180,3065.41,2026-08-27 08:10:06.161838,False
TXN-b86c0c70,ACC-1380,ACC-1569,4354.81,2026-08-27 08:14:06.161838,False
TXN-f7154015,ACC-1119,ACC-1550,4742.07,2026-08-27 08:18:06.161838,False
TXN-ff1f532d,ACC-1654,ACC-1229,1782.24,2026-08-27 08:22:06.161838,False
TXN-645f37f0,ACC-1534,ACC-1053,4360.39,2026-08-27 08:26:06.161838,False
TXN-d7b351f4,ACC-1599,ACC-1925,4354.4,2026-08-27 08:30:06.161838,False
TXN-7f827817,ACC-1393,ACC-1245,4165.63,2026-08-27 08:34:06.161838,False
TXN-f47d375f,ACC-1520,ACC-1908,1648.8,2026-08-27 08:38:06.161838,False
TXN-eea62a54,ACC-1415,ACC-1393,100102.47,2026-08-27 08:42:06.161838,True
TXN-63795f94,ACC-1838,ACC-1594,196.57,2026-08-27 08:46:06.161838,False
TXN-6f335d03,ACC-1788,ACC-1371,2990.08,2026-08-27 08:50:06.161838,False
TXN-71f3481c,ACC-1752,ACC-1052,2714.68,2026-08-27 08:54:06.161838,False
TXN-d91bb9b0,ACC-1769,ACC-1337,1835.77,2026-08-27 08:58:06.161838,False
TXN-5a6342e6,ACC-1360,ACC-1204,365.13,2026-08-27 09:02:06.161838,False
TXN-39769348,ACC-1030,ACC-1701,1993.18,2026-08-27 09:06:06.161838,False
TXN-451ae04e,ACC-1472,ACC-1786,347.8,2026-08-27 09:10:06.161838,False
TXN-68f48d97,ACC-1966,ACC-1175,3935.01,2026-08-27 09:14:06.161838,False
TXN-63db77f3,ACC-1551,ACC-1154,3307.66,2026-08-27 09:18:06.161838,False
TXN-e8dda9c1,ACC-1668,ACC-1245,4271.29,2026-08-27 09:22:06.161838,False
TXN-4a472d18,ACC-1568,ACC-1937,104279.53,2026-08-27 09:26:06.161838,True
TXN-5af2cb32,ACC-1502,ACC-1848,2120.83,2026-08-27 09:30:06.161838,False
TXN-359285b1,ACC-1506,ACC-1616,102703.43,2026-08-27 09:34:06.161838,True
TXN-580054b3,ACC-1861,ACC-1020,1803.2,2026-08-27 09:38:06.161838,False
TXN-56c796fb,ACC-1849,ACC-1657,818.85,2026-08-27 09:42:06.161838,False
TXN-a43d08ca,ACC-1460,ACC-1695,722.22,2026-08-27 09:46:06.161838,False
TXN-49f05222,ACC-1199,ACC-1350,792.06,2026-08-27 09:50:06.161838,False
TXN-2ecad48a,ACC-1206,ACC-1807,2856.36,2026-08-27 09:54:06.161838,False
TXN-29767fef,ACC-1737,ACC-1913,297.19,2026-08-27 09:58:06.161838,False
TXN-81432b81,ACC-1330,ACC-1653,1199.12,2026-08-27 10:02:06.161838,False
TXN-6773bbfc,ACC-1240,ACC-1571,701.55,2026-08-27 10:06:06.161838,False
TXN-251932f9,ACC-1298,ACC-1374,2561.1,2026-08-27 10:10:06.161838,False
TXN-54b4ef97,ACC-1521,ACC-1583,4070.12,2026-08-27 10:14:06.161838,False
TXN-97a2031d,ACC-1720,ACC-1511,1379.52,2026-08-27 10:18:06.161838,False
TXN-74fa98b1,ACC-1998,ACC-1266,1711.1,2026-08-27 10:22:06.161838,False
TXN-ab874635,ACC-1598,ACC-1033,2798.53,2026-08-27 10:26:06.161838,False
TXN-e4dde83d,ACC-1436,ACC-1943,3229.06,2026-08-27 10:30:06.161838,False
TXN-57edaa95,ACC-1468,ACC-1472,1871.23,2026-08-27 10:34:06.161838,False
TXN-501833c8,ACC-1432,ACC-1723,518.84,2026-08-27 10:38:06.161838,False
TXN-e07b6ac9,ACC-1997,ACC-1234,4621.17,2026-08-27 10:42:06.161838,False
TXN-4be19ef3,ACC-1549,ACC-1579,2556.29,2026-08-27 10:46:06.161838,False
TXN-73cc324e,ACC-1199,ACC-1315,1629.04,2026-08-27 10:50:06.161838,False
TXN-090dba5e,ACC-1722,ACC-1405,3242.33,2026-08-27 10:54:06.161838,False
TXN-a90e9dde,ACC-1180,ACC-1724,4196.21,2026-08-27 10:58:06.161838,False
TXN-9d120db8,ACC-1121,ACC-1148,4930.43,2026-08-27 11:02:06.161838,False
TXN-5434babc,ACC-1415,ACC-1883,2652.69,2026-08-27 11:06:06.161838,False
TXN-cfa8d405,ACC-1129,ACC-1252,3219.42,2026-08-27 11:10:06.161838,False
TXN-50ea66c0,ACC-1488,ACC-1172,1548.91,2026-08-27 11:14:06.161838,False
TXN-051c65b1,ACC-1368,ACC-1763,3639.48,2026-08-27 11:18:06.161838,False
TXN-6b932e5a,ACC-1607,ACC-1297,1349.48,2026-08-27 11:22:06.161838,False
TXN-06d7478e,ACC-1369,ACC-1958,4000.63,2026-08-27 11:26:06.161838,False
TXN-6def3339,ACC-1025,ACC-1623,1888.57,2026-08-27 11:30:06.161838,False
TXN-04a2ad7c,ACC-1092,ACC-1938,2193.08,2026-08-27 11:34:06.161838,False
TXN-b5baaa8e,ACC-1897,ACC-1563,3031.75,2026-08-27 11:38:06.161838,False
TXN-56afbfc5,ACC-1685,ACC-1663,1101.48,2026-08-27 11:42:06.161838,False
TXN-5023550f,ACC-1638,ACC-1171,4396.55,2026-08-27 11:46:06.161838,False
TXN-eaa9da37,ACC-1810,ACC-1593,2928.68,2026-08-27 11:50:06.161838,False
TXN-efaca853,ACC-1249,ACC-1712,508.45,2026-08-27 11:54:06.161838,False
TXN-582aa1b6,ACC-1718,ACC-1212,4598.09,2026-08-27 11:58:06.161838,False
TXN-a2b2ad25,ACC-1426,ACC-1681,4352.98,2026-08-27 12:02:06.161838,False
TXN-2947a34e,ACC-1021,ACC-1649,2628.91,2026-08-27 12:06:06.161838,False
TXN-4828d258,ACC-1856,ACC-1148,4185.74,2026-08-27 12:10:06.161838,False
TXN-a18d08d9,ACC-1991,ACC-1290,567.51,2026-08-27 12:14:06.161838,False
TXN-8459ebca,ACC-1620,ACC-1900,3477.86,2026-08-27 12:18:06.161838,False
TXN-747c8d1d,ACC-1909,ACC-1810,1271.15,2026-08-27 12:22:06.161838,False
TXN-b7439d9c,ACC-1844,ACC-1949,975.28,2026-08-27 12:26:06.161838,False
TXN-16bb1fcd,ACC-1481,ACC-1129,2548.07,2026-08-27 12:30:06.161838,False
TXN-32134921,ACC-1762,ACC-1833,3781.57,2026-08-27 12:34:06.161838,False
TXN-1bd2e1c5,ACC-1683,ACC-1927,3996.77,2026-08-27 12:38:06.161838,False
TXN-f1e50868,ACC-1907,ACC-1804,1755.78,2026-08-27 12:42:06.161838,False
TXN-da04da2d,ACC-1404,ACC-1654,1951.71,2026-08-27 12:46:06.161838,False
TXN-93dea0bf,ACC-1370,ACC-1067,260.64,2026-08-27 12:50:06.161838,False
TXN-ca0e7d81,ACC-1079,ACC-1351,4854.88,2026-08-27 12:54:06.161838,False
TXN-0b4981ed,ACC-1120,ACC-1787,150958.33,2026-08-27 12:58:06.161838,True
TXN-bbe15927,ACC-1070,ACC-1395,3353.68,2026-08-27 13:02:06.161838,False
TXN-70bc9019,ACC-1218,ACC-1069,688.55,2026-08-27 13:06:06.161838,False
TXN-de2e1eba,ACC-1632,ACC-1912,3674.26,2026-08-27 13:10:06.161838,False
TXN-e122bdb9,ACC-1596,ACC-1642,3931.62,2026-08-27 13:14:06.161838,False
TXN-4774c41e,ACC-1771,ACC-1307,580.47,2026-08-27 13:18:06.161838,False
TXN-259ab0f0,ACC-1435,ACC-1851,134.06,2026-08-27 13:22:06.161838,False
TXN-b478b6b1,ACC-1282,ACC-1822,842.23,2026-08-27 13:26:06.161838,False
TXN-3b0654ba,ACC-1631,ACC-1310,58195.88,2026-08-27 13:30:06.161838,True
TXN-6959840c,ACC-1284,ACC-1507,4382.29,2026-08-27 13:34:06.161838,False
TXN-7c5d416b,ACC-1456,ACC-1792,3929.22,2026-08-27 13:38:06.161838,False
TXN-911d4c90,ACC-1487,ACC-1072,414.93,2026-08-27 13:42:06.161838,False
TXN-2bef6240,ACC-1515,ACC-1025,1301.79,2026-08-27 13:46:06.161838,False
TXN-1698f326,ACC-1250,ACC-1455,2111.77,2026-08-27 13:50:06.161838,False
TXN-5910f6ff,ACC-1719,ACC-1789,3554.59,2026-08-27 13:54:06.161838,False
TXN-4e578809,ACC-1259,ACC-1440,1412.06,2026-08-27 13:58:06.161838,False
TXN-e5c418da,ACC-1998,ACC-1461,3747.11,2026-08-27 14:02:06.161838,False
TXN-581278f2,ACC-1232,ACC-1427,3749.36,2026-08-27 14:06:06.161838,False
TXN-8f8728ee,ACC-1674,ACC-1012,4328.55,2026-08-27 14:10:06.161838,False
TXN-831b17f8,ACC-1389,ACC-1282,163.31,2026-08-27 14:14:06.161838,False
TXN-b8e1346f,ACC-1665,ACC-1228,1854.78,2026-08-27 14:18:06.161838,False
TXN-707af103,ACC-1187,ACC-1844,4887.59,2026-08-27 14:22:06.161838,False
TXN-ee1fdc30,ACC-1227,ACC-1943,1622.67,2026-08-27 14:26:06.161838,False
TXN-70cb244f,ACC-1051,ACC-1176,4272.08,2026-08-27 14:30:06.161838,False
TXN-6535eeb7,ACC-1522,ACC-1232,3649.88,2026-08-27 14:34:06.161838,False
TXN-0e18ba7c,ACC-1364,ACC-1117,4605.42,2026-08-27 14:38:06.161838,False
TXN-0839c5de,ACC-1767,ACC-1594,3471.26,2026-08-27 14:42:06.161838,False
TXN-7d764e6c,ACC-1053,ACC-1241,829.49,2026-08-27 14:46:06.161838,False
TXN-b5230d0f,ACC-1460,ACC-1022,4214.41,2026-08-27 14:50:06.161838,False
TXN-ebe233cf,ACC-1932,ACC-1093,1371.08,2026-08-27 14:54:06.161838,False
TXN-1657da15,ACC-1766,ACC-1587,1255.04,2026-08-27 14:58:06.161838,False
TXN-77eb1adb,ACC-1203,ACC-1906,3785.97,2026-08-27 15:02:06.161838,False
TXN-7531fb3f,ACC-1115,ACC-1433,2929.77,2026-08-27 15:06:06.161838,False
TXN-df8502cf,ACC-1549,ACC-1418,2068.35,2026-08-27 15:10:06.161838,False
TXN-f8f7985f,ACC-1274,ACC-1499,3018.93,2026-08-27 15:14:06.161838,False
TXN-84648e08,ACC-1401,ACC-1373,3000.87,2026-08-27 15:18:06.161838,False
TXN-b630b8c6,ACC-1571,ACC-1828,1488.56,2026-08-27 15:22:06.161838,False
TXN-f3fbbea1,ACC-1967,ACC-1218,4878.16,2026-08-27 15:26:06.161838,False
TXN-15772367,ACC-1835,ACC-1733,4190.15,2026-08-27 15:30:06.161838,False
TXN-c5e4a64f,ACC-1305,ACC-1244,837.69,2026-08-27 15:34:06.161838,False
TXN-14881c13,ACC-1759,ACC-1139,1793.58,2026-08-27 15:38:06.161838,False
TXN-a10e7ae0,ACC-1053,ACC-1454,2629.43,2026-08-27 15:42:06.161838,False
TXN-0855103a,ACC-1923,ACC-1700,1576.45,2026-08-27 15:46:06.161838,False
TXN-ff00c9eb,ACC-1628,ACC-1420,4233.55,2026-08-27 15:50:06.161838,False
TXN-95993344,ACC-1545,ACC-1184,3485.79,2026-08-27 15:54:06.161838,False
TXN-7469f9a4,ACC-1949,ACC-1993,165.3,2026-08-27 15:58:06.161838,False
TXN-d5a0e488,ACC-1569,ACC-1710,2870.36,2026-08-27 16:02:06.161838,False
TXN-318c6ebb,ACC-1541,ACC-1379,4140.24,2026-08-27 16:06:06.161838,False
TXN-9c219e6b,ACC-1206,ACC-1441,134687.81,2026-08-27 16:10:06.161838,True
TXN-ad2bd703,ACC-1345,ACC-1157,1306.31,2026-08-27 16:14:06.161838,False
TXN-2b0466f5,ACC-1047,ACC-1054,2650.97,2026-08-27 16:18:06.161838,False
TXN-6ae73dab,ACC-1917,ACC-1887,4300.02,2026-08-27 16:22:06.161838,False
TXN-64140729,ACC-1987,ACC-1708,2176.24,2026-08-27 16:26:06.161838,False
TXN-70f82693,ACC-1130,ACC-1407,1604.63,2026-08-27 16:30:06.161838,False
TXN-417da191,ACC-1900,ACC-1626,2724.28,2026-08-27 16:34:06.161838,False
TXN-d65419f6,ACC-1570,ACC-1892,1358.03,2026-08-27 16:38:06.161838,False
TXN-aa2d1878,ACC-1506,ACC-1315,3031.19,2026-08-27 16:42:06.161838,False
TXN-71fc2cd6,ACC-1469,ACC-1566,1133.06,2026-08-27 16:46:06.161838,False
TXN-fff8ee45,ACC-1279,ACC-1459,335.73,2026-08-27 16:50:06.161838,False
TXN-1dc8068e,ACC-1944,ACC-1135,4285.17,2026-08-27 16:54:06.161838,False
TXN-9c80156b,ACC-1341,ACC-1397,4930.58,2026-08-27 16:58:06.161838,False
TXN-baf15dd0,ACC-1713,ACC-1089,2236.01,2026-08-27 17:02:06.161838,False
TXN-f9721a57,ACC-1188,ACC-1997,1239.98,2026-08-27 17:06:06.161838,False
TXN-0eaab859,ACC-1644,ACC-1596,133339.69,2026-08-27 17:10:06.161838,True
TXN-98441a6c,ACC-1188,ACC-1430,2231.83,2026-08-27 17:14:06.161838,False
TXN-5b18b59b,ACC-1083,ACC-1045,215.99,2026-08-27 17:18:06.161838,False
TXN-d74bbf1a,ACC-1244,ACC-1634,127945.25,2026-08-27 17:22:06.161838,True
TXN-3b7a3f5b,ACC-1335,ACC-1460,4631.03,2026-08-27 17:26:06.161838,False
TXN-3983c243,ACC-1279,ACC-1233,159554.33,2026-08-27 17:30:06.161838,True
TXN-725658a5,ACC-1583,ACC-1165,3531.62,2026-08-27 17:34:06.161838,False
TXN-4c25248a,ACC-1227,ACC-1917,338.69,2026-08-27 17:38:06.161838,False
TXN-af3bc6fc,ACC-1175,ACC-1871,682.19,2026-08-27 17:42:06.161838,False
TXN-83a25143,ACC-1767,ACC-1841,307.56,2026-08-27 17:46:06.161838,False
TXN-0ffe882b,ACC-1344,ACC-1824,3693.3,2026-08-27 17:50:06.161838,False
TXN-b16feb35,ACC-1767,ACC-1398,4969.18,2026-08-27 17:54:06.161838,False
TXN-9f3cc919,ACC-1297,ACC-1680,139811.78,2026-08-27 17:58:06.161838,True
TXN-41d85678,ACC-1833,ACC-1473,2520.4,2026-08-27 18:02:06.161838,False
TXN-9259520d,ACC-1079,ACC-1247,137.06,2026-08-27 18:06:06.161838,False
TXN-88736bea,ACC-1462,ACC-1161,2053.55,2026-08-27 18:10:06.161838,False
TXN-75f21aa9,ACC-1033,ACC-1260,604.42,2026-08-27 18:14:06.161838,False
TXN-ecd537b3,ACC-1903,ACC-1212,3554.64,2026-08-27 18:18:06.161838,False
TXN-0f34d979,ACC-1279,ACC-1090,4359.85,2026-08-27 18:22:06.161838,False
TXN-e77fc584,ACC-1268,ACC-1511,1960.22,2026-08-27 18:26:06.161838,False
TXN-a792c515,ACC-1781,ACC-1929,3435.11,2026-08-27 18:30:06.161838,False
TXN-35d19dc3,ACC-1182,ACC-1488,570.66,2026-08-27 18:34:06.161838,False
TXN-6d31ac78,ACC-1922,ACC-1206,395.55,2026-08-27 18:38:06.161838,False
TXN-3b18ccaf,ACC-1666,ACC-1978,2340.76,2026-08-27 18:42:06.161838,False
TXN-cebe6bae,ACC-1040,ACC-1536,4647.7,2026-08-27 18:46:06.161838,False
TXN-1fe261f4,ACC-1286,ACC-1884,4139.33,2026-08-27 18:50:06.161838,False
TXN-7c0648a8,ACC-1174,ACC-1797,3991.07,2026-08-27 18:54:06.161838,False
TXN-cb09e025,ACC-1710,ACC-1276,1285.68,2026-08-27 18:58:06.161838,False
TXN-19aa4478,ACC-1607,ACC-1085,3328.29,2026-08-27 19:02:06.161838,False
TXN-efe74320,ACC-1553,ACC-1530,1682.81,2026-08-27 19:06:06.161838,False
TXN-6a98b1fa,ACC-1711,ACC-1883,1642.64,2026-08-27 19:10:06.161838,False
TXN-12d44c41,ACC-1191,ACC-1487,4632.37,2026-08-27 19:14:06.161838,False
TXN-68755fa7,ACC-1575,ACC-1066,1726.4,2026-08-27 19:18:06.161838,False
TXN-f05ca6aa,ACC-1420,ACC-1223,3636.42,2026-08-27 19:22:06.161838,False
TXN-5cc316b0,ACC-1407,ACC-1747,4627.69,2026-08-27 19:26:06.161838,False
TXN-101377b8,ACC-1130,ACC-1682,694.11,2026-08-27 19:30:06.161838,False
TXN-6dfeb5de,ACC-1853,ACC-1566,584.13,2026-08-27 19:34:06.161838,False
TXN-425706d8,ACC-1695,ACC-1992,4646.82,2026-08-27 19:38:06.161838,False
TXN-d63ae0f4,ACC-1185,ACC-1130,4013.73,2026-08-27 19:42:06.161838,False
TXN-7e360381,ACC-1212,ACC-1009,2150.63,2026-08-27 19:46:06.161838,False
TXN-5c4db59d,ACC-1772,ACC-1008,2443.55,2026-08-27 19:50:06.161838,False
TXN-63b73e16,ACC-1851,ACC-1574,3507.76,2026-08-27 19:54:06.161838,False
TXN-9a749726,ACC-1735,ACC-1767,175844.36,2026-08-27 19:58:06.161838,True
TXN-d58d1d57,ACC-1939,ACC-1996,2224.12,2026-08-27 20:02:06.161838,False
TXN-4bbc8133,ACC-1249,ACC-1951,134227.94,2026-08-27 20:06:06.161838,True
TXN-b00f3b41,ACC-1062,ACC-1978,2702.94,2026-08-27 20:10:06.161838,False
TXN-a7a7235a,ACC-1926,ACC-1421,2133.39,2026-08-27 20:14:06.161838,False
TXN-8468f15f,ACC-1669,ACC-1106,2884.71,2026-08-27 20:18:06.161838,False
TXN-21d9f2df,ACC-1165,ACC-1455,4010.99,2026-08-27 20:22:06.161838,False
TXN-f7693a08,ACC-1890,ACC-1444,1768.62,2026-08-27 20:26:06.161838,False
TXN-969e2705,ACC-1228,ACC-1954,621.68,2026-08-27 20:30:06.161838,False
TXN-53c62a5f,ACC-1415,ACC-1807,2552.21,2026-08-27 20:34:06.161838,False
TXN-19837058,ACC-1358,ACC-1682,291.43,2026-08-27 20:38:06.161838,False
TXN-df5526ff,ACC-1334,ACC-1228,3536.65,2026-08-27 20:42:06.161838,False
TXN-45a47d3a,ACC-1199,ACC-1598,130743.8,2026-08-27 20:46:06.161838,True
TXN-f3fb444d,ACC-1186,ACC-1955,1237.67,2026-08-27 20:50:06.161838,False
TXN-3a4199fc,ACC-1144,ACC-1316,564.68,2026-08-27 20:54:06.161838,False
TXN-74df1f9c,ACC-1985,ACC-1881,3056.9,2026-08-27 20:58:06.161838,False
TXN-ee142738,ACC-1040,ACC-1961,4605.04,2026-08-27 21:02:06.161838,False
TXN-36abab79,ACC-1025,ACC-1645,691.41,2026-08-27 21:06:06.161838,False
TXN-19d8bde7,ACC-1593,ACC-1443,1163.98,2026-08-27 21:10:06.161838,False
TXN-2e5f9e6b,ACC-1839,ACC-1595,3219.37,2026-08-27 21:14:06.161838,False
TXN-2e0246d7,ACC-1562,ACC-1189,4340.65,2026-08-27 21:18:06.161838,False
TXN-ede371e5,ACC-1490,ACC-1048,3490.64,2026-08-27 21:22:06.161838,False
TXN-10f4070a,ACC-1427,ACC-1472,4212.92,2026-08-27 21:26:06.161838,False
TXN-e2e9d085,ACC-1936,ACC-1442,774.45,2026-08-27 21:30:06.161838,False
TXN-da993fe0,ACC-1385,ACC-1138,2249.4,2026-08-27 21:34:06.161838,False
TXN-d02b9ade,ACC-1579,ACC-1334,3534.88,2026-08-27 21:38:06.161838,False
TXN-d57df88e,ACC-1837,ACC-1457,3750.27,2026-08-27 21:42:06.161838,False
TXN-11546ab0,ACC-1802,ACC-1387,3470.56,2026-08-27 21:46:06.161838,False
TXN-d008ce34,ACC-1805,ACC-1193,149.62,2026-08-27 21:50:06.161838,False
TXN-65d7bad2,ACC-1524,ACC-1733,3077.5,2026-08-27 21:54:06.161838,False
TXN-bc121bfc,ACC-1748,ACC-1884,445.02,2026-08-27 21:58:06.161838,False
TXN-320b3a05,ACC-1206,ACC-1813,1603.48,2026-08-27 22:02:06.161838,False
TXN-6bcce538,ACC-1419,ACC-1710,1208.46,2026-08-27 22:06:06.161838,False
TXN-706b9f02,ACC-1825,ACC-1959,3334.33,2026-08-27 22:10:06.161838,False
TXN-1385a6a7,ACC-1424,ACC-1679,3268.41,2026-08-27 22:14:06.161838,False
TXN-623ff72d,ACC-1497,ACC-1771,2833.93,2026-08-27 22:18:06.161838,False
TXN-62a08381,ACC-1461,ACC-1513,3853.07,2026-08-27 22:22:06.161838,False
TXN-430aaf74,ACC-1756,ACC-1731,3804.76,2026-08-27 22:26:06.161838,False
TXN-11bc4ed3,ACC-1657,ACC-1763,463.41,2026-08-27 22:30:06.161838,False
TXN-611f4137,ACC-1902,ACC-1529,1299.42,2026-08-27 22:34:06.161838,False
TXN-3f2e3c2e,ACC-1600,ACC-1435,3324.89,2026-08-27 22:38:06.161838,False
TXN-00c513e4,ACC-1976,ACC-1289,3531.82,2026-08-27 22:42:06.161838,False
TXN-ad2027bf,ACC-1176,ACC-1700,3649.34,2026-08-27 22:46:06.161838,False
TXN-504f738c,ACC-1200,ACC-1215,3287.93,2026-08-27 22:50:06.161838,False
TXN-18cf6a59,ACC-1830,ACC-1617,804.03,2026-08-27 22:54:06.161838,False
TXN-5ef66f43,ACC-1163,ACC-1957,4434.12,2026-08-27 22:58:06.161838,False
TXN-976ba0fe,ACC-1235,ACC-1376,285.21,2026-08-27 23:02:06.161838,False
TXN-8bfac7f3,ACC-1598,ACC-1145,4061.25,2026-08-27 23:06:06.161838,False
TXN-2b1770bd,ACC-1076,ACC-1317,2160.01,2026-08-27 23:10:06.161838,False
TXN-07fe3a77,ACC-1642,ACC-1382,3027.25,2026-08-27 23:14:06.161838,False
TXN-c764feca,ACC-1921,ACC-1638,1108.65,2026-08-27 23:18:06.161838,False
TXN-308e98aa,ACC-1867,ACC-1837,3116.17,2026-08-27 23:22:06.161838,False
TXN-7af12a2c,ACC-1988,ACC-1812,3247.8,2026-08-27 23:26:06.161838,False
TXN-b3423f83,ACC-1870,ACC-1630,4478.98,2026-08-27 23:30:06.161838,False
TXN-962d6744,ACC-1131,ACC-1222,925.76,2026-08-27 23:34:06.161838,False
TXN-40e696b0,ACC-1776,ACC-1613,1716.76,2026-08-27 23:38:06.161838,False
TXN-b281e706,ACC-1661,ACC-1465,1841.46,2026-08-27 23:42:06.161838,False
TXN-91a0053e,ACC-1726,ACC-1669,4521.09,2026-08-27 23:46:06.161838,False
TXN-4ffd45f5,ACC-1124,ACC-1650,1050.25,2026-08-27 23:50:06.161838,False
TXN-1da3f43d,ACC-1838,ACC-1774,268.18,2026-08-27 23:54:06.161838,False
TXN-97f390bf,ACC-1002,ACC-1400,3601.86,2026-08-27 23:58:06.161838,False
TXN-2b6a5ffe,ACC-1231,ACC-1380,2113.03,2026-08-28 00:02:06.161838,False
TXN-0753581a,ACC-1936,ACC-1752,125.9,2026-08-28 00:06:06.161838,False
TXN-0a0acf5a,ACC-1408,ACC-1601,3401.69,2026-08-28 00:10:06.161838,False
TXN-87b71ac4,ACC-1568,ACC-1396,162328.35,2026-08-28 00:14:06.161838,True
TXN-b765d86e,ACC-1597,ACC-1974,524.53,2026-08-28 00:18:06.161838,False
TXN-e45c7e58,ACC-1007,ACC-1821,4051.62,2026-08-28 00:22:06.161838,False
TXN-044c9241,ACC-1208,ACC-1664,467.87,2026-08-28 00:26:06.161838,False
TXN-312a695e,ACC-1321,ACC-1596,321.05,2026-08-28 00:30:06.161838,False
TXN-0351033c,ACC-1992,ACC-1781,120151.85,2026-08-28 00:34:06.161838,True
TXN-3bf9ecc4,ACC-1248,ACC-1505,627.43,2026-08-28 00:38:06.161838,False
TXN-87e847cc,ACC-1335,ACC-1073,1944.43,2026-08-28 00:42:06.161838,False
TXN-a8d44acf,ACC-1052,ACC-1199,2813.29,2026-08-28 00:46:06.161838,False
TXN-330eb506,ACC-1835,ACC-1227,3152.75,2026-08-28 00:50:06.161838,False
TXN-ee582063,ACC-1188,ACC-1698,4564.0,2026-08-28 00:54:06.161838,False
TXN-47dc4d3a,ACC-1032,ACC-1202,1981.16,2026-08-28 00:58:06.161838,False
TXN-15ef7d79,ACC-1799,ACC-1339,3050.07,2026-08-28 01:02:06.161838,False
TXN-4f2cc391,ACC-1820,ACC-1531,2450.75,2026-08-28 01:06:06.161838,False
TXN-6bbf211b,ACC-1038,ACC-1842,2466.89,2026-08-28 01:10:06.161838,False
TXN-c8fa5a56,ACC-1192,ACC-1127,2528.44,2026-08-28 01:14:06.161838,False
TXN-29d367d9,ACC-1460,ACC-1997,600.54,2026-08-28 01:18:06.161838,False
TXN-f2f56ed8,ACC-1582,ACC-1836,605.49,2026-08-28 01:22:06.161838,False
TXN-42c2a34f,ACC-1971,ACC-1463,2007.03,2026-08-28 01:26:06.161838,False
TXN-c5fb238b,ACC-1360,ACC-1846,1255.91,2026-08-28 01:30:06.161838,False
TXN-48de2233,ACC-1763,ACC-1195,625.86,2026-08-28 01:34:06.161838,False
TXN-79b2d9dd,ACC-1249,ACC-1116,3705.16,2026-08-28 01:38:06.161838,False
TXN-aca9db8a,ACC-1891,ACC-1157,1055.29,2026-08-28 01:42:06.161838,False
TXN-d2fc9231,ACC-1507,ACC-1957,114071.2,2026-08-28 01:46:06.161838,True
TXN-ba1e7d53,ACC-1137,ACC-1620,164.03,2026-08-28 01:50:06.161838,False
TXN-b0b011c5,ACC-1648,ACC-1905,3857.47,2026-08-28 01:54:06.161838,False
TXN-eae8478a,ACC-1543,ACC-1763,2763.76,2026-08-28 01:58:06.161838,False
TXN-82b216c8,ACC-1450,ACC-1464,4810.87,2026-08-28 02:02:06.161838,False
TXN-b17e2386,ACC-1645,ACC-1835,416.82,2026-08-28 02:06:06.161838,False
TXN-bfe701eb,ACC-1644,ACC-1959,291.29,2026-08-28 02:10:06.161838,False
TXN-2a03e9a2,ACC-1350,ACC-1953,1136.92,2026-08-28 02:14:06.161838,False
TXN-65d4d6de,ACC-1456,ACC-1297,4158.88,2026-08-28 02:18:06.161838,False
TXN-6b7e66c6,ACC-1816,ACC-1920,4421.95,2026-08-28 02:22:06.161838,False
TXN-d931ce2e,ACC-1972,ACC-1381,3544.6,2026-08-28 02:26:06.161838,False
TXN-537b87cd,ACC-1720,ACC-1031,2614.93,2026-08-28 02:30:06.161838,False
TXN-0c3b1811,ACC-1618,ACC-1792,4831.05,2026-08-28 02:34:06.161838,False
TXN-de6a28c6,ACC-1366,ACC-1060,3540.89,2026-08-28 02:38:06.161838,False
TXN-e7b9cf23,ACC-1503,ACC-1757,4572.53,2026-08-28 02:42:06.161838,False
TXN-862aa813,ACC-1524,ACC-1841,3593.64,2026-08-28 02:46:06.161838,False
TXN-dd8ae433,ACC-1895,ACC-1281,1096.74,2026-08-28 02:50:06.161838,False
TXN-3707cdd2,ACC-1050,ACC-1411,1363.98,2026-08-28 02:54:06.161838,False
TXN-d5773207,ACC-1147,ACC-1362,1091.7,2026-08-28 02:58:06.161838,False
TXN-12cf2aa3,ACC-1314,ACC-1391,3014.79,2026-08-28 03:02:06.161838,False
TXN-34ba4934,ACC-1958,ACC-1524,583.72,2026-08-28 03:06:06.161838,False
TXN-f8b70dd1,ACC-1332,ACC-1619,1636.91,2026-08-28 03:10:06.161838,False
TXN-0a46b778,ACC-1625,ACC-1072,3431.33,2026-08-28 03:14:06.161838,False
TXN-be218236,ACC-1582,ACC-1496,4242.93,2026-08-28 03:18:06.161838,False
TXN-9d02360d,ACC-1946,ACC-1803,4499.55,2026-08-28 03:22:06.161838,False
TXN-754a5dd5,ACC-1017,ACC-1588,3322.31,2026-08-28 03:26:06.161838,False
TXN-b9ebb19a,ACC-1917,ACC-1369,563.22,2026-08-28 03:30:06.161838,False
TXN-c2533541,ACC-1746,ACC-1872,2572.39,2026-08-28 03:34:06.161838,False
TXN-90c6ba82,ACC-1011,ACC-1200,4881.28,2026-08-28 03:38:06.161838,False
TXN-32f3c2e6,ACC-1743,ACC-1885,1292.21,2026-08-28 03:42:06.161838,False
TXN-ee1ad536,ACC-1147,ACC-1008,3290.85,2026-08-28 03:46:06.161838,False
TXN-8fdf03b8,ACC-1418,ACC-1274,342.98,2026-08-28 03:50:06.161838,False
TXN-8731ace4,ACC-1579,ACC-1811,4928.82,2026-08-28 03:54:06.161838,False
TXN-664a165c,ACC-1242,ACC-1193,3330.86,2026-08-28 03:58:06.161838,False
TXN-854d9d96,ACC-1909,ACC-1772,2227.08,2026-08-28 04:02:06.161838,False
TXN-18d6a195,ACC-1825,ACC-1150,4611.05,2026-08-28 04:06:06.161838,False
TXN-d0bd7026,ACC-1257,ACC-1349,2125.97,2026-08-28 04:10:06.161838,False
TXN-6fc66673,ACC-1318,ACC-1326,553.27,2026-08-28 04:14:06.161838,False
TXN-05dd9d3b,ACC-1832,ACC-1829,2946.03,2026-08-28 04:18:06.161838,False
TXN-c5871942,ACC-1633,ACC-1806,1101.04,2026-08-28 04:22:06.161838,False
TXN-f442eba8,ACC-1920,ACC-1110,3842.76,2026-08-28 04:26:06.161838,False
TXN-36ffb8d1,ACC-1432,ACC-1851,2238.57,2026-08-28 04:30:06.161838,False
TXN-8949752d,ACC-1183,ACC-1739,4814.77,2026-08-28 04:34:06.161838,False
TXN-2c7294d1,ACC-1899,ACC-1848,848.58,2026-08-28 04:38:06.161838,False
TXN-dcdfbf3a,ACC-1956,ACC-1689,89122.24,2026-08-28 04:42:06.161838,True
TXN-b52bb5f6,ACC-1487,ACC-1834,3930.21,2026-08-28 04:46:06.161838,False
TXN-89611a8d,ACC-1882,ACC-1005,2463.8,2026-08-28 04:50:06.161838,False
TXN-4130e526,ACC-1211,ACC-1881,4873.53,2026-08-28 04:54:06.161838,False
TXN-6204913a,ACC-1900,ACC-1954,198.95,2026-08-28 04:58:06.161838,False
TXN-13092506,ACC-1275,ACC-1853,893.31,2026-08-28 05:02:06.161838,False
TXN-2ca803cd,ACC-1323,ACC-1594,3212.02,2026-08-28 05:06:06.161838,False
TXN-f57cdecc,ACC-1620,ACC-1396,1972.05,2026-08-28 05:10:06.161838,False
TXN-d92971f8,ACC-1261,ACC-1455,4088.01,2026-08-28 05:14:06.161838,False
TXN-08c5c92e,ACC-1098,ACC-1503,128.64,2026-08-28 05:18:06.161838,False
TXN-35c262bc,ACC-1243,ACC-1250,2489.51,2026-08-28 05:22:06.161838,False
TXN-4c12275a,ACC-1273,ACC-1701,2133.92,2026-08-28 05:26:06.161838,False
TXN-79624aa5,ACC-1852,ACC-1429,3556.54,2026-08-28 05:30:06.161838,False
TXN-0de9a993,ACC-1648,ACC-1263,4768.52,2026-08-28 05:34:06.161838,False
TXN-da4302f6,ACC-1203,ACC-1963,191315.05,2026-08-28 05:38:06.161838,True
TXN-de6a7ecb,ACC-1157,ACC-1356,825.67,2026-08-28 05:42:06.161838,False
TXN-c35f781a,ACC-1296,ACC-1772,632.63,2026-08-28 05:46:06.161838,False
TXN-4c5e6d3c,ACC-1226,ACC-1650,2988.2,2026-08-28 05:50:06.161838,False
TXN-05a443b7,ACC-1890,ACC-1896,1401.99,2026-08-28 05:54:06.161838,False
TXN-6fc2b8f6,ACC-1232,ACC-1587,1550.06,2026-08-28 05:58:06.161838,False
TXN-b83e48ab,ACC-1656,ACC-1441,3206.96,2026-08-28 06:02:06.161838,False
TXN-990932a4,ACC-1209,ACC-1998,707.36,2026-08-28 06:06:06.161838,False
TXN-42bf463c,ACC-1321,ACC-1209,3606.81,2026-08-28 06:10:06.161838,False
TXN-bd8831cd,ACC-1274,ACC-1417,501.0,2026-08-28 06:14:06.161838,False
TXN-dfab6b24,ACC-1440,ACC-1334,2984.12,2026-08-28 06:18:06.161838,False
TXN-95027dac,ACC-1539,ACC-1195,3197.17,2026-08-28 06:22:06.161838,False
TXN-0dc77979,ACC-1241,ACC-1712,1782.6,2026-08-28 06:26:06.161838,False
TXN-c645ef58,ACC-1377,ACC-1858,427.0,2026-08-28 06:30:06.161838,False
TXN-e8ed0e87,ACC-1874,ACC-1589,2602.88,2026-08-28 06:34:06.161838,False
TXN-9e0c07b3,ACC-1520,ACC-1056,1831.53,2026-08-28 06:38:06.161838,False
TXN-98175050,ACC-1285,ACC-1816,2054.82,2026-08-28 06:42:06.161838,False
TXN-2b3f325b,ACC-1118,ACC-1339,1760.83,2026-08-28 06:46:06.161838,False
TXN-e92cf10a,ACC-1709,ACC-1541,4343.46,2026-08-28 06:50:06.161838,False
TXN-a6675070,ACC-1095,ACC-1781,4992.28,2026-08-28 06:54:06.161838,False
TXN-3ebc30d1,ACC-1272,ACC-1683,390.91,2026-08-28 06:58:06.161838,False
TXN-47a9d7fb,ACC-1222,ACC-1969,2237.17,2026-08-28 07:02:06.161838,False
TXN-865b8072,ACC-1346,ACC-1008,721.57,2026-08-28 07:06:06.161838,False
TXN-65e8afe5,ACC-1568,ACC-1738,2288.44,2026-08-28 07:10:06.161838,False
TXN-0d419a17,ACC-1575,ACC-1726,4477.25,2026-08-28 07:14:06.161838,False
TXN-a162516e,ACC-1178,ACC-1487,1992.39,2026-08-28 07:18:06.161838,False
TXN-073db397,ACC-1469,ACC-1787,1905.79,2026-08-28 07:22:06.161838,False
TXN-b3d001a5,ACC-1790,ACC-1694,2222.99,2026-08-28 07:26:06.161838,False
TXN-5beaf283,ACC-1656,ACC-1645,2786.93,2026-08-28 07:30:06.161838,False
TXN-6ac457eb,ACC-1158,ACC-1675,146211.28,2026-08-28 07:34:06.161838,True
TXN-1f173b89,ACC-1018,ACC-1753,691.18,2026-08-28 07:38:06.161838,False
TXN-072f1dc9,ACC-1324,ACC-1464,103.47,2026-08-28 07:42:06.161838,False
TXN-a2508609,ACC-1302,ACC-1359,178280.49,2026-08-28 07:46:06.161838,True
TXN-2dfcad20,ACC-1312,ACC-1151,1469.58,2026-08-28 07:50:06.161838,False
TXN-d66ba9fa,ACC-1084,ACC-1212,3157.53,2026-08-28 07:54:06.161838,False
TXN-25228065,ACC-1208,ACC-1892,3987.63,2026-08-28 07:58:06.161838,False
TXN-dac01563,ACC-1309,ACC-1644,3197.74,2026-08-28 08:02:06.161838,False
TXN-efe389ea,ACC-1230,ACC-1483,1312.81,2026-08-28 08:06:06.161838,False
TXN-4973db3a,ACC-1194,ACC-1395,615.47,2026-08-28 08:10:06.161838,False
TXN-b8b54601,ACC-1646,ACC-1458,3378.79,2026-08-28 08:14:06.161838,False
TXN-531383d3,ACC-1031,ACC-1486,3740.83,2026-08-28 08:18:06.161838,False
TXN-1ade3e36,ACC-1140,ACC-1771,544.28,2026-08-28 08:22:06.161838,False
TXN-3896272b,ACC-1780,ACC-1363,4683.58,2026-08-28 08:26:06.161838,False
TXN-4e13a39e,ACC-1995,ACC-1092,2418.84,2026-08-28 08:30:06.161838,False
TXN-77b2698d,ACC-1613,ACC-1770,4926.08,2026-08-28 08:34:06.161838,False
TXN-8ac61d5f,ACC-1881,ACC-1537,4056.01,2026-08-28 08:38:06.161838,False
TXN-8568f31f,ACC-1803,ACC-1729,148.64,2026-08-28 08:42:06.161838,False
TXN-b72bd47c,ACC-1648,ACC-1423,4378.03,2026-08-28 08:46:06.161838,False
TXN-d9e473e0,ACC-1523,ACC-1602,178954.45,2026-08-28 08:50:06.161838,True
TXN-102e7fca,ACC-1044,ACC-1510,511.84,2026-08-28 08:54:06.161838,False
TXN-1b1a37cf,ACC-1978,ACC-1806,1192.16,2026-08-28 08:58:06.161838,False
TXN-2078395b,ACC-1109,ACC-1534,1281.82,2026-08-28 09:02:06.161838,False
TXN-1ba0e7e7,ACC-1644,ACC-1385,4198.68,2026-08-28 09:06:06.161838,False
TXN-097c3474,ACC-1107,ACC-1459,2124.11,2026-08-28 09:10:06.161838,False
TXN-5b147123,ACC-1233,ACC-1299,489.48,2026-08-28 09:14:06.161838,False
TXN-908077e0,ACC-1433,ACC-1434,961.23,2026-08-28 09:18:06.161838,False
TXN-aab2f413,ACC-1314,ACC-1325,4792.34,2026-08-28 09:22:06.161838,False
TXN-59dd551c,ACC-1941,ACC-1418,4703.21,2026-08-28 09:26:06.161838,False
TXN-dd672604,ACC-1122,ACC-1243,2464.64,2026-08-28 09:30:06.161838,False
TXN-d6ab98a3,ACC-1481,ACC-1338,3073.59,2026-08-28 09:34:06.161838,False
TXN-bc6a471d,ACC-1501,ACC-1394,4797.17,2026-08-28 09:38:06.161838,False
TXN-2429e919,ACC-1921,ACC-1555,3273.1,2026-08-28 09:42:06.161838,False
TXN-f603f12e,ACC-1110,ACC-1595,941.27,2026-08-28 09:46:06.161838,False
TXN-12261e53,ACC-1769,ACC-1939,855.03,2026-08-28 09:50:06.161838,False
TXN-565d3342,ACC-1092,ACC-1780,3708.34,2026-08-28 09:54:06.161838,False
TXN-1a30bc04,ACC-1275,ACC-1358,2883.49,2026-08-28 09:58:06.161838,False
TXN-d8d6d211,ACC-1149,ACC-1469,341.75,2026-08-28 10:02:06.161838,False
TXN-6ca0b228,ACC-1798,ACC-1111,2720.09,2026-08-28 10:06:06.161838,False
TXN-eca997de,ACC-1096,ACC-1081,2134.38,2026-08-28 10:10:06.161838,False
TXN-88dd70ed,ACC-1720,ACC-1860,4516.27,2026-08-28 10:14:06.161838,False
TXN-e2602a63,ACC-1804,ACC-1623,3574.76,2026-08-28 10:18:06.161838,False
TXN-9dc854ad,ACC-1545,ACC-1753,112046.73,2026-08-28 10:22:06.161838,True
TXN-44063b8c,ACC-1910,ACC-1381,2693.56,2026-08-28 10:26:06.161838,False
TXN-9f39aa95,ACC-1488,ACC-1113,3765.74,2026-08-28 10:30:06.161838,False
TXN-6099b237,ACC-1872,ACC-1767,4106.6,2026-08-28 10:34:06.161838,False
TXN-52f0bd31,ACC-1272,ACC-1081,3005.15,2026-08-28 10:38:06.161838,False
TXN-df7e4265,ACC-1766,ACC-1674,3322.22,2026-08-28 10:42:06.161838,False
TXN-0c6f2db5,ACC-1393,ACC-1076,4588.74,2026-08-28 10:46:06.161838,False
TXN-6e0786eb,ACC-1972,ACC-1119,499.9,2026-08-28 10:50:06.161838,False
TXN-837a065d,ACC-1723,ACC-1954,3004.68,2026-08-28 10:54:06.161838,False
TXN-7787e1a2,ACC-1989,ACC-1864,1676.26,2026-08-28 10:58:06.161838,False
TXN-12c81965,ACC-1697,ACC-1779,1039.51,2026-08-28 11:02:06.161838,False
TXN-0a6f12c4,ACC-1593,ACC-1148,3742.97,2026-08-28 11:06:06.161838,False
TXN-524561c2,ACC-1710,ACC-1671,967.81,2026-08-28 11:10:06.161838,False
TXN-14c4b6a1,ACC-1593,ACC-1745,874.49,2026-08-28 11:14:06.161838,False
TXN-43d343e1,ACC-1954,ACC-1648,2355.52,2026-08-28 11:18:06.161838,False
TXN-58625397,ACC-1302,ACC-1814,3993.74,2026-08-28 11:22:06.161838,False
TXN-624bd232,ACC-1944,ACC-1677,2836.42,2026-08-28 11:26:06.161838,False
TXN-eb2d1f7a,ACC-1126,ACC-1275,3733.25,2026-08-28 11:30:06.161838,False
TXN-2b4fbfcf,ACC-1253,ACC-1049,122045.73,2026-08-28 11:34:06.161838,True
TXN-f183e268,ACC-1457,ACC-1206,2995.23,2026-08-28 11:38:06.161838,False
TXN-b099a6a1,ACC-1590,ACC-1743,3346.36,2026-08-28 11:42:06.161838,False
TXN-5614b290,ACC-1057,ACC-1852,1608.52,2026-08-28 11:46:06.161838,False
TXN-87751e38,ACC-1950,ACC-1724,4627.47,2026-08-28 11:50:06.161838,False
TXN-623246a2,ACC-1717,ACC-1340,2582.86,2026-08-28 11:54:06.161838,False
TXN-b34ae77f,ACC-1709,ACC-1520,1841.33,2026-08-28 11:58:06.161838,False
TXN-8233cfee,ACC-1840,ACC-1123,1682.06,2026-08-28 12:02:06.161838,False
TXN-e1a01cce,ACC-1635,ACC-1160,2619.45,2026-08-28 12:06:06.161838,False
TXN-43dab03a,ACC-1600,ACC-1424,2512.47,2026-08-28 12:10:06.161838,False
TXN-443f8999,ACC-1902,ACC-1879,3807.64,2026-08-28 12:14:06.161838,False
TXN-6b6b1e91,ACC-1738,ACC-1224,4686.28,2026-08-28 12:18:06.161838,False
TXN-d57b3666,ACC-1809,ACC-1755,2099.66,2026-08-28 12:22:06.161838,False
TXN-43c0ef3e,ACC-1114,ACC-1399,681.18,2026-08-28 12:26:06.161838,False
TXN-2b69a52e,ACC-1941,ACC-1859,1094.43,2026-08-28 12:30:06.161838,False
TXN-921e9ac5,ACC-1015,ACC-1822,1062.1,2026-08-28 12:34:06.161838,False
TXN-5683dadb,ACC-1383,ACC-1933,724.47,2026-08-28 12:38:06.161838,False
TXN-071e21e1,ACC-1994,ACC-1461,2003.03,2026-08-28 12:42:06.161838,False
TXN-e0455e5c,ACC-1826,ACC-1746,3009.92,2026-08-28 12:46:06.161838,False
TXN-98564cfa,ACC-1473,ACC-1846,4581.38,2026-08-28 12:50:06.161838,False
TXN-5621d52c,ACC-1875,ACC-1313,4452.41,2026-08-28 12:54:06.161838,False
TXN-6deabbdd,ACC-1267,ACC-1195,4463.67,2026-08-28 12:58:06.161838,False
TXN-a8bf98e0,ACC-1685,ACC-1943,4203.48,2026-08-28 13:02:06.161838,False
TXN-45cf4291,ACC-1009,ACC-1561,3595.15,2026-08-28 13:06:06.161838,False
TXN-e9e93061,ACC-1729,ACC-1245,2914.75,2026-08-28 13:10:06.161838,False
TXN-1a3cc580,ACC-1531,ACC-1087,2249.05,2026-08-28 13:14:06.161838,False
TXN-987c3984,ACC-1818,ACC-1687,1621.93,2026-08-28 13:18:06.161838,False
TXN-00136e78,ACC-1170,ACC-1161,4387.33,2026-08-28 13:22:06.161838,False
TXN-c99bb40f,ACC-1161,ACC-1615,4273.53,2026-08-28 13:26:06.161838,False
TXN-a7f50703,ACC-1591,ACC-1067,188.16,2026-08-28 13:30:06.161838,False
TXN-23bd4001,ACC-1648,ACC-1531,1346.91,2026-08-28 13:34:06.161838,False
TXN-9629940f,ACC-1807,ACC-1690,3010.36,2026-08-28 13:38:06.161838,False
TXN-6c0610e7,ACC-1258,ACC-1695,2552.15,2026-08-28 13:42:06.161838,False
TXN-1ea4e2d1,ACC-1650,ACC-1365,2408.98,2026-08-28 13:46:06.161838,False
TXN-1e8e51ae,ACC-1807,ACC-1436,3648.32,2026-08-28 13:50:06.161838,False
TXN-2ef765dd,ACC-1051,ACC-1511,3696.84,2026-08-28 13:54:06.161838,False
TXN-d79330a8,ACC-1347,ACC-1606,4990.65,2026-08-28 13:58:06.161838,False
TXN-54a49366,ACC-1926,ACC-1668,947.92,2026-08-28 14:02:06.161838,False
TXN-bbd51d76,ACC-1094,ACC-1848,4717.68,2026-08-28 14:06:06.161838,False
TXN-772a891d,ACC-1298,ACC-1019,2561.02,2026-08-28 14:10:06.161838,False
TXN-4600a396,ACC-1743,ACC-1002,3153.03,2026-08-28 14:14:06.161838,False
TXN-0c28f863,ACC-1798,ACC-1924,185384.62,2026-08-28 14:18:06.161838,True
TXN-4ed84c8e,ACC-1290,ACC-1723,4510.06,2026-08-28 14:22:06.161838,False
TXN-52568664,ACC-1781,ACC-1645,4201.24,2026-08-28 14:26:06.161838,False
TXN-c99a1d29,ACC-1427,ACC-1876,3294.16,2026-08-28 14:30:06.161838,False
TXN-55b181e7,ACC-1220,ACC-1576,4913.39,2026-08-28 14:34:06.161838,False
TXN-352829c3,ACC-1619,ACC-1287,2881.94,2026-08-28 14:38:06.161838,False
TXN-902f9a30,ACC-1221,ACC-1436,259.01,2026-08-28 14:42:06.161838,False
TXN-ef4d5500,ACC-1244,ACC-1158,4583.33,2026-08-28 14:46:06.161838,False
TXN-6ca47537,ACC-1609,ACC-1591,4915.73,2026-08-28 14:50:06.161838,False
TXN-dd0b58ba,ACC-1983,ACC-1360,4854.06,2026-08-28 14:54:06.161838,False
TXN-a7b3bfc4,ACC-1418,ACC-1638,4848.52,2026-08-28 14:58:06.161838,False
TXN-29b8b8cd,ACC-1388,ACC-1329,1511.09,2026-08-28 15:02:06.161838,False
TXN-7855f2eb,ACC-1382,ACC-1138,2764.0,2026-08-28 15:06:06.161838,False
TXN-f24ebe91,ACC-1805,ACC-1982,1179.32,2026-08-28 15:10:06.161838,False
TXN-d9c90ebd,ACC-1549,ACC-1793,148.78,2026-08-28 15:14:06.161838,False
TXN-a4db3bdb,ACC-1885,ACC-1356,905.75,2026-08-28 15:18:06.161838,False
TXN-07399d6f,ACC-1347,ACC-1937,1087.34,2026-08-28 15:22:06.161838,False
TXN-12c961e9,ACC-1429,ACC-1606,3585.79,2026-08-28 15:26:06.161838,False
TXN-872952a6,ACC-1737,ACC-1029,3437.27,2026-08-28 15:30:06.161838,False
TXN-142b8de0,ACC-1151,ACC-1343,4200.82,2026-08-28 15:34:06.161838,False
TXN-6ca815de,ACC-1746,ACC-1015,2794.53,2026-08-28 15:38:06.161838,False
TXN-88a2f3ee,ACC-1003,ACC-1830,3804.92,2026-08-28 15:42:06.161838,False
TXN-821110ba,ACC-1598,ACC-1571,1257.64,2026-08-28 15:46:06.161838,False
TXN-fb8b4990,ACC-1560,ACC-1967,1794.28,2026-08-28 15:50:06.161838,False
TXN-0e1b7619,ACC-1756,ACC-1928,1440.61,2026-08-28 15:54:06.161838,False
TXN-dfd188e5,ACC-1669,ACC-1320,3711.27,2026-08-28 15:58:06.161838,False
TXN-cd2f30b5,ACC-1623,ACC-1170,4773.93,2026-08-28 16:02:06.161838,False
TXN-e5b29bcb,ACC-1249,ACC-1081,1443.99,2026-08-28 16:06:06.161838,False
TXN-bb2b42c8,ACC-1386,ACC-1099,2512.73,2026-08-28 16:10:06.161838,False
TXN-9d6bad71,ACC-1245,ACC-1233,3756.38,2026-08-28 16:14:06.161838,False
TXN-92d1f8ad,ACC-1750,ACC-1028,2173.01,2026-08-28 16:18:06.161838,False
TXN-1427aafc,ACC-1912,ACC-1864,2048.71,2026-08-28 16:22:06.161838,False
TXN-a97104e0,ACC-1385,ACC-1093,3017.58,2026-08-28 16:26:06.161838,False
TXN-d226d3b2,ACC-1341,ACC-1227,2888.82,2026-08-28 16:30:06.161838,False
TXN-2b713f11,ACC-1232,ACC-1960,3744.49,2026-08-28 16:34:06.161838,False
TXN-a2b5baf5,ACC-1418,ACC-1865,3155.04,2026-08-28 16:38:06.161838,False
TXN-7f3ae5a1,ACC-1242,ACC-1811,4805.66,2026-08-28 16:42:06.161838,False
TXN-d48433b5,ACC-1968,ACC-1619,2349.58,2026-08-28 16:46:06.161838,False
TXN-4b2ee51b,ACC-1492,ACC-1637,4794.39,2026-08-28 16:50:06.161838,False
TXN-930c96dd,ACC-1417,ACC-1173,2496.54,2026-08-28 16:54:06.161838,False
TXN-42fa2a47,ACC-1396,ACC-1734,1252.07,2026-08-28 16:58:06.161838,False
TXN-51ab1a3f,ACC-1474,ACC-1752,1470.5,2026-08-28 17:02:06.161838,False
TXN-013568ad,ACC-1179,ACC-1953,3479.14,2026-08-28 17:06:06.161838,False
TXN-ae340d10,ACC-1090,ACC-1630,2297.67,2026-08-28 17:10:06.161838,False
TXN-67730fcd,ACC-1158,ACC-1303,2805.69,2026-08-28 17:14:06.161838,False
TXN-8fc8db7e,ACC-1871,ACC-1592,3758.94,2026-08-28 17:18:06.161838,False
TXN-6f081a0b,ACC-1203,ACC-1026,775.43,2026-08-28 17:22:06.161838,False
TXN-6ff2ac73,ACC-1613,ACC-1040,2112.5,2026-08-28 17:26:06.161838,False
TXN-6c55ebf7,ACC-1993,ACC-1076,4788.03,2026-08-28 17:30:06.161838,False
TXN-f16e179d,ACC-1530,ACC-1342,1895.31,2026-08-28 17:34:06.161838,False
TXN-47e5a7b1,ACC-1497,ACC-1044,1081.05,2026-08-28 17:38:06.161838,False
TXN-ae73441a,ACC-1241,ACC-1561,2891.27,2026-08-28 17:42:06.161838,False
TXN-51911386,ACC-1459,ACC-1974,1243.97,2026-08-28 17:46:06.161838,False
TXN-80d50075,ACC-1031,ACC-1737,4693.32,2026-08-28 17:50:06.161838,False
TXN-5fe70cff,ACC-1730,ACC-1474,3296.79,2026-08-28 17:54:06.161838,False
TXN-f44a4fbf,ACC-1100,ACC-1689,3934.94,2026-08-28 17:58:06.161838,False
TXN-167f0e49,ACC-1320,ACC-1219,3481.78,2026-08-28 18:02:06.161838,False
TXN-b1ceb97b,ACC-1452,ACC-1750,3444.8,2026-08-28 18:06:06.161838,False
TXN-32645adb,ACC-1455,ACC-1908,197.28,2026-08-28 18:10:06.161838,False
TXN-3ca2ff58,ACC-1388,ACC-1468,4588.02,2026-08-28 18:14:06.161838,False
TXN-92db4d5b,ACC-1714,ACC-1927,2821.2,2026-08-28 18:18:06.161838,False
TXN-24a35ce2,ACC-1344,ACC-1205,3256.07,2026-08-28 18:22:06.161838,False
TXN-2a415b12,ACC-1040,ACC-1566,3141.89,2026-08-28 18:26:06.161838,False
TXN-5e5a2e04,ACC-1741,ACC-1883,120.78,2026-08-28 18:30:06.161838,False
TXN-251dd060,ACC-1027,ACC-1960,3507.88,2026-08-28 18:34:06.161838,False
TXN-f27a7d0f,ACC-1469,ACC-1887,943.71,2026-08-28 18:38:06.161838,False
TXN-9d75ee1e,ACC-1203,ACC-1565,2974.78,2026-08-28 18:42:06.161838,False
TXN-83b2e5f8,ACC-1627,ACC-1257,2318.64,2026-08-28 18:46:06.161838,False
TXN-fdd9ab46,ACC-1884,ACC-1766,1894.3,2026-08-28 18:50:06.161838,False
TXN-8bacf125,ACC-1822,ACC-1910,2115.32,2026-08-28 18:54:06.161838,False
TXN-31276e27,ACC-1751,ACC-1691,4037.56,2026-08-28 18:58:06.161838,False
TXN-c7a5347b,ACC-1265,ACC-1624,3900.57,2026-08-28 19:02:06.161838,False
TXN-3c2ff484,ACC-1624,ACC-1756,1883.8,2026-08-28 19:06:06.161838,False
TXN-3434ab19,ACC-1906,ACC-1836,2915.95,2026-08-28 19:10:06.161838,False
TXN-a6e79c9b,ACC-1244,ACC-1588,4013.44,2026-08-28 19:14:06.161838,False
TXN-72d35ef2,ACC-1261,ACC-1689,3465.11,2026-08-28 19:18:06.161838,False
TXN-4df7a23f,ACC-1191,ACC-1351,954.37,2026-08-28 19:22:06.161838,False
TXN-bc52c956,ACC-1456,ACC-1566,1699.23,2026-08-28 19:26:06.161838,False
TXN-41f08ae4,ACC-1285,ACC-1452,1843.7,2026-08-28 19:30:06.161838,False
TXN-eb624453,ACC-1934,ACC-1965,3806.34,2026-08-28 19:34:06.161838,False
TXN-79572741,ACC-1201,ACC-1122,4838.72,2026-08-28 19:38:06.161838,False
TXN-adcd190c,ACC-1843,ACC-1582,198.8,2026-08-28 19:42:06.161838,False
TXN-93a4bfa1,ACC-1540,ACC-1432,966.02,2026-08-28 19:46:06.161838,False
TXN-481c83e8,ACC-1888,ACC-1520,3689.13,2026-08-28 19:50:06.161838,False
TXN-192cd360,ACC-1082,ACC-1780,1122.05,2026-08-28 19:54:06.161838,False
TXN-5818c67b,ACC-1253,ACC-1207,2015.48,2026-08-28 19:58:06.161838,False
TXN-73c44b40,ACC-1804,ACC-1140,144.48,2026-08-28 20:02:06.161838,False
TXN-578a60b1,ACC-1048,ACC-1462,1646.55,2026-08-28 20:06:06.161838,False
TXN-79006263,ACC-1411,ACC-1722,1890.83,2026-08-28 20:10:06.161838,False
TXN-3c53c1e0,ACC-1855,ACC-1528,2775.38,2026-08-28 20:14:06.161838,False
TXN-8c567ecb,ACC-1186,ACC-1683,3904.7,2026-08-28 20:18:06.161838,False
TXN-1ab7f0f1,ACC-1855,ACC-1612,3745.73,2026-08-28 20:22:06.161838,False
TXN-8f39e710,ACC-1446,ACC-1547,1787.03,2026-08-28 20:26:06.161838,False
TXN-bf486217,ACC-1779,ACC-1123,3547.87,2026-08-28 20:30:06.161838,False
TXN-2056890f,ACC-1563,ACC-1355,3071.4,2026-08-28 20:34:06.161838,False
TXN-74ee1c6d,ACC-1218,ACC-1885,2670.48,2026-08-28 20:38:06.161838,False
TXN-5c0ce72a,ACC-1505,ACC-1163,2196.19,2026-08-28 20:42:06.161838,False
TXN-d99c53f4,ACC-1749,ACC-1812,4988.18,2026-08-28 20:46:06.161838,False
TXN-36848381,ACC-1400,ACC-1392,4432.02,2026-08-28 20:50:06.161838,False
TXN-1108e809,ACC-1687,ACC-1537,624.65,2026-08-28 20:54:06.161838,False
TXN-bfced8f5,ACC-1902,ACC-1464,2291.89,2026-08-28 20:58:06.161838,False
TXN-9b2b447b,ACC-1844,ACC-1912,3809.71,2026-08-28 21:02:06.161838,False
TXN-d36855d1,ACC-1688,ACC-1942,4909.53,2026-08-28 21:06:06.161838,False
TXN-21875904,ACC-1912,ACC-1698,1509.5,2026-08-28 21:10:06.161838,False
TXN-1ae6ad78,ACC-1496,ACC-1000,2230.28,2026-08-28 21:14:06.161838,False
TXN-3609d135,ACC-1736,ACC-1381,4378.7,2026-08-28 21:18:06.161838,False
TXN-564dcfb2,ACC-1594,ACC-1980,2352.46,2026-08-28 21:22:06.161838,False
TXN-472d6e66,ACC-1503,ACC-1273,4327.24,2026-08-28 21:26:06.161838,False
TXN-6c333122,ACC-1017,ACC-1438,632.6,2026-08-28 21:30:06.161838,False
TXN-373a4df2,ACC-1629,ACC-1580,1957.5,2026-08-28 21:34:06.161838,False
TXN-84dfc905,ACC-1370,ACC-1445,3791.16,2026-08-28 21:38:06.161838,False
TXN-91200339,ACC-1419,ACC-1261,924.45,2026-08-28 21:42:06.161838,False
TXN-d83fb77d,ACC-1919,ACC-1589,1978.12,2026-08-28 21:46:06.161838,False
TXN-18bcb992,ACC-1021,ACC-1819,3244.3,2026-08-28 21:50:06.161838,False
TXN-9242bdee,ACC-1316,ACC-1411,164.66,2026-08-28 21:54:06.161838,False
TXN-08ab2e2e,ACC-1156,ACC-1638,977.45,2026-08-28 21:58:06.161838,False
TXN-03225125,ACC-1868,ACC-1295,2876.76,2026-08-28 22:02:06.161838,False
TXN-eb7ce794,ACC-1112,ACC-1662,2183.14,2026-08-28 22:06:06.161838,False
TXN-f33f4778,ACC-1414,ACC-1524,2978.43,2026-08-28 22:10:06.161838,False
TXN-9da8b6e5,ACC-1345,ACC-1220,4780.8,2026-08-28 22:14:06.161838,False
TXN-ee327982,ACC-1010,ACC-1653,2467.51,2026-08-28 22:18:06.161838,False
TXN-f1b48c05,ACC-1221,ACC-1775,4034.32,2026-08-28 22:22:06.161838,False
TXN-5e1648eb,ACC-1673,ACC-1543,2693.69,2026-08-28 22:26:06.161838,False
TXN-e959ec46,ACC-1795,ACC-1660,4528.31,2026-08-28 22:30:06.161838,False
TXN-44ec0fef,ACC-1307,ACC-1174,775.3,2026-08-28 22:34:06.161838,False
TXN-4949d0b4,ACC-1862,ACC-1137,2080.56,2026-08-28 22:38:06.161838,False
TXN-70c56960,ACC-1471,ACC-1457,2059.48,2026-08-28 22:42:06.161838,False
TXN-9709740f,ACC-1169,ACC-1113,167792.91,2026-08-28 22:46:06.161838,True
TXN-ac13ee7b,ACC-1567,ACC-1888,1170.48,2026-08-28 22:50:06.161838,False
TXN-c2d9e8b5,ACC-1163,ACC-1091,235.63,2026-08-28 22:54:06.161838,False
TXN-be9575c1,ACC-1520,ACC-1713,3938.82,2026-08-28 22:58:06.161838,False
TXN-4b07ab34,ACC-1472,ACC-1636,3286.83,2026-08-28 23:02:06.161838,False
TXN-706a6e6e,ACC-1606,ACC-1681,1225.48,2026-08-28 23:06:06.161838,False
TXN-461e441f,ACC-1187,ACC-1288,1056.58,2026-08-28 23:10:06.161838,False
TXN-ef1bc777,ACC-1553,ACC-1636,2315.94,2026-08-28 23:14:06.161838,False
TXN-1ad512c1,ACC-1443,ACC-1944,4672.21,2026-08-28 23:18:06.161838,False
TXN-f8f61909,ACC-1737,ACC-1003,2987.27,2026-08-28 23:22:06.161838,False
TXN-c23d1065,ACC-1659,ACC-1639,3705.24,2026-08-28 23:26:06.161838,False
TXN-dab53fc8,ACC-1569,ACC-1666,609.48,2026-08-28 23:30:06.161838,False
TXN-899f2724,ACC-1617,ACC-1656,3902.05,2026-08-28 23:34:06.161838,False
TXN-e8f14230,ACC-1921,ACC-1346,1498.4,2026-08-28 23:38:06.161838,False
TXN-bc2dbcea,ACC-1206,ACC-1601,2732.48,2026-08-28 23:42:06.161838,False
TXN-f4e8d049,ACC-1344,ACC-1972,474.27,2026-08-28 23:46:06.161838,False
TXN-0ef4800e,ACC-1314,ACC-1902,2728.5,2026-08-28 23:50:06.161838,False
TXN-7ace9e16,ACC-1856,ACC-1403,1599.78,2026-08-28 23:54:06.161838,False
TXN-2b9e8121,ACC-1923,ACC-1483,4740.48,2026-08-28 23:58:06.161838,False
TXN-b697a4e2,ACC-1331,ACC-1583,2719.26,2026-08-29 00:02:06.161838,False
TXN-07c4c978,ACC-1985,ACC-1599,2246.91,2026-08-29 00:06:06.161838,False
TXN-70d4fc29,ACC-1093,ACC-1239,4839.15,2026-08-29 00:10:06.161838,False
TXN-c4b80942,ACC-1417,ACC-1644,4045.33,2026-08-29 00:14:06.161838,False
TXN-238a2cce,ACC-1391,ACC-1244,2230.97,2026-08-29 00:18:06.161838,False
TXN-fa9fc748,ACC-1947,ACC-1778,2738.8,2026-08-29 00:22:06.161838,False
TXN-7715398e,ACC-1624,ACC-1350,1328.49,2026-08-29 00:26:06.161838,False
TXN-b4411c51,ACC-1283,ACC-1957,1406.32,2026-08-29 00:30:06.161838,False
TXN-c87b0c34,ACC-1767,ACC-1146,4766.09,2026-08-29 00:34:06.161838,False
TXN-776eb6ec,ACC-1805,ACC-1700,504.93,2026-08-29 00:38:06.161838,False
TXN-08b4b520,ACC-1350,ACC-1571,3683.5,2026-08-29 00:42:06.161838,False
TXN-0a30f3d9,ACC-1265,ACC-1172,592.24,2026-08-29 00:46:06.161838,False
TXN-c895e372,ACC-1330,ACC-1911,197121.86,2026-08-29 00:50:06.161838,True
TXN-818b24cf,ACC-1534,ACC-1058,921.32,2026-08-29 00:54:06.161838,False
TXN-6d745788,ACC-1410,ACC-1003,3381.68,2026-08-29 00:58:06.161838,False
TXN-94df4072,ACC-1508,ACC-1792,3086.67,2026-08-29 01:02:06.161838,False
TXN-d4e5c856,ACC-1449,ACC-1643,1242.11,2026-08-29 01:06:06.161838,False
TXN-e80c76d6,ACC-1748,ACC-1021,2815.82,2026-08-29 01:10:06.161838,False
TXN-f693d851,ACC-1510,ACC-1493,4877.48,2026-08-29 01:14:06.161838,False
TXN-e2785c88,ACC-1247,ACC-1707,1659.1,2026-08-29 01:18:06.161838,False
TXN-5b4f0aae,ACC-1389,ACC-1744,2081.49,2026-08-29 01:22:06.161838,False
TXN-5c5be82c,ACC-1201,ACC-1940,3955.59,2026-08-29 01:26:06.161838,False
TXN-9d7e7695,ACC-1547,ACC-1684,1900.36,2026-08-29 01:30:06.161838,False
TXN-269c5276,ACC-1536,ACC-1973,425.37,2026-08-29 01:34:06.161838,False
TXN-45b0fb11,ACC-1684,ACC-1742,1799.64,2026-08-29 01:38:06.161838,False
TXN-f255726d,ACC-1651,ACC-1114,3974.21,2026-08-29 01:42:06.161838,False
TXN-79e7a69a,ACC-1131,ACC-1462,1738.99,2026-08-29 01:46:06.161838,False
TXN-49a2b28f,ACC-1779,ACC-1623,3083.02,2026-08-29 01:50:06.161838,False
TXN-4a66935d,ACC-1399,ACC-1006,2544.92,2026-08-29 01:54:06.161838,False
TXN-28995c6e,ACC-1735,ACC-1464,2031.21,2026-08-29 01:58:06.161838,False
TXN-b02f5d32,ACC-1933,ACC-1090,965.77,2026-08-29 02:02:06.161838,False
TXN-135fa80a,ACC-1172,ACC-1249,872.56,2026-08-29 02:06:06.161838,False
TXN-be2fbf55,ACC-1755,ACC-1644,462.78,2026-08-29 02:10:06.161838,False
TXN-e6377488,ACC-1625,ACC-1048,3626.95,2026-08-29 02:14:06.161838,False
TXN-d58b14ce,ACC-1926,ACC-1384,2117.14,2026-08-29 02:18:06.161838,False
TXN-ec57ffba,ACC-1490,ACC-1657,431.17,2026-08-29 02:22:06.161838,False
TXN-805eb919,ACC-1042,ACC-1194,4596.09,2026-08-29 02:26:06.161838,False
TXN-7356633e,ACC-1136,ACC-1274,1424.63,2026-08-29 02:30:06.161838,False
TXN-00ff3fc8,ACC-1641,ACC-1667,845.46,2026-08-29 02:34:06.161838,False
TXN-f839500d,ACC-1562,ACC-1530,3444.26,2026-08-29 02:38:06.161838,False
TXN-71dc8996,ACC-1042,ACC-1860,2803.43,2026-08-29 02:42:06.161838,False
TXN-22543ad5,ACC-1723,ACC-1444,1791.95,2026-08-29 02:46:06.161838,False
TXN-c652bf00,ACC-1101,ACC-1171,3453.51,2026-08-29 02:50:06.161838,False
TXN-01d5a98d,ACC-1690,ACC-1830,255.16,2026-08-29 02:54:06.161838,False
TXN-8777276c,ACC-1895,ACC-1494,4748.07,2026-08-29 02:58:06.161838,False
TXN-46b79a14,ACC-1081,ACC-1873,521.82,2026-08-29 03:02:06.161838,False
TXN-39512381,ACC-1459,ACC-1852,463.47,2026-08-29 03:06:06.161838,False
TXN-0ec6e394,ACC-1173,ACC-1094,4655.94,2026-08-29 03:10:06.161838,False
TXN-bd62ddd7,ACC-1471,ACC-1199,713.28,2026-08-29 03:14:06.161838,False
TXN-d2965566,ACC-1672,ACC-1339,862.87,2026-08-29 03:18:06.161838,False
TXN-af0f18d6,ACC-1856,ACC-1961,3276.72,2026-08-29 03:22:06.161838,False
TXN-0928fa32,ACC-1622,ACC-1062,1099.9,2026-08-29 03:26:06.161838,False
TXN-cf5accd1,ACC-1819,ACC-1978,4278.76,2026-08-29 03:30:06.161838,False
TXN-084cfed3,ACC-1340,ACC-1343,895.69,2026-08-29 03:34:06.161838,False
TXN-0e652e5b,ACC-1027,ACC-1189,4956.02,2026-08-29 03:38:06.161838,False
TXN-1488411c,ACC-1371,ACC-1032,2966.58,2026-08-29 03:42:06.161838,False
TXN-002f0452,ACC-1692,ACC-1821,4155.49,2026-08-29 03:46:06.161838,False
TXN-86db8057,ACC-1577,ACC-1613,145.85,2026-08-29 03:50:06.161838,False
TXN-681f178a,ACC-1144,ACC-1169,1279.87,2026-08-29 03:54:06.161838,False
TXN-0d750ce4,ACC-1202,ACC-1755,2952.61,2026-08-29 03:58:06.161838,False
TXN-c9cc7d4c,ACC-1093,ACC-1498,522.14,2026-08-29 04:02:06.161838,False
TXN-ed35d70e,ACC-1388,ACC-1712,4153.15,2026-08-29 04:06:06.161838,False
TXN-52cb01e3,ACC-1475,ACC-1058,3165.81,2026-08-29 04:10:06.161838,False
TXN-85a1228d,ACC-1644,ACC-1003,3164.88,2026-08-29 04:14:06.161838,False
TXN-2327873c,ACC-1835,ACC-1356,3806.48,2026-08-29 04:18:06.161838,False
TXN-d1264ea1,ACC-1512,ACC-1212,1464.76,2026-08-29 04:22:06.161838,False
TXN-35165721,ACC-1459,ACC-1660,1962.52,2026-08-29 04:26:06.161838,False
TXN-6af57f50,ACC-1163,ACC-1622,3330.75,2026-08-29 04:30:06.161838,False
TXN-bddd06c7,ACC-1790,ACC-1552,1003.65,2026-08-29 04:34:06.161838,False
TXN-a93c9840,ACC-1453,ACC-1532,666.06,2026-08-29 04:38:06.161838,False
TXN-fcb25579,ACC-1358,ACC-1109,2298.47,2026-08-29 04:42:06.161838,False
TXN-8761fe56,ACC-1418,ACC-1969,2982.14,2026-08-29 04:46:06.161838,False
TXN-77bd2464,ACC-1483,ACC-1692,1426.43,2026-08-29 04:50:06.161838,False
TXN-660a6337,ACC-1659,ACC-1112,3754.52,2026-08-29 04:54:06.161838,False
TXN-5dd25f0d,ACC-1583,ACC-1003,607.01,2026-08-29 04:58:06.161838,False
TXN-f307ed88,ACC-1668,ACC-1035,2096.23,2026-08-29 05:02:06.161838,False
TXN-55a42154,ACC-1093,ACC-1368,4137.55,2026-08-29 05:06:06.161838,False
TXN-75061380,ACC-1166,ACC-1529,1296.65,2026-08-29 05:10:06.161838,False
TXN-00d79980,ACC-1287,ACC-1221,2845.81,2026-08-29 05:14:06.161838,False
TXN-3c734295,ACC-1199,ACC-1116,4000.73,2026-08-29 05:18:06.161838,False
TXN-c1f198f9,ACC-1108,ACC-1607,1279.87,2026-08-29 05:22:06.161838,False
TXN-acfe0f2f,ACC-1821,ACC-1520,179764.98,2026-08-29 05:26:06.161838,True
TXN-7386effb,ACC-1734,ACC-1286,2836.68,2026-08-29 05:30:06.161838,False
TXN-31076c44,ACC-1522,ACC-1724,1705.99,2026-08-29 05:34:06.161838,False
TXN-603fe05f,ACC-1858,ACC-1451,2732.6,2026-08-29 05:38:06.161838,False
TXN-172ba41b,ACC-1074,ACC-1508,4535.01,2026-08-29 05:42:06.161838,False
TXN-e351f3cb,ACC-1282,ACC-1372,2306.16,2026-08-29 05:46:06.161838,False
TXN-6d295313,ACC-1966,ACC-1941,1932.07,2026-08-29 05:50:06.161838,False
TXN-ac869e39,ACC-1464,ACC-1958,3275.34,2026-08-29 05:54:06.161838,False
TXN-716008d2,ACC-1554,ACC-1131,4877.65,2026-08-29 05:58:06.161838,False
TXN-380bc354,ACC-1254,ACC-1736,118534.77,2026-08-29 06:02:06.161838,True
TXN-211681fb,ACC-1012,ACC-1224,3899.46,2026-08-29 06:06:06.161838,False
TXN-74ab7ee4,ACC-1663,ACC-1507,320.23,2026-08-29 06:10:06.161838,False
TXN-b34313e7,ACC-1971,ACC-1211,1087.83,2026-08-29 06:14:06.161838,False
TXN-c25bf94c,ACC-1715,ACC-1107,1811.95,2026-08-29 06:18:06.161838,False
TXN-cf318813,ACC-1834,ACC-1868,4269.94,2026-08-29 06:22:06.161838,False
TXN-0ba4a376,ACC-1265,ACC-1962,3888.86,2026-08-29 06:26:06.161838,False
TXN-0d745df8,ACC-1503,ACC-1969,4820.58,2026-08-29 06:30:06.161838,False
TXN-8a2a6f22,ACC-1102,ACC-1320,4591.27,2026-08-29 06:34:06.161838,False
TXN-77673ec2,ACC-1306,ACC-1577,3057.68,2026-08-29 06:38:06.161838,False
TXN-ac17c0f4,ACC-1527,ACC-1497,117.2,2026-08-29 06:42:06.161838,False
TXN-1c9d774d,ACC-1717,ACC-1273,869.44,2026-08-29 06:46:06.161838,False
TXN-6856623e,ACC-1259,ACC-1815,3523.03,2026-08-29 06:50:06.161838,False
TXN-c04481f2,ACC-1381,ACC-1037,4189.24,2026-08-29 06:54:06.161838,False
TXN-d567301d,ACC-1147,ACC-1169,1326.65,2026-08-29 06:58:06.161838,False
TXN-36be6f64,ACC-1895,ACC-1147,1160.12,2026-08-29 07:02:06.161838,False
TXN-acb3df18,ACC-1121,ACC-1068,3684.04,2026-08-29 07:06:06.161838,False
TXN-af0f04de,ACC-1908,ACC-1623,4130.63,2026-08-29 07:10:06.161838,False
TXN-e70b5654,ACC-1856,ACC-1144,4352.35,2026-08-29 07:14:06.161838,False
TXN-0d00ac73,ACC-1478,ACC-1782,1492.56,2026-08-29 07:18:06.161838,False
TXN-119203ec,ACC-1987,ACC-1875,3239.41,2026-08-29 07:22:06.161838,False
TXN-23681b00,ACC-1078,ACC-1391,1564.65,2026-08-29 07:26:06.161838,False
TXN-83c051de,ACC-1504,ACC-1533,1984.83,2026-08-29 07:30:06.161838,False
TXN-cd58d93a,ACC-1117,ACC-1836,2949.74,2026-08-29 07:34:06.161838,False
TXN-ce57cb05,ACC-1755,ACC-1768,640.69,2026-08-29 07:38:06.161838,False
TXN-32d0ddd3,ACC-1459,ACC-1810,3542.95,2026-08-29 07:42:06.161838,False
TXN-a001bd82,ACC-1784,ACC-1892,3302.61,2026-08-29 07:46:06.161838,False
TXN-6dd834ad,ACC-1113,ACC-1418,1552.94,2026-08-29 07:50:06.161838,False
TXN-df851311,ACC-1483,ACC-1313,1705.73,2026-08-29 07:54:06.161838,False
TXN-d0f4684c,ACC-1798,ACC-1071,246.67,2026-08-29 07:58:06.161838,False
TXN-b025a225,ACC-1787,ACC-1182,124944.66,2026-08-29 08:02:06.161838,True
TXN-4f8af8c2,ACC-1032,ACC-1909,1187.39,2026-08-29 08:06:06.161838,False
TXN-91ab7884,ACC-1098,ACC-1624,770.7,2026-08-29 08:10:06.161838,False
TXN-6c4d9bb7,ACC-1086,ACC-1651,1720.39,2026-08-29 08:14:06.161838,False
TXN-c5121dd4,ACC-1128,ACC-1679,2296.6,2026-08-29 08:18:06.161838,False
TXN-9068549e,ACC-1168,ACC-1279,1575.07,2026-08-29 08:22:06.161838,False
TXN-2cf2f040,ACC-1223,ACC-1188,811.59,2026-08-29 08:26:06.161838,False
TXN-82ad5e51,ACC-1944,ACC-1540,1504.24,2026-08-29 08:30:06.161838,False
TXN-ad4c49d4,ACC-1890,ACC-1229,3704.55,2026-08-29 08:34:06.161838,False
TXN-6bf86fdc,ACC-1557,ACC-1014,1183.76,2026-08-29 08:38:06.161838,False
TXN-af3199e7,ACC-1168,ACC-1535,973.64,2026-08-29 08:42:06.161838,False
TXN-1d6a3ecd,ACC-1418,ACC-1350,2116.9,2026-08-29 08:46:06.161838,False
TXN-e2e0f11a,ACC-1125,ACC-1908,3039.62,2026-08-29 08:50:06.161838,False
TXN-ed2a4c63,ACC-1584,ACC-1489,634.76,2026-08-29 08:54:06.161838,False
TXN-2ab36ac5,ACC-1760,ACC-1845,3188.55,2026-08-29 08:58:06.161838,False
TXN-72b236c2,ACC-1579,ACC-1347,2973.48,2026-08-29 09:02:06.161838,False
TXN-cfe00092,ACC-1262,ACC-1610,1611.45,2026-08-29 09:06:06.161838,False
TXN-300d5287,ACC-1729,ACC-1132,2312.32,2026-08-29 09:10:06.161838,False
TXN-c355a58d,ACC-1317,ACC-1786,3151.45,2026-08-29 09:14:06.161838,False
TXN-e5127e77,ACC-1695,ACC-1195,4106.66,2026-08-29 09:18:06.161838,False
TXN-aa8fe240,ACC-1571,ACC-1968,449.95,2026-08-29 09:22:06.161838,False
TXN-806a1cdc,ACC-1886,ACC-1134,4896.18,2026-08-29 09:26:06.161838,False
TXN-d84243dc,ACC-1315,ACC-1108,908.11,2026-08-29 09:30:06.161838,False
TXN-cccfb1c9,ACC-1374,ACC-1996,557.08,2026-08-29 09:34:06.161838,False
TXN-8119eb80,ACC-1155,ACC-1344,563.28,2026-08-29 09:38:06.161838,False
TXN-789e457a,ACC-1922,ACC-1884,589.55,2026-08-29 09:42:06.161838,False
TXN-066c1cbd,ACC-1493,ACC-1461,3257.15,2026-08-29 09:46:06.161838,False
TXN-95433264,ACC-1729,ACC-1708,2275.22,2026-08-29 09:50:06.161838,False
TXN-a68e3db6,ACC-1713,ACC-1177,750.31,2026-08-29 09:54:06.161838,False
TXN-e5ce50a7,ACC-1606,ACC-1899,707.94,2026-08-29 09:58:06.161838,False
TXN-7ff9952d,ACC-1414,ACC-1977,2013.47,2026-08-29 10:02:06.161838,False
TXN-e82a1f8e,ACC-1527,ACC-1864,1121.42,2026-08-29 10:06:06.161838,False
TXN-2f6bc7a9,ACC-1013,ACC-1846,380.72,2026-08-29 10:10:06.161838,False
TXN-c92fb2bc,ACC-1556,ACC-1077,249.6,2026-08-29 10:14:06.161838,False
TXN-f9563317,ACC-1512,ACC-1054,3732.5,2026-08-29 10:18:06.161838,False
TXN-05721e14,ACC-1805,ACC-1903,1773.61,2026-08-29 10:22:06.161838,False
TXN-ad0e3bc1,ACC-1730,ACC-1042,121565.73,2026-08-29 10:26:06.161838,True
TXN-acebb749,ACC-1392,ACC-1077,1205.19,2026-08-29 10:30:06.161838,False
TXN-bd66facf,ACC-1953,ACC-1768,3821.73,2026-08-29 10:34:06.161838,False
TXN-12930846,ACC-1194,ACC-1013,1137.5,2026-08-29 10:38:06.161838,False
TXN-236ba8df,ACC-1009,ACC-1333,4894.3,2026-08-29 10:42:06.161838,False
TXN-d4cf3427,ACC-1352,ACC-1387,2034.81,2026-08-29 10:46:06.161838,False
TXN-4c9daf3c,ACC-1392,ACC-1183,3412.4,2026-08-29 10:50:06.161838,False
TXN-d3554d5e,ACC-1227,ACC-1226,1087.14,2026-08-29 10:54:06.161838,False
TXN-5be99c0a,ACC-1196,ACC-1251,817.52,2026-08-29 10:58:06.161838,False
TXN-257dda61,ACC-1489,ACC-1265,2764.12,2026-08-29 11:02:06.161838,False
TXN-436b43dd,ACC-1176,ACC-1236,4501.52,2026-08-29 11:06:06.161838,False
TXN-f840110e,ACC-1579,ACC-1933,129270.62,2026-08-29 11:10:06.161838,True
TXN-c8661ea0,ACC-1781,ACC-1159,1071.36,2026-08-29 11:14:06.161838,False
TXN-58e8f839,ACC-1105,ACC-1964,4668.82,2026-08-29 11:18:06.161838,False
TXN-3668d415,ACC-1587,ACC-1226,2854.56,2026-08-29 11:22:06.161838,False
TXN-aab80edf,ACC-1793,ACC-1947,748.97,2026-08-29 11:26:06.161838,False
TXN-6017232f,ACC-1255,ACC-1558,2468.15,2026-08-29 11:30:06.161838,False
TXN-38526948,ACC-1571,ACC-1336,1067.05,2026-08-29 11:34:06.161838,False
TXN-fb9ba649,ACC-1630,ACC-1557,2829.24,2026-08-29 11:38:06.161838,False
TXN-8b2d971e,ACC-1472,ACC-1597,3956.66,2026-08-29 11:42:06.161838,False
TXN-0b8d094f,ACC-1592,ACC-1407,1424.13,2026-08-29 11:46:06.161838,False
TXN-9b5124de,ACC-1353,ACC-1507,1513.07,2026-08-29 11:50:06.161838,False
TXN-06bedd7e,ACC-1475,ACC-1164,844.08,2026-08-29 11:54:06.161838,False
TXN-68eca139,ACC-1859,ACC-1154,1147.48,2026-08-29 11:58:06.161838,False
TXN-7aaa5789,ACC-1477,ACC-1875,4815.4,2026-08-29 12:02:06.161838,False
TXN-7a951c66,ACC-1305,ACC-1274,3504.19,2026-08-29 12:06:06.161838,False
TXN-7cfdb32f,ACC-1570,ACC-1896,4666.66,2026-08-29 12:10:06.161838,False
TXN-2943c868,ACC-1392,ACC-1513,2996.37,2026-08-29 12:14:06.161838,False
TXN-4118be4f,ACC-1307,ACC-1521,3942.21,2026-08-29 12:18:06.161838,False
TXN-4fa40275,ACC-1458,ACC-1703,3511.21,2026-08-29 12:22:06.161838,False
TXN-d7746687,ACC-1278,ACC-1617,1124.73,2026-08-29 12:26:06.161838,False
TXN-8fb1295d,ACC-1921,ACC-1355,839.02,2026-08-29 12:30:06.161838,False
TXN-b6597c7e,ACC-1338,ACC-1942,1457.15,2026-08-29 12:34:06.161838,False
TXN-c614340a,ACC-1170,ACC-1804,660.97,2026-08-29 12:38:06.161838,False
TXN-e93c00ed,ACC-1013,ACC-1866,3142.53,2026-08-29 12:42:06.161838,False
TXN-c25b6809,ACC-1978,ACC-1795,3267.51,2026-08-29 12:46:06.161838,False
TXN-7e04c3fd,ACC-1419,ACC-1806,2472.17,2026-08-29 12:50:06.161838,False
TXN-def8846b,ACC-1908,ACC-1120,1705.87,2026-08-29 12:54:06.161838,False
TXN-10881163,ACC-1827,ACC-1026,4484.99,2026-08-29 12:58:06.161838,False
TXN-3f79a6c2,ACC-1398,ACC-1746,729.54,2026-08-29 13:02:06.161838,False
TXN-89cba0dd,ACC-1537,ACC-1059,2861.94,2026-08-29 13:06:06.161838,False
TXN-627bb4e9,ACC-1707,ACC-1832,3879.02,2026-08-29 13:10:06.161838,False
TXN-2574752c,ACC-1167,ACC-1447,825.14,2026-08-29 13:14:06.161838,False
TXN-595b9af8,ACC-1529,ACC-1560,2261.95,2026-08-29 13:18:06.161838,False
TXN-a8a86f7b,ACC-1508,ACC-1989,153.37,2026-08-29 13:22:06.161838,False
TXN-5e344ffb,ACC-1929,ACC-1688,123853.37,2026-08-29 13:26:06.161838,True
TXN-6b0c7d1e,ACC-1765,ACC-1251,1267.57,2026-08-29 13:30:06.161838,False
TXN-a3b98668,ACC-1320,ACC-1819,2605.69,2026-08-29 13:34:06.161838,False
TXN-0619d55f,ACC-1047,ACC-1365,377.83,2026-08-29 13:38:06.161838,False
TXN-6cf1dd43,ACC-1492,ACC-1523,2384.21,2026-08-29 13:42:06.161838,False
TXN-8ff26680,ACC-1344,ACC-1434,2953.12,2026-08-29 13:46:06.161838,False
TXN-391c2aac,ACC-1488,ACC-1046,1324.0,2026-08-29 13:50:06.161838,False
TXN-2fb3b5f8,ACC-1258,ACC-1611,4028.47,2026-08-29 13:54:06.161838,False
TXN-38c79cfa,ACC-1492,ACC-1265,2132.16,2026-08-29 13:58:06.161838,False
TXN-0e3d56fb,ACC-1489,ACC-1066,3498.61,2026-08-29 14:02:06.161838,False
TXN-8718ebe3,ACC-1847,ACC-1838,2141.31,2026-08-29 14:06:06.161838,False
TXN-7049789b,ACC-1481,ACC-1318,3726.52,2026-08-29 14:10:06.161838,False
TXN-a3c197b0,ACC-1656,ACC-1686,3586.37,2026-08-29 14:14:06.161838,False
TXN-19b7c2f1,ACC-1754,ACC-1116,115081.85,2026-08-29 14:18:06.161838,True
TXN-ee623e87,ACC-1341,ACC-1664,2386.23,2026-08-29 14:22:06.161838,False
TXN-35bd05b4,ACC-1102,ACC-1202,589.11,2026-08-29 14:26:06.161838,False
TXN-748f3261,ACC-1725,ACC-1272,4989.94,2026-08-29 14:30:06.161838,False
TXN-4f354486,ACC-1342,ACC-1326,3275.27,2026-08-29 14:34:06.161838,False
TXN-6688f78f,ACC-1797,ACC-1782,4225.79,2026-08-29 14:38:06.161838,False
TXN-120f3bca,ACC-1676,ACC-1359,3014.85,2026-08-29 14:42:06.161838,False
TXN-61cfcbfb,ACC-1889,ACC-1859,4537.98,2026-08-29 14:46:06.161838,False
TXN-51fcde4e,ACC-1844,ACC-1586,1562.41,2026-08-29 14:50:06.161838,False
TXN-d49ead2e,ACC-1987,ACC-1000,3965.63,2026-08-29 14:54:06.161838,False
TXN-fb3cc603,ACC-1021,ACC-1772,3537.5,2026-08-29 14:58:06.161838,False
TXN-43ea4cc4,ACC-1925,ACC-1458,4129.1,2026-08-29 15:02:06.161838,False
TXN-34f40d5b,ACC-1455,ACC-1110,3500.8,2026-08-29 15:06:06.161838,False
TXN-89f67cda,ACC-1068,ACC-1240,4513.07,2026-08-29 15:10:06.161838,False
TXN-a8ce1dd4,ACC-1208,ACC-1145,3014.89,2026-08-29 15:14:06.161838,False
TXN-475a3537,ACC-1174,ACC-1213,720.83,2026-08-29 15:18:06.161838,False
TXN-c32f8fb0,ACC-1547,ACC-1713,2697.72,2026-08-29 15:22:06.161838,False
TXN-cc825ed5,ACC-1278,ACC-1477,491.97,2026-08-29 15:26:06.161838,False
TXN-1fb9d90c,ACC-1197,ACC-1440,4178.06,2026-08-29 15:30:06.161838,False
TXN-737a6478,ACC-1909,ACC-1365,1341.65,2026-08-29 15:34:06.161838,False
TXN-709f7f7f,ACC-1398,ACC-1842,4927.97,2026-08-29 15:38:06.161838,False
TXN-516feb94,ACC-1846,ACC-1126,3305.31,2026-08-29 15:42:06.161838,False
TXN-67975032,ACC-1170,ACC-1943,1779.69,2026-08-29 15:46:06.161838,False
TXN-1843ffdc,ACC-1881,ACC-1413,615.91,2026-08-29 15:50:06.161838,False
TXN-086c3150,ACC-1236,ACC-1117,2564.18,2026-08-29 15:54:06.161838,False
TXN-f7acb3ae,ACC-1259,ACC-1134,1958.02,2026-08-29 15:58:06.161838,False
TXN-da63c237,ACC-1087,ACC-1989,2419.76,2026-08-29 16:02:06.161838,False
TXN-b84bbdc4,ACC-1030,ACC-1546,3089.43,2026-08-29 16:06:06.161838,False
TXN-4cca0dbe,ACC-1713,ACC-1262,4800.46,2026-08-29 16:10:06.161838,False
TXN-2e1fb68d,ACC-1268,ACC-1111,1768.92,2026-08-29 16:14:06.161838,False
TXN-5a8be13f,ACC-1126,ACC-1152,3032.38,2026-08-29 16:18:06.161838,False
TXN-3a6d75d0,ACC-1792,ACC-1456,2418.48,2026-08-29 16:22:06.161838,False
TXN-e172d213,ACC-1396,ACC-1020,4233.86,2026-08-29 16:26:06.161838,False
TXN-8eefb962,ACC-1673,ACC-1304,4462.15,2026-08-29 16:30:06.161838,False
TXN-04a665aa,ACC-1759,ACC-1473,2885.98,2026-08-29 16:34:06.161838,False
TXN-d1e7216f,ACC-1659,ACC-1232,4641.57,2026-08-29 16:38:06.161838,False
TXN-42f62889,ACC-1895,ACC-1159,4498.59,2026-08-29 16:42:06.161838,False
TXN-f358cc47,ACC-1241,ACC-1135,2369.17,2026-08-29 16:46:06.161838,False
TXN-4b7c9295,ACC-1014,ACC-1845,4132.12,2026-08-29 16:50:06.161838,False
TXN-a4a5f767,ACC-1058,ACC-1625,3655.78,2026-08-29 16:54:06.161838,False
TXN-db469f1b,ACC-1604,ACC-1505,4316.36,2026-08-29 16:58:06.161838,False
TXN-27ae1aa9,ACC-1317,ACC-1334,3431.81,2026-08-29 17:02:06.161838,False
TXN-8cd7374b,ACC-1348,ACC-1703,1561.36,2026-08-29 17:06:06.161838,False
TXN-71aaa92e,ACC-1985,ACC-1523,365.16,2026-08-29 17:10:06.161838,False
TXN-e57db2fc,ACC-1057,ACC-1509,2473.45,2026-08-29 17:14:06.161838,False
TXN-46e4df44,ACC-1012,ACC-1065,1885.11,2026-08-29 17:18:06.161838,False
TXN-06dfb5cf,ACC-1404,ACC-1875,4867.49,2026-08-29 17:22:06.161838,False
TXN-65ed5917,ACC-1221,ACC-1504,4338.79,2026-08-29 17:26:06.161838,False
TXN-0037e71a,ACC-1387,ACC-1882,1432.98,2026-08-29 17:30:06.161838,False
TXN-f03d1867,ACC-1703,ACC-1876,1575.08,2026-08-29 17:34:06.161838,False
TXN-f74e7999,ACC-1269,ACC-1001,147174.37,2026-08-29 17:38:06.161838,True
TXN-39052bd9,ACC-1413,ACC-1269,2360.42,2026-08-29 17:42:06.161838,False
TXN-86f1b80c,ACC-1374,ACC-1456,1999.1,2026-08-29 17:46:06.161838,False
TXN-a9cb96e2,ACC-1505,ACC-1586,4953.85,2026-08-29 17:50:06.161838,False
TXN-a287f350,ACC-1916,ACC-1933,1418.92,2026-08-29 17:54:06.161838,False
TXN-14b463fc,ACC-1363,ACC-1914,2330.31,2026-08-29 17:58:06.161838,False
TXN-19121876,ACC-1813,ACC-1916,1183.92,2026-08-29 18:02:06.161838,False
TXN-15a715ef,ACC-1832,ACC-1631,4558.05,2026-08-29 18:06:06.161838,False
TXN-c03a92ed,ACC-1147,ACC-1770,660.1,2026-08-29 18:10:06.161838,False
TXN-158269cf,ACC-1383,ACC-1896,1400.25,2026-08-29 18:14:06.161838,False
TXN-50248591,ACC-1193,ACC-1923,1519.38,2026-08-29 18:18:06.161838,False
TXN-3691aeb0,ACC-1044,ACC-1977,4420.57,2026-08-29 18:22:06.161838,False
TXN-883215aa,ACC-1506,ACC-1206,1092.4,2026-08-29 18:26:06.161838,False
TXN-44995a3a,ACC-1124,ACC-1159,533.11,2026-08-29 18:30:06.161838,False
TXN-c00e4b89,ACC-1155,ACC-1352,769.88,2026-08-29 18:34:06.161838,False
TXN-5f077de7,ACC-1742,ACC-1757,2249.01,2026-08-29 18:38:06.161838,False
TXN-67e43526,ACC-1841,ACC-1713,3937.21,2026-08-29 18:42:06.161838,False
TXN-6af352b8,ACC-1832,ACC-1413,147.1,2026-08-29 18:46:06.161838,False
TXN-0211777a,ACC-1285,ACC-1739,156813.69,2026-08-29 18:50:06.161838,True
TXN-9344a2f4,ACC-1911,ACC-1441,935.35,2026-08-29 18:54:06.161838,False
TXN-29dd50b1,ACC-1237,ACC-1259,2123.34,2026-08-29 18:58:06.161838,False
TXN-fe86135b,ACC-1336,ACC-1915,4573.02,2026-08-29 19:02:06.161838,False
TXN-247cc74d,ACC-1623,ACC-1256,1166.01,2026-08-29 19:06:06.161838,False
TXN-d883e5d7,ACC-1663,ACC-1343,203.05,2026-08-29 19:10:06.161838,False
TXN-fdebfec3,ACC-1782,ACC-1654,126209.66,2026-08-29 19:14:06.161838,True
TXN-d60b8adb,ACC-1446,ACC-1202,4279.07,2026-08-29 19:18:06.161838,False
TXN-7c4e1ce9,ACC-1567,ACC-1009,296.46,2026-08-29 19:22:06.161838,False
TXN-af5339d1,ACC-1927,ACC-1352,1677.03,2026-08-29 19:26:06.161838,False
TXN-e6e65fe6,ACC-1401,ACC-1449,3652.13,2026-08-29 19:30:06.161838,False
TXN-aafa51a7,ACC-1408,ACC-1862,3212.84,2026-08-29 19:34:06.161838,False
TXN-969ed344,ACC-1364,ACC-1566,2457.68,2026-08-29 19:38:06.161838,False
TXN-8a496943,ACC-1080,ACC-1948,3395.41,2026-08-29 19:42:06.161838,False
TXN-e5af056d,ACC-1974,ACC-1894,1533.35,2026-08-29 19:46:06.161838,False
TXN-902b06a4,ACC-1515,ACC-1745,76763.5,2026-08-29 19:50:06.161838,True
TXN-09489c6c,ACC-1871,ACC-1789,4397.62,2026-08-29 19:54:06.161838,False
TXN-64391517,ACC-1093,ACC-1765,2711.44,2026-08-29 19:58:06.161838,False
TXN-fd084d75,ACC-1898,ACC-1464,1027.79,2026-08-29 20:02:06.161838,False
TXN-884d55a5,ACC-1006,ACC-1314,334.31,2026-08-29 20:06:06.161838,False
TXN-05084657,ACC-1545,ACC-1370,806.25,2026-08-29 20:10:06.161838,False
TXN-c023369c,ACC-1878,ACC-1826,4557.47,2026-08-29 20:14:06.161838,False
TXN-baa97bca,ACC-1547,ACC-1475,1280.33,2026-08-29 20:18:06.161838,False
TXN-0e97165d,ACC-1460,ACC-1835,1031.52,2026-08-29 20:22:06.161838,False
TXN-39451645,ACC-1832,ACC-1822,3700.03,2026-08-29 20:26:06.161838,False
TXN-bb1e7991,ACC-1807,ACC-1194,2059.37,2026-08-29 20:30:06.161838,False
TXN-3f02e88a,ACC-1604,ACC-1348,1726.6,2026-08-29 20:34:06.161838,False
TXN-81b4ad12,ACC-1644,ACC-1817,4015.29,2026-08-29 20:38:06.161838,False
TXN-f482909c,ACC-1963,ACC-1245,2808.48,2026-08-29 20:42:06.161838,False
TXN-a711d096,ACC-1882,ACC-1634,4084.5,2026-08-29 20:46:06.161838,False
TXN-9f854c30,ACC-1461,ACC-1932,57202.68,2026-08-29 20:50:06.161838,True
TXN-52c39e18,ACC-1599,ACC-1862,1402.92,2026-08-29 20:54:06.161838,False
TXN-2d02fe2d,ACC-1587,ACC-1383,1515.16,2026-08-29 20:58:06.161838,False
TXN-c18cf2e3,ACC-1382,ACC-1089,2008.52,2026-08-29 21:02:06.161838,False
TXN-5a75b312,ACC-1242,ACC-1600,3325.75,2026-08-29 21:06:06.161838,False
TXN-9f7d47a3,ACC-1750,ACC-1577,4184.76,2026-08-29 21:10:06.161838,False
TXN-d2ded32c,ACC-1558,ACC-1699,2868.67,2026-08-29 21:14:06.161838,False
TXN-15f578e3,ACC-1909,ACC-1340,717.37,2026-08-29 21:18:06.161838,False
TXN-ca9c1718,ACC-1163,ACC-1675,3237.67,2026-08-29 21:22:06.161838,False
TXN-9a853ec6,ACC-1393,ACC-1997,1922.08,2026-08-29 21:26:06.161838,False
TXN-d907ddc9,ACC-1098,ACC-1246,2620.48,2026-08-29 21:30:06.161838,False
TXN-94d35690,ACC-1740,ACC-1846,3163.2,2026-08-29 21:34:06.161838,False
TXN-df45b335,ACC-1180,ACC-1352,2965.6,2026-08-29 21:38:06.161838,False
TXN-7f683a27,ACC-1009,ACC-1992,564.33,2026-08-29 21:42:06.161838,False
TXN-16b41c08,ACC-1854,ACC-1520,2913.85,2026-08-29 21:46:06.161838,False
TXN-a6a5a651,ACC-1523,ACC-1735,1944.83,2026-08-29 21:50:06.161838,False
TXN-457266ce,ACC-1090,ACC-1308,2468.53,2026-08-29 21:54:06.161838,False
TXN-13df0077,ACC-1103,ACC-1060,60764.85,2026-08-29 21:58:06.161838,True
TXN-047411dc,ACC-1682,ACC-1213,2502.76,2026-08-29 22:02:06.161838,False
TXN-4478e2c5,ACC-1847,ACC-1377,3248.53,2026-08-29 22:06:06.161838,False
TXN-8d8a8a3d,ACC-1423,ACC-1435,4562.93,2026-08-29 22:10:06.161838,False
TXN-9248ebbe,ACC-1133,ACC-1769,2564.6,2026-08-29 22:14:06.161838,False
TXN-c4d2d642,ACC-1309,ACC-1891,4924.67,2026-08-29 22:18:06.161838,False
TXN-9a2086ad,ACC-1267,ACC-1814,3048.57,2026-08-29 22:22:06.161838,False
TXN-be8719cd,ACC-1276,ACC-1743,701.1,2026-08-29 22:26:06.161838,False
TXN-c7ba4368,ACC-1571,ACC-1428,800.42,2026-08-29 22:30:06.161838,False
TXN-16a54a12,ACC-1460,ACC-1462,3833.4,2026-08-29 22:34:06.161838,False
TXN-fd128191,ACC-1215,ACC-1455,3669.07,2026-08-29 22:38:06.161838,False
TXN-bb78122c,ACC-1037,ACC-1053,2092.17,2026-08-29 22:42:06.161838,False
TXN-e10aec3d,ACC-1492,ACC-1044,2889.63,2026-08-29 22:46:06.161838,False
TXN-ee7cb018,ACC-1578,ACC-1865,4785.07,2026-08-29 22:50:06.161838,False
TXN-4e485047,ACC-1360,ACC-1490,4797.61,2026-08-29 22:54:06.161838,False
TXN-199af818,ACC-1962,ACC-1759,2268.75,2026-08-29 22:58:06.161838,False
TXN-7b682b0f,ACC-1061,ACC-1388,2876.36,2026-08-29 23:02:06.161838,False
TXN-24508667,ACC-1460,ACC-1408,384.42,2026-08-29 23:06:06.161838,False
TXN-28887835,ACC-1345,ACC-1397,3044.38,2026-08-29 23:10:06.161838,False
TXN-eb161141,ACC-1567,ACC-1760,1538.89,2026-08-29 23:14:06.161838,False
TXN-5ee918f9,ACC-1638,ACC-1582,186.74,2026-08-29 23:18:06.161838,False
TXN-7f169a3b,ACC-1958,ACC-1851,488.4,2026-08-29 23:22:06.161838,False
TXN-c3b67d32,ACC-1529,ACC-1889,2788.51,2026-08-29 23:26:06.161838,False
TXN-44b842ae,ACC-1793,ACC-1027,4589.24,2026-08-29 23:30:06.161838,False
TXN-3f2fd544,ACC-1551,ACC-1797,2588.85,2026-08-29 23:34:06.161838,False
TXN-78137160,ACC-1055,ACC-1259,2274.1,2026-08-29 23:38:06.161838,False
TXN-46bdad16,ACC-1279,ACC-1727,1766.75,2026-08-29 23:42:06.161838,False
TXN-25e60e12,ACC-1627,ACC-1820,3820.0,2026-08-29 23:46:06.161838,False
TXN-00fc4e67,ACC-1114,ACC-1363,1921.96,2026-08-29 23:50:06.161838,False
TXN-da2c8cbb,ACC-1838,ACC-1547,4520.82,2026-08-29 23:54:06.161838,False
TXN-b65543d7,ACC-1433,ACC-1478,2691.94,2026-08-29 23:58:06.161838,False
TXN-13e6dd4f,ACC-1097,ACC-1549,1087.55,2026-08-30 00:02:06.161838,False
TXN-f8e8088a,ACC-1888,ACC-1422,1790.02,2026-08-30 00:06:06.161838,False
TXN-b6d2b02b,ACC-1808,ACC-1865,727.65,2026-08-30 00:10:06.161838,False
TXN-e2beb8b1,ACC-1846,ACC-1313,3531.46,2026-08-30 00:14:06.161838,False
TXN-b08410b7,ACC-1273,ACC-1207,1486.61,2026-08-30 00:18:06.161838,False
TXN-e8101f76,ACC-1111,ACC-1921,307.82,2026-08-30 00:22:06.161838,False
TXN-45dbd94c,ACC-1150,ACC-1352,3654.46,2026-08-30 00:26:06.161838,False
TXN-025b4176,ACC-1512,ACC-1989,3152.12,2026-08-30 00:30:06.161838,False
TXN-99826a12,ACC-1918,ACC-1676,4015.31,2026-08-30 00:34:06.161838,False
TXN-99295ab8,ACC-1291,ACC-1376,3317.9,2026-08-30 00:38:06.161838,False
TXN-4c04498a,ACC-1446,ACC-1573,1428.31,2026-08-30 00:42:06.161838,False
TXN-4df615be,ACC-1223,ACC-1257,1135.04,2026-08-30 00:46:06.161838,False
TXN-cb8fe569,ACC-1305,ACC-1288,4052.96,2026-08-30 00:50:06.161838,False
TXN-f83a0bf6,ACC-1912,ACC-1975,1533.98,2026-08-30 00:54:06.161838,False
TXN-e8006aeb,ACC-1298,ACC-1650,2735.98,2026-08-30 00:58:06.161838,False
TXN-aa0cc9fd,ACC-1325,ACC-1099,4138.64,2026-08-30 01:02:06.161838,False
TXN-33a40dbe,ACC-1471,ACC-1076,837.37,2026-08-30 01:06:06.161838,False
TXN-9f8c4a2d,ACC-1353,ACC-1138,4740.64,2026-08-30 01:10:06.161838,False
TXN-044dc79c,ACC-1540,ACC-1017,2013.62,2026-08-30 01:14:06.161838,False
TXN-1e3574b6,ACC-1704,ACC-1590,2653.83,2026-08-30 01:18:06.161838,False
TXN-12bab630,ACC-1015,ACC-1519,4283.55,2026-08-30 01:22:06.161838,False
TXN-ee96c38c,ACC-1725,ACC-1469,4484.04,2026-08-30 01:26:06.161838,False
TXN-5aecd009,ACC-1404,ACC-1071,437.07,2026-08-30 01:30:06.161838,False
TXN-26c72092,ACC-1713,ACC-1191,762.47,2026-08-30 01:34:06.161838,False
TXN-6122068e,ACC-1340,ACC-1363,3484.77,2026-08-30 01:38:06.161838,False
TXN-538df51c,ACC-1737,ACC-1134,665.44,2026-08-30 01:42:06.161838,False
TXN-da3440eb,ACC-1231,ACC-1568,3096.56,2026-08-30 01:46:06.161838,False
TXN-1eac58ce,ACC-1696,ACC-1220,4819.62,2026-08-30 01:50:06.161838,False
TXN-c36a8707,ACC-1187,ACC-1847,4501.86,2026-08-30 01:54:06.161838,False
TXN-a588ae9d,ACC-1749,ACC-1586,4260.75,2026-08-30 01:58:06.161838,False
TXN-5306968b,ACC-1346,ACC-1083,4206.84,2026-08-30 02:02:06.161838,False
TXN-727201d2,ACC-1557,ACC-1446,2027.58,2026-08-30 02:06:06.161838,False
TXN-279b69b6,ACC-1316,ACC-1504,3643.69,2026-08-30 02:10:06.161838,False
TXN-bbb53c70,ACC-1417,ACC-1773,476.24,2026-08-30 02:14:06.161838,False
TXN-927a1f5f,ACC-1100,ACC-1412,1066.99,2026-08-30 02:18:06.161838,False
TXN-50593411,ACC-1313,ACC-1125,1228.42,2026-08-30 02:22:06.161838,False
TXN-f029af92,ACC-1280,ACC-1934,4158.82,2026-08-30 02:26:06.161838,False
TXN-0fa9b112,ACC-1366,ACC-1758,4516.78,2026-08-30 02:30:06.161838,False
TXN-4dc59cd8,ACC-1896,ACC-1721,2746.11,2026-08-30 02:34:06.161838,False
TXN-fc318603,ACC-1075,ACC-1803,1981.85,2026-08-30 02:38:06.161838,False
TXN-04d00030,ACC-1410,ACC-1853,2440.54,2026-08-30 02:42:06.161838,False
TXN-65bcd76e,ACC-1886,ACC-1518,170972.57,2026-08-30 02:46:06.161838,True
TXN-49ac8372,ACC-1769,ACC-1993,2773.73,2026-08-30 02:50:06.161838,False
TXN-ad71fe38,ACC-1388,ACC-1961,229.4,2026-08-30 02:54:06.161838,False
TXN-2d45db6c,ACC-1717,ACC-1625,4009.45,2026-08-30 02:58:06.161838,False
TXN-7f6b40f6,ACC-1435,ACC-1530,4129.41,2026-08-30 03:02:06.161838,False
TXN-59ff57e5,ACC-1014,ACC-1873,3966.94,2026-08-30 03:06:06.161838,False
TXN-bca80cfc,ACC-1450,ACC-1778,2097.85,2026-08-30 03:10:06.161838,False
TXN-df00187a,ACC-1713,ACC-1504,1638.45,2026-08-30 03:14:06.161838,False
TXN-6b94e1bb,ACC-1276,ACC-1075,3692.98,2026-08-30 03:18:06.161838,False
TXN-3ed0aba8,ACC-1941,ACC-1580,1087.58,2026-08-30 03:22:06.161838,False
TXN-b5d5e172,ACC-1902,ACC-1270,753.53,2026-08-30 03:26:06.161838,False
TXN-10c97599,ACC-1755,ACC-1044,1394.18,2026-08-30 03:30:06.161838,False
TXN-6b920417,ACC-1521,ACC-1546,343.92,2026-08-30 03:34:06.161838,False
TXN-a605f4c6,ACC-1000,ACC-1852,2591.8,2026-08-30 03:38:06.161838,False
TXN-223c3fa5,ACC-1711,ACC-1813,3751.79,2026-08-30 03:42:06.161838,False
TXN-0e25f599,ACC-1511,ACC-1753,917.56,2026-08-30 03:46:06.161838,False
TXN-9036ffb8,ACC-1341,ACC-1771,3757.2,2026-08-30 03:50:06.161838,False
TXN-01b1e040,ACC-1185,ACC-1132,4175.02,2026-08-30 03:54:06.161838,False
TXN-2bb5dc7e,ACC-1972,ACC-1644,1083.22,2026-08-30 03:58:06.161838,False
TXN-34d82b53,ACC-1428,ACC-1506,2794.85,2026-08-30 04:02:06.161838,False
TXN-382b2abd,ACC-1666,ACC-1216,4413.59,2026-08-30 04:06:06.161838,False
TXN-9cbebb6e,ACC-1036,ACC-1933,390.23,2026-08-30 04:10:06.161838,False
TXN-39e0b0a8,ACC-1216,ACC-1321,1858.98,2026-08-30 04:14:06.161838,False
TXN-deed8069,ACC-1230,ACC-1598,2766.29,2026-08-30 04:18:06.161838,False
TXN-abcc643b,ACC-1622,ACC-1366,2186.84,2026-08-30 04:22:06.161838,False
TXN-bc2ced98,ACC-1971,ACC-1218,2497.73,2026-08-30 04:26:06.161838,False
TXN-8d55baf3,ACC-1493,ACC-1640,4302.54,2026-08-30 04:30:06.161838,False
TXN-4f4578d2,ACC-1585,ACC-1973,2986.99,2026-08-30 04:34:06.161838,False
TXN-f70dc317,ACC-1950,ACC-1350,3048.17,2026-08-30 04:38:06.161838,False
TXN-e068627a,ACC-1022,ACC-1715,4703.19,2026-08-30 04:42:06.161838,False
TXN-3c7dbba0,ACC-1007,ACC-1418,393.76,2026-08-30 04:46:06.161838,False
TXN-0831a598,ACC-1732,ACC-1380,873.2,2026-08-30 04:50:06.161838,False
TXN-aab633ce,ACC-1236,ACC-1731,4077.24,2026-08-30 04:54:06.161838,False
TXN-a0ac087e,ACC-1294,ACC-1253,2116.26,2026-08-30 04:58:06.161838,False
TXN-95c7c8b6,ACC-1174,ACC-1248,2143.17,2026-08-30 05:02:06.161838,False
TXN-23da99a3,ACC-1116,ACC-1069,173.98,2026-08-30 05:06:06.161838,False
TXN-a58f9998,ACC-1294,ACC-1312,4146.76,2026-08-30 05:10:06.161838,False
TXN-77a9b229,ACC-1466,ACC-1322,4460.77,2026-08-30 05:14:06.161838,False
TXN-46d836f2,ACC-1140,ACC-1689,922.05,2026-08-30 05:18:06.161838,False
TXN-0d67edf4,ACC-1156,ACC-1911,3968.59,2026-08-30 05:22:06.161838,False
TXN-d70b4981,ACC-1691,ACC-1620,2129.74,2026-08-30 05:26:06.161838,False
TXN-6521cb61,ACC-1310,ACC-1744,1865.51,2026-08-30 05:30:06.161838,False
TXN-6992d9f0,ACC-1421,ACC-1333,148852.84,2026-08-30 05:34:06.161838,True
TXN-0bc26285,ACC-1213,ACC-1389,4938.35,2026-08-30 05:38:06.161838,False
TXN-5a8e6df6,ACC-1282,ACC-1953,183.93,2026-08-30 05:42:06.161838,False
TXN-0be63f19,ACC-1248,ACC-1410,4941.19,2026-08-30 05:46:06.161838,False
TXN-ac6a88c9,ACC-1639,ACC-1317,4627.71,2026-08-30 05:50:06.161838,False
TXN-e5338318,ACC-1745,ACC-1163,72030.88,2026-08-30 05:54:06.161838,True
TXN-656b36d8,ACC-1609,ACC-1674,197.26,2026-08-30 05:58:06.161838,False
TXN-7f26b6b0,ACC-1871,ACC-1595,4469.47,2026-08-30 06:02:06.161838,False
TXN-fce86374,ACC-1743,ACC-1860,2433.26,2026-08-30 06:06:06.161838,False
TXN-f9b25824,ACC-1722,ACC-1340,3147.69,2026-08-30 06:10:06.161838,False
TXN-f541f4f0,ACC-1545,ACC-1058,2238.85,2026-08-30 06:14:06.161838,False
TXN-6ad3701f,ACC-1807,ACC-1116,4299.4,2026-08-30 06:18:06.161838,False
TXN-7e4fe21f,ACC-1718,ACC-1715,1086.74,2026-08-30 06:22:06.161838,False
TXN-15dda5a8,ACC-1876,ACC-1009,1264.57,2026-08-30 06:26:06.161838,False
TXN-1fa81043,ACC-1258,ACC-1779,2287.1,2026-08-30 06:30:06.161838,False
TXN-fafbbe7d,ACC-1082,ACC-1865,82641.47,2026-08-30 06:34:06.161838,True
TXN-94fc3cd8,ACC-1302,ACC-1355,3982.6,2026-08-30 06:38:06.161838,False
TXN-b1da0672,ACC-1003,ACC-1480,2765.49,2026-08-30 06:42:06.161838,False
TXN-83a7328f,ACC-1284,ACC-1109,783.93,2026-08-30 06:46:06.161838,False
TXN-33cdc336,ACC-1435,ACC-1799,989.64,2026-08-30 06:50:06.161838,False
TXN-52edeed2,ACC-1257,ACC-1753,604.33,2026-08-30 06:54:06.161838,False
TXN-b51eb78a,ACC-1453,ACC-1010,1105.85,2026-08-30 06:58:06.161838,False
TXN-39c73fc5,ACC-1123,ACC-1276,1577.09,2026-08-30 07:02:06.161838,False
TXN-4a5e9a07,ACC-1670,ACC-1329,1544.68,2026-08-30 07:06:06.161838,False
TXN-6bfe5f84,ACC-1966,ACC-1794,172789.39,2026-08-30 07:10:06.161838,True
TXN-6d49f0c5,ACC-1691,ACC-1208,863.78,2026-08-30 07:14:06.161838,False
TXN-6b77a8fd,ACC-1673,ACC-1297,2231.79,2026-08-30 07:18:06.161838,False
TXN-d570cadc,ACC-1300,ACC-1977,3548.83,2026-08-30 07:22:06.161838,False
TXN-75ef95e4,ACC-1347,ACC-1639,4419.6,2026-08-30 07:26:06.161838,False
TXN-6800f636,ACC-1663,ACC-1086,3544.56,2026-08-30 07:30:06.161838,False
TXN-01d9c81a,ACC-1515,ACC-1014,220.45,2026-08-30 07:34:06.161838,False
TXN-71684d9c,ACC-1731,ACC-1110,108.56,2026-08-30 07:38:06.161838,False
TXN-a2b357ca,ACC-1758,ACC-1714,4760.36,2026-08-30 07:42:06.161838,False
TXN-a71f4219,ACC-1628,ACC-1268,1005.09,2026-08-30 07:46:06.161838,False
TXN-01f75f68,ACC-1147,ACC-1431,3869.46,2026-08-30 07:50:06.161838,False
TXN-d5f55e72,ACC-1695,ACC-1210,4236.68,2026-08-30 07:54:06.161838,False
TXN-6d84a60e,ACC-1552,ACC-1162,2629.45,2026-08-30 07:58:06.161838,False
TXN-9bd483f8,ACC-1989,ACC-1323,146982.33,2026-08-30 08:02:06.161838,True
TXN-642b48fb,ACC-1876,ACC-1494,404.9,2026-08-30 08:06:06.161838,False
TXN-55b8c42c,ACC-1940,ACC-1758,2034.76,2026-08-30 08:10:06.161838,False
TXN-003b4a29,ACC-1306,ACC-1420,4663.08,2026-08-30 08:14:06.161838,False
TXN-43079592,ACC-1146,ACC-1115,2032.07,2026-08-30 08:18:06.161838,False
TXN-dd4cdd73,ACC-1589,ACC-1624,252.76,2026-08-30 08:22:06.161838,False
TXN-5fd3bc36,ACC-1383,ACC-1179,273.94,2026-08-30 08:26:06.161838,False
TXN-6dce335b,ACC-1203,ACC-1417,866.31,2026-08-30 08:30:06.161838,False
TXN-f95fabb4,ACC-1758,ACC-1842,2571.11,2026-08-30 08:34:06.161838,False
TXN-59fb8120,ACC-1220,ACC-1298,624.07,2026-08-30 08:38:06.161838,False
TXN-f54bc80e,ACC-1708,ACC-1538,4649.85,2026-08-30 08:42:06.161838,False
TXN-e8d7a444,ACC-1627,ACC-1339,218.03,2026-08-30 08:46:06.161838,False
TXN-9d07f98b,ACC-1449,ACC-1586,2951.9,2026-08-30 08:50:06.161838,False
TXN-799ac272,ACC-1835,ACC-1481,4173.63,2026-08-30 08:54:06.161838,False
TXN-f888a25d,ACC-1498,ACC-1787,3621.78,2026-08-30 08:58:06.161838,False
TXN-e67de24a,ACC-1806,ACC-1365,1003.47,2026-08-30 09:02:06.161838,False
TXN-67134b76,ACC-1005,ACC-1048,1302.41,2026-08-30 09:06:06.161838,False
TXN-71646e89,ACC-1146,ACC-1113,2711.58,2026-08-30 09:10:06.161838,False
TXN-6b334810,ACC-1142,ACC-1599,3287.08,2026-08-30 09:14:06.161838,False
TXN-3f9deedc,ACC-1593,ACC-1221,3027.83,2026-08-30 09:18:06.161838,False
TXN-998f55e4,ACC-1780,ACC-1143,2540.98,2026-08-30 09:22:06.161838,False
TXN-5983aedf,ACC-1175,ACC-1496,2513.61,2026-08-30 09:26:06.161838,False
TXN-4ab25c78,ACC-1032,ACC-1968,4730.19,2026-08-30 09:30:06.161838,False
TXN-2be69d70,ACC-1822,ACC-1833,2860.36,2026-08-30 09:34:06.161838,False
TXN-4f1ebd4f,ACC-1159,ACC-1664,3889.45,2026-08-30 09:38:06.161838,False
TXN-83ac8b18,ACC-1464,ACC-1985,4279.02,2026-08-30 09:42:06.161838,False
TXN-2507d7eb,ACC-1075,ACC-1679,3094.63,2026-08-30 09:46:06.161838,False
TXN-01dcb623,ACC-1904,ACC-1827,1948.95,2026-08-30 09:50:06.161838,False
TXN-92cdbdcf,ACC-1481,ACC-1398,2653.29,2026-08-30 09:54:06.161838,False
TXN-41e0f234,ACC-1291,ACC-1992,889.72,2026-08-30 09:58:06.161838,False
TXN-6b8245c7,ACC-1284,ACC-1805,2753.19,2026-08-30 10:02:06.161838,False
TXN-190bfa32,ACC-1875,ACC-1403,686.52,2026-08-30 10:06:06.161838,False
TXN-c34dd861,ACC-1500,ACC-1400,1073.07,2026-08-30 10:10:06.161838,False
TXN-5f587bdc,ACC-1270,ACC-1496,1975.46,2026-08-30 10:14:06.161838,False
TXN-7a591e58,ACC-1198,ACC-1324,3875.06,2026-08-30 10:18:06.161838,False
TXN-283c2480,ACC-1661,ACC-1820,3229.11,2026-08-30 10:22:06.161838,False
TXN-0405da34,ACC-1215,ACC-1437,3961.66,2026-08-30 10:26:06.161838,False
TXN-b796ff43,ACC-1927,ACC-1226,4529.45,2026-08-30 10:30:06.161838,False
TXN-00ada158,ACC-1362,ACC-1180,2351.7,2026-08-30 10:34:06.161838,False
TXN-823bfdc9,ACC-1731,ACC-1875,3226.25,2026-08-30 10:38:06.161838,False
TXN-9363a809,ACC-1089,ACC-1533,373.38,2026-08-30 10:42:06.161838,False
TXN-f92c9d33,ACC-1536,ACC-1796,112.28,2026-08-30 10:46:06.161838,False
TXN-86828752,ACC-1820,ACC-1641,180770.24,2026-08-30 10:50:06.161838,True
TXN-c9cded1a,ACC-1253,ACC-1180,2056.23,2026-08-30 10:54:06.161838,False
TXN-30b8a212,ACC-1605,ACC-1543,2063.87,2026-08-30 10:58:06.161838,False
TXN-585af51d,ACC-1938,ACC-1291,519.36,2026-08-30 11:02:06.161838,False
TXN-48c39937,ACC-1635,ACC-1251,3053.97,2026-08-30 11:06:06.161838,False
TXN-10c3f70c,ACC-1639,ACC-1985,989.1,2026-08-30 11:10:06.161838,False
TXN-816d9c53,ACC-1011,ACC-1906,2536.6,2026-08-30 11:14:06.161838,False
TXN-d14462f1,ACC-1034,ACC-1869,4573.97,2026-08-30 11:18:06.161838,False
TXN-0a5be7f6,ACC-1121,ACC-1300,256.41,2026-08-30 11:22:06.161838,False
TXN-d3ef2aef,ACC-1437,ACC-1494,3889.31,2026-08-30 11:26:06.161838,False
TXN-bb792002,ACC-1021,ACC-1921,3122.77,2026-08-30 11:30:06.161838,False
TXN-989c7ee5,ACC-1378,ACC-1721,1644.71,2026-08-30 11:34:06.161838,False
TXN-2c9f893c,ACC-1546,ACC-1988,3653.6,2026-08-30 11:38:06.161838,False
TXN-49b82a6f,ACC-1929,ACC-1747,3330.07,2026-08-30 11:42:06.161838,False
TXN-cdbf2948,ACC-1729,ACC-1725,3924.25,2026-08-30 11:46:06.161838,False
TXN-9fbc747a,ACC-1434,ACC-1962,4320.62,2026-08-30 11:50:06.161838,False
TXN-1656d6bd,ACC-1665,ACC-1823,2648.33,2026-08-30 11:54:06.161838,False
TXN-777a58c8,ACC-1335,ACC-1069,3093.28,2026-08-30 11:58:06.161838,False
TXN-777a4832,ACC-1069,ACC-1888,875.82,2026-08-30 12:02:06.161838,False
TXN-217c5e25,ACC-1159,ACC-1796,4686.79,2026-08-30 12:06:06.161838,False
TXN-98e6f3d8,ACC-1471,ACC-1276,4280.92,2026-08-30 12:10:06.161838,False
TXN-1c7a216b,ACC-1837,ACC-1111,2354.69,2026-08-30 12:14:06.161838,False
TXN-0d32aa88,ACC-1165,ACC-1384,4142.27,2026-08-30 12:18:06.161838,False
TXN-99663fb8,ACC-1774,ACC-1515,3116.92,2026-08-30 12:22:06.161838,False
TXN-a460e911,ACC-1404,ACC-1135,3459.93,2026-08-30 12:26:06.161838,False
TXN-905594ec,ACC-1075,ACC-1836,66498.49,2026-08-30 12:30:06.161838,True
TXN-a6f407ba,ACC-1613,ACC-1180,160.11,2026-08-30 12:34:06.161838,False
TXN-7d2058e0,ACC-1892,ACC-1931,149319.01,2026-08-30 12:38:06.161838,True
TXN-8dc9ef5e,ACC-1837,ACC-1441,190079.73,2026-08-30 12:42:06.161838,True
TXN-1c1205ef,ACC-1448,ACC-1722,1252.32,2026-08-30 12:46:06.161838,False
TXN-a1f0894e,ACC-1352,ACC-1940,2435.72,2026-08-30 12:50:06.161838,False
TXN-65c824a5,ACC-1869,ACC-1370,671.94,2026-08-30 12:54:06.161838,False
TXN-171305a8,ACC-1049,ACC-1282,1699.69,2026-08-30 12:58:06.161838,False
TXN-a5de1547,ACC-1941,ACC-1051,1476.04,2026-08-30 13:02:06.161838,False
TXN-cd08c062,ACC-1198,ACC-1274,682.76,2026-08-30 13:06:06.161838,False
TXN-71118019,ACC-1470,ACC-1962,89804.06,2026-08-30 13:10:06.161838,True
TXN-1d590bef,ACC-1921,ACC-1706,3946.95,2026-08-30 13:14:06.161838,False
TXN-2c60c5ee,ACC-1364,ACC-1704,3071.6,2026-08-30 13:18:06.161838,False
TXN-780fbe10,ACC-1618,ACC-1554,3570.74,2026-08-30 13:22:06.161838,False
TXN-97ff93f5,ACC-1756,ACC-1005,118.75,2026-08-30 13:26:06.161838,False
TXN-cc282a42,ACC-1746,ACC-1479,1103.2,2026-08-30 13:30:06.161838,False
TXN-67d73ce8,ACC-1162,ACC-1933,4359.04,2026-08-30 13:34:06.161838,False
TXN-dde8bd47,ACC-1803,ACC-1671,354.42,2026-08-30 13:38:06.161838,False
TXN-0facf145,ACC-1261,ACC-1534,573.15,2026-08-30 13:42:06.161838,False
TXN-7dfb17f0,ACC-1538,ACC-1126,1152.98,2026-08-30 13:46:06.161838,False
TXN-28ec1204,ACC-1191,ACC-1056,2335.87,2026-08-30 13:50:06.161838,False
TXN-5760138f,ACC-1308,ACC-1471,146.21,2026-08-30 13:54:06.161838,False
TXN-ea563906,ACC-1124,ACC-1398,2351.74,2026-08-30 13:58:06.161838,False
TXN-74801c73,ACC-1398,ACC-1078,2802.05,2026-08-30 14:02:06.161838,False
TXN-7681c320,ACC-1464,ACC-1802,3521.6,2026-08-30 14:06:06.161838,False
TXN-73d34864,ACC-1190,ACC-1695,3693.58,2026-08-30 14:10:06.161838,False
TXN-f49d3431,ACC-1503,ACC-1502,4273.23,2026-08-30 14:14:06.161838,False
TXN-a515f315,ACC-1927,ACC-1659,4174.65,2026-08-30 14:18:06.161838,False
TXN-ffd210f4,ACC-1576,ACC-1903,2006.4,2026-08-30 14:22:06.161838,False
TXN-8b1b8f9f,ACC-1881,ACC-1258,3829.35,2026-08-30 14:26:06.161838,False
TXN-8342adfc,ACC-1826,ACC-1059,111.89,2026-08-30 14:30:06.161838,False
TXN-3342083a,ACC-1471,ACC-1819,3731.9,2026-08-30 14:34:06.161838,False
TXN-a5e1bca0,ACC-1174,ACC-1770,2279.24,2026-08-30 14:38:06.161838,False
TXN-58bc1855,ACC-1293,ACC-1640,1440.53,2026-08-30 14:42:06.161838,False
TXN-08558f21,ACC-1306,ACC-1803,886.54,2026-08-30 14:46:06.161838,False
TXN-027e3951,ACC-1550,ACC-1327,1091.95,2026-08-30 14:50:06.161838,False
TXN-a89be9c8,ACC-1454,ACC-1301,3626.11,2026-08-30 14:54:06.161838,False
TXN-729d579d,ACC-1282,ACC-1370,4294.92,2026-08-30 14:58:06.161838,False
TXN-fc705ec1,ACC-1350,ACC-1807,3855.26,2026-08-30 15:02:06.161838,False
TXN-bb5eaea9,ACC-1863,ACC-1182,4787.42,2026-08-30 15:06:06.161838,False
TXN-80ee3d51,ACC-1742,ACC-1056,3329.79,2026-08-30 15:10:06.161838,False
TXN-1a177cac,ACC-1583,ACC-1609,487.31,2026-08-30 15:14:06.161838,False
TXN-c9daf545,ACC-1153,ACC-1122,4234.09,2026-08-30 15:18:06.161838,False
TXN-b2199440,ACC-1815,ACC-1515,3220.03,2026-08-30 15:22:06.161838,False
TXN-6e1032c8,ACC-1411,ACC-1106,93347.59,2026-08-30 15:26:06.161838,True
TXN-f6e2b33e,ACC-1803,ACC-1868,769.34,2026-08-30 15:30:06.161838,False
TXN-f7581845,ACC-1046,ACC-1004,2269.55,2026-08-30 15:34:06.161838,False
TXN-a02800cf,ACC-1612,ACC-1686,4039.88,2026-08-30 15:38:06.161838,False
TXN-278b0148,ACC-1342,ACC-1812,834.96,2026-08-30 15:42:06.161838,False
TXN-482e8d6d,ACC-1578,ACC-1454,3788.22,2026-08-30 15:46:06.161838,False
TXN-d54d9047,ACC-1436,ACC-1185,2801.22,2026-08-30 15:50:06.161838,False
TXN-78f0ab66,ACC-1477,ACC-1655,3986.61,2026-08-30 15:54:06.161838,False
TXN-075b4201,ACC-1649,ACC-1462,2138.19,2026-08-30 15:58:06.161838,False
TXN-4af5d6f9,ACC-1749,ACC-1277,4580.74,2026-08-30 16:02:06.161838,False
TXN-aa77c45d,ACC-1081,ACC-1664,4208.11,2026-08-30 16:06:06.161838,False
TXN-1611d9f4,ACC-1803,ACC-1173,4919.67,2026-08-30 16:10:06.161838,False
TXN-21cd288b,ACC-1376,ACC-1228,1840.56,2026-08-30 16:14:06.161838,False
TXN-5b2d8695,ACC-1115,ACC-1518,2580.51,2026-08-30 16:18:06.161838,False
TXN-1d50bd94,ACC-1102,ACC-1195,301.9,2026-08-30 16:22:06.161838,False
TXN-218c4fc4,ACC-1498,ACC-1422,4367.89,2026-08-30 16:26:06.161838,False
TXN-9f8e500b,ACC-1285,ACC-1944,4170.72,2026-08-30 16:30:06.161838,False
TXN-7faac94d,ACC-1529,ACC-1782,955.96,2026-08-30 16:34:06.161838,False
TXN-98b56c37,ACC-1800,ACC-1156,839.99,2026-08-30 16:38:06.161838,False
TXN-4f9c1772,ACC-1246,ACC-1836,131060.26,2026-08-30 16:42:06.161838,True
TXN-4f0abb68,ACC-1291,ACC-1158,448.32,2026-08-30 16:46:06.161838,False
TXN-53df6bb2,ACC-1131,ACC-1009,180.46,2026-08-30 16:50:06.161838,False
TXN-d8e7e535,ACC-1204,ACC-1049,3287.86,2026-08-30 16:54:06.161838,False
TXN-4b4154d4,ACC-1487,ACC-1055,1018.46,2026-08-30 16:58:06.161838,False
TXN-0a163870,ACC-1015,ACC-1375,4872.54,2026-08-30 17:02:06.161838,False
TXN-696393a6,ACC-1339,ACC-1156,2837.92,2026-08-30 17:06:06.161838,False
TXN-7228368d,ACC-1043,ACC-1457,4141.93,2026-08-30 17:10:06.161838,False
TXN-a7b3dfaf,ACC-1583,ACC-1360,1343.91,2026-08-30 17:14:06.161838,False
TXN-1dd46255,ACC-1485,ACC-1094,4063.68,2026-08-30 17:18:06.161838,False
TXN-5faed4ea,ACC-1520,ACC-1936,77268.08,2026-08-30 17:22:06.161838,True
TXN-0cbd69e3,ACC-1746,ACC-1417,3966.0,2026-08-30 17:26:06.161838,False
TXN-09cec9d3,ACC-1272,ACC-1083,743.66,2026-08-30 17:30:06.161838,False
TXN-a43bd111,ACC-1105,ACC-1845,4957.87,2026-08-30 17:34:06.161838,False
TXN-92996eec,ACC-1562,ACC-1006,3310.86,2026-08-30 17:38:06.161838,False
TXN-90c72689,ACC-1119,ACC-1900,1149.54,2026-08-30 17:42:06.161838,False
TXN-606c374b,ACC-1458,ACC-1196,4294.4,2026-08-30 17:46:06.161838,False
TXN-ea8bf260,ACC-1263,ACC-1999,3047.6,2026-08-30 17:50:06.161838,False
TXN-044b6af1,ACC-1478,ACC-1657,2407.67,2026-08-30 17:54:06.161838,False
TXN-97da58be,ACC-1025,ACC-1126,992.41,2026-08-30 17:58:06.161838,False
TXN-ef9be57a,ACC-1890,ACC-1967,1215.33,2026-08-30 18:02:06.161838,False
TXN-af533870,ACC-1560,ACC-1538,343.95,2026-08-30 18:06:06.161838,False
TXN-856ec931,ACC-1963,ACC-1764,3908.14,2026-08-30 18:10:06.161838,False
TXN-1ea4c43f,ACC-1186,ACC-1937,3358.86,2026-08-30 18:14:06.161838,False
TXN-29579c11,ACC-1897,ACC-1875,1162.68,2026-08-30 18:18:06.161838,False
TXN-de136548,ACC-1400,ACC-1633,692.69,2026-08-30 18:22:06.161838,False
TXN-a20f92ff,ACC-1182,ACC-1166,66926.92,2026-08-30 18:26:06.161838,True
TXN-da8bab76,ACC-1226,ACC-1380,932.09,2026-08-30 18:30:06.161838,False
TXN-7ec1c282,ACC-1083,ACC-1575,264.37,2026-08-30 18:34:06.161838,False
TXN-07c6ef14,ACC-1343,ACC-1508,2891.77,2026-08-30 18:38:06.161838,False
TXN-a505531c,ACC-1048,ACC-1824,767.98,2026-08-30 18:42:06.161838,False
TXN-ff53d4bb,ACC-1736,ACC-1002,547.76,2026-08-30 18:46:06.161838,False
TXN-a0eacf48,ACC-1635,ACC-1431,2457.11,2026-08-30 18:50:06.161838,False
TXN-e23dde7b,ACC-1611,ACC-1061,2962.08,2026-08-30 18:54:06.161838,False
TXN-a936852f,ACC-1517,ACC-1024,3965.01,2026-08-30 18:58:06.161838,False
TXN-57eb6955,ACC-1974,ACC-1927,2960.85,2026-08-30 19:02:06.161838,False
TXN-12d336e2,ACC-1803,ACC-1509,1905.47,2026-08-30 19:06:06.161838,False
TXN-596b4794,ACC-1939,ACC-1688,4238.34,2026-08-30 19:10:06.161838,False
TXN-e65cfcb6,ACC-1050,ACC-1437,2531.19,2026-08-30 19:14:06.161838,False
TXN-28cba158,ACC-1454,ACC-1534,3649.68,2026-08-30 19:18:06.161838,False
TXN-1743031d,ACC-1571,ACC-1028,4606.79,2026-08-30 19:22:06.161838,False
TXN-7492d1f1,ACC-1714,ACC-1192,828.18,2026-08-30 19:26:06.161838,False
TXN-00349305,ACC-1888,ACC-1438,4857.98,2026-08-30 19:30:06.161838,False
TXN-dd876a3d,ACC-1448,ACC-1360,4179.46,2026-08-30 19:34:06.161838,False
TXN-9c0aac65,ACC-1488,ACC-1662,3261.68,2026-08-30 19:38:06.161838,False
TXN-702174c9,ACC-1413,ACC-1209,214.35,2026-08-30 19:42:06.161838,False
TXN-8a36b99a,ACC-1612,ACC-1899,2431.61,2026-08-30 19:46:06.161838,False
TXN-e645937b,ACC-1063,ACC-1526,4361.65,2026-08-30 19:50:06.161838,False
TXN-0b113376,ACC-1198,ACC-1006,4681.2,2026-08-30 19:54:06.161838,False
TXN-a5f2636a,ACC-1218,ACC-1740,3119.25,2026-08-30 19:58:06.161838,False
TXN-308d21f6,ACC-1903,ACC-1787,1302.63,2026-08-30 20:02:06.161838,False
TXN-71fe180f,ACC-1986,ACC-1010,3016.63,2026-08-30 20:06:06.161838,False
TXN-7582cd90,ACC-1167,ACC-1705,3765.66,2026-08-30 20:10:06.161838,False
TXN-c941617c,ACC-1413,ACC-1167,4044.46,2026-08-30 20:14:06.161838,False
TXN-706554d2,ACC-1057,ACC-1707,1012.53,2026-08-30 20:18:06.161838,False
TXN-41a1f060,ACC-1918,ACC-1294,1199.42,2026-08-30 20:22:06.161838,False
TXN-824162d6,ACC-1480,ACC-1611,1764.7,2026-08-30 20:26:06.161838,False
TXN-0bc3be4e,ACC-1689,ACC-1497,2325.81,2026-08-30 20:30:06.161838,False
TXN-e3ed1196,ACC-1778,ACC-1867,163.36,2026-08-30 20:34:06.161838,False
TXN-c479789d,ACC-1707,ACC-1090,3333.34,2026-08-30 20:38:06.161838,False
TXN-3702c437,ACC-1606,ACC-1302,4513.61,2026-08-30 20:42:06.161838,False
TXN-d8450bef,ACC-1350,ACC-1960,4353.99,2026-08-30 20:46:06.161838,False
TXN-c39b4131,ACC-1873,ACC-1403,660.94,2026-08-30 20:50:06.161838,False
TXN-e94fc6e1,ACC-1192,ACC-1482,1921.4,2026-08-30 20:54:06.161838,False
TXN-8051dd4b,ACC-1216,ACC-1285,4043.02,2026-08-30 20:58:06.161838,False
TXN-8cf26aed,ACC-1720,ACC-1163,4686.18,2026-08-30 21:02:06.161838,False
TXN-dc8333d7,ACC-1496,ACC-1578,4786.72,2026-08-30 21:06:06.161838,False
TXN-a320d942,ACC-1678,ACC-1245,4177.12,2026-08-30 21:10:06.161838,False
TXN-f768afe8,ACC-1526,ACC-1603,1686.99,2026-08-30 21:14:06.161838,False
TXN-414eccb9,ACC-1676,ACC-1153,3469.46,2026-08-30 21:18:06.161838,False
TXN-1709dc60,ACC-1974,ACC-1197,1928.44,2026-08-30 21:22:06.161838,False
TXN-0b425b3b,ACC-1890,ACC-1855,3656.86,2026-08-30 21:26:06.161838,False
TXN-ee85471e,ACC-1221,ACC-1492,1287.47,2026-08-30 21:30:06.161838,False
TXN-fca72826,ACC-1151,ACC-1641,2079.55,2026-08-30 21:34:06.161838,False
TXN-cac0c20a,ACC-1497,ACC-1872,3088.86,2026-08-30 21:38:06.161838,False
TXN-5fc8509e,ACC-1439,ACC-1613,1393.53,2026-08-30 21:42:06.161838,False
TXN-e0e3fc5f,ACC-1718,ACC-1242,163052.48,2026-08-30 21:46:06.161838,True
TXN-d80c1a36,ACC-1286,ACC-1184,4340.91,2026-08-30 21:50:06.161838,False
TXN-a58bdaa3,ACC-1484,ACC-1590,2094.53,2026-08-30 21:54:06.161838,False
TXN-c149b13e,ACC-1712,ACC-1259,1757.9,2026-08-30 21:58:06.161838,False
TXN-afe3c757,ACC-1220,ACC-1951,3789.36,2026-08-30 22:02:06.161838,False
TXN-dcb1d7ee,ACC-1119,ACC-1395,321.11,2026-08-30 22:06:06.161838,False
TXN-1c84c0bb,ACC-1876,ACC-1645,3427.09,2026-08-30 22:10:06.161838,False
TXN-af998640,ACC-1511,ACC-1089,3014.39,2026-08-30 22:14:06.161838,False
TXN-b9d3bf83,ACC-1050,ACC-1800,1237.62,2026-08-30 22:18:06.161838,False
TXN-d3b75e61,ACC-1672,ACC-1278,4029.18,2026-08-30 22:22:06.161838,False
TXN-67fdf0ba,ACC-1514,ACC-1290,3497.51,2026-08-30 22:26:06.161838,False
TXN-43094f8f,ACC-1781,ACC-1596,366.67,2026-08-30 22:30:06.161838,False
TXN-5aa7b3a1,ACC-1428,ACC-1850,133.14,2026-08-30 22:34:06.161838,False
TXN-1398f36f,ACC-1539,ACC-1692,654.17,2026-08-30 22:38:06.161838,False
TXN-de6c853c,ACC-1587,ACC-1571,4538.25,2026-08-30 22:42:06.161838,False
TXN-2a585cce,ACC-1694,ACC-1801,3157.37,2026-08-30 22:46:06.161838,False
TXN-8daedcef,ACC-1171,ACC-1308,156.14,2026-08-30 22:50:06.161838,False
TXN-933a0b26,ACC-1033,ACC-1709,4074.8,2026-08-30 22:54:06.161838,False
TXN-359999a6,ACC-1174,ACC-1152,1160.76,2026-08-30 22:58:06.161838,False
TXN-a85f2ba0,ACC-1536,ACC-1314,3696.86,2026-08-30 23:02:06.161838,False
TXN-2de22d59,ACC-1886,ACC-1666,948.89,2026-08-30 23:06:06.161838,False
TXN-3232fd90,ACC-1262,ACC-1901,4749.44,2026-08-30 23:10:06.161838,False
TXN-6d2f065d,ACC-1978,ACC-1706,2209.1,2026-08-30 23:14:06.161838,False
TXN-83641f09,ACC-1653,ACC-1410,3931.33,2026-08-30 23:18:06.161838,False
TXN-37060b4f,ACC-1337,ACC-1685,4623.77,2026-08-30 23:22:06.161838,False
TXN-69795a0a,ACC-1900,ACC-1850,4614.31,2026-08-30 23:26:06.161838,False
TXN-16f4b471,ACC-1443,ACC-1943,1987.59,2026-08-30 23:30:06.161838,False
TXN-af05d310,ACC-1626,ACC-1382,3268.61,2026-08-30 23:34:06.161838,False
TXN-fa7ee15a,ACC-1877,ACC-1191,251.29,2026-08-30 23:38:06.161838,False
TXN-73213bce,ACC-1309,ACC-1226,1456.51,2026-08-30 23:42:06.161838,False
TXN-18acc4ac,ACC-1775,ACC-1060,2375.91,2026-08-30 23:46:06.161838,False
TXN-93acf28c,ACC-1546,ACC-1813,3617.95,2026-08-30 23:50:06.161838,False
TXN-2b72de08,ACC-1345,ACC-1866,3044.69,2026-08-30 23:54:06.161838,False
TXN-9962acf5,ACC-1203,ACC-1065,3975.11,2026-08-30 23:58:06.161838,False
TXN-416aa88c,ACC-1179,ACC-1361,4116.0,2026-08-31 00:02:06.161838,False
TXN-3d746c5c,ACC-1373,ACC-1003,2710.89,2026-08-31 00:06:06.161838,False
TXN-5fd13b91,ACC-1651,ACC-1522,538.6,2026-08-31 00:10:06.161838,False
TXN-041db6ad,ACC-1020,ACC-1321,1041.23,2026-08-31 00:14:06.161838,False
TXN-fe9f969c,ACC-1187,ACC-1524,2548.06,2026-08-31 00:18:06.161838,False
TXN-3eb052ae,ACC-1874,ACC-1626,4330.13,2026-08-31 00:22:06.161838,False
TXN-00667452,ACC-1844,ACC-1340,1397.3,2026-08-31 00:26:06.161838,False
TXN-97e43d1e,ACC-1704,ACC-1054,691.35,2026-08-31 00:30:06.161838,False
TXN-b2c1ba8f,ACC-1708,ACC-1386,600.9,2026-08-31 00:34:06.161838,False
TXN-ac9d0586,ACC-1940,ACC-1363,2510.59,2026-08-31 00:38:06.161838,False
TXN-48817926,ACC-1191,ACC-1318,1339.05,2026-08-31 00:42:06.161838,False
TXN-407628cc,ACC-1239,ACC-1074,1283.74,2026-08-31 00:46:06.161838,False
TXN-211e19f4,ACC-1705,ACC-1879,2313.18,2026-08-31 00:50:06.161838,False
TXN-4450b7a9,ACC-1560,ACC-1432,4127.67,2026-08-31 00:54:06.161838,False
TXN-a08d7655,ACC-1213,ACC-1714,1759.27,2026-08-31 00:58:06.161838,False
TXN-487ed405,ACC-1252,ACC-1517,259.37,2026-08-31 01:02:06.161838,False
TXN-12c9aa03,ACC-1259,ACC-1437,127.85,2026-08-31 01:06:06.161838,False
TXN-ecccb209,ACC-1133,ACC-1945,127425.89,2026-08-31 01:10:06.161838,True
TXN-ac255298,ACC-1861,ACC-1802,274.19,2026-08-31 01:14:06.161838,False
TXN-dd83bad7,ACC-1939,ACC-1335,4462.16,2026-08-31 01:18:06.161838,False
TXN-cfc1aef4,ACC-1404,ACC-1595,4917.11,2026-08-31 01:22:06.161838,False
TXN-6d9a8de5,ACC-1158,ACC-1238,4299.04,2026-08-31 01:26:06.161838,False
TXN-4267514d,ACC-1600,ACC-1155,2362.86,2026-08-31 01:30:06.161838,False
TXN-0812d343,ACC-1575,ACC-1309,1886.41,2026-08-31 01:34:06.161838,False
TXN-536f0592,ACC-1720,ACC-1700,3995.23,2026-08-31 01:38:06.161838,False
TXN-a9564d88,ACC-1706,ACC-1880,3205.21,2026-08-31 01:42:06.161838,False
TXN-925a2b24,ACC-1501,ACC-1645,3682.44,2026-08-31 01:46:06.161838,False
TXN-4c9bf213,ACC-1819,ACC-1521,3679.19,2026-08-31 01:50:06.161838,False
TXN-5bc9a399,ACC-1651,ACC-1950,98132.78,2026-08-31 01:54:06.161838,True
TXN-936481d1,ACC-1872,ACC-1233,246.48,2026-08-31 01:58:06.161838,False
TXN-d3eebaf4,ACC-1613,ACC-1570,797.4,2026-08-31 02:02:06.161838,False
TXN-af4f0556,ACC-1463,ACC-1286,4535.0,2026-08-31 02:06:06.161838,False
TXN-09b54e20,ACC-1880,ACC-1865,3901.64,2026-08-31 02:10:06.161838,False
TXN-4346b705,ACC-1578,ACC-1949,2475.7,2026-08-31 02:14:06.161838,False
TXN-4385d1d7,ACC-1115,ACC-1798,3588.99,2026-08-31 02:18:06.161838,False
TXN-dc134114,ACC-1702,ACC-1855,3856.86,2026-08-31 02:22:06.161838,False
TXN-2efb5779,ACC-1313,ACC-1214,3022.82,2026-08-31 02:26:06.161838,False
TXN-21a18a8d,ACC-1367,ACC-1799,4925.97,2026-08-31 02:30:06.161838,False
TXN-aa4446b3,ACC-1037,ACC-1926,4783.54,2026-08-31 02:34:06.161838,False
TXN-78e0f362,ACC-1966,ACC-1923,3446.04,2026-08-31 02:38:06.161838,False
TXN-8adffbcf,ACC-1337,ACC-1969,4700.18,2026-08-31 02:42:06.161838,False
TXN-68c20b91,ACC-1298,ACC-1890,1210.99,2026-08-31 02:46:06.161838,False
TXN-cf84d8a2,ACC-1931,ACC-1126,3834.6,2026-08-31 02:50:06.161838,False
TXN-8d53f505,ACC-1335,ACC-1468,1551.79,2026-08-31 02:54:06.161838,False
TXN-879ff155,ACC-1145,ACC-1385,1675.52,2026-08-31 02:58:06.161838,False
TXN-7e9b19b2,ACC-1839,ACC-1196,882.48,2026-08-31 03:02:06.161838,False
TXN-5afb16d1,ACC-1105,ACC-1531,1747.35,2026-08-31 03:06:06.161838,False
TXN-cf83d890,ACC-1184,ACC-1049,3212.33,2026-08-31 03:10:06.161838,False
TXN-3115e6bd,ACC-1260,ACC-1105,1303.51,2026-08-31 03:14:06.161838,False
TXN-b8710b0f,ACC-1151,ACC-1392,653.95,2026-08-31 03:18:06.161838,False
TXN-f59b6d79,ACC-1211,ACC-1586,2360.99,2026-08-31 03:22:06.161838,False
TXN-62dae8b4,ACC-1270,ACC-1581,2876.8,2026-08-31 03:26:06.161838,False
TXN-246c19a1,ACC-1256,ACC-1184,198545.92,2026-08-31 03:30:06.161838,True
TXN-5db9880b,ACC-1520,ACC-1799,4978.0,2026-08-31 03:34:06.161838,False
TXN-1217da59,ACC-1814,ACC-1702,552.23,2026-08-31 03:38:06.161838,False
TXN-d0f2b7bf,ACC-1251,ACC-1678,3195.51,2026-08-31 03:42:06.161838,False
TXN-8d522f5b,ACC-1059,ACC-1227,1078.9,2026-08-31 03:46:06.161838,False
TXN-f07647ac,ACC-1852,ACC-1970,801.44,2026-08-31 03:50:06.161838,False
TXN-c7d88f04,ACC-1046,ACC-1931,2460.26,2026-08-31 03:54:06.161838,False
TXN-75a19ad0,ACC-1165,ACC-1452,1674.39,2026-08-31 03:58:06.161838,False
TXN-b4c877cc,ACC-1266,ACC-1525,2466.53,2026-08-31 04:02:06.161838,False
TXN-32df6afd,ACC-1206,ACC-1794,1600.35,2026-08-31 04:06:06.161838,False
TXN-59c76dfd,ACC-1155,ACC-1369,2147.02,2026-08-31 04:10:06.161838,False
TXN-740b2ba7,ACC-1987,ACC-1011,538.63,2026-08-31 04:14:06.161838,False
TXN-c720b042,ACC-1818,ACC-1237,1144.46,2026-08-31 04:18:06.161838,False
TXN-0534e28f,ACC-1149,ACC-1628,1396.42,2026-08-31 04:22:06.161838,False
TXN-6aacf852,ACC-1757,ACC-1950,2000.81,2026-08-31 04:26:06.161838,False
TXN-046538ee,ACC-1188,ACC-1051,4464.82,2026-08-31 04:30:06.161838,False
TXN-a484b133,ACC-1725,ACC-1783,3522.18,2026-08-31 04:34:06.161838,False
TXN-7560e57a,ACC-1703,ACC-1400,4858.8,2026-08-31 04:38:06.161838,False
TXN-11324340,ACC-1263,ACC-1762,254.97,2026-08-31 04:42:06.161838,False
TXN-517453f5,ACC-1253,ACC-1697,2952.45,2026-08-31 04:46:06.161838,False
TXN-a1c003b4,ACC-1409,ACC-1489,67771.33,2026-08-31 04:50:06.161838,True
TXN-5c98d987,ACC-1227,ACC-1303,853.64,2026-08-31 04:54:06.161838,False
TXN-2bed1b24,ACC-1782,ACC-1550,1485.37,2026-08-31 04:58:06.161838,False
TXN-e88816a8,ACC-1009,ACC-1241,4993.8,2026-08-31 05:02:06.161838,False
TXN-294e2bec,ACC-1824,ACC-1274,1872.78,2026-08-31 05:06:06.161838,False
TXN-87557aaf,ACC-1871,ACC-1648,1457.69,2026-08-31 05:10:06.161838,False
TXN-e3678fac,ACC-1398,ACC-1028,2233.23,2026-08-31 05:14:06.161838,False
TXN-f5d7e3e0,ACC-1528,ACC-1364,1862.67,2026-08-31 05:18:06.161838,False
TXN-0538b465,ACC-1653,ACC-1024,158103.57,2026-08-31 05:22:06.161838,True
TXN-bc46922b,ACC-1791,ACC-1853,180312.28,2026-08-31 05:26:06.161838,True
TXN-9c4953a2,ACC-1868,ACC-1626,1501.74,2026-08-31 05:30:06.161838,False
TXN-91e7365e,ACC-1522,ACC-1326,3236.74,2026-08-31 05:34:06.161838,False
TXN-3cbe5ac3,ACC-1440,ACC-1545,2602.29,2026-08-31 05:38:06.161838,False
TXN-604a32cb,ACC-1112,ACC-1128,1233.76,2026-08-31 05:42:06.161838,False
TXN-1802cdcb,ACC-1857,ACC-1169,4912.74,2026-08-31 05:46:06.161838,False
TXN-39b7405b,ACC-1422,ACC-1571,318.56,2026-08-31 05:50:06.161838,False
TXN-55fe4f0b,ACC-1167,ACC-1529,121037.4,2026-08-31 05:54:06.161838,True
TXN-e4afbe04,ACC-1822,ACC-1710,56089.9,2026-08-31 05:58:06.161838,True
TXN-6ee21ef7,ACC-1483,ACC-1054,1812.54,2026-08-31 06:02:06.161838,False
TXN-b119dfb4,ACC-1466,ACC-1291,3001.38,2026-08-31 06:06:06.161838,False
TXN-6e379f29,ACC-1554,ACC-1953,4533.63,2026-08-31 06:10:06.161838,False
TXN-20ffae99,ACC-1385,ACC-1647,1323.8,2026-08-31 06:14:06.161838,False
TXN-fde7fd96,ACC-1134,ACC-1552,2979.87,2026-08-31 06:18:06.161838,False
TXN-490cc486,ACC-1694,ACC-1465,1072.98,2026-08-31 06:22:06.161838,False
TXN-4ac4d503,ACC-1755,ACC-1093,149.29,2026-08-31 06:26:06.161838,False
TXN-ea947d62,ACC-1439,ACC-1018,3159.37,2026-08-31 06:30:06.161838,False
TXN-3cf2a297,ACC-1095,ACC-1170,1813.13,2026-08-31 06:34:06.161838,False
TXN-428ea1de,ACC-1284,ACC-1597,3902.12,2026-08-31 06:38:06.161838,False
TXN-2780629e,ACC-1902,ACC-1387,1919.18,2026-08-31 06:42:06.161838,False
TXN-ddac1c63,ACC-1002,ACC-1900,122684.9,2026-08-31 06:46:06.161838,True
TXN-198c00e1,ACC-1370,ACC-1597,1661.69,2026-08-31 06:50:06.161838,False
TXN-10365a34,ACC-1752,ACC-1527,2098.02,2026-08-31 06:54:06.161838,False
TXN-b055037b,ACC-1796,ACC-1732,2150.64,2026-08-31 06:58:06.161838,False
TXN-389b3ed2,ACC-1539,ACC-1458,2360.74,2026-08-31 07:02:06.161838,False
TXN-4d4570aa,ACC-1985,ACC-1405,829.29,2026-08-31 07:06:06.161838,False
TXN-c7ddc4a0,ACC-1335,ACC-1985,3829.82,2026-08-31 07:10:06.161838,False
TXN-0e4f33e7,ACC-1117,ACC-1131,2535.8,2026-08-31 07:14:06.161838,False
TXN-ea45cd0b,ACC-1585,ACC-1571,4393.24,2026-08-31 07:18:06.161838,False
TXN-ab790b20,ACC-1825,ACC-1780,2864.09,2026-08-31 07:22:06.161838,False
TXN-bc6ab6ce,ACC-1209,ACC-1177,1600.93,2026-08-31 07:26:06.161838,False
TXN-65a821da,ACC-1508,ACC-1634,127478.48,2026-08-31 07:30:06.161838,True
TXN-af6f3154,ACC-1331,ACC-1272,110148.48,2026-08-31 07:34:06.161838,True
TXN-a8c6cb8c,ACC-1968,ACC-1879,202.07,2026-08-31 07:38:06.161838,False
TXN-68231280,ACC-1499,ACC-1138,2743.94,2026-08-31 07:42:06.161838,False
TXN-1c20e5dd,ACC-1684,ACC-1070,1282.8,2026-08-31 07:46:06.161838,False
TXN-1243f0f1,ACC-1344,ACC-1357,3457.42,2026-08-31 07:50:06.161838,False
TXN-bedb9808,ACC-1594,ACC-1941,1590.34,2026-08-31 07:54:06.161838,False
TXN-b0e1c917,ACC-1238,ACC-1750,4128.78,2026-08-31 07:58:06.161838,False
TXN-ae877ee0,ACC-1428,ACC-1073,2189.58,2026-08-31 08:02:06.161838,False
TXN-e170d070,ACC-1888,ACC-1407,1328.53,2026-08-31 08:06:06.161838,False
TXN-4e4a93a4,ACC-1078,ACC-1493,682.22,2026-08-31 08:10:06.161838,False
TXN-c230d763,ACC-1377,ACC-1757,1745.58,2026-08-31 08:14:06.161838,False
TXN-ec5dc81a,ACC-1826,ACC-1388,2451.98,2026-08-31 08:18:06.161838,False
TXN-dbd20f57,ACC-1460,ACC-1711,2746.4,2026-08-31 08:22:06.161838,False
TXN-cf573090,ACC-1520,ACC-1424,1278.47,2026-08-31 08:26:06.161838,False
TXN-8827b272,ACC-1916,ACC-1348,4988.32,2026-08-31 08:30:06.161838,False
TXN-7523a3a7,ACC-1195,ACC-1139,4893.99,2026-08-31 08:34:06.161838,False
TXN-7251d84f,ACC-1597,ACC-1092,3760.15,2026-08-31 08:38:06.161838,False
TXN-afe7d889,ACC-1129,ACC-1524,2806.52,2026-08-31 08:42:06.161838,False
TXN-bc8ac387,ACC-1120,ACC-1875,3442.42,2026-08-31 08:46:06.161838,False
TXN-da5ea699,ACC-1621,ACC-1256,293.31,2026-08-31 08:50:06.161838,False
TXN-ecd7bc5a,ACC-1071,ACC-1681,654.28,2026-08-31 08:54:06.161838,False
TXN-6764b831,ACC-1770,ACC-1489,3123.92,2026-08-31 08:58:06.161838,False
TXN-ace2ce35,ACC-1891,ACC-1488,2546.15,2026-08-31 09:02:06.161838,False
TXN-2cca8669,ACC-1787,ACC-1335,260.8,2026-08-31 09:06:06.161838,False
TXN-a6611c5c,ACC-1370,ACC-1023,169294.67,2026-08-31 09:10:06.161838,True
TXN-084fb7fc,ACC-1813,ACC-1468,4488.51,2026-08-31 09:14:06.161838,False
TXN-f27a6e9c,ACC-1529,ACC-1530,1903.66,2026-08-31 09:18:06.161838,False
TXN-f8db77de,ACC-1852,ACC-1889,603.31,2026-08-31 09:22:06.161838,False
TXN-014de9fd,ACC-1368,ACC-1326,3200.89,2026-08-31 09:26:06.161838,False
TXN-33150f1a,ACC-1098,ACC-1056,3015.36,2026-08-31 09:30:06.161838,False
TXN-0a820aa3,ACC-1885,ACC-1273,576.08,2026-08-31 09:34:06.161838,False
TXN-5b462b47,ACC-1369,ACC-1848,2776.39,2026-08-31 09:38:06.161838,False
TXN-6d87c059,ACC-1392,ACC-1581,181697.88,2026-08-31 09:42:06.161838,True
TXN-7285e0c0,ACC-1610,ACC-1736,2354.66,2026-08-31 09:46:06.161838,False
TXN-120a0075,ACC-1927,ACC-1951,2927.3,2026-08-31 09:50:06.161838,False
TXN-55650797,ACC-1237,ACC-1723,4913.92,2026-08-31 09:54:06.161838,False
TXN-f458bfbc,ACC-1956,ACC-1971,4905.76,2026-08-31 09:58:06.161838,False
TXN-eebaf63f,ACC-1879,ACC-1856,4211.39,2026-08-31 10:02:06.161838,False
TXN-d862ff3a,ACC-1459,ACC-1777,2658.48,2026-08-31 10:06:06.161838,False
TXN-6d40e18c,ACC-1633,ACC-1375,444.06,2026-08-31 10:10:06.161838,False
TXN-59aecdc1,ACC-1752,ACC-1488,2420.99,2026-08-31 10:14:06.161838,False
TXN-af3189de,ACC-1431,ACC-1364,1551.77,2026-08-31 10:18:06.161838,False
TXN-28fdf6aa,ACC-1483,ACC-1121,144188.07,2026-08-31 10:22:06.161838,True
TXN-568267f7,ACC-1308,ACC-1024,3630.12,2026-08-31 10:26:06.161838,False
TXN-830506ff,ACC-1502,ACC-1883,3158.05,2026-08-31 10:30:06.161838,False
TXN-7b2f3bce,ACC-1926,ACC-1802,4553.11,2026-08-31 10:34:06.161838,False
TXN-7fc9533b,ACC-1334,ACC-1993,2065.44,2026-08-31 10:38:06.161838,False
TXN-fadb8eec,ACC-1920,ACC-1150,4485.18,2026-08-31 10:42:06.161838,False
TXN-23caa4b1,ACC-1032,ACC-1828,402.51,2026-08-31 10:46:06.161838,False
TXN-5bb19e87,ACC-1393,ACC-1235,833.35,2026-08-31 10:50:06.161838,False
TXN-615812d2,ACC-1779,ACC-1086,4695.09,2026-08-31 10:54:06.161838,False
TXN-cbd0621e,ACC-1716,ACC-1667,654.51,2026-08-31 10:58:06.161838,False
TXN-3b0d6987,ACC-1874,ACC-1745,3129.62,2026-08-31 11:02:06.161838,False
TXN-cd224963,ACC-1005,ACC-1186,3521.87,2026-08-31 11:06:06.161838,False
TXN-8f275445,ACC-1892,ACC-1192,3579.61,2026-08-31 11:10:06.161838,False
TXN-84381ef3,ACC-1341,ACC-1246,3384.67,2026-08-31 11:14:06.161838,False
TXN-d4a86f0a,ACC-1490,ACC-1390,789.65,2026-08-31 11:18:06.161838,False
TXN-25dabc75,ACC-1205,ACC-1787,947.99,2026-08-31 11:22:06.161838,False
TXN-16a3b19f,ACC-1564,ACC-1373,4801.89,2026-08-31 11:26:06.161838,False
TXN-f0bbe655,ACC-1566,ACC-1266,3236.96,2026-08-31 11:30:06.161838,False
TXN-efd52f69,ACC-1587,ACC-1593,2655.12,2026-08-31 11:34:06.161838,False
TXN-c9ce66f1,ACC-1916,ACC-1401,262.31,2026-08-31 11:38:06.161838,False
TXN-349552c3,ACC-1526,ACC-1174,1839.5,2026-08-31 11:42:06.161838,False
TXN-208ff0bb,ACC-1531,ACC-1948,1398.87,2026-08-31 11:46:06.161838,False
TXN-ef29e92f,ACC-1113,ACC-1400,3724.12,2026-08-31 11:50:06.161838,False
TXN-8d78f178,ACC-1442,ACC-1059,175136.88,2026-08-31 11:54:06.161838,True
TXN-f07092f7,ACC-1425,ACC-1152,4303.24,2026-08-31 11:58:06.161838,False
TXN-03d2d571,ACC-1116,ACC-1322,3787.9,2026-08-31 12:02:06.161838,False
TXN-441e2fd2,ACC-1316,ACC-1647,3464.38,2026-08-31 12:06:06.161838,False
TXN-69fe16e7,ACC-1566,ACC-1968,3102.67,2026-08-31 12:10:06.161838,False
TXN-8838c395,ACC-1704,ACC-1881,4220.13,2026-08-31 12:14:06.161838,False
TXN-9bd6f2e4,ACC-1399,ACC-1213,3717.89,2026-08-31 12:18:06.161838,False
TXN-94bf8400,ACC-1267,ACC-1562,3936.73,2026-08-31 12:22:06.161838,False
TXN-e3adb694,ACC-1451,ACC-1735,1392.32,2026-08-31 12:26:06.161838,False
TXN-05b8531d,ACC-1876,ACC-1183,2997.03,2026-08-31 12:30:06.161838,False
TXN-11b4921f,ACC-1295,ACC-1537,4557.9,2026-08-31 12:34:06.161838,False
TXN-9781a601,ACC-1266,ACC-1743,2682.8,2026-08-31 12:38:06.161838,False
TXN-f7e38fbf,ACC-1216,ACC-1761,3524.61,2026-08-31 12:42:06.161838,False
TXN-94425424,ACC-1869,ACC-1288,4855.09,2026-08-31 12:46:06.161838,False
TXN-61b87992,ACC-1743,ACC-1108,4522.84,2026-08-31 12:50:06.161838,False
TXN-466e8895,ACC-1089,ACC-1539,55910.56,2026-08-31 12:54:06.161838,True
TXN-11d29872,ACC-1877,ACC-1110,4003.34,2026-08-31 12:58:06.161838,False
TXN-ce745e35,ACC-1027,ACC-1374,3824.53,2026-08-31 13:02:06.161838,False
TXN-f0f979db,ACC-1511,ACC-1619,147657.5,2026-08-31 13:06:06.161838,True
TXN-03288ae7,ACC-1807,ACC-1786,405.5,2026-08-31 13:10:06.161838,False
TXN-76d95a7a,ACC-1530,ACC-1930,4373.02,2026-08-31 13:14:06.161838,False
TXN-bfbfcd2c,ACC-1722,ACC-1856,1187.45,2026-08-31 13:18:06.161838,False
TXN-21722bd6,ACC-1667,ACC-1401,1149.49,2026-08-31 13:22:06.161838,False
TXN-016e1739,ACC-1115,ACC-1951,4989.75,2026-08-31 13:26:06.161838,False
TXN-dbcd593f,ACC-1726,ACC-1736,3369.84,2026-08-31 13:30:06.161838,False
TXN-3279f0a0,ACC-1550,ACC-1022,2094.04,2026-08-31 13:34:06.161838,False
TXN-959059bb,ACC-1975,ACC-1485,3874.54,2026-08-31 13:38:06.161838,False
TXN-dce91fff,ACC-1379,ACC-1534,4545.82,2026-08-31 13:42:06.161838,False
TXN-8fc4567a,ACC-1320,ACC-1861,661.52,2026-08-31 13:46:06.161838,False
TXN-53b6e555,ACC-1890,ACC-1852,3118.16,2026-08-31 13:50:06.161838,False
TXN-3c94b684,ACC-1307,ACC-1397,2876.45,2026-08-31 13:54:06.161838,False
TXN-80d91fa8,ACC-1709,ACC-1287,1222.43,2026-08-31 13:58:06.161838,False
TXN-14399941,ACC-1603,ACC-1205,4412.4,2026-08-31 14:02:06.161838,False
TXN-5e6dff6f,ACC-1006,ACC-1903,689.18,2026-08-31 14:06:06.161838,False
TXN-a9bd0a03,ACC-1988,ACC-1067,551.93,2026-08-31 14:10:06.161838,False
TXN-d41973c3,ACC-1843,ACC-1871,206.46,2026-08-31 14:14:06.161838,False
TXN-8c4bb346,ACC-1214,ACC-1629,1988.73,2026-08-31 14:18:06.161838,False
TXN-2fda8fb3,ACC-1114,ACC-1161,1787.49,2026-08-31 14:22:06.161838,False
TXN-593e87f7,ACC-1744,ACC-1304,2664.38,2026-08-31 14:26:06.161838,False
TXN-928ccde3,ACC-1032,ACC-1121,1063.5,2026-08-31 14:30:06.161838,False
TXN-05b4614c,ACC-1858,ACC-1943,2514.52,2026-08-31 14:34:06.161838,False
TXN-222b9b59,ACC-1489,ACC-1660,3917.23,2026-08-31 14:38:06.161838,False
TXN-1996f247,ACC-1016,ACC-1983,1968.72,2026-08-31 14:42:06.161838,False
TXN-942ff78f,ACC-1052,ACC-1283,2292.24,2026-08-31 14:46:06.161838,False
TXN-7ec00d44,ACC-1962,ACC-1677,2086.32,2026-08-31 14:50:06.161838,False
TXN-e59d52b7,ACC-1905,ACC-1919,1125.15,2026-08-31 14:54:06.161838,False
TXN-6b91ae2d,ACC-1997,ACC-1776,2169.61,2026-08-31 14:58:06.161838,False
TXN-35d94c85,ACC-1305,ACC-1685,1277.7,2026-08-31 15:02:06.161838,False
TXN-174cd6c9,ACC-1242,ACC-1244,2325.87,2026-08-31 15:06:06.161838,False
TXN-0c28a4c0,ACC-1913,ACC-1791,567.22,2026-08-31 15:10:06.161838,False
TXN-59e9434e,ACC-1251,ACC-1211,2630.48,2026-08-31 15:14:06.161838,False
TXN-541c0e52,ACC-1169,ACC-1114,3663.7,2026-08-31 15:18:06.161838,False
TXN-7c1302aa,ACC-1286,ACC-1211,3335.95,2026-08-31 15:22:06.161838,False
TXN-917a8143,ACC-1040,ACC-1566,2896.5,2026-08-31 15:26:06.161838,False
TXN-454807c7,ACC-1218,ACC-1302,1944.1,2026-08-31 15:30:06.161838,False
TXN-90696f08,ACC-1776,ACC-1429,902.7,2026-08-31 15:34:06.161838,False
TXN-77f2a4b3,ACC-1448,ACC-1751,2181.45,2026-08-31 15:38:06.161838,False
TXN-3ceb6043,ACC-1059,ACC-1913,3740.44,2026-08-31 15:42:06.161838,False
TXN-eb693644,ACC-1975,ACC-1491,2250.99,2026-08-31 15:46:06.161838,False
TXN-32a3371f,ACC-1070,ACC-1457,4067.46,2026-08-31 15:50:06.161838,False
TXN-f6d90dbd,ACC-1182,ACC-1768,4164.95,2026-08-31 15:54:06.161838,False
TXN-d22cc14c,ACC-1012,ACC-1460,3096.1,2026-08-31 15:58:06.161838,False
TXN-fa87b600,ACC-1354,ACC-1079,2847.76,2026-08-31 16:02:06.161838,False
TXN-b22d2aa8,ACC-1105,ACC-1471,170.52,2026-08-31 16:06:06.161838,False
TXN-e50b5f09,ACC-1376,ACC-1162,4184.44,2026-08-31 16:10:06.161838,False
TXN-124f0379,ACC-1343,ACC-1728,1728.72,2026-08-31 16:14:06.161838,False
TXN-b7fb8636,ACC-1038,ACC-1641,3660.09,2026-08-31 16:18:06.161838,False
TXN-17e90e1f,ACC-1237,ACC-1575,1147.67,2026-08-31 16:22:06.161838,False
TXN-b7bfb53d,ACC-1651,ACC-1340,2264.13,2026-08-31 16:26:06.161838,False
TXN-44df07b6,ACC-1650,ACC-1013,3618.72,2026-08-31 16:30:06.161838,False
TXN-2a7f3f22,ACC-1691,ACC-1841,1616.97,2026-08-31 16:34:06.161838,False
TXN-0eeb6ae1,ACC-1625,ACC-1775,2833.97,2026-08-31 16:38:06.161838,False
TXN-ba78240d,ACC-1765,ACC-1732,2110.81,2026-08-31 16:42:06.161838,False
TXN-f5c30037,ACC-1069,ACC-1606,1115.88,2026-08-31 16:46:06.161838,False
TXN-fda4bcf1,ACC-1838,ACC-1929,1421.3,2026-08-31 16:50:06.161838,False
TXN-102e6c5b,ACC-1699,ACC-1659,4050.18,2026-08-31 16:54:06.161838,False
TXN-c5cd3a2e,ACC-1737,ACC-1584,4375.93,2026-08-31 16:58:06.161838,False
TXN-31c51fd2,ACC-1709,ACC-1168,3014.13,2026-08-31 17:02:06.161838,False
TXN-5069a4fd,ACC-1976,ACC-1502,319.25,2026-08-31 17:06:06.161838,False
TXN-4260d627,ACC-1863,ACC-1205,3557.07,2026-08-31 17:10:06.161838,False
TXN-6766cbe6,ACC-1392,ACC-1254,117.04,2026-08-31 17:14:06.161838,False
TXN-4eef762c,ACC-1861,ACC-1913,345.46,2026-08-31 17:18:06.161838,False
TXN-c2bdf52c,ACC-1311,ACC-1458,170.08,2026-08-31 17:22:06.161838,False
TXN-c1016cd7,ACC-1282,ACC-1664,2660.24,2026-08-31 17:26:06.161838,False
TXN-58d69f1e,ACC-1135,ACC-1000,1670.01,2026-08-31 17:30:06.161838,False
TXN-18302fe4,ACC-1385,ACC-1033,3775.48,2026-08-31 17:34:06.161838,False
TXN-0a167c1d,ACC-1785,ACC-1833,1243.32,2026-08-31 17:38:06.161838,False
TXN-5d6838ad,ACC-1742,ACC-1058,1481.55,2026-08-31 17:42:06.161838,False
TXN-353f3759,ACC-1599,ACC-1355,2221.96,2026-08-31 17:46:06.161838,False
TXN-5e161caf,ACC-1167,ACC-1970,2418.67,2026-08-31 17:50:06.161838,False
TXN-330668c5,ACC-1100,ACC-1258,4073.67,2026-08-31 17:54:06.161838,False
TXN-7200e416,ACC-1350,ACC-1969,1915.74,2026-08-31 17:58:06.161838,False
TXN-40846b8a,ACC-1203,ACC-1637,118333.86,2026-08-31 18:02:06.161838,True
TXN-c634ba25,ACC-1749,ACC-1856,184544.89,2026-08-31 18:06:06.161838,True
TXN-dd901ee0,ACC-1524,ACC-1130,4034.79,2026-08-31 18:10:06.161838,False
TXN-6d1553ac,ACC-1421,ACC-1854,1547.3,2026-08-31 18:14:06.161838,False
TXN-1f1896fd,ACC-1756,ACC-1270,3820.7,2026-08-31 18:18:06.161838,False
TXN-4548debd,ACC-1902,ACC-1044,2393.88,2026-08-31 18:22:06.161838,False
TXN-31dce0ef,ACC-1138,ACC-1206,1349.85,2026-08-31 18:26:06.161838,False
TXN-c7384901,ACC-1749,ACC-1625,493.64,2026-08-31 18:30:06.161838,False
TXN-fbaa58e0,ACC-1702,ACC-1476,878.89,2026-08-31 18:34:06.161838,False
TXN-8dfbf289,ACC-1438,ACC-1451,361.25,2026-08-31 18:38:06.161838,False
TXN-130694c7,ACC-1997,ACC-1004,1513.77,2026-08-31 18:42:06.161838,False
TXN-6b771eb8,ACC-1495,ACC-1793,2033.54,2026-08-31 18:46:06.161838,False
TXN-996b31e9,ACC-1168,ACC-1820,160110.36,2026-08-31 18:50:06.161838,True
TXN-fccc1e4c,ACC-1411,ACC-1221,3575.77,2026-08-31 18:54:06.161838,False
TXN-e72a0227,ACC-1863,ACC-1686,3416.06,2026-08-31 18:58:06.161838,False
TXN-6c55d937,ACC-1354,ACC-1065,3385.43,2026-08-31 19:02:06.161838,False
TXN-063fe766,ACC-1904,ACC-1289,1203.47,2026-08-31 19:06:06.161838,False
TXN-fcfaa9a1,ACC-1827,ACC-1560,3593.36,2026-08-31 19:10:06.161838,False
TXN-79a5809d,ACC-1634,ACC-1767,3064.63,2026-08-31 19:14:06.161838,False
TXN-427eb48a,ACC-1240,ACC-1504,119801.69,2026-08-31 19:18:06.161838,True
TXN-d674aa4b,ACC-1720,ACC-1243,4040.51,2026-08-31 19:22:06.161838,False
TXN-99fea9e2,ACC-1106,ACC-1590,402.97,2026-08-31 19:26:06.161838,False
TXN-96a3adfd,ACC-1662,ACC-1297,4169.86,2026-08-31 19:30:06.161838,False
TXN-456be8fc,ACC-1703,ACC-1802,1869.89,2026-08-31 19:34:06.161838,False
TXN-83ca3ec3,ACC-1208,ACC-1432,3687.97,2026-08-31 19:38:06.161838,False
TXN-50961989,ACC-1310,ACC-1571,1556.38,2026-08-31 19:42:06.161838,False
TXN-57585c35,ACC-1227,ACC-1362,4825.98,2026-08-31 19:46:06.161838,False
TXN-2154e409,ACC-1303,ACC-1667,1213.21,2026-08-31 19:50:06.161838,False
TXN-f0cd2dc1,ACC-1714,ACC-1661,896.41,2026-08-31 19:54:06.161838,False
TXN-9de09823,ACC-1215,ACC-1952,3762.51,2026-08-31 19:58:06.161838,False
TXN-b8964ed2,ACC-1847,ACC-1577,4854.26,2026-08-31 20:02:06.161838,False
TXN-db60c023,ACC-1408,ACC-1836,940.39,2026-08-31 20:06:06.161838,False
TXN-b169ca13,ACC-1727,ACC-1550,1014.64,2026-08-31 20:10:06.161838,False
TXN-30bd8f6b,ACC-1991,ACC-1138,3884.2,2026-08-31 20:14:06.161838,False
TXN-36eb31f7,ACC-1507,ACC-1962,4158.17,2026-08-31 20:18:06.161838,False
TXN-7c671245,ACC-1551,ACC-1448,1024.8,2026-08-31 20:22:06.161838,False
TXN-35ed4e68,ACC-1242,ACC-1256,2019.78,2026-08-31 20:26:06.161838,False
TXN-13dc07d3,ACC-1656,ACC-1078,1815.23,2026-08-31 20:30:06.161838,False
TXN-75b055ff,ACC-1959,ACC-1005,3713.61,2026-08-31 20:34:06.161838,False
TXN-e75d4261,ACC-1266,ACC-1048,1409.87,2026-08-31 20:38:06.161838,False
TXN-a813b1aa,ACC-1811,ACC-1575,3308.23,2026-08-31 20:42:06.161838,False
TXN-de03906c,ACC-1439,ACC-1635,1441.99,2026-08-31 20:46:06.161838,False
TXN-33908347,ACC-1883,ACC-1706,2258.92,2026-08-31 20:50:06.161838,False
TXN-ca7fe54c,ACC-1393,ACC-1045,3436.46,2026-08-31 20:54:06.161838,False
TXN-c7941b14,ACC-1138,ACC-1683,117.79,2026-08-31 20:58:06.161838,False
TXN-17c33a26,ACC-1791,ACC-1373,1888.28,2026-08-31 21:02:06.161838,False
TXN-58017e2e,ACC-1540,ACC-1331,4512.2,2026-08-31 21:06:06.161838,False
TXN-b473a939,ACC-1366,ACC-1276,3778.97,2026-08-31 21:10:06.161838,False
TXN-ddde83fe,ACC-1966,ACC-1463,1678.23,2026-08-31 21:14:06.161838,False
TXN-55dde5ed,ACC-1160,ACC-1660,3631.34,2026-08-31 21:18:06.161838,False
TXN-229bcb07,ACC-1767,ACC-1722,3597.59,2026-08-31 21:22:06.161838,False
TXN-45883cef,ACC-1863,ACC-1128,4765.64,2026-08-31 21:26:06.161838,False
TXN-e43999f5,ACC-1766,ACC-1762,1994.14,2026-08-31 21:30:06.161838,False
TXN-b9a1c894,ACC-1487,ACC-1119,464.98,2026-08-31 21:34:06.161838,False
TXN-4a6583f4,ACC-1956,ACC-1193,156.14,2026-08-31 21:38:06.161838,False
TXN-0efb8a74,ACC-1079,ACC-1686,593.77,2026-08-31 21:42:06.161838,False
TXN-ee5dcee1,ACC-1390,ACC-1363,608.14,2026-08-31 21:46:06.161838,False
TXN-29a7fda3,ACC-1283,ACC-1099,904.16,2026-08-31 21:50:06.161838,False
TXN-f177a8ed,ACC-1227,ACC-1071,1897.78,2026-08-31 21:54:06.161838,False
TXN-f3121295,ACC-1129,ACC-1490,1453.33,2026-08-31 21:58:06.161838,False
TXN-b93b10e2,ACC-1696,ACC-1406,4661.55,2026-08-31 22:02:06.161838,False
TXN-047b60e7,ACC-1810,ACC-1142,3307.48,2026-08-31 22:06:06.161838,False
TXN-f97f52dd,ACC-1767,ACC-1830,1027.75,2026-08-31 22:10:06.161838,False
TXN-07596e6f,ACC-1761,ACC-1956,3622.6,2026-08-31 22:14:06.161838,False
TXN-7bfdf2fb,ACC-1063,ACC-1299,4646.38,2026-08-31 22:18:06.161838,False
TXN-f387ca11,ACC-1444,ACC-1703,3261.78,2026-08-31 22:22:06.161838,False
TXN-2e0abfbd,ACC-1402,ACC-1907,629.81,2026-08-31 22:26:06.161838,False
TXN-0005b7eb,ACC-1853,ACC-1772,2242.58,2026-08-31 22:30:06.161838,False
TXN-96e2d1a3,ACC-1997,ACC-1062,3037.07,2026-08-31 22:34:06.161838,False
TXN-2fd3466f,ACC-1494,ACC-1643,145.86,2026-08-31 22:38:06.161838,False
TXN-ec4703bd,ACC-1377,ACC-1020,733.68,2026-08-31 22:42:06.161838,False
TXN-1832dcb5,ACC-1264,ACC-1025,4566.88,2026-08-31 22:46:06.161838,False
TXN-2c803137,ACC-1085,ACC-1733,408.48,2026-08-31 22:50:06.161838,False
TXN-0e38c506,ACC-1484,ACC-1952,4267.58,2026-08-31 22:54:06.161838,False
TXN-d557bb55,ACC-1879,ACC-1972,3391.62,2026-08-31 22:58:06.161838,False
TXN-e68385f6,ACC-1578,ACC-1809,3980.15,2026-08-31 23:02:06.161838,False
TXN-cdfc07af,ACC-1570,ACC-1839,2134.19,2026-08-31 23:06:06.161838,False
TXN-57524fde,ACC-1828,ACC-1648,323.87,2026-08-31 23:10:06.161838,False
TXN-6cee4278,ACC-1001,ACC-1442,179884.2,2026-08-31 23:14:06.161838,True
TXN-c386d826,ACC-1710,ACC-1651,1838.76,2026-08-31 23:18:06.161838,False
TXN-13a986d6,ACC-1695,ACC-1718,4879.2,2026-08-31 23:22:06.161838,False
TXN-531e8292,ACC-1082,ACC-1028,4007.62,2026-08-31 23:26:06.161838,False
TXN-b9e527e9,ACC-1037,ACC-1268,2263.82,2026-08-31 23:30:06.161838,False
TXN-75fb2d80,ACC-1310,ACC-1049,3004.43,2026-08-31 23:34:06.161838,False
TXN-f1cc6073,ACC-1824,ACC-1033,2471.89,2026-08-31 23:38:06.161838,False
TXN-bc2b5e1e,ACC-1223,ACC-1251,3393.9,2026-08-31 23:42:06.161838,False
TXN-53bb90c9,ACC-1248,ACC-1215,1682.66,2026-08-31 23:46:06.161838,False
TXN-9962c6b8,ACC-1242,ACC-1751,2540.01,2026-08-31 23:50:06.161838,False
TXN-b5d689ea,ACC-1264,ACC-1558,1633.87,2026-08-31 23:54:06.161838,False
TXN-d82c4962,ACC-1833,ACC-1041,1740.06,2026-08-31 23:58:06.161838,False
TXN-8669a38e,ACC-1099,ACC-1713,3117.3,2026-09-01 00:02:06.161838,False
TXN-21dd1bb4,ACC-1698,ACC-1487,1792.31,2026-09-01 00:06:06.161838,False
TXN-e0724131,ACC-1798,ACC-1172,3987.35,2026-09-01 00:10:06.161838,False
TXN-13ad65a6,ACC-1048,ACC-1721,3463.95,2026-09-01 00:14:06.161838,False
TXN-eb04c7e7,ACC-1281,ACC-1505,2850.27,2026-09-01 00:18:06.161838,False
TXN-698b8410,ACC-1366,ACC-1185,153.11,2026-09-01 00:22:06.161838,False
TXN-a70f0b72,ACC-1522,ACC-1128,1171.27,2026-09-01 00:26:06.161838,False
TXN-977f014a,ACC-1973,ACC-1451,2214.82,2026-09-01 00:30:06.161838,False
TXN-62d12945,ACC-1754,ACC-1110,4463.65,2026-09-01 00:34:06.161838,False
TXN-257d3fef,ACC-1337,ACC-1974,2074.14,2026-09-01 00:38:06.161838,False
TXN-c2d2ca61,ACC-1985,ACC-1522,2368.04,2026-09-01 00:42:06.161838,False
TXN-d1522d37,ACC-1532,ACC-1108,3871.83,2026-09-01 00:46:06.161838,False
TXN-b5acdbf3,ACC-1955,ACC-1441,326.39,2026-09-01 00:50:06.161838,False
TXN-87c54a47,ACC-1841,ACC-1792,4290.09,2026-09-01 00:54:06.161838,False
TXN-e3e36127,ACC-1831,ACC-1402,1925.03,2026-09-01 00:58:06.161838,False
TXN-512f6480,ACC-1045,ACC-1106,984.58,2026-09-01 01:02:06.161838,False
TXN-e62d9b6a,ACC-1746,ACC-1307,3293.22,2026-09-01 01:06:06.161838,False
TXN-ee40e006,ACC-1263,ACC-1869,1739.52,2026-09-01 01:10:06.161838,False
TXN-fb178588,ACC-1249,ACC-1724,224.32,2026-09-01 01:14:06.161838,False
TXN-7f8a7163,ACC-1281,ACC-1138,247.2,2026-09-01 01:18:06.161838,False
TXN-91494c18,ACC-1404,ACC-1419,2945.06,2026-09-01 01:22:06.161838,False
TXN-6689ebd1,ACC-1566,ACC-1247,2952.75,2026-09-01 01:26:06.161838,False
TXN-c4af4edf,ACC-1846,ACC-1016,3670.94,2026-09-01 01:30:06.161838,False
TXN-3a8846cd,ACC-1625,ACC-1079,1708.44,2026-09-01 01:34:06.161838,False
TXN-f8bb5af5,ACC-1153,ACC-1353,4127.61,2026-09-01 01:38:06.161838,False
TXN-361abd73,ACC-1746,ACC-1488,2508.51,2026-09-01 01:42:06.161838,False
TXN-0af85bfd,ACC-1293,ACC-1586,2711.47,2026-09-01 01:46:06.161838,False
TXN-70029105,ACC-1867,ACC-1979,1914.45,2026-09-01 01:50:06.161838,False
TXN-6aea1d29,ACC-1404,ACC-1766,3909.23,2026-09-01 01:54:06.161838,False
TXN-3746515b,ACC-1016,ACC-1318,4459.06,2026-09-01 01:58:06.161838,False
TXN-4fdaa054,ACC-1122,ACC-1980,4923.68,2026-09-01 02:02:06.161838,False
TXN-56a7f897,ACC-1773,ACC-1618,1065.96,2026-09-01 02:06:06.161838,False
TXN-dc19d6b1,ACC-1103,ACC-1547,325.86,2026-09-01 02:10:06.161838,False
TXN-37f4324c,ACC-1814,ACC-1307,4932.4,2026-09-01 02:14:06.161838,False
TXN-9067c5a7,ACC-1315,ACC-1942,2332.09,2026-09-01 02:18:06.161838,False
TXN-5ad4c949,ACC-1432,ACC-1227,880.62,2026-09-01 02:22:06.161838,False
TXN-9ad9f33c,ACC-1068,ACC-1112,4056.89,2026-09-01 02:26:06.161838,False
TXN-10729e79,ACC-1066,ACC-1285,372.04,2026-09-01 02:30:06.161838,False
TXN-e77ebd50,ACC-1218,ACC-1875,4120.37,2026-09-01 02:34:06.161838,False
TXN-83c4b898,ACC-1173,ACC-1405,269.23,2026-09-01 02:38:06.161838,False
TXN-570cf5c9,ACC-1747,ACC-1940,3304.85,2026-09-01 02:42:06.161838,False
TXN-9c1017bb,ACC-1012,ACC-1191,1365.71,2026-09-01 02:46:06.161838,False
TXN-0e0dd175,ACC-1892,ACC-1824,1597.39,2026-09-01 02:50:06.161838,False
TXN-5eb36d6d,ACC-1400,ACC-1995,1646.7,2026-09-01 02:54:06.161838,False
TXN-8ebfb306,ACC-1022,ACC-1685,3619.6,2026-09-01 02:58:06.161838,False
TXN-cc8d89de,ACC-1989,ACC-1732,2804.47,2026-09-01 03:02:06.161838,False
TXN-5fe1669a,ACC-1140,ACC-1603,2695.53,2026-09-01 03:06:06.161838,False
TXN-0aed6d96,ACC-1544,ACC-1406,2820.33,2026-09-01 03:10:06.161838,False
TXN-3d386083,ACC-1509,ACC-1016,3319.23,2026-09-01 03:14:06.161838,False
TXN-79d41f7c,ACC-1126,ACC-1926,3211.38,2026-09-01 03:18:06.161838,False
TXN-c423b179,ACC-1769,ACC-1110,101.44,2026-09-01 03:22:06.161838,False
TXN-6b4864b4,ACC-1347,ACC-1450,2830.93,2026-09-01 03:26:06.161838,False
TXN-2f55754e,ACC-1114,ACC-1983,2046.65,2026-09-01 03:30:06.161838,False
TXN-767cb601,ACC-1550,ACC-1744,2531.0,2026-09-01 03:34:06.161838,False
TXN-9eea14e8,ACC-1994,ACC-1845,1982.5,2026-09-01 03:38:06.161838,False
TXN-9ef6a946,ACC-1860,ACC-1208,4848.44,2026-09-01 03:42:06.161838,False
TXN-ff131433,ACC-1244,ACC-1042,3143.14,2026-09-01 03:46:06.161838,False
TXN-86a3ca5c,ACC-1428,ACC-1301,394.51,2026-09-01 03:50:06.161838,False
TXN-beaa0043,ACC-1739,ACC-1201,4115.07,2026-09-01 03:54:06.161838,False
TXN-d6cd096f,ACC-1406,ACC-1744,3972.15,2026-09-01 03:58:06.161838,False
TXN-b0e5f112,ACC-1606,ACC-1636,2750.63,2026-09-01 04:02:06.161838,False
TXN-41f9ddc8,ACC-1339,ACC-1690,1728.12,2026-09-01 04:06:06.161838,False
TXN-3c2c4c64,ACC-1512,ACC-1859,4238.85,2026-09-01 04:10:06.161838,False
TXN-f8954185,ACC-1529,ACC-1811,4663.56,2026-09-01 04:14:06.161838,False
TXN-c187395f,ACC-1259,ACC-1467,2582.81,2026-09-01 04:18:06.161838,False
TXN-7f57874f,ACC-1601,ACC-1810,4103.19,2026-09-01 04:22:06.161838,False
TXN-6ad5e403,ACC-1680,ACC-1796,4478.84,2026-09-01 04:26:06.161838,False
TXN-6237c2cf,ACC-1713,ACC-1910,2215.05,2026-09-01 04:30:06.161838,False
TXN-99e65587,ACC-1398,ACC-1010,4382.98,2026-09-01 04:34:06.161838,False
TXN-9c437950,ACC-1996,ACC-1182,828.33,2026-09-01 04:38:06.161838,False
TXN-34d072bf,ACC-1630,ACC-1006,4848.6,2026-09-01 04:42:06.161838,False
TXN-910d2d8a,ACC-1791,ACC-1988,2770.99,2026-09-01 04:46:06.161838,False
TXN-0ef9aa58,ACC-1406,ACC-1910,4831.9,2026-09-01 04:50:06.161838,False
TXN-d5e23a27,ACC-1227,ACC-1131,4465.4,2026-09-01 04:54:06.161838,False
TXN-108eeb77,ACC-1868,ACC-1336,3772.31,2026-09-01 04:58:06.161838,False
TXN-d6afeccc,ACC-1058,ACC-1027,1345.09,2026-09-01 05:02:06.161838,False
TXN-fd5c29d3,ACC-1645,ACC-1826,3113.49,2026-09-01 05:06:06.161838,False
TXN-9e5681f8,ACC-1222,ACC-1276,1626.48,2026-09-01 05:10:06.161838,False
TXN-a9c61444,ACC-1758,ACC-1758,2531.8,2026-09-01 05:14:06.161838,False
TXN-6cd67137,ACC-1352,ACC-1346,1026.7,2026-09-01 05:18:06.161838,False
TXN-f88a73e0,ACC-1074,ACC-1348,965.75,2026-09-01 05:22:06.161838,False
TXN-6b179ff7,ACC-1802,ACC-1489,1801.82,2026-09-01 05:26:06.161838,False
TXN-1ab4519b,ACC-1057,ACC-1498,177.17,2026-09-01 05:30:06.161838,False
TXN-0d18ff1f,ACC-1592,ACC-1367,2420.77,2026-09-01 05:34:06.161838,False
TXN-bb9d7814,ACC-1590,ACC-1945,1309.71,2026-09-01 05:38:06.161838,False
TXN-02f2d3ad,ACC-1608,ACC-1278,1801.49,2026-09-01 05:42:06.161838,False
TXN-196ab57d,ACC-1663,ACC-1096,2710.01,2026-09-01 05:46:06.161838,False
TXN-e989228e,ACC-1483,ACC-1184,2675.13,2026-09-01 05:50:06.161838,False
TXN-ada1f5ec,ACC-1438,ACC-1174,134984.83,2026-09-01 05:54:06.161838,True
TXN-0a358978,ACC-1708,ACC-1869,1721.1,2026-09-01 05:58:06.161838,False
TXN-9c135c3c,ACC-1742,ACC-1790,3133.71,2026-09-01 06:02:06.161838,False
TXN-efe1aa7b,ACC-1144,ACC-1183,2329.03,2026-09-01 06:06:06.161838,False
TXN-dff531ff,ACC-1541,ACC-1828,3418.77,2026-09-01 06:10:06.161838,False
TXN-fbce1aaf,ACC-1808,ACC-1118,2082.33,2026-09-01 06:14:06.161838,False
TXN-8b1aa323,ACC-1075,ACC-1590,2432.09,2026-09-01 06:18:06.161838,False
TXN-f6d271d8,ACC-1594,ACC-1336,1865.28,2026-09-01 06:22:06.161838,False
TXN-2d8af40b,ACC-1410,ACC-1435,4242.94,2026-09-01 06:26:06.161838,False
TXN-b98b9e3c,ACC-1372,ACC-1327,1832.28,2026-09-01 06:30:06.161838,False
TXN-477da2f3,ACC-1486,ACC-1299,1164.43,2026-09-01 06:34:06.161838,False
TXN-c9204e9d,ACC-1859,ACC-1111,1983.11,2026-09-01 06:38:06.161838,False
TXN-fead6be6,ACC-1529,ACC-1916,510.99,2026-09-01 06:42:06.161838,False
TXN-6cb9d259,ACC-1855,ACC-1925,2128.39,2026-09-01 06:46:06.161838,False
TXN-5363dcc1,ACC-1747,ACC-1042,744.15,2026-09-01 06:50:06.161838,False
TXN-3bedd1f8,ACC-1693,ACC-1807,920.78,2026-09-01 06:54:06.161838,False
TXN-ec430293,ACC-1393,ACC-1743,1905.69,2026-09-01 06:58:06.161838,False
TXN-fca90b77,ACC-1429,ACC-1248,4764.27,2026-09-01 07:02:06.161838,False
TXN-2ecab361,ACC-1072,ACC-1075,762.22,2026-09-01 07:06:06.161838,False
TXN-a6b15a8d,ACC-1931,ACC-1973,4317.44,2026-09-01 07:10:06.161838,False
TXN-bc4f5a1c,ACC-1919,ACC-1788,1242.08,2026-09-01 07:14:06.161838,False
TXN-c23304e4,ACC-1751,ACC-1997,1116.75,2026-09-01 07:18:06.161838,False
TXN-105a215c,ACC-1999,ACC-1911,3696.24,2026-09-01 07:22:06.161838,False
TXN-d8f804e4,ACC-1897,ACC-1855,74800.67,2026-09-01 07:26:06.161838,True
TXN-ca110e52,ACC-1123,ACC-1968,4849.17,2026-09-01 07:30:06.161838,False
TXN-6389abb9,ACC-1400,ACC-1801,3059.64,2026-09-01 07:34:06.161838,False
TXN-909bf0e2,ACC-1795,ACC-1940,278.46,2026-09-01 07:38:06.161838,False
TXN-c1ffb00b,ACC-1486,ACC-1742,3594.11,2026-09-01 07:42:06.161838,False
TXN-54956012,ACC-1594,ACC-1172,2076.06,2026-09-01 07:46:06.161838,False
TXN-2b83e642,ACC-1712,ACC-1995,778.17,2026-09-01 07:50:06.161838,False
TXN-7bb7115a,ACC-1033,ACC-1078,1501.46,2026-09-01 07:54:06.161838,False
TXN-2254522b,ACC-1037,ACC-1328,4874.39,2026-09-01 07:58:06.161838,False
TXN-ce695731,ACC-1021,ACC-1606,4856.04,2026-09-01 08:02:06.161838,False
TXN-0f2ceb98,ACC-1059,ACC-1178,861.3,2026-09-01 08:06:06.161838,False
TXN-cbf00eb0,ACC-1279,ACC-1645,3296.01,2026-09-01 08:10:06.161838,False
TXN-fb652ee9,ACC-1570,ACC-1991,1547.67,2026-09-01 08:14:06.161838,False
TXN-9d4dddd6,ACC-1628,ACC-1471,154491.48,2026-09-01 08:18:06.161838,True
TXN-a1dac2a1,ACC-1360,ACC-1460,522.53,2026-09-01 08:22:06.161838,False
TXN-22e475f2,ACC-1228,ACC-1775,2090.3,2026-09-01 08:26:06.161838,False
TXN-0d23cb97,ACC-1391,ACC-1879,4273.71,2026-09-01 08:30:06.161838,False
TXN-95e7beeb,ACC-1037,ACC-1203,1973.51,2026-09-01 08:34:06.161838,False
TXN-bf0f2fc4,ACC-1322,ACC-1134,3052.69,2026-09-01 08:38:06.161838,False
TXN-af1e8182,ACC-1537,ACC-1423,4021.61,2026-09-01 08:42:06.161838,False
TXN-49e305a7,ACC-1987,ACC-1747,4452.67,2026-09-01 08:46:06.161838,False
TXN-e473b1f4,ACC-1121,ACC-1833,3293.6,2026-09-01 08:50:06.161838,False
TXN-75db4161,ACC-1585,ACC-1418,710.09,2026-09-01 08:54:06.161838,False
TXN-4ebbdb80,ACC-1726,ACC-1291,4750.9,2026-09-01 08:58:06.161838,False
TXN-a2c103fe,ACC-1715,ACC-1288,743.11,2026-09-01 09:02:06.161838,False
TXN-01fae8f2,ACC-1770,ACC-1259,2238.81,2026-09-01 09:06:06.161838,False
TXN-48ae0442,ACC-1857,ACC-1071,4741.63,2026-09-01 09:10:06.161838,False
TXN-66c8580f,ACC-1556,ACC-1826,633.18,2026-09-01 09:14:06.161838,False
TXN-cb5c9607,ACC-1264,ACC-1808,794.02,2026-09-01 09:18:06.161838,False
TXN-1a6d8d97,ACC-1484,ACC-1568,3191.97,2026-09-01 09:22:06.161838,False
TXN-02438558,ACC-1127,ACC-1668,2681.18,2026-09-01 09:26:06.161838,False
TXN-72f298a0,ACC-1152,ACC-1249,2603.9,2026-09-01 09:30:06.161838,False
TXN-1fd7ac1d,ACC-1020,ACC-1308,4930.71,2026-09-01 09:34:06.161838,False
TXN-3e6dc6de,ACC-1718,ACC-1789,4330.04,2026-09-01 09:38:06.161838,False
TXN-05343e82,ACC-1255,ACC-1741,1836.94,2026-09-01 09:42:06.161838,False
TXN-7e21dfb0,ACC-1204,ACC-1251,1175.79,2026-09-01 09:46:06.161838,False
TXN-6594ed2b,ACC-1313,ACC-1617,3534.84,2026-09-01 09:50:06.161838,False
TXN-b21fd7f7,ACC-1224,ACC-1752,1342.68,2026-09-01 09:54:06.161838,False
TXN-b2fe5e5e,ACC-1173,ACC-1746,3434.6,2026-09-01 09:58:06.161838,False
TXN-af60f91b,ACC-1868,ACC-1567,3592.05,2026-09-01 10:02:06.161838,False
TXN-90cf0978,ACC-1372,ACC-1925,4107.62,2026-09-01 10:06:06.161838,False
TXN-4f7708f8,ACC-1703,ACC-1342,3962.1,2026-09-01 10:10:06.161838,False
TXN-6ca52c1a,ACC-1412,ACC-1790,4348.04,2026-09-01 10:14:06.161838,False
TXN-31786bef,ACC-1404,ACC-1662,3225.9,2026-09-01 10:18:06.161838,False
TXN-508f2356,ACC-1737,ACC-1347,172113.93,2026-09-01 10:22:06.161838,True
TXN-1a04c399,ACC-1420,ACC-1895,4964.47,2026-09-01 10:26:06.161838,False
TXN-e050d400,ACC-1484,ACC-1038,2141.53,2026-09-01 10:30:06.161838,False
TXN-2cc6cc84,ACC-1043,ACC-1635,2326.82,2026-09-01 10:34:06.161838,False
TXN-4817ad72,ACC-1948,ACC-1800,73097.22,2026-09-01 10:38:06.161838,True
TXN-4aa02710,ACC-1389,ACC-1639,3952.85,2026-09-01 10:42:06.161838,False
TXN-25f7467d,ACC-1879,ACC-1438,1333.45,2026-09-01 10:46:06.161838,False
TXN-c8ac0488,ACC-1774,ACC-1065,761.19,2026-09-01 10:50:06.161838,False
TXN-f20e8177,ACC-1414,ACC-1053,4381.87,2026-09-01 10:54:06.161838,False
TXN-ae60c8d7,ACC-1884,ACC-1439,1877.04,2026-09-01 10:58:06.161838,False
TXN-9e06f839,ACC-1162,ACC-1789,2739.09,2026-09-01 11:02:06.161838,False
TXN-35f22807,ACC-1105,ACC-1893,2484.54,2026-09-01 11:06:06.161838,False
TXN-c1a99e56,ACC-1788,ACC-1281,2922.03,2026-09-01 11:10:06.161838,False
TXN-afe07ce8,ACC-1405,ACC-1087,4221.96,2026-09-01 11:14:06.161838,False
TXN-9142a9b3,ACC-1052,ACC-1454,2229.35,2026-09-01 11:18:06.161838,False
TXN-338babce,ACC-1434,ACC-1956,3379.5,2026-09-01 11:22:06.161838,False
TXN-e66fd412,ACC-1334,ACC-1972,2503.57,2026-09-01 11:26:06.161838,False
TXN-225b4165,ACC-1907,ACC-1435,2023.85,2026-09-01 11:30:06.161838,False
TXN-d60ab17c,ACC-1882,ACC-1449,89982.71,2026-09-01 11:34:06.161838,True
TXN-43c522f4,ACC-1217,ACC-1233,221.85,2026-09-01 11:38:06.161838,False
TXN-ca271871,ACC-1922,ACC-1599,492.01,2026-09-01 11:42:06.161838,False
TXN-4e936232,ACC-1190,ACC-1372,1152.48,2026-09-01 11:46:06.161838,False
TXN-6b153c96,ACC-1011,ACC-1868,2782.16,2026-09-01 11:50:06.161838,False
TXN-aeb9a753,ACC-1908,ACC-1179,1032.85,2026-09-01 11:54:06.161838,False
TXN-2b51c056,ACC-1013,ACC-1540,123.35,2026-09-01 11:58:06.161838,False
TXN-2bf02220,ACC-1379,ACC-1556,678.6,2026-09-01 12:02:06.161838,False
TXN-3aad83d6,ACC-1472,ACC-1241,969.4,2026-09-01 12:06:06.161838,False
TXN-58d2316d,ACC-1959,ACC-1434,3069.68,2026-09-01 12:10:06.161838,False
TXN-93100dd5,ACC-1577,ACC-1019,502.33,2026-09-01 12:14:06.161838,False
TXN-5a76b33b,ACC-1554,ACC-1010,4188.17,2026-09-01 12:18:06.161838,False
TXN-9c617300,ACC-1109,ACC-1380,102.98,2026-09-01 12:22:06.161838,False
TXN-9b1c57cf,ACC-1262,ACC-1352,2256.76,2026-09-01 12:26:06.161838,False
TXN-a6503ad7,ACC-1625,ACC-1496,184806.2,2026-09-01 12:30:06.161838,True
TXN-a36a8c58,ACC-1806,ACC-1180,2816.1,2026-09-01 12:34:06.161838,False
TXN-7ccc48f4,ACC-1279,ACC-1780,1959.89,2026-09-01 12:38:06.161838,False
TXN-a70f339c,ACC-1356,ACC-1764,198735.3,2026-09-01 12:42:06.161838,True
TXN-9506f976,ACC-1356,ACC-1008,2277.38,2026-09-01 12:46:06.161838,False
TXN-c5164b9d,ACC-1794,ACC-1178,446.49,2026-09-01 12:50:06.161838,False
TXN-2ff4a4a0,ACC-1071,ACC-1097,2136.25,2026-09-01 12:54:06.161838,False
TXN-6cf64162,ACC-1961,ACC-1133,120.51,2026-09-01 12:58:06.161838,False
TXN-9046b335,ACC-1006,ACC-1239,4731.09,2026-09-01 13:02:06.161838,False
TXN-ccffb34f,ACC-1548,ACC-1305,1762.71,2026-09-01 13:06:06.161838,False
TXN-7e569178,ACC-1242,ACC-1470,213.87,2026-09-01 13:10:06.161838,False
TXN-7b9563b7,ACC-1796,ACC-1973,3150.35,2026-09-01 13:14:06.161838,False
TXN-10c0cf3d,ACC-1820,ACC-1590,1732.88,2026-09-01 13:18:06.161838,False
TXN-1675a448,ACC-1583,ACC-1033,4364.34,2026-09-01 13:22:06.161838,False
TXN-7729719e,ACC-1628,ACC-1810,1975.53,2026-09-01 13:26:06.161838,False
TXN-05ce6966,ACC-1016,ACC-1706,1346.52,2026-09-01 13:30:06.161838,False
TXN-49f84e1b,ACC-1143,ACC-1580,2769.92,2026-09-01 13:34:06.161838,False
TXN-64fe8a90,ACC-1718,ACC-1161,4083.29,2026-09-01 13:38:06.161838,False
TXN-a1ca0ebb,ACC-1077,ACC-1014,4632.71,2026-09-01 13:42:06.161838,False
TXN-cf4cf647,ACC-1066,ACC-1189,1862.41,2026-09-01 13:46:06.161838,False
TXN-7feb5f04,ACC-1853,ACC-1986,3295.52,2026-09-01 13:50:06.161838,False
TXN-1d86ed0e,ACC-1074,ACC-1221,1799.26,2026-09-01 13:54:06.161838,False
TXN-d3738b3f,ACC-1762,ACC-1759,4493.15,2026-09-01 13:58:06.161838,False
TXN-1c3a56cb,ACC-1798,ACC-1419,3340.84,2026-09-01 14:02:06.161838,False
TXN-55e79393,ACC-1717,ACC-1414,3359.84,2026-09-01 14:06:06.161838,False
TXN-3cb8f2a1,ACC-1478,ACC-1421,3194.38,2026-09-01 14:10:06.161838,False
TXN-428e4719,ACC-1084,ACC-1645,4479.74,2026-09-01 14:14:06.161838,False
TXN-cbc840e8,ACC-1862,ACC-1343,2435.15,2026-09-01 14:18:06.161838,False
TXN-67630a83,ACC-1826,ACC-1231,137853.04,2026-09-01 14:22:06.161838,True
TXN-60ee680e,ACC-1895,ACC-1787,1170.09,2026-09-01 14:26:06.161838,False
TXN-7ccec3c2,ACC-1596,ACC-1065,4570.91,2026-09-01 14:30:06.161838,False
TXN-93cf0e57,ACC-1127,ACC-1746,4759.37,2026-09-01 14:34:06.161838,False
TXN-d9ea487f,ACC-1733,ACC-1832,4530.24,2026-09-01 14:38:06.161838,False
TXN-a6002a7b,ACC-1606,ACC-1306,4391.87,2026-09-01 14:42:06.161838,False
TXN-451afcf1,ACC-1041,ACC-1795,1977.32,2026-09-01 14:46:06.161838,False
TXN-184725d6,ACC-1155,ACC-1106,4690.05,2026-09-01 14:50:06.161838,False
TXN-decfb5ea,ACC-1717,ACC-1021,3008.94,2026-09-01 14:54:06.161838,False
TXN-0fd6508a,ACC-1723,ACC-1001,1904.01,2026-09-01 14:58:06.161838,False
TXN-30b753f7,ACC-1242,ACC-1535,402.39,2026-09-01 15:02:06.161838,False
TXN-3d2ba6b9,ACC-1240,ACC-1265,4516.7,2026-09-01 15:06:06.161838,False
TXN-f55bbe24,ACC-1439,ACC-1107,2680.8,2026-09-01 15:10:06.161838,False
TXN-900bac8a,ACC-1282,ACC-1366,1731.59,2026-09-01 15:14:06.161838,False
TXN-2bfa08cf,ACC-1740,ACC-1454,1547.12,2026-09-01 15:18:06.161838,False
TXN-942a1617,ACC-1694,ACC-1033,4294.56,2026-09-01 15:22:06.161838,False
TXN-0a4c695e,ACC-1683,ACC-1411,4316.68,2026-09-01 15:26:06.161838,False
TXN-29eaf751,ACC-1152,ACC-1370,1118.55,2026-09-01 15:30:06.161838,False
TXN-53eed8d3,ACC-1946,ACC-1799,3322.66,2026-09-01 15:34:06.161838,False
TXN-a16acda5,ACC-1816,ACC-1233,1487.47,2026-09-01 15:38:06.161838,False
TXN-40b18e94,ACC-1881,ACC-1794,4540.37,2026-09-01 15:42:06.161838,False
TXN-140ccd00,ACC-1244,ACC-1338,3587.09,2026-09-01 15:46:06.161838,False
TXN-75ab1155,ACC-1965,ACC-1553,912.51,2026-09-01 15:50:06.161838,False
TXN-d4565428,ACC-1496,ACC-1619,1917.29,2026-09-01 15:54:06.161838,False
TXN-95b678cb,ACC-1826,ACC-1749,4762.7,2026-09-01 15:58:06.161838,False
TXN-1c4cce70,ACC-1157,ACC-1263,2341.76,2026-09-01 16:02:06.161838,False
TXN-b1ef9afd,ACC-1776,ACC-1475,122006.01,2026-09-01 16:06:06.161838,True
TXN-c27c3e5f,ACC-1070,ACC-1197,3344.6,2026-09-01 16:10:06.161838,False
TXN-591b77b1,ACC-1798,ACC-1647,2700.9,2026-09-01 16:14:06.161838,False
TXN-e7e2063b,ACC-1289,ACC-1393,1695.62,2026-09-01 16:18:06.161838,False
TXN-98e66973,ACC-1589,ACC-1881,63405.51,2026-09-01 16:22:06.161838,True
TXN-f294239a,ACC-1819,ACC-1983,2272.27,2026-09-01 16:26:06.161838,False
TXN-dce09958,ACC-1308,ACC-1750,1597.2,2026-09-01 16:30:06.161838,False
TXN-1fb007dc,ACC-1899,ACC-1034,2226.33,2026-09-01 16:34:06.161838,False
TXN-ff9bf378,ACC-1685,ACC-1472,3072.81,2026-09-01 16:38:06.161838,False
TXN-03954232,ACC-1891,ACC-1768,2393.69,2026-09-01 16:42:06.161838,False
TXN-c5313df2,ACC-1105,ACC-1074,3381.88,2026-09-01 16:46:06.161838,False
TXN-ced85a11,ACC-1730,ACC-1018,3949.46,2026-09-01 16:50:06.161838,False
TXN-2b6de060,ACC-1571,ACC-1253,2287.32,2026-09-01 16:54:06.161838,False
TXN-dece143c,ACC-1705,ACC-1431,585.21,2026-09-01 16:58:06.161838,False
TXN-3a374410,ACC-1919,ACC-1717,4771.63,2026-09-01 17:02:06.161838,False
TXN-c11f4d95,ACC-1836,ACC-1525,1788.69,2026-09-01 17:06:06.161838,False
TXN-775f34e8,ACC-1771,ACC-1379,3053.14,2026-09-01 17:10:06.161838,False
TXN-e3c0a833,ACC-1651,ACC-1842,974.51,2026-09-01 17:14:06.161838,False
TXN-d816a156,ACC-1821,ACC-1890,380.65,2026-09-01 17:18:06.161838,False
TXN-9f2064fc,ACC-1920,ACC-1619,3077.12,2026-09-01 17:22:06.161838,False
TXN-13fb143b,ACC-1969,ACC-1865,483.95,2026-09-01 17:26:06.161838,False
TXN-e7f7dbb1,ACC-1176,ACC-1171,2747.28,2026-09-01 17:30:06.161838,False
TXN-c66ef513,ACC-1454,ACC-1442,3022.99,2026-09-01 17:34:06.161838,False
TXN-3ceee25d,ACC-1509,ACC-1050,4515.82,2026-09-01 17:38:06.161838,False
TXN-f8695cf9,ACC-1824,ACC-1008,2421.27,2026-09-01 17:42:06.161838,False
TXN-f54a6883,ACC-1342,ACC-1020,560.21,2026-09-01 17:46:06.161838,False
TXN-bf0121d8,ACC-1968,ACC-1392,4885.31,2026-09-01 17:50:06.161838,False
TXN-f488cfcf,ACC-1097,ACC-1167,1295.68,2026-09-01 17:54:06.161838,False
TXN-ba715966,ACC-1390,ACC-1450,3873.33,2026-09-01 17:58:06.161838,False
TXN-9abeb42c,ACC-1331,ACC-1890,1228.8,2026-09-01 18:02:06.161838,False
TXN-6322bf47,ACC-1567,ACC-1016,3877.13,2026-09-01 18:06:06.161838,False
TXN-34cdb3ae,ACC-1532,ACC-1006,64223.41,2026-09-01 18:10:06.161838,True
TXN-a07c46f9,ACC-1294,ACC-1415,300.15,2026-09-01 18:14:06.161838,False
TXN-d3ffd441,ACC-1369,ACC-1981,304.63,2026-09-01 18:18:06.161838,False
TXN-ca17bddb,ACC-1132,ACC-1978,1666.03,2026-09-01 18:22:06.161838,False
TXN-1933109b,ACC-1359,ACC-1990,4894.84,2026-09-01 18:26:06.161838,False
TXN-0cd2a864,ACC-1768,ACC-1826,3315.17,2026-09-01 18:30:06.161838,False
TXN-7459f6c5,ACC-1502,ACC-1998,3233.16,2026-09-01 18:34:06.161838,False
TXN-3aa27b50,ACC-1211,ACC-1496,3335.39,2026-09-01 18:38:06.161838,False
TXN-0eca7436,ACC-1977,ACC-1262,3890.17,2026-09-01 18:42:06.161838,False
TXN-81efcc17,ACC-1169,ACC-1979,1707.77,2026-09-01 18:46:06.161838,False
TXN-4013500e,ACC-1317,ACC-1686,487.41,2026-09-01 18:50:06.161838,False
TXN-284ea92f,ACC-1657,ACC-1904,3273.39,2026-09-01 18:54:06.161838,False
TXN-f9b91888,ACC-1309,ACC-1130,1900.31,2026-09-01 18:58:06.161838,False
TXN-a685b487,ACC-1943,ACC-1697,1063.6,2026-09-01 19:02:06.161838,False
TXN-a0523804,ACC-1775,ACC-1422,307.19,2026-09-01 19:06:06.161838,False
TXN-12593fa8,ACC-1514,ACC-1075,425.11,2026-09-01 19:10:06.161838,False
TXN-14a1e51f,ACC-1941,ACC-1942,1986.29,2026-09-01 19:14:06.161838,False
TXN-2f7950de,ACC-1414,ACC-1823,4884.15,2026-09-01 19:18:06.161838,False
TXN-68bf9669,ACC-1336,ACC-1669,2406.9,2026-09-01 19:22:06.161838,False
TXN-a07f97a9,ACC-1996,ACC-1395,3688.05,2026-09-01 19:26:06.161838,False
TXN-7c74a483,ACC-1206,ACC-1932,1071.7,2026-09-01 19:30:06.161838,False
TXN-b4ec8663,ACC-1181,ACC-1112,1660.36,2026-09-01 19:34:06.161838,False
TXN-a1ba20ec,ACC-1284,ACC-1154,4946.88,2026-09-01 19:38:06.161838,False
TXN-26107ded,ACC-1873,ACC-1142,3026.97,2026-09-01 19:42:06.161838,False
