tx_id,sender_id,receiver_id,amount,transfer_timestamp,mule_last_lat,mule_last_lon,mule_tier,withdrawal_timestamp,withdrawal_atm_id,withdrawal_travel_mins
TXN-0000001,ACC_VIC_0165,ACC_MULE_0285,158015.97,2026-07-06T05:53:19,28.570474,77.255829,1,2026-07-06T06:10:28,ATM_BOB_046,4.95
TXN-0000002,ACC_NORM_1234,ACC_NORM_1947,10967.23,2026-07-06T06:01:57,,,0,,,
TXN-0000003,ACC_VIC_0745,ACC_MULE_0087,150122.85,2026-07-06T06:10:35,28.663976,77.284863,1,2026-07-06T06:40:37,ATM_PNB_160,14.16
TXN-0000004,ACC_NORM_1433,ACC_NORM_2747,8928.57,2026-07-06T06:19:14,,,0,,,
TXN-0000005,ACC_NORM_2316,ACC_NORM_2542,16812.52,2026-07-06T06:27:52,,,0,,,
TXN-0000006,ACC_MULE_0402,ACC_MULE_0088,145720.97,2026-07-06T06:36:31,28.560897,77.255243,2,2026-07-06T06:47:22,ATM_PNB_065,5.45
TXN-0000007,ACC_NORM_0390,ACC_NORM_0641,21749.08,2026-07-06T06:45:09,,,0,,,
TXN-0000008,ACC_NORM_2153,ACC_NORM_2327,11320.02,2026-07-06T06:53:47,,,0,,,
TXN-0000009,ACC_NORM_2209,ACC_NORM_1672,24621.17,2026-07-06T07:02:26,,,0,,,
TXN-0000010,ACC_NORM_1749,ACC_NORM_2018,17468.04,2026-07-06T07:11:04,,,0,,,
TXN-0000011,ACC_NORM_0844,ACC_NORM_1944,17477.26,2026-07-06T07:19:43,,,0,,,
TXN-0000012,ACC_NORM_2797,ACC_NORM_2416,13176.25,2026-07-06T07:28:21,,,0,,,
TXN-0000013,ACC_NORM_1587,ACC_NORM_1435,11794.35,2026-07-06T07:36:59,,,0,,,
TXN-0000014,ACC_NORM_0394,ACC_NORM_1288,2919.82,2026-07-06T07:45:38,,,0,,,
TXN-0000015,ACC_NORM_2582,ACC_NORM_2198,2761.52,2026-07-06T07:54:16,,,0,,,
TXN-0000016,ACC_NORM_2724,ACC_NORM_2250,1114.17,2026-07-06T08:02:55,,,0,,,
TXN-0000017,ACC_NORM_0195,ACC_NORM_2827,21977.29,2026-07-06T08:11:33,,,0,,,
TXN-0000018,ACC_VIC_0626,ACC_MULE_0394,209464.31,2026-07-06T08:20:11,28.531384,77.222509,1,2026-07-06T08:40:51,ATM_PNB_062,9.83
TXN-0000019,ACC_NORM_0955,ACC_NORM_2352,16613.68,2026-07-06T08:28:50,,,0,,,
TXN-0000020,ACC_VIC_0181,ACC_MULE_0368,100947.17,2026-07-06T08:37:28,28.648347,77.226941,1,2026-07-06T08:55:44,ATM_ICICI_013,10.57
TXN-0000021,ACC_NORM_2262,ACC_NORM_0077,2937.65,2026-07-06T08:46:07,,,0,,,
TXN-0000022,ACC_NORM_0260,ACC_NORM_0324,19805.89,2026-07-06T08:54:45,,,0,,,
TXN-0000023,ACC_NORM_0928,ACC_NORM_2760,6001.22,2026-07-06T09:03:23,,,0,,,
TXN-0000024,ACC_NORM_2857,ACC_NORM_1299,17811.42,2026-07-06T09:12:02,,,0,,,
TXN-0000025,ACC_VIC_0403,ACC_MULE_0379,228714.87,2026-07-06T09:20:40,28.688001,77.103054,1,2026-07-06T09:37:14,ATM_SBI_141,6.53
TXN-0000026,ACC_NORM_2114,ACC_NORM_0408,4616.65,2026-07-06T09:29:19,,,0,,,
TXN-0000027,ACC_NORM_0679,ACC_NORM_1611,3883.88,2026-07-06T09:37:57,,,0,,,
TXN-0000028,ACC_NORM_0721,ACC_NORM_0127,18009.03,2026-07-06T09:46:35,,,0,,,
TXN-0000029,ACC_NORM_2908,ACC_NORM_0097,4479.93,2026-07-06T09:55:14,,,0,,,
TXN-0000030,ACC_NORM_2951,ACC_NORM_1514,19587.79,2026-07-06T10:03:52,,,0,,,
TXN-0000031,ACC_MULE_0005,ACC_MULE_0123,121173.92,2026-07-06T10:12:31,28.696397,77.121268,2,2026-07-06T10:25:41,ATM_ICICI_142,1.78
TXN-0000032,ACC_MULE_0050,ACC_MULE_0400,100622.46,2026-07-06T10:21:09,28.637563,77.319463,2,2026-07-06T10:40:50,ATM_PNB_160,11.55
TXN-0000033,ACC_MULE_0184,ACC_MULE_0439,137962.58,2026-07-06T10:29:47,28.547624,77.151443,2,2026-07-06T11:02:50,ATM_ICICI_087,14.64
TXN-0000034,ACC_NORM_1976,ACC_NORM_2098,24634.47,2026-07-06T10:38:26,,,0,,,
TXN-0000035,ACC_NORM_2181,ACC_NORM_2445,1235.86,2026-07-06T10:47:04,,,0,,,
TXN-0000036,ACC_NORM_1094,ACC_NORM_2233,13015.06,2026-07-06T10:55:43,,,0,,,
TXN-0000037,ACC_NORM_1904,ACC_NORM_0680,24594.54,2026-07-06T11:04:21,,,0,,,
TXN-0000038,ACC_NORM_1620,ACC_NORM_1617,20836.58,2026-07-06T11:12:59,,,0,,,
TXN-0000039,ACC_NORM_0453,ACC_NORM_0908,16653.87,2026-07-06T11:21:38,,,0,,,
TXN-0000040,ACC_VIC_1364,ACC_MULE_0293,237817.86,2026-07-06T11:30:16,28.691148,77.144421,1,,,
TXN-0000041,ACC_VIC_1394,ACC_MULE_0469,58799.72,2026-07-06T11:38:55,28.645181,77.211623,1,2026-07-06T12:04:02,ATM_ICICI_018,6.25
TXN-0000042,ACC_NORM_2020,ACC_NORM_0956,17273.36,2026-07-06T11:47:33,,,0,,,
TXN-0000043,ACC_NORM_1189,ACC_NORM_1410,2369.54,2026-07-06T11:56:11,,,0,,,
TXN-0000044,ACC_NORM_2033,ACC_NORM_2979,8069.75,2026-07-06T12:04:50,,,0,,,
TXN-0000045,ACC_VIC_0115,ACC_MULE_0456,223121.64,2026-07-06T12:13:28,28.585269,77.242582,1,2026-07-06T12:55:29,ATM_KOTAK_053,7.26
TXN-0000046,ACC_NORM_0400,ACC_NORM_0027,1263.75,2026-07-06T12:22:07,,,0,,,
TXN-0000047,ACC_MULE_0228,ACC_MULE_0013,158212.4,2026-07-06T12:30:45,28.529594,77.138039,2,2026-07-06T12:41:24,ATM_BOB_094,3.57
TXN-0000048,ACC_NORM_2351,ACC_NORM_2796,16038.34,2026-07-06T12:39:23,,,0,,,
TXN-0000049,ACC_NORM_1294,ACC_NORM_0470,7201.78,2026-07-06T12:48:02,,,0,,,
TXN-0000050,ACC_NORM_1965,ACC_NORM_2710,16613.02,2026-07-06T12:56:40,,,0,,,
TXN-0000051,ACC_NORM_0683,ACC_NORM_1624,7742.36,2026-07-06T13:05:19,,,0,,,
TXN-0000052,ACC_NORM_1001,ACC_NORM_2600,6263.16,2026-07-06T13:13:57,,,0,,,
TXN-0000053,ACC_VIC_0702,ACC_MULE_0352,132953.08,2026-07-06T13:22:35,28.543881,77.135483,1,2026-07-06T13:41:00,ATM_BOB_091,7.4
TXN-0000054,ACC_NORM_2460,ACC_NORM_1292,12500.28,2026-07-06T13:31:14,,,0,,,
TXN-0000055,ACC_NORM_2002,ACC_NORM_2000,15958.42,2026-07-06T13:39:52,,,0,,,
TXN-0000056,ACC_VIC_0908,ACC_MULE_0359,116353.47,2026-07-06T13:48:31,28.603829,77.03151,1,,,
TXN-0000057,ACC_NORM_1365,ACC_NORM_2090,15350.1,2026-07-06T13:57:09,,,0,,,
TXN-0000058,ACC_VIC_1491,ACC_MULE_0400,108404.57,2026-07-06T14:05:47,28.637563,77.319463,1,2026-07-06T14:23:18,ATM_BOB_146,6.91
TXN-0000059,ACC_NORM_2705,ACC_NORM_2551,3094.17,2026-07-06T14:14:26,,,0,,,
TXN-0000060,ACC_VIC_1117,ACC_MULE_0207,113479.44,2026-07-06T14:23:04,28.61187,77.290621,1,2026-07-06T14:36:36,ATM_UBI_150,4.79
TXN-0000061,ACC_NORM_2546,ACC_NORM_1013,18759.87,2026-07-06T14:31:43,,,0,,,
TXN-0000062,ACC_MULE_0440,ACC_MULE_0182,191745.96,2026-07-06T14:40:21,28.66639,77.203843,2,2026-07-06T14:53:35,ATM_HDFC_035,3.32
TXN-0000063,ACC_VIC_0458,ACC_MULE_0009,123603.27,2026-07-06T14:48:59,28.59655,77.0633,1,,,
TXN-0000064,ACC_NORM_2900,ACC_NORM_0320,23576.29,2026-07-06T14:57:38,,,0,,,
TXN-0000065,ACC_NORM_2400,ACC_NORM_2613,14696.26,2026-07-06T15:06:16,,,0,,,
TXN-0000066,ACC_VIC_0594,ACC_MULE_0318,62703.38,2026-07-06T15:14:55,28.551186,77.232912,1,2026-07-06T15:38:24,ATM_ICICI_087,10.45
TXN-0000067,ACC_NORM_1376,ACC_NORM_2836,18237.75,2026-07-06T15:23:33,,,0,,,
TXN-0000068,ACC_NORM_0061,ACC_NORM_0749,18463.2,2026-07-06T15:32:11,,,0,,,
TXN-0000069,ACC_VIC_0513,ACC_MULE_0325,64720.8,2026-07-06T15:40:50,28.640025,77.300016,1,2026-07-06T15:57:53,ATM_BOB_155,4.56
TXN-0000070,ACC_VIC_0486,ACC_MULE_0193,194764.95,2026-07-06T15:49:28,28.545072,77.15726,1,2026-07-06T16:02:52,ATM_BOB_091,5.42
TXN-0000071,ACC_MULE_0404,ACC_MULE_0473,181544.01,2026-07-06T15:58:07,28.685541,77.288141,2,2026-07-06T16:08:26,ATM_HDFC_170,2.58
TXN-0000072,ACC_MULE_0524,ACC_MULE_0532,83887.2,2026-07-06T16:06:45,28.51466,77.219559,2,,,
TXN-0000073,ACC_VIC_0557,ACC_MULE_0040,92169.75,2026-07-06T16:15:23,28.536184,77.140115,1,2026-07-06T16:33:32,ATM_BOB_094,5.13
TXN-0000074,ACC_NORM_1017,ACC_NORM_1161,17706.36,2026-07-06T16:24:02,,,0,,,
TXN-0000075,ACC_NORM_2455,ACC_NORM_2939,19766.9,2026-07-06T16:32:40,,,0,,,
TXN-0000076,ACC_MULE_0149,ACC_MULE_0444,58588.35,2026-07-06T16:41:19,28.591843,77.050184,2,2026-07-06T16:57:40,ATM_PNB_102,1.76
TXN-0000077,ACC_NORM_0400,ACC_NORM_1180,6878.71,2026-07-06T16:49:57,,,0,,,
TXN-0000078,ACC_NORM_0550,ACC_NORM_1233,14212.73,2026-07-06T16:58:35,,,0,,,
TXN-0000079,ACC_NORM_1877,ACC_NORM_0629,3606.19,2026-07-06T17:07:14,,,0,,,
TXN-0000080,ACC_NORM_1393,ACC_NORM_0544,15319.55,2026-07-06T17:15:52,,,0,,,
TXN-0000081,ACC_MULE_0097,ACC_MULE_0446,228153.49,2026-07-06T17:24:31,28.557889,77.252555,2,2026-07-06T17:37:51,ATM_UBI_067,3.64
TXN-0000082,ACC_VIC_0609,ACC_MULE_0454,103065.41,2026-07-06T17:33:09,28.608527,77.299857,1,2026-07-06T17:53:19,ATM_SBI_149,8.22
TXN-0000083,ACC_MULE_0329,ACC_MULE_0066,95207.43,2026-07-06T17:41:47,28.590834,77.331629,2,2026-07-06T17:54:39,ATM_KOTAK_177,8.49
TXN-0000084,ACC_NORM_1339,ACC_NORM_2703,1416.7,2026-07-06T17:50:26,,,0,,,
TXN-0000085,ACC_NORM_0626,ACC_NORM_2172,11156.62,2026-07-06T17:59:04,,,0,,,
TXN-0000086,ACC_NORM_1498,ACC_NORM_1970,22969.5,2026-07-06T18:07:43,,,0,,,
TXN-0000087,ACC_NORM_1275,ACC_NORM_1521,16482.16,2026-07-06T18:16:21,,,0,,,
TXN-0000088,ACC_VIC_0280,ACC_MULE_0320,219840.57,2026-07-06T18:24:59,28.697783,77.111569,1,2026-07-06T18:45:57,ATM_AXIS_128,0.94
TXN-0000089,ACC_NORM_0089,ACC_NORM_0083,10316.72,2026-07-06T18:33:38,,,0,,,
TXN-0000090,ACC_VIC_0501,ACC_MULE_0132,152847.49,2026-07-06T18:42:16,28.703613,77.113556,1,2026-07-06T18:57:57,ATM_AXIS_136,3.73
TXN-0000091,ACC_NORM_1917,ACC_NORM_1739,22955.69,2026-07-06T18:50:55,,,0,,,
TXN-0000092,ACC_NORM_1822,ACC_NORM_1161,6531.92,2026-07-06T18:59:33,,,0,,,
TXN-0000093,ACC_VIC_0664,ACC_MULE_0505,102824.75,2026-07-06T19:08:11,28.539326,77.211378,1,2026-07-06T19:37:30,ATM_SBI_072,4.78
TXN-0000094,ACC_NORM_2016,ACC_NORM_2232,20843.67,2026-07-06T19:16:50,,,0,,,
TXN-0000095,ACC_NORM_1533,ACC_NORM_2677,20102.23,2026-07-06T19:25:28,,,0,,,
TXN-0000096,ACC_NORM_1093,ACC_NORM_0425,15165.84,2026-07-06T19:34:07,,,0,,,
TXN-0000097,ACC_NORM_2884,ACC_NORM_0855,10530.15,2026-07-06T19:42:45,,,0,,,
TXN-0000098,ACC_NORM_1595,ACC_NORM_2471,15976.25,2026-07-06T19:51:23,,,0,,,
TXN-0000099,ACC_MULE_0054,ACC_MULE_0055,153544.66,2026-07-06T20:00:02,28.609486,77.32273,2,,,
TXN-0000100,ACC_VIC_0739,ACC_MULE_0189,217933.13,2026-07-06T20:08:40,28.558852,77.224302,1,,,
TXN-0000101,ACC_VIC_0247,ACC_MULE_0534,159988.08,2026-07-06T20:17:19,28.563443,77.25562,1,2026-07-06T20:36:49,ATM_HDFC_057,8.5
TXN-0000102,ACC_NORM_1783,ACC_NORM_1168,4153.92,2026-07-06T20:25:57,,,0,,,
TXN-0000103,ACC_NORM_0988,ACC_NORM_0048,22495.67,2026-07-06T20:34:35,,,0,,,
TXN-0000104,ACC_NORM_2604,ACC_NORM_1362,15027.69,2026-07-06T20:43:14,,,0,,,
TXN-0000105,ACC_NORM_2560,ACC_NORM_2028,16618.06,2026-07-06T20:51:52,,,0,,,
TXN-0000106,ACC_NORM_2786,ACC_NORM_1017,20667.99,2026-07-06T21:00:31,,,0,,,
TXN-0000107,ACC_NORM_2969,ACC_NORM_2064,23595.79,2026-07-06T21:09:09,,,0,,,
TXN-0000108,ACC_VIC_1092,ACC_MULE_0540,95353.4,2026-07-06T21:17:47,28.593462,77.062903,1,2026-07-06T21:31:33,ATM_PNB_102,2.38
TXN-0000109,ACC_NORM_0525,ACC_NORM_1112,5985.0,2026-07-06T21:26:26,,,0,,,
TXN-0000110,ACC_VIC_1347,ACC_MULE_0429,238359.9,2026-07-06T21:35:04,28.584213,77.049455,1,2026-07-06T21:59:36,ATM_PNB_102,2.46
TXN-0000111,ACC_NORM_2839,ACC_NORM_2571,2714.75,2026-07-06T21:43:43,,,0,,,
TXN-0000112,ACC_VIC_0706,ACC_MULE_0171,175272.12,2026-07-06T21:52:21,28.592727,77.051001,1,2026-07-06T22:15:25,ATM_PNB_102,1.71
TXN-0000113,ACC_NORM_0089,ACC_NORM_1039,10343.55,2026-07-06T22:00:59,,,0,,,
TXN-0000114,ACC_NORM_0256,ACC_NORM_2172,17739.71,2026-07-06T22:09:38,,,0,,,
TXN-0000115,ACC_MULE_0360,ACC_MULE_0197,134845.37,2026-07-06T22:18:16,28.667701,77.189541,2,2026-07-06T22:31:55,ATM_ICICI_018,3.39
TXN-0000116,ACC_NORM_0642,ACC_NORM_0150,17420.16,2026-07-06T22:26:55,,,0,,,
TXN-0000117,ACC_NORM_2278,ACC_NORM_1912,1512.17,2026-07-06T22:35:33,,,0,,,
TXN-0000118,ACC_NORM_1243,ACC_NORM_1623,3862.35,2026-07-06T22:44:11,,,0,,,
TXN-0000119,ACC_NORM_0555,ACC_NORM_1012,15982.44,2026-07-06T22:52:50,,,0,,,
TXN-0000120,ACC_MULE_0481,ACC_MULE_0599,203185.73,2026-07-06T23:01:28,28.644857,77.174157,2,,,
TXN-0000121,ACC_NORM_1530,ACC_NORM_1104,14559.72,2026-07-06T23:10:07,,,0,,,
TXN-0000122,ACC_VIC_0605,ACC_MULE_0187,80810.6,2026-07-06T23:18:45,28.669442,77.179095,1,2026-07-06T23:29:53,ATM_BOB_012,5.1
TXN-0000123,ACC_NORM_0179,ACC_NORM_1118,22880.81,2026-07-06T23:27:23,,,0,,,
TXN-0000124,ACC_NORM_0338,ACC_NORM_0640,3580.08,2026-07-06T23:36:02,,,0,,,
TXN-0000125,ACC_NORM_1397,ACC_NORM_0126,1189.89,2026-07-06T23:44:40,,,0,,,
TXN-0000126,ACC_VIC_0306,ACC_MULE_0333,188679.06,2026-07-06T23:53:19,28.602643,77.321707,1,2026-07-07T00:18:04,ATM_BOB_155,16.26
TXN-0000127,ACC_NORM_2546,ACC_NORM_1649,4654.83,2026-07-07T00:01:57,,,0,,,
TXN-0000128,ACC_NORM_2787,ACC_NORM_1860,10800.54,2026-07-07T00:10:35,,,0,,,
TXN-0000129,ACC_VIC_0361,ACC_MULE_0006,196981.4,2026-07-07T00:19:14,28.684818,77.28595,1,2026-07-07T00:49:44,ATM_HDFC_170,2.34
TXN-0000130,ACC_VIC_0142,ACC_MULE_0501,194414.58,2026-07-07T00:27:52,28.61418,77.236561,1,2026-07-07T00:42:55,ATM_KOTAK_008,6.22
TXN-0000131,ACC_VIC_1424,ACC_MULE_0568,236805.78,2026-07-07T00:36:31,28.526541,77.244943,1,2026-07-07T00:57:02,ATM_ICICI_068,3.99
TXN-0000132,ACC_NORM_2090,ACC_NORM_2443,2650.13,2026-07-07T00:45:09,,,0,,,
TXN-0000133,ACC_NORM_2965,ACC_NORM_0123,10320.07,2026-07-07T00:53:47,,,0,,,
TXN-0000134,ACC_MULE_0377,ACC_MULE_0516,98614.27,2026-07-07T01:02:26,28.678121,77.305743,2,2026-07-07T01:31:26,ATM_UBI_150,17.54
TXN-0000135,ACC_NORM_2585,ACC_NORM_1505,12942.05,2026-07-07T01:11:04,,,0,,,
TXN-0000136,ACC_NORM_0125,ACC_NORM_2819,21865.8,2026-07-07T01:19:43,,,0,,,
TXN-0000137,ACC_NORM_1007,ACC_NORM_0119,15849.06,2026-07-07T01:28:21,,,0,,,
TXN-0000138,ACC_NORM_1043,ACC_NORM_2929,20576.81,2026-07-07T01:36:59,,,0,,,
TXN-0000139,ACC_NORM_0138,ACC_NORM_0088,17307.84,2026-07-07T01:45:38,,,0,,,
TXN-0000140,ACC_MULE_0597,ACC_MULE_0330,94883.11,2026-07-07T01:54:16,28.561635,77.261392,2,2026-07-07T02:06:38,ATM_PNB_065,6.73
TXN-0000141,ACC_VIC_0042,ACC_MULE_0335,217261.95,2026-07-07T02:02:55,28.533166,77.242232,1,,,
TXN-0000142,ACC_NORM_1410,ACC_NORM_2781,9824.14,2026-07-07T02:11:33,,,0,,,
TXN-0000143,ACC_VIC_0551,ACC_MULE_0597,185114.62,2026-07-07T02:20:11,28.546026,77.223609,1,,,
TXN-0000144,ACC_VIC_0220,ACC_MULE_0163,95997.13,2026-07-07T02:28:50,28.609268,77.309568,1,2026-07-07T02:45:13,ATM_KOTAK_145,3.3
TXN-0000145,ACC_NORM_0761,ACC_NORM_1599,17045.49,2026-07-07T02:37:28,,,0,,,
TXN-0000146,ACC_MULE_0317,ACC_MULE_0526,217725.6,2026-07-07T02:46:07,28.62133,77.320726,2,2026-07-07T02:59:10,ATM_UBI_147,4.28
TXN-0000147,ACC_VIC_1427,ACC_MULE_0088,178522.4,2026-07-07T02:54:45,28.560897,77.255243,1,2026-07-07T03:35:49,ATM_PNB_065,5.45
TXN-0000148,ACC_NORM_2925,ACC_NORM_1628,643.06,2026-07-07T03:03:23,,,0,,,
TXN-0000149,ACC_NORM_0752,ACC_NORM_2645,19279.17,2026-07-07T03:12:02,,,0,,,
TXN-0000150,ACC_NORM_2303,ACC_NORM_2849,18325.34,2026-07-07T03:20:40,,,0,,,
TXN-0000151,ACC_VIC_0557,ACC_MULE_0118,209929.33,2026-07-07T03:29:19,28.710969,77.10624,1,2026-07-07T03:53:37,ATM_ICICI_133,7.1
TXN-0000152,ACC_NORM_2618,ACC_NORM_2172,6631.68,2026-07-07T03:37:57,,,0,,,
TXN-0000153,ACC_MULE_0448,ACC_MULE_0435,224567.15,2026-07-07T03:46:35,28.627355,77.322151,2,2026-07-07T04:02:35,ATM_BOB_153,6.7
TXN-0000154,ACC_MULE_0060,ACC_MULE_0478,81150.74,2026-07-07T03:55:14,28.620207,77.316685,2,2026-07-07T04:10:37,ATM_BOB_146,3.97
TXN-0000155,ACC_NORM_0353,ACC_NORM_2043,12239.56,2026-07-07T04:03:52,,,0,,,
TXN-0000156,ACC_VIC_0876,ACC_MULE_0583,236993.27,2026-07-07T04:12:31,28.543883,77.227245,1,2026-07-07T04:36:14,ATM_PNB_056,7.44
TXN-0000157,ACC_NORM_1273,ACC_NORM_0345,21538.81,2026-07-07T04:21:09,,,0,,,
TXN-0000158,ACC_NORM_2286,ACC_NORM_1706,20635.75,2026-07-07T04:29:47,,,0,,,
TXN-0000159,ACC_VIC_0080,ACC_MULE_0129,75519.43,2026-07-07T04:38:26,28.641962,77.206697,1,,,
TXN-0000160,ACC_NORM_2482,ACC_NORM_0941,24505.45,2026-07-07T04:47:04,,,0,,,
TXN-0000161,ACC_MULE_0220,ACC_MULE_0026,92710.15,2026-07-07T04:55:43,28.537207,77.165952,2,2026-07-07T05:21:00,ATM_SBI_076,8.71
TXN-0000162,ACC_NORM_2252,ACC_NORM_1890,13817.07,2026-07-07T05:04:21,,,0,,,
TXN-0000163,ACC_NORM_0862,ACC_NORM_2961,5182.65,2026-07-07T05:12:59,,,0,,,
TXN-0000164,ACC_NORM_0272,ACC_NORM_1987,19774.99,2026-07-07T05:21:38,,,0,,,
TXN-0000165,ACC_NORM_0551,ACC_NORM_2199,9129.63,2026-07-07T05:30:16,,,0,,,
TXN-0000166,ACC_NORM_1889,ACC_NORM_2752,9451.61,2026-07-07T05:38:55,,,0,,,
TXN-0000167,ACC_VIC_0803,ACC_MULE_0101,83516.49,2026-07-07T05:47:33,28.723092,77.12303,1,2026-07-07T06:24:53,ATM_BOB_144,5.8
TXN-0000168,ACC_NORM_0595,ACC_NORM_2951,4896.62,2026-07-07T05:56:11,,,0,,,
TXN-0000169,ACC_VIC_0770,ACC_MULE_0384,96095.19,2026-07-07T06:04:50,28.665219,77.286204,1,2026-07-07T06:20:41,ATM_UBI_165,1.92
TXN-0000170,ACC_NORM_2076,ACC_NORM_0217,692.87,2026-07-07T06:13:28,,,0,,,
TXN-0000171,ACC_VIC_1146,ACC_MULE_0246,209922.98,2026-07-07T06:22:07,28.530541,77.163575,1,2026-07-07T06:42:13,ATM_BOB_094,5.75
TXN-0000172,ACC_VIC_0595,ACC_MULE_0194,73007.06,2026-07-07T06:30:45,28.718865,77.132984,1,,,
TXN-0000173,ACC_NORM_0192,ACC_NORM_0362,16430.68,2026-07-07T06:39:23,,,0,,,
TXN-0000174,ACC_NORM_0112,ACC_NORM_1195,7795.67,2026-07-07T06:48:02,,,0,,,
TXN-0000175,ACC_NORM_2993,ACC_NORM_0122,24880.14,2026-07-07T06:56:40,,,0,,,
TXN-0000176,ACC_NORM_1209,ACC_NORM_1525,10769.89,2026-07-07T07:05:19,,,0,,,
TXN-0000177,ACC_NORM_1714,ACC_NORM_2621,8858.59,2026-07-07T07:13:57,,,0,,,
TXN-0000178,ACC_VIC_1483,ACC_MULE_0529,72361.24,2026-07-07T07:22:35,28.591663,77.042561,1,2026-07-07T07:32:38,ATM_AXIS_103,1.98
TXN-0000179,ACC_NORM_0453,ACC_NORM_1937,2611.23,2026-07-07T07:31:14,,,0,,,
TXN-0000180,ACC_NORM_0907,ACC_NORM_0039,4305.44,2026-07-07T07:39:52,,,0,,,
TXN-0000181,ACC_NORM_0964,ACC_NORM_0163,3986.65,2026-07-07T07:48:31,,,0,,,
TXN-0000182,ACC_VIC_0970,ACC_MULE_0062,205299.15,2026-07-07T07:57:09,28.549729,77.247417,1,2026-07-07T08:19:52,ATM_BOB_077,14.48
TXN-0000183,ACC_NORM_2089,ACC_NORM_0342,7453.79,2026-07-07T08:05:47,,,0,,,
TXN-0000184,ACC_NORM_0426,ACC_NORM_0174,8504.57,2026-07-07T08:14:26,,,0,,,
TXN-0000185,ACC_NORM_1519,ACC_NORM_0483,12406.63,2026-07-07T08:23:04,,,0,,,
TXN-0000186,ACC_NORM_1082,ACC_NORM_1295,18421.68,2026-07-07T08:31:43,,,0,,,
TXN-0000187,ACC_NORM_0488,ACC_NORM_2413,8578.83,2026-07-07T08:40:21,,,0,,,
TXN-0000188,ACC_NORM_1996,ACC_NORM_2241,1499.9,2026-07-07T08:48:59,,,0,,,
TXN-0000189,ACC_NORM_2566,ACC_NORM_2653,3771.06,2026-07-07T08:57:38,,,0,,,
TXN-0000190,ACC_NORM_1909,ACC_NORM_0288,1351.8,2026-07-07T09:06:16,,,0,,,
TXN-0000191,ACC_NORM_2300,ACC_NORM_0514,21829.94,2026-07-07T09:14:55,,,0,,,
TXN-0000192,ACC_NORM_1997,ACC_NORM_0401,974.76,2026-07-07T09:23:33,,,0,,,
TXN-0000193,ACC_VIC_0059,ACC_MULE_0176,56022.43,2026-07-07T09:32:11,28.577166,77.251892,1,2026-07-07T10:07:03,ATM_AXIS_054,6.34
TXN-0000194,ACC_NORM_2671,ACC_NORM_0149,7530.9,2026-07-07T09:40:50,,,0,,,
TXN-0000195,ACC_VIC_1279,ACC_MULE_0275,198281.35,2026-07-07T09:49:28,28.689215,77.101291,1,2026-07-07T10:04:03,ATM_UBI_127,5.31
TXN-0000196,ACC_NORM_1378,ACC_NORM_0805,1454.84,2026-07-07T09:58:07,,,0,,,
TXN-0000197,ACC_NORM_1427,ACC_NORM_2639,20625.34,2026-07-07T10:06:45,,,0,,,
TXN-0000198,ACC_VIC_1498,ACC_MULE_0305,205223.37,2026-07-07T10:15:23,28.586285,77.250236,1,2026-07-07T10:29:59,ATM_ICICI_049,8.7
TXN-0000199,ACC_NORM_2489,ACC_NORM_1945,9326.44,2026-07-07T10:24:02,,,0,,,
TXN-0000200,ACC_NORM_0299,ACC_NORM_0400,19026.03,2026-07-07T10:32:40,,,0,,,
TXN-0000201,ACC_NORM_2510,ACC_NORM_0473,24150.78,2026-07-07T10:41:19,,,0,,,
TXN-0000202,ACC_NORM_0534,ACC_NORM_2800,20374.04,2026-07-07T10:49:57,,,0,,,
TXN-0000203,ACC_NORM_0223,ACC_NORM_2228,13097.55,2026-07-07T10:58:35,,,0,,,
TXN-0000204,ACC_VIC_0313,ACC_MULE_0355,59153.73,2026-07-07T11:07:14,28.537536,77.256148,1,2026-07-07T11:22:08,ATM_HDFC_070,5.61
TXN-0000205,ACC_NORM_2021,ACC_NORM_0555,1875.39,2026-07-07T11:15:52,,,0,,,
TXN-0000206,ACC_VIC_1032,ACC_MULE_0591,221089.46,2026-07-07T11:24:31,28.554119,77.25891,1,2026-07-07T11:39:54,ATM_PNB_064,9.35
TXN-0000207,ACC_VIC_1312,ACC_MULE_0369,245861.73,2026-07-07T11:33:09,28.576713,77.23447,1,2026-07-07T11:51:34,ATM_PNB_065,10.08
TXN-0000208,ACC_NORM_2433,ACC_NORM_2796,3685.44,2026-07-07T11:41:47,,,0,,,
TXN-0000209,ACC_NORM_1979,ACC_NORM_2585,5852.29,2026-07-07T11:50:26,,,0,,,
TXN-0000210,ACC_VIC_0975,ACC_MULE_0203,159808.43,2026-07-07T11:59:04,28.574578,77.031617,1,2026-07-07T12:19:34,ATM_PNB_102,8.34
TXN-0000211,ACC_NORM_2529,ACC_NORM_1539,4836.0,2026-07-07T12:07:43,,,0,,,
TXN-0000212,ACC_VIC_1483,ACC_MULE_0467,88772.9,2026-07-07T12:16:21,28.595233,77.040218,1,2026-07-07T12:44:12,ATM_AXIS_101,2.66
TXN-0000213,ACC_NORM_0047,ACC_NORM_0838,14242.93,2026-07-07T12:24:59,,,0,,,
TXN-0000214,ACC_NORM_1049,ACC_NORM_1223,3656.69,2026-07-07T12:33:38,,,0,,,
TXN-0000215,ACC_NORM_2739,ACC_NORM_2783,8217.67,2026-07-07T12:42:16,,,0,,,
TXN-0000216,ACC_NORM_0160,ACC_NORM_2709,3523.6,2026-07-07T12:50:55,,,0,,,
TXN-0000217,ACC_MULE_0237,ACC_MULE_0170,190735.53,2026-07-07T12:59:33,28.582543,77.031102,2,,,
TXN-0000218,ACC_MULE_0462,ACC_MULE_0152,120299.3,2026-07-07T13:08:11,28.539539,77.160688,2,2026-07-07T13:21:13,ATM_BOB_094,7.18
TXN-0000219,ACC_VIC_1339,ACC_MULE_0055,105201.03,2026-07-07T13:16:50,28.609486,77.32273,1,,,
TXN-0000220,ACC_NORM_2249,ACC_NORM_2772,4095.75,2026-07-07T13:25:28,,,0,,,
TXN-0000221,ACC_VIC_0623,ACC_MULE_0472,112380.19,2026-07-07T13:34:07,28.709062,77.099186,1,2026-07-07T13:52:35,ATM_UBI_127,4.08
TXN-0000222,ACC_NORM_0924,ACC_NORM_0463,4498.48,2026-07-07T13:42:45,,,0,,,
TXN-0000223,ACC_NORM_1439,ACC_NORM_2667,23416.2,2026-07-07T13:51:23,,,0,,,
TXN-0000224,ACC_VIC_0700,ACC_MULE_0267,243806.06,2026-07-07T14:00:02,28.570518,77.060566,1,2026-07-07T14:21:12,ATM_PNB_102,6.24
TXN-0000225,ACC_NORM_1716,ACC_NORM_1448,2416.31,2026-07-07T14:08:40,,,0,,,
TXN-0000226,ACC_NORM_1735,ACC_NORM_0853,11515.24,2026-07-07T14:17:19,,,0,,,
TXN-0000227,ACC_NORM_1495,ACC_NORM_1265,21958.65,2026-07-07T14:25:57,,,0,,,
TXN-0000228,ACC_NORM_1727,ACC_NORM_1089,14378.15,2026-07-07T14:34:35,,,0,,,
TXN-0000229,ACC_NORM_1347,ACC_NORM_2759,6990.27,2026-07-07T14:43:14,,,0,,,
TXN-0000230,ACC_NORM_2684,ACC_NORM_1494,2892.87,2026-07-07T14:51:52,,,0,,,
TXN-0000231,ACC_MULE_0382,ACC_MULE_0158,198063.44,2026-07-07T15:00:31,28.546806,77.142704,2,2026-07-07T15:19:00,ATM_BOB_094,8.31
TXN-0000232,ACC_NORM_2319,ACC_NORM_0951,12779.66,2026-07-07T15:09:09,,,0,,,
TXN-0000233,ACC_NORM_1716,ACC_NORM_2914,8796.33,2026-07-07T15:17:47,,,0,,,
TXN-0000234,ACC_MULE_0501,ACC_MULE_0211,74721.83,2026-07-07T15:26:26,28.625751,77.334841,2,2026-07-07T16:00:29,ATM_PNB_156,18.72
TXN-0000235,ACC_NORM_1410,ACC_NORM_2221,17458.62,2026-07-07T15:35:04,,,0,,,
TXN-0000236,ACC_MULE_0130,ACC_MULE_0055,163710.41,2026-07-07T15:43:43,28.609486,77.32273,2,,,
TXN-0000237,ACC_MULE_0131,ACC_MULE_0004,216265.55,2026-07-07T15:52:21,28.585662,77.057885,2,2026-07-07T16:01:32,ATM_PNB_102,1.36
TXN-0000238,ACC_VIC_0320,ACC_MULE_0281,126547.21,2026-07-07T16:00:59,28.581061,77.237975,1,2026-07-07T16:11:55,ATM_PNB_056,4.91
TXN-0000239,ACC_NORM_2146,ACC_NORM_2966,2874.69,2026-07-07T16:09:38,,,0,,,
TXN-0000240,ACC_NORM_2942,ACC_NORM_0610,3491.46,2026-07-07T16:18:16,,,0,,,
TXN-0000241,ACC_VIC_0197,ACC_MULE_0125,163160.69,2026-07-07T16:26:55,28.555925,77.15922,1,,,
TXN-0000242,ACC_NORM_2484,ACC_NORM_1779,5628.87,2026-07-07T16:35:33,,,0,,,
TXN-0000243,ACC_MULE_0170,ACC_MULE_0513,229725.63,2026-07-07T16:44:11,28.554758,77.140102,2,2026-07-07T17:38:54,ATM_ICICI_112,27.46
TXN-0000244,ACC_NORM_1793,ACC_NORM_2519,2069.14,2026-07-07T16:52:50,,,0,,,
TXN-0000245,ACC_MULE_0589,ACC_MULE_0205,145286.61,2026-07-07T17:01:28,28.601069,77.335143,2,,,
TXN-0000246,ACC_VIC_0703,ACC_MULE_0556,127739.67,2026-07-07T17:10:07,28.678295,77.304574,1,2026-07-07T17:24:07,ATM_BOB_163,3.99
TXN-0000247,ACC_VIC_1476,ACC_MULE_0065,139471.97,2026-07-07T17:18:45,28.538557,77.148302,1,,,
TXN-0000248,ACC_VIC_0843,ACC_MULE_0515,180722.51,2026-07-07T17:27:23,28.538331,77.212319,1,,,
TXN-0000249,ACC_VIC_0530,ACC_MULE_0475,97718.93,2026-07-07T17:36:02,28.56481,77.257589,1,2026-07-07T17:54:19,ATM_KOTAK_071,9.47
TXN-0000250,ACC_MULE_0356,ACC_MULE_0130,81987.88,2026-07-07T17:44:40,28.592238,77.041454,2,2026-07-07T17:53:21,ATM_AXIS_103,2.18
TXN-0000251,ACC_NORM_2535,ACC_NORM_2533,4320.0,2026-07-07T17:53:19,,,0,,,
TXN-0000252,ACC_NORM_0401,ACC_NORM_0894,9274.98,2026-07-07T18:01:57,,,0,,,
TXN-0000253,ACC_NORM_0507,ACC_NORM_2832,19580.65,2026-07-07T18:10:35,,,0,,,
TXN-0000254,ACC_MULE_0405,ACC_MULE_0470,86380.8,2026-07-07T18:19:14,28.549505,77.168189,2,2026-07-07T18:37:14,ATM_ICICI_087,10.45
TXN-0000255,ACC_NORM_0465,ACC_NORM_2309,19038.41,2026-07-07T18:27:52,,,0,,,
TXN-0000256,ACC_NORM_1336,ACC_NORM_2869,2700.7,2026-07-07T18:36:31,,,0,,,
TXN-0000257,ACC_NORM_0979,ACC_NORM_2398,11164.31,2026-07-07T18:45:09,,,0,,,
TXN-0000258,ACC_MULE_0334,ACC_MULE_0231,88236.96,2026-07-07T18:53:47,28.661257,77.299731,2,2026-07-07T19:38:12,ATM_HDFC_170,6.4
TXN-0000259,ACC_NORM_0973,ACC_NORM_2976,6962.12,2026-07-07T19:02:26,,,0,,,
TXN-0000260,ACC_NORM_0385,ACC_NORM_2302,5963.89,2026-07-07T19:11:04,,,0,,,
TXN-0000261,ACC_NORM_0616,ACC_NORM_2958,15546.75,2026-07-07T19:19:43,,,0,,,
TXN-0000262,ACC_NORM_0262,ACC_NORM_2154,24680.57,2026-07-07T19:28:21,,,0,,,
TXN-0000263,ACC_NORM_0163,ACC_NORM_0531,810.1,2026-07-07T19:36:59,,,0,,,
TXN-0000264,ACC_NORM_0728,ACC_NORM_2378,13021.37,2026-07-07T19:45:38,,,0,,,
TXN-0000265,ACC_NORM_0479,ACC_NORM_1582,13242.49,2026-07-07T19:54:16,,,0,,,
TXN-0000266,ACC_NORM_2977,ACC_NORM_2650,12268.7,2026-07-07T20:02:55,,,0,,,
TXN-0000267,ACC_NORM_2173,ACC_NORM_1912,6123.0,2026-07-07T20:11:33,,,0,,,
TXN-0000268,ACC_NORM_2771,ACC_NORM_1452,10954.95,2026-07-07T20:20:11,,,0,,,
TXN-0000269,ACC_MULE_0221,ACC_MULE_0509,127278.51,2026-07-07T20:28:50,28.567136,77.252322,2,,,
TXN-0000270,ACC_NORM_1028,ACC_NORM_1858,6211.61,2026-07-07T20:37:28,,,0,,,
TXN-0000271,ACC_VIC_1354,ACC_MULE_0446,238749.34,2026-07-07T20:46:07,28.557889,77.252555,1,2026-07-07T21:16:52,ATM_PNB_052,2.89
TXN-0000272,ACC_VIC_0175,ACC_MULE_0510,168940.06,2026-07-07T20:54:45,28.698115,77.105357,1,2026-07-07T21:06:59,ATM_HDFC_131,3.78
TXN-0000273,ACC_MULE_0355,ACC_MULE_0501,138858.57,2026-07-07T21:03:23,28.61418,77.236561,2,2026-07-07T21:35:39,ATM_UBI_016,16.49
TXN-0000274,ACC_VIC_1141,ACC_MULE_0423,161132.0,2026-07-07T21:12:02,28.651031,77.188441,1,,,
TXN-0000275,ACC_NORM_0951,ACC_NORM_1821,11789.43,2026-07-07T21:20:40,,,0,,,
TXN-0000276,ACC_NORM_2148,ACC_NORM_2233,18017.57,2026-07-07T21:29:19,,,0,,,
TXN-0000277,ACC_NORM_0640,ACC_NORM_1134,18654.21,2026-07-07T21:37:57,,,0,,,
TXN-0000278,ACC_NORM_2817,ACC_NORM_0147,13866.11,2026-07-07T21:46:35,,,0,,,
TXN-0000279,ACC_NORM_1295,ACC_NORM_0973,14668.33,2026-07-07T21:55:14,,,0,,,
TXN-0000280,ACC_NORM_2505,ACC_NORM_1638,15928.8,2026-07-07T22:03:52,,,0,,,
TXN-0000281,ACC_MULE_0504,ACC_MULE_0271,242707.82,2026-07-07T22:12:31,28.60341,77.322026,2,2026-07-07T22:31:32,ATM_SBI_149,13.53
TXN-0000282,ACC_NORM_1619,ACC_NORM_0592,7933.07,2026-07-07T22:21:09,,,0,,,
TXN-0000283,ACC_NORM_2486,ACC_NORM_0788,23394.61,2026-07-07T22:29:47,,,0,,,
TXN-0000284,ACC_NORM_0761,ACC_NORM_2926,8432.35,2026-07-07T22:38:26,,,0,,,
TXN-0000285,ACC_NORM_1667,ACC_NORM_2990,11937.67,2026-07-07T22:47:04,,,0,,,
TXN-0000286,ACC_NORM_0361,ACC_NORM_2181,18796.03,2026-07-07T22:55:43,,,0,,,
TXN-0000287,ACC_VIC_1399,ACC_MULE_0162,193556.99,2026-07-07T23:04:21,28.684367,77.28354,1,2026-07-07T23:43:30,ATM_HDFC_170,2.37
TXN-0000288,ACC_NORM_1952,ACC_NORM_1230,20809.94,2026-07-07T23:12:59,,,0,,,
TXN-0000289,ACC_NORM_2566,ACC_NORM_1529,3965.17,2026-07-07T23:21:38,,,0,,,
TXN-0000290,ACC_NORM_1135,ACC_NORM_2593,18936.83,2026-07-07T23:30:16,,,0,,,
TXN-0000291,ACC_VIC_0298,ACC_MULE_0156,90456.83,2026-07-07T23:38:55,28.649301,77.236957,1,2026-07-07T23:57:33,ATM_BOB_020,1.51
TXN-0000292,ACC_NORM_2444,ACC_NORM_2870,3875.29,2026-07-07T23:47:33,,,0,,,
TXN-0000293,ACC_NORM_0257,ACC_NORM_2586,15403.82,2026-07-07T23:56:11,,,0,,,
TXN-0000294,ACC_VIC_1131,ACC_MULE_0003,142039.96,2026-07-08T00:04:50,28.705348,77.141585,1,2026-07-08T00:24:15,ATM_ICICI_142,5.93
TXN-0000295,ACC_NORM_0386,ACC_NORM_0709,23491.91,2026-07-08T00:13:28,,,0,,,
TXN-0000296,ACC_NORM_2303,ACC_NORM_0134,16205.4,2026-07-08T00:22:07,,,0,,,
TXN-0000297,ACC_NORM_2800,ACC_NORM_1448,20964.49,2026-07-08T00:30:45,,,0,,,
TXN-0000298,ACC_VIC_0915,ACC_MULE_0350,164533.82,2026-07-08T00:39:23,28.558774,77.252025,1,,,
TXN-0000299,ACC_NORM_0564,ACC_NORM_2576,1568.73,2026-07-08T00:48:02,,,0,,,
TXN-0000300,ACC_NORM_1349,ACC_NORM_0923,19020.65,2026-07-08T00:56:40,,,0,,,
TXN-0000301,ACC_VIC_1214,ACC_MULE_0410,236937.22,2026-07-08T01:05:19,28.552688,77.223813,1,2026-07-08T01:33:47,ATM_BOB_046,7.22
TXN-0000302,ACC_NORM_2867,ACC_NORM_1342,4328.09,2026-07-08T01:13:57,,,0,,,
TXN-0000303,ACC_NORM_2751,ACC_NORM_0476,5189.92,2026-07-08T01:22:35,,,0,,,
TXN-0000304,ACC_NORM_2893,ACC_NORM_1929,19664.2,2026-07-08T01:31:14,,,0,,,
TXN-0000305,ACC_NORM_1304,ACC_NORM_0366,15186.91,2026-07-08T01:39:52,,,0,,,
TXN-0000306,ACC_NORM_0617,ACC_NORM_1774,5250.63,2026-07-08T01:48:31,,,0,,,
TXN-0000307,ACC_NORM_0007,ACC_NORM_0153,16922.45,2026-07-08T01:57:09,,,0,,,
TXN-0000308,ACC_VIC_0311,ACC_MULE_0169,238193.42,2026-07-08T02:05:47,28.610787,77.306418,1,,,
TXN-0000309,ACC_VIC_1459,ACC_MULE_0070,63324.75,2026-07-08T02:14:26,28.600094,77.031002,1,,,
TXN-0000310,ACC_NORM_2685,ACC_NORM_1915,14681.48,2026-07-08T02:23:04,,,0,,,
TXN-0000311,ACC_VIC_0568,ACC_MULE_0401,187766.12,2026-07-08T02:31:43,28.535746,77.146786,1,2026-07-08T02:51:08,ATM_BOB_094,4.69
TXN-0000312,ACC_NORM_0408,ACC_NORM_2604,20732.84,2026-07-08T02:40:21,,,0,,,
TXN-0000313,ACC_NORM_1480,ACC_NORM_0024,18306.69,2026-07-08T02:48:59,,,0,,,
TXN-0000314,ACC_NORM_2961,ACC_NORM_1835,10038.97,2026-07-08T02:57:38,,,0,,,
TXN-0000315,ACC_NORM_1956,ACC_NORM_1099,3835.28,2026-07-08T03:06:16,,,0,,,
TXN-0000316,ACC_NORM_1254,ACC_NORM_1332,19520.61,2026-07-08T03:14:55,,,0,,,
TXN-0000317,ACC_VIC_0227,ACC_MULE_0580,61494.23,2026-07-08T03:23:33,28.69757,77.118788,1,2026-07-08T03:33:03,ATM_HDFC_130,1.84
TXN-0000318,ACC_NORM_0071,ACC_NORM_2596,18040.36,2026-07-08T03:32:11,,,0,,,
TXN-0000319,ACC_NORM_1268,ACC_NORM_0355,536.55,2026-07-08T03:40:50,,,0,,,
TXN-0000320,ACC_MULE_0456,ACC_MULE_0282,204791.79,2026-07-08T03:49:28,28.718405,77.12842,2,2026-07-08T04:30:16,ATM_SBI_011,26.37
TXN-0000321,ACC_VIC_1464,ACC_MULE_0078,55307.42,2026-07-08T03:58:07,28.665132,77.292064,1,2026-07-08T04:10:17,ATM_HDFC_170,4.27
TXN-0000322,ACC_VIC_0636,ACC_MULE_0352,210786.59,2026-07-08T04:06:45,28.543881,77.135483,1,2026-07-08T04:24:36,ATM_BOB_091,7.4
TXN-0000323,ACC_NORM_1489,ACC_NORM_2814,20666.66,2026-07-08T04:15:23,,,0,,,
TXN-0000324,ACC_NORM_1545,ACC_NORM_0481,24317.72,2026-07-08T04:24:02,,,0,,,
TXN-0000325,ACC_MULE_0525,ACC_MULE_0007,59994.55,2026-07-08T04:32:40,28.704216,77.121725,2,2026-07-08T04:58:29,ATM_ICICI_142,0.77
TXN-0000326,ACC_NORM_0683,ACC_NORM_1133,20521.11,2026-07-08T04:41:19,,,0,,,
TXN-0000327,ACC_NORM_0201,ACC_NORM_0337,1761.53,2026-07-08T04:49:57,,,0,,,
TXN-0000328,ACC_NORM_1364,ACC_NORM_2808,22135.0,2026-07-08T04:58:35,,,0,,,
TXN-0000329,ACC_VIC_1483,ACC_MULE_0482,209586.18,2026-07-08T05:07:14,28.585562,77.251826,1,,,
TXN-0000330,ACC_NORM_0823,ACC_NORM_1691,22926.7,2026-07-08T05:15:52,,,0,,,
TXN-0000331,ACC_VIC_0493,ACC_MULE_0237,145580.56,2026-07-08T05:24:31,28.719482,77.123662,1,2026-07-08T05:50:08,ATM_UBI_139,3.06
TXN-0000332,ACC_NORM_2290,ACC_NORM_2067,7642.88,2026-07-08T05:33:09,,,0,,,
TXN-0000333,ACC_MULE_0497,ACC_MULE_0528,168832.8,2026-07-08T05:41:47,28.7158,77.143659,2,,,
TXN-0000334,ACC_NORM_1698,ACC_NORM_0050,10238.64,2026-07-08T05:50:26,,,0,,,
TXN-0000335,ACC_NORM_1585,ACC_NORM_1576,17741.59,2026-07-08T05:59:04,,,0,,,
TXN-0000336,ACC_NORM_0002,ACC_NORM_2321,6521.93,2026-07-08T06:07:43,,,0,,,
TXN-0000337,ACC_NORM_0406,ACC_NORM_2293,5941.17,2026-07-08T06:16:21,,,0,,,
TXN-0000338,ACC_NORM_0944,ACC_NORM_0157,24524.92,2026-07-08T06:24:59,,,0,,,
TXN-0000339,ACC_VIC_1107,ACC_MULE_0478,169474.06,2026-07-08T06:33:38,28.620207,77.316685,1,2026-07-08T06:56:24,ATM_BOB_152,3.11
TXN-0000340,ACC_NORM_0399,ACC_NORM_1863,11879.49,2026-07-08T06:42:16,,,0,,,
TXN-0000341,ACC_NORM_0094,ACC_NORM_0653,23396.05,2026-07-08T06:50:55,,,0,,,
TXN-0000342,ACC_MULE_0475,ACC_MULE_0412,54769.87,2026-07-08T06:59:33,28.509739,77.222115,2,2026-07-08T07:22:48,ATM_PNB_064,10.97
TXN-0000343,ACC_VIC_1422,ACC_MULE_0575,115080.64,2026-07-08T07:08:11,28.621209,77.302376,1,2026-07-08T07:22:28,ATM_BOB_155,8.17
TXN-0000344,ACC_VIC_0658,ACC_MULE_0153,233725.19,2026-07-08T07:16:50,28.686499,77.117832,1,2026-07-08T07:37:31,ATM_SBI_132,3.11
TXN-0000345,ACC_NORM_2047,ACC_NORM_0476,24861.87,2026-07-08T07:25:28,,,0,,,
TXN-0000346,ACC_NORM_2867,ACC_NORM_0853,14154.25,2026-07-08T07:34:07,,,0,,,
TXN-0000347,ACC_NORM_1349,ACC_NORM_2269,13759.83,2026-07-08T07:42:45,,,0,,,
TXN-0000348,ACC_NORM_2991,ACC_NORM_1740,15638.18,2026-07-08T07:51:23,,,0,,,
TXN-0000349,ACC_MULE_0254,ACC_MULE_0038,97388.91,2026-07-08T08:00:02,28.57375,77.235547,2,2026-07-08T08:17:07,ATM_ICICI_049,5.39
TXN-0000350,ACC_VIC_0364,ACC_MULE_0005,151486.65,2026-07-08T08:08:40,28.582553,77.239595,1,2026-07-08T08:28:22,ATM_KOTAK_053,6.08
TXN-0000351,ACC_VIC_0510,ACC_MULE_0479,184694.52,2026-07-08T08:17:19,28.712485,77.12036,1,2026-07-08T08:25:53,ATM_HDFC_130,3.88
TXN-0000352,ACC_MULE_0058,ACC_MULE_0415,104290.08,2026-07-08T08:25:57,28.585531,77.256799,2,2026-07-08T08:49:56,ATM_PNB_052,6.61
TXN-0000353,ACC_NORM_0469,ACC_NORM_1123,6356.21,2026-07-08T08:34:35,,,0,,,
TXN-0000354,ACC_VIC_0004,ACC_MULE_0407,179851.22,2026-07-08T08:43:14,28.660113,77.301329,1,2026-07-08T09:17:02,ATM_ICICI_022,17.11
TXN-0000355,ACC_MULE_0045,ACC_MULE_0005,248397.15,2026-07-08T08:51:52,28.582553,77.239595,2,2026-07-08T09:08:17,ATM_BOB_046,3.68
TXN-0000356,ACC_NORM_2119,ACC_NORM_0289,6499.28,2026-07-08T09:00:31,,,0,,,
TXN-0000357,ACC_NORM_1333,ACC_NORM_2759,6421.3,2026-07-08T09:09:09,,,0,,,
TXN-0000358,ACC_VIC_0821,ACC_MULE_0367,133299.36,2026-07-08T09:17:47,28.685441,77.275268,1,2026-07-08T09:35:38,ATM_SBI_031,11.89
TXN-0000359,ACC_NORM_2422,ACC_NORM_1751,22347.19,2026-07-08T09:26:26,,,0,,,
TXN-0000360,ACC_NORM_0305,ACC_NORM_2793,8333.6,2026-07-08T09:35:04,,,0,,,
TXN-0000361,ACC_MULE_0578,ACC_MULE_0168,219707.62,2026-07-08T09:43:43,28.542533,77.140238,2,,,
TXN-0000362,ACC_NORM_2748,ACC_NORM_0797,1235.4,2026-07-08T09:52:21,,,0,,,
TXN-0000363,ACC_VIC_0774,ACC_MULE_0290,116191.41,2026-07-08T10:00:59,28.632126,77.205782,1,2026-07-08T10:15:05,ATM_UBI_016,6.18
TXN-0000364,ACC_NORM_2874,ACC_NORM_1398,15056.08,2026-07-08T10:09:38,,,0,,,
TXN-0000365,ACC_NORM_2610,ACC_NORM_1161,3355.01,2026-07-08T10:18:16,,,0,,,
TXN-0000366,ACC_MULE_0162,ACC_MULE_0011,111444.59,2026-07-08T10:26:55,28.639829,77.297549,2,2026-07-08T10:42:03,ATM_BOB_146,5.96
TXN-0000367,ACC_NORM_0425,ACC_NORM_0968,24980.09,2026-07-08T10:35:33,,,0,,,
TXN-0000368,ACC_MULE_0120,ACC_MULE_0283,225635.27,2026-07-08T10:44:11,28.680518,77.273289,2,2026-07-08T11:04:08,ATM_BOB_163,4.92
TXN-0000369,ACC_VIC_0485,ACC_MULE_0163,138419.37,2026-07-08T10:52:50,28.609268,77.309568,1,2026-07-08T11:20:16,ATM_PNB_174,13.33
TXN-0000370,ACC_NORM_1640,ACC_NORM_1211,11870.77,2026-07-08T11:01:28,,,0,,,
TXN-0000371,ACC_NORM_0417,ACC_NORM_0911,17783.98,2026-07-08T11:10:07,,,0,,,
TXN-0000372,ACC_NORM_1168,ACC_NORM_2600,1260.59,2026-07-08T11:18:45,,,0,,,
TXN-0000373,ACC_NORM_0030,ACC_NORM_2550,22105.82,2026-07-08T11:27:23,,,0,,,
TXN-0000374,ACC_NORM_1522,ACC_NORM_0943,5628.68,2026-07-08T11:36:02,,,0,,,
TXN-0000375,ACC_NORM_1983,ACC_NORM_1053,22543.39,2026-07-08T11:44:40,,,0,,,
TXN-0000376,ACC_NORM_2764,ACC_NORM_2199,18170.27,2026-07-08T11:53:19,,,0,,,
TXN-0000377,ACC_VIC_0413,ACC_MULE_0540,57713.48,2026-07-08T12:01:57,28.593462,77.062903,1,2026-07-08T12:29:24,ATM_AXIS_103,4.05
TXN-0000378,ACC_VIC_1446,ACC_MULE_0399,96318.87,2026-07-08T12:10:35,28.558712,77.244798,1,2026-07-08T12:37:44,ATM_SBI_047,3.44
TXN-0000379,ACC_VIC_0371,ACC_MULE_0560,200848.53,2026-07-08T12:19:14,28.514896,77.217075,1,2026-07-08T12:31:41,ATM_HDFC_089,7.43
TXN-0000380,ACC_NORM_1635,ACC_NORM_2866,5020.6,2026-07-08T12:27:52,,,0,,,
TXN-0000381,ACC_NORM_2461,ACC_NORM_1037,709.43,2026-07-08T12:36:31,,,0,,,
TXN-0000382,ACC_VIC_0138,ACC_MULE_0521,237888.67,2026-07-08T12:45:09,28.559429,77.251699,1,2026-07-08T12:56:23,ATM_PNB_052,2.34
TXN-0000383,ACC_NORM_1579,ACC_NORM_2987,11601.64,2026-07-08T12:53:47,,,0,,,
TXN-0000384,ACC_NORM_1663,ACC_NORM_2454,6058.23,2026-07-08T13:02:26,,,0,,,
TXN-0000385,ACC_VIC_1073,ACC_MULE_0179,220023.33,2026-07-08T13:11:04,28.534464,77.211713,1,2026-07-08T13:22:26,ATM_ICICI_087,3.0
TXN-0000386,ACC_VIC_0916,ACC_MULE_0366,90990.07,2026-07-08T13:19:43,28.534772,77.150509,1,2026-07-08T13:41:43,ATM_HDFC_082,13.19
TXN-0000387,ACC_VIC_0542,ACC_MULE_0511,212163.34,2026-07-08T13:28:21,28.62191,77.321329,1,2026-07-08T13:59:41,ATM_PNB_160,10.62
TXN-0000388,ACC_VIC_0282,ACC_MULE_0364,140250.94,2026-07-08T13:36:59,28.572068,77.037779,1,2026-07-08T14:09:13,ATM_PNB_116,21.82
TXN-0000389,ACC_NORM_2690,ACC_NORM_1108,5200.02,2026-07-08T13:45:38,,,0,,,
TXN-0000390,ACC_NORM_2744,ACC_NORM_1575,5270.25,2026-07-08T13:54:16,,,0,,,
TXN-0000391,ACC_NORM_0480,ACC_NORM_2713,16509.41,2026-07-08T14:02:55,,,0,,,
TXN-0000392,ACC_VIC_0828,ACC_MULE_0243,82206.81,2026-07-08T14:11:33,28.646042,77.204796,1,2026-07-08T14:30:15,ATM_ICICI_013,5.35
TXN-0000393,ACC_NORM_0811,ACC_NORM_1945,614.35,2026-07-08T14:20:11,,,0,,,
TXN-0000394,ACC_NORM_1648,ACC_NORM_2348,13142.58,2026-07-08T14:28:50,,,0,,,
TXN-0000395,ACC_NORM_2933,ACC_NORM_2355,4409.04,2026-07-08T14:37:28,,,0,,,
TXN-0000396,ACC_NORM_1681,ACC_NORM_1176,6769.05,2026-07-08T14:46:07,,,0,,,
TXN-0000397,ACC_NORM_0006,ACC_NORM_2595,8582.42,2026-07-08T14:54:45,,,0,,,
TXN-0000398,ACC_NORM_0531,ACC_NORM_1603,21451.65,2026-07-08T15:03:23,,,0,,,
TXN-0000399,ACC_NORM_0412,ACC_NORM_0408,14667.44,2026-07-08T15:12:02,,,0,,,
TXN-0000400,ACC_NORM_0108,ACC_NORM_2164,3133.36,2026-07-08T15:20:40,,,0,,,
TXN-0000401,ACC_MULE_0331,ACC_MULE_0453,183988.27,2026-07-08T15:29:19,28.581104,77.069827,2,2026-07-08T15:48:08,ATM_AXIS_108,5.52
TXN-0000402,ACC_NORM_1800,ACC_NORM_2628,15093.06,2026-07-08T15:37:57,,,0,,,
TXN-0000403,ACC_VIC_0166,ACC_MULE_0565,185892.03,2026-07-08T15:46:35,28.529488,77.238655,1,2026-07-08T15:56:38,ATM_HDFC_066,0.8
TXN-0000404,ACC_NORM_0260,ACC_NORM_1886,10554.95,2026-07-08T15:55:14,,,0,,,
TXN-0000405,ACC_VIC_1287,ACC_MULE_0344,208905.98,2026-07-08T16:03:52,28.532284,77.243599,1,2026-07-08T16:16:51,ATM_ICICI_068,2.24
TXN-0000406,ACC_VIC_1080,ACC_MULE_0093,54993.02,2026-07-08T16:12:31,28.659563,77.308654,1,2026-07-08T16:27:37,ATM_HDFC_170,8.46
TXN-0000407,ACC_NORM_1242,ACC_NORM_1068,8789.06,2026-07-08T16:21:09,,,0,,,
TXN-0000408,ACC_NORM_2520,ACC_NORM_2854,2339.41,2026-07-08T16:29:47,,,0,,,
TXN-0000409,ACC_VIC_0402,ACC_MULE_0183,71334.89,2026-07-08T16:38:26,28.650624,77.20998,1,2026-07-08T16:58:47,ATM_HDFC_002,6.83
TXN-0000410,ACC_NORM_1013,ACC_NORM_2183,19392.56,2026-07-08T16:47:04,,,0,,,
TXN-0000411,ACC_NORM_0477,ACC_NORM_2271,16900.56,2026-07-08T16:55:43,,,0,,,
TXN-0000412,ACC_VIC_0761,ACC_MULE_0561,188144.27,2026-07-08T17:04:21,28.594233,77.328214,1,2026-07-08T17:37:45,ATM_UBI_150,12.24
TXN-0000413,ACC_VIC_0198,ACC_MULE_0088,64844.01,2026-07-08T17:12:59,28.560897,77.255243,1,2026-07-08T17:34:18,ATM_PNB_065,5.45
TXN-0000414,ACC_NORM_1095,ACC_NORM_2270,15360.14,2026-07-08T17:21:38,,,0,,,
TXN-0000415,ACC_NORM_2644,ACC_NORM_2439,3356.12,2026-07-08T17:30:16,,,0,,,
TXN-0000416,ACC_NORM_1905,ACC_NORM_0673,24315.6,2026-07-08T17:38:55,,,0,,,
TXN-0000417,ACC_NORM_1099,ACC_NORM_1640,3586.13,2026-07-08T17:47:33,,,0,,,
TXN-0000418,ACC_NORM_1560,ACC_NORM_0583,11713.98,2026-07-08T17:56:11,,,0,,,
TXN-0000419,ACC_NORM_2321,ACC_NORM_2090,23886.52,2026-07-08T18:04:50,,,0,,,
TXN-0000420,ACC_NORM_0134,ACC_NORM_0449,3194.16,2026-07-08T18:13:28,,,0,,,
TXN-0000421,ACC_VIC_1325,ACC_MULE_0577,240194.52,2026-07-08T18:22:07,28.644012,77.218891,1,2026-07-08T18:29:41,ATM_PNB_025,1.95
TXN-0000422,ACC_NORM_1698,ACC_NORM_1297,15651.88,2026-07-08T18:30:45,,,0,,,
TXN-0000423,ACC_NORM_2719,ACC_NORM_0180,2237.31,2026-07-08T18:39:23,,,0,,,
TXN-0000424,ACC_NORM_1236,ACC_NORM_2255,6681.31,2026-07-08T18:48:02,,,0,,,
TXN-0000425,ACC_NORM_0541,ACC_NORM_1487,4655.28,2026-07-08T18:56:40,,,0,,,
TXN-0000426,ACC_NORM_2542,ACC_NORM_1513,13072.05,2026-07-08T19:05:19,,,0,,,
TXN-0000427,ACC_NORM_2204,ACC_NORM_1548,10614.19,2026-07-08T19:13:57,,,0,,,
TXN-0000428,ACC_NORM_1274,ACC_NORM_0149,7197.84,2026-07-08T19:22:35,,,0,,,
TXN-0000429,ACC_MULE_0476,ACC_MULE_0140,129746.39,2026-07-08T19:31:14,28.602415,77.331769,2,2026-07-08T19:48:42,ATM_BOB_146,10.31
TXN-0000430,ACC_VIC_0871,ACC_MULE_0145,172037.48,2026-07-08T19:39:52,28.595729,77.040826,1,,,
TXN-0000431,ACC_VIC_0729,ACC_MULE_0137,229164.49,2026-07-08T19:48:31,28.632054,77.323926,1,,,
TXN-0000432,ACC_MULE_0232,ACC_MULE_0332,61218.14,2026-07-08T19:57:09,28.577982,77.035446,2,2026-07-08T20:12:13,ATM_PNB_102,6.84
TXN-0000433,ACC_NORM_1228,ACC_NORM_1190,10582.17,2026-07-08T20:05:47,,,0,,,
TXN-0000434,ACC_NORM_1888,ACC_NORM_0884,23228.15,2026-07-08T20:14:26,,,0,,,
TXN-0000435,ACC_MULE_0393,ACC_MULE_0303,229610.67,2026-07-08T20:23:04,28.596125,77.032914,2,2026-07-08T20:42:06,ATM_AXIS_101,2.46
TXN-0000436,ACC_NORM_1045,ACC_NORM_2098,14267.91,2026-07-08T20:31:43,,,0,,,
TXN-0000437,ACC_NORM_1893,ACC_NORM_1469,12952.46,2026-07-08T20:40:21,,,0,,,
TXN-0000438,ACC_VIC_1461,ACC_MULE_0537,146120.05,2026-07-08T20:48:59,28.549832,77.230026,1,2026-07-08T21:12:47,ATM_ICICI_087,9.53
TXN-0000439,ACC_NORM_2553,ACC_NORM_1920,874.83,2026-07-08T20:57:38,,,0,,,
TXN-0000440,ACC_VIC_1035,ACC_MULE_0115,121516.14,2026-07-08T21:06:16,28.671372,77.272802,1,2026-07-08T21:20:30,ATM_BOB_163,5.91
TXN-0000441,ACC_NORM_0700,ACC_NORM_0797,23892.56,2026-07-08T21:14:55,,,0,,,
TXN-0000442,ACC_NORM_1411,ACC_NORM_1429,5809.26,2026-07-08T21:23:33,,,0,,,
TXN-0000443,ACC_NORM_0733,ACC_NORM_0286,16672.22,2026-07-08T21:32:11,,,0,,,
TXN-0000444,ACC_NORM_2652,ACC_NORM_1896,2576.64,2026-07-08T21:40:50,,,0,,,
TXN-0000445,ACC_VIC_1168,ACC_MULE_0043,70673.86,2026-07-08T21:49:28,28.556183,77.167374,1,2026-07-08T22:12:14,ATM_UBI_075,9.56
TXN-0000446,ACC_NORM_2120,ACC_NORM_0939,3971.2,2026-07-08T21:58:07,,,0,,,
TXN-0000447,ACC_VIC_1095,ACC_MULE_0408,119732.28,2026-07-08T22:06:45,28.686306,77.106749,1,2026-07-08T22:30:36,ATM_BOB_124,8.83
TXN-0000448,ACC_NORM_1446,ACC_NORM_2111,1687.17,2026-07-08T22:15:23,,,0,,,
TXN-0000449,ACC_NORM_2001,ACC_NORM_2851,24379.93,2026-07-08T22:24:02,,,0,,,
TXN-0000450,ACC_NORM_0218,ACC_NORM_1317,6280.99,2026-07-08T22:32:40,,,0,,,
TXN-0000451,ACC_VIC_0960,ACC_MULE_0012,52366.49,2026-07-08T22:41:19,28.626871,77.324184,1,2026-07-08T22:59:39,ATM_BOB_152,5.81
TXN-0000452,ACC_NORM_0199,ACC_NORM_2906,2299.64,2026-07-08T22:49:57,,,0,,,
TXN-0000453,ACC_NORM_0133,ACC_NORM_0458,7367.94,2026-07-08T22:58:35,,,0,,,
TXN-0000454,ACC_VIC_1165,ACC_MULE_0181,87209.45,2026-07-08T23:07:14,28.593034,77.065414,1,2026-07-08T23:17:17,ATM_PNB_102,2.95
TXN-0000455,ACC_NORM_0053,ACC_NORM_2997,24101.85,2026-07-08T23:15:52,,,0,,,
TXN-0000456,ACC_NORM_1181,ACC_NORM_2469,3669.04,2026-07-08T23:24:31,,,0,,,
TXN-0000457,ACC_VIC_0546,ACC_MULE_0212,60621.27,2026-07-08T23:33:09,28.589933,77.057502,1,2026-07-08T23:48:50,ATM_AXIS_103,2.95
TXN-0000458,ACC_VIC_0645,ACC_MULE_0020,68737.91,2026-07-08T23:41:47,28.532344,77.152884,1,2026-07-09T00:03:10,ATM_HDFC_097,5.69
TXN-0000459,ACC_NORM_0986,ACC_NORM_1259,21364.12,2026-07-08T23:50:26,,,0,,,
TXN-0000460,ACC_NORM_2935,ACC_NORM_2281,18903.14,2026-07-08T23:59:04,,,0,,,
TXN-0000461,ACC_VIC_0378,ACC_MULE_0516,68656.7,2026-07-09T00:07:43,28.678121,77.305743,1,2026-07-09T00:34:50,ATM_HDFC_170,5.34
TXN-0000462,ACC_NORM_0406,ACC_NORM_1466,13126.96,2026-07-09T00:16:21,,,0,,,
TXN-0000463,ACC_NORM_0879,ACC_NORM_1884,19200.17,2026-07-09T00:24:59,,,0,,,
TXN-0000464,ACC_NORM_1547,ACC_NORM_1749,6583.01,2026-07-09T00:33:38,,,0,,,
TXN-0000465,ACC_VIC_0739,ACC_MULE_0456,71938.13,2026-07-09T00:42:16,28.585269,77.242582,1,2026-07-09T01:05:55,ATM_PNB_052,6.37
TXN-0000466,ACC_NORM_0911,ACC_NORM_2926,15538.64,2026-07-09T00:50:55,,,0,,,
TXN-0000467,ACC_NORM_0597,ACC_NORM_0755,11286.01,2026-07-09T00:59:33,,,0,,,
TXN-0000468,ACC_NORM_1270,ACC_NORM_2636,16854.1,2026-07-09T01:08:11,,,0,,,
TXN-0000469,ACC_NORM_1950,ACC_NORM_0745,6451.36,2026-07-09T01:16:50,,,0,,,
TXN-0000470,ACC_NORM_2990,ACC_NORM_0750,15949.02,2026-07-09T01:25:28,,,0,,,
TXN-0000471,ACC_VIC_0516,ACC_MULE_0054,235538.74,2026-07-09T01:34:07,28.664781,77.206332,1,,,
TXN-0000472,ACC_NORM_1314,ACC_NORM_2599,6424.16,2026-07-09T01:42:45,,,0,,,
TXN-0000473,ACC_MULE_0141,ACC_MULE_0194,216093.13,2026-07-09T01:51:23,28.718865,77.132984,2,2026-07-09T02:09:02,ATM_BOB_144,7.23
TXN-0000474,ACC_NORM_0356,ACC_NORM_1832,19392.93,2026-07-09T02:00:02,,,0,,,
TXN-0000475,ACC_VIC_1119,ACC_MULE_0093,154739.36,2026-07-09T02:08:40,28.659563,77.308654,1,2026-07-09T02:27:01,ATM_KOTAK_168,6.42
TXN-0000476,ACC_NORM_1059,ACC_NORM_2758,10350.68,2026-07-09T02:17:19,,,0,,,
TXN-0000477,ACC_MULE_0541,ACC_MULE_0215,86855.49,2026-07-09T02:25:57,28.642308,77.202765,2,,,
TXN-0000478,ACC_NORM_1467,ACC_NORM_2261,1955.01,2026-07-09T02:34:35,,,0,,,
TXN-0000479,ACC_MULE_0035,ACC_MULE_0076,236051.54,2026-07-09T02:43:14,28.542826,77.16692,2,2026-07-09T02:58:45,ATM_ICICI_096,10.55
TXN-0000480,ACC_MULE_0099,ACC_MULE_0275,75450.61,2026-07-09T02:51:52,28.689215,77.101291,2,2026-07-09T03:14:40,ATM_UBI_135,4.28
TXN-0000481,ACC_VIC_0944,ACC_MULE_0036,94025.75,2026-07-09T03:00:31,28.610238,77.303453,1,2026-07-09T03:29:59,ATM_KOTAK_177,15.63
TXN-0000482,ACC_NORM_0591,ACC_NORM_0663,7848.43,2026-07-09T03:09:09,,,0,,,
TXN-0000483,ACC_VIC_1158,ACC_MULE_0078,101146.04,2026-07-09T03:17:47,28.665132,77.292064,1,2026-07-09T03:28:34,ATM_HDFC_170,4.27
TXN-0000484,ACC_VIC_0786,ACC_MULE_0253,239640.73,2026-07-09T03:26:26,28.600625,77.319051,1,2026-07-09T03:49:59,ATM_KOTAK_178,13.12
TXN-0000485,ACC_MULE_0217,ACC_MULE_0278,247038.87,2026-07-09T03:35:04,28.563466,77.234739,2,,,
TXN-0000486,ACC_NORM_1689,ACC_NORM_0401,17585.81,2026-07-09T03:43:43,,,0,,,
TXN-0000487,ACC_NORM_1682,ACC_NORM_2278,22813.88,2026-07-09T03:52:21,,,0,,,
TXN-0000488,ACC_NORM_2373,ACC_NORM_0554,10864.55,2026-07-09T04:00:59,,,0,,,
TXN-0000489,ACC_NORM_0490,ACC_NORM_2133,18997.81,2026-07-09T04:09:38,,,0,,,
TXN-0000490,ACC_NORM_2695,ACC_NORM_2164,8235.11,2026-07-09T04:18:16,,,0,,,
TXN-0000491,ACC_NORM_1182,ACC_NORM_0051,18198.68,2026-07-09T04:26:55,,,0,,,
TXN-0000492,ACC_MULE_0343,ACC_MULE_0068,92742.71,2026-07-09T04:35:33,28.641434,77.228969,2,2026-07-09T04:51:45,ATM_HDFC_007,2.61
TXN-0000493,ACC_VIC_1026,ACC_MULE_0391,175500.28,2026-07-09T04:44:11,28.613544,77.289368,1,,,
TXN-0000494,ACC_NORM_2296,ACC_NORM_1977,5789.92,2026-07-09T04:52:50,,,0,,,
TXN-0000495,ACC_NORM_1229,ACC_NORM_1186,5272.97,2026-07-09T05:01:28,,,0,,,
TXN-0000496,ACC_NORM_0453,ACC_NORM_0742,17666.95,2026-07-09T05:10:07,,,0,,,
TXN-0000497,ACC_NORM_0195,ACC_NORM_0959,17288.34,2026-07-09T05:18:45,,,0,,,
TXN-0000498,ACC_NORM_2586,ACC_NORM_2186,4856.32,2026-07-09T05:27:23,,,0,,,
TXN-0000499,ACC_NORM_2843,ACC_NORM_1618,15380.95,2026-07-09T05:36:02,,,0,,,
TXN-0000500,ACC_VIC_0309,ACC_MULE_0039,95351.42,2026-07-09T05:44:40,28.532661,77.239363,1,2026-07-09T06:15:35,ATM_HDFC_070,0.62
TXN-0000501,ACC_NORM_1932,ACC_NORM_2685,1077.99,2026-07-09T05:53:19,,,0,,,
TXN-0000502,ACC_NORM_0696,ACC_NORM_1935,15097.39,2026-07-09T06:01:57,,,0,,,
TXN-0000503,ACC_MULE_0191,ACC_MULE_0142,172552.2,2026-07-09T06:10:35,28.537116,77.158638,2,2026-07-09T06:23:44,ATM_HDFC_097,7.73
TXN-0000504,ACC_NORM_1065,ACC_NORM_1100,17073.1,2026-07-09T06:19:14,,,0,,,
TXN-0000505,ACC_VIC_0289,ACC_MULE_0162,191390.26,2026-07-09T06:27:52,28.684367,77.28354,1,2026-07-09T06:40:35,ATM_HDFC_170,2.37
TXN-0000506,ACC_NORM_1242,ACC_NORM_0203,20556.79,2026-07-09T06:36:31,,,0,,,
TXN-0000507,ACC_NORM_0063,ACC_NORM_0293,3799.94,2026-07-09T06:45:09,,,0,,,
TXN-0000508,ACC_VIC_1179,ACC_MULE_0438,120239.12,2026-07-09T06:53:47,28.642882,77.17967,1,2026-07-09T07:14:14,ATM_SBI_011,2.23
TXN-0000509,ACC_NORM_0298,ACC_NORM_2670,2912.62,2026-07-09T07:02:26,,,0,,,
TXN-0000510,ACC_VIC_0272,ACC_MULE_0181,189162.52,2026-07-09T07:11:04,28.593034,77.065414,1,2026-07-09T07:22:21,ATM_PNB_102,2.95
TXN-0000511,ACC_VIC_1432,ACC_MULE_0325,91462.47,2026-07-09T07:19:43,28.640025,77.300016,1,2026-07-09T07:35:56,ATM_UBI_150,5.24
TXN-0000512,ACC_NORM_2612,ACC_NORM_1992,22673.51,2026-07-09T07:28:21,,,0,,,
TXN-0000513,ACC_VIC_0538,ACC_MULE_0213,95999.19,2026-07-09T07:36:59,28.606227,77.057548,1,2026-07-09T08:03:41,ATM_AXIS_101,5.94
TXN-0000514,ACC_NORM_2945,ACC_NORM_0806,19935.76,2026-07-09T07:45:38,,,0,,,
TXN-0000515,ACC_NORM_0304,ACC_NORM_1563,17854.24,2026-07-09T07:54:16,,,0,,,
TXN-0000516,ACC_NORM_0432,ACC_NORM_1543,4160.37,2026-07-09T08:02:55,,,0,,,
TXN-0000517,ACC_NORM_0905,ACC_NORM_1167,22340.69,2026-07-09T08:11:33,,,0,,,
TXN-0000518,ACC_MULE_0317,ACC_MULE_0187,69575.19,2026-07-09T08:20:11,28.669442,77.179095,2,,,
TXN-0000519,ACC_NORM_1723,ACC_NORM_2687,8141.0,2026-07-09T08:28:50,,,0,,,
TXN-0000520,ACC_NORM_1573,ACC_NORM_0362,1374.03,2026-07-09T08:37:28,,,0,,,
TXN-0000521,ACC_NORM_2468,ACC_NORM_1367,21868.86,2026-07-09T08:46:07,,,0,,,
TXN-0000522,ACC_NORM_0951,ACC_NORM_1928,926.38,2026-07-09T08:54:45,,,0,,,
TXN-0000523,ACC_VIC_0547,ACC_MULE_0530,188343.2,2026-07-09T09:03:23,28.673459,77.274678,1,2026-07-09T09:23:45,ATM_HDFC_170,3.68
TXN-0000524,ACC_MULE_0461,ACC_MULE_0013,56168.31,2026-07-09T09:12:02,28.529594,77.138039,2,2026-07-09T09:38:49,ATM_BOB_094,3.57
TXN-0000525,ACC_NORM_1879,ACC_NORM_2465,17164.55,2026-07-09T09:20:40,,,0,,,
TXN-0000526,ACC_NORM_0216,ACC_NORM_2267,2959.64,2026-07-09T09:29:19,,,0,,,
TXN-0000527,ACC_NORM_2645,ACC_NORM_1519,17300.84,2026-07-09T09:37:57,,,0,,,
TXN-0000528,ACC_VIC_0948,ACC_MULE_0478,183618.92,2026-07-09T09:46:35,28.620207,77.316685,1,2026-07-09T09:58:53,ATM_BOB_146,3.97
TXN-0000529,ACC_NORM_1139,ACC_NORM_0496,19709.08,2026-07-09T09:55:14,,,0,,,
TXN-0000530,ACC_NORM_1182,ACC_NORM_1187,7055.62,2026-07-09T10:03:52,,,0,,,
TXN-0000531,ACC_MULE_0376,ACC_MULE_0491,166665.7,2026-07-09T10:12:31,28.68935,77.098271,2,2026-07-09T10:30:40,ATM_ICICI_142,7.57
TXN-0000532,ACC_NORM_2517,ACC_NORM_1223,4384.85,2026-07-09T10:21:09,,,0,,,
TXN-0000533,ACC_NORM_2886,ACC_NORM_1264,14500.07,2026-07-09T10:29:47,,,0,,,
TXN-0000534,ACC_NORM_0505,ACC_NORM_1541,14528.78,2026-07-09T10:38:26,,,0,,,
TXN-0000535,ACC_NORM_2730,ACC_NORM_0306,17007.51,2026-07-09T10:47:04,,,0,,,
TXN-0000536,ACC_MULE_0309,ACC_MULE_0230,243096.54,2026-07-09T10:55:43,28.727179,77.129184,2,2026-07-09T11:16:35,ATM_SBI_132,11.42
TXN-0000537,ACC_NORM_2262,ACC_NORM_1690,9345.06,2026-07-09T11:04:21,,,0,,,
TXN-0000538,ACC_MULE_0588,ACC_MULE_0284,102305.49,2026-07-09T11:12:59,28.549021,77.255684,2,2026-07-09T11:29:11,ATM_AXIS_054,6.29
TXN-0000539,ACC_VIC_0638,ACC_MULE_0507,50622.46,2026-07-09T11:21:38,28.565333,77.249784,1,2026-07-09T11:37:59,ATM_PNB_052,0.41
TXN-0000540,ACC_MULE_0021,ACC_MULE_0550,51397.97,2026-07-09T11:30:16,28.545421,77.194688,2,2026-07-09T11:46:39,ATM_ICICI_087,3.91
TXN-0000541,ACC_VIC_1001,ACC_MULE_0531,84299.92,2026-07-09T11:38:55,28.570136,77.064649,1,2026-07-09T12:01:10,ATM_AXIS_104,8.8
TXN-0000542,ACC_NORM_0120,ACC_NORM_1899,3586.04,2026-07-09T11:47:33,,,0,,,
TXN-0000543,ACC_NORM_1929,ACC_NORM_1861,4180.17,2026-07-09T11:56:11,,,0,,,
TXN-0000544,ACC_NORM_1239,ACC_NORM_1710,21565.98,2026-07-09T12:04:50,,,0,,,
TXN-0000545,ACC_NORM_0170,ACC_NORM_1814,17264.58,2026-07-09T12:13:28,,,0,,,
TXN-0000546,ACC_VIC_0882,ACC_MULE_0451,54325.14,2026-07-09T12:22:07,28.710895,77.118197,1,,,
TXN-0000547,ACC_NORM_0919,ACC_NORM_0234,16491.41,2026-07-09T12:30:45,,,0,,,
TXN-0000548,ACC_VIC_0977,ACC_MULE_0385,195569.13,2026-07-09T12:39:23,28.626159,77.301673,1,2026-07-09T12:46:25,ATM_BOB_146,1.42
TXN-0000549,ACC_NORM_1095,ACC_NORM_1077,16517.55,2026-07-09T12:48:02,,,0,,,
TXN-0000550,ACC_NORM_1785,ACC_NORM_2171,14421.85,2026-07-09T12:56:40,,,0,,,
TXN-0000551,ACC_NORM_1225,ACC_NORM_2810,20765.31,2026-07-09T13:05:19,,,0,,,
TXN-0000552,ACC_NORM_0235,ACC_NORM_1422,24827.05,2026-07-09T13:13:57,,,0,,,
TXN-0000553,ACC_NORM_2581,ACC_NORM_0331,22294.62,2026-07-09T13:22:35,,,0,,,
TXN-0000554,ACC_NORM_0268,ACC_NORM_2771,15391.5,2026-07-09T13:31:14,,,0,,,
TXN-0000555,ACC_VIC_1490,ACC_MULE_0418,182315.25,2026-07-09T13:39:52,28.701646,77.105106,1,2026-07-09T14:11:47,ATM_HDFC_130,5.37
TXN-0000556,ACC_NORM_1400,ACC_NORM_0737,18467.65,2026-07-09T13:48:31,,,0,,,
TXN-0000557,ACC_NORM_2080,ACC_NORM_2465,5318.44,2026-07-09T13:57:09,,,0,,,
TXN-0000558,ACC_NORM_2154,ACC_NORM_2629,10442.2,2026-07-09T14:05:47,,,0,,,
TXN-0000559,ACC_NORM_1551,ACC_NORM_1379,14848.75,2026-07-09T14:14:26,,,0,,,
TXN-0000560,ACC_NORM_1703,ACC_NORM_1944,6343.14,2026-07-09T14:23:04,,,0,,,
TXN-0000561,ACC_VIC_0866,ACC_MULE_0366,77710.37,2026-07-09T14:31:43,28.534772,77.150509,1,2026-07-09T14:44:24,ATM_BOB_091,2.39
TXN-0000562,ACC_NORM_1625,ACC_NORM_0626,2280.49,2026-07-09T14:40:21,,,0,,,
TXN-0000563,ACC_NORM_1328,ACC_NORM_2360,19595.2,2026-07-09T14:48:59,,,0,,,
TXN-0000564,ACC_NORM_2883,ACC_NORM_1445,17889.94,2026-07-09T14:57:38,,,0,,,
TXN-0000565,ACC_NORM_1053,ACC_NORM_2893,4447.7,2026-07-09T15:06:16,,,0,,,
TXN-0000566,ACC_NORM_2271,ACC_NORM_0307,16436.27,2026-07-09T15:14:55,,,0,,,
TXN-0000567,ACC_NORM_0115,ACC_NORM_0831,5045.76,2026-07-09T15:23:33,,,0,,,
TXN-0000568,ACC_NORM_2403,ACC_NORM_2069,4815.86,2026-07-09T15:32:11,,,0,,,
TXN-0000569,ACC_NORM_2580,ACC_NORM_2721,629.87,2026-07-09T15:40:50,,,0,,,
TXN-0000570,ACC_NORM_0050,ACC_NORM_0179,11057.17,2026-07-09T15:49:28,,,0,,,
TXN-0000571,ACC_MULE_0567,ACC_MULE_0127,85317.4,2026-07-09T15:58:07,28.623299,77.328534,2,2026-07-09T16:22:04,ATM_UBI_147,6.47
TXN-0000572,ACC_NORM_1780,ACC_NORM_0504,21217.28,2026-07-09T16:06:45,,,0,,,
TXN-0000573,ACC_NORM_2919,ACC_NORM_1268,7594.14,2026-07-09T16:15:23,,,0,,,
TXN-0000574,ACC_VIC_1296,ACC_MULE_0448,202583.33,2026-07-09T16:24:02,28.534318,77.238473,1,2026-07-09T16:33:11,ATM_HDFC_066,0.79
TXN-0000575,ACC_NORM_0240,ACC_NORM_1613,2661.7,2026-07-09T16:32:40,,,0,,,
TXN-0000576,ACC_NORM_0871,ACC_NORM_1529,4166.82,2026-07-09T16:41:19,,,0,,,
TXN-0000577,ACC_VIC_1311,ACC_MULE_0138,127229.81,2026-07-09T16:49:57,28.548841,77.227947,1,2026-07-09T17:08:26,ATM_BOB_077,8.97
TXN-0000578,ACC_NORM_2179,ACC_NORM_0705,4078.44,2026-07-09T16:58:35,,,0,,,
TXN-0000579,ACC_NORM_0999,ACC_NORM_1962,24448.83,2026-07-09T17:07:14,,,0,,,
TXN-0000580,ACC_NORM_2149,ACC_NORM_0342,21592.93,2026-07-09T17:15:52,,,0,,,
TXN-0000581,ACC_NORM_1081,ACC_NORM_2971,7610.43,2026-07-09T17:24:31,,,0,,,
TXN-0000582,ACC_MULE_0508,ACC_MULE_0512,131699.39,2026-07-09T17:33:09,28.590833,77.035335,2,2026-07-09T17:53:15,ATM_AXIS_103,3.96
TXN-0000583,ACC_VIC_1373,ACC_MULE_0076,61454.9,2026-07-09T17:41:47,28.542826,77.16692,1,2026-07-09T18:05:51,ATM_BOB_094,9.09
TXN-0000584,ACC_NORM_2248,ACC_NORM_0957,4559.8,2026-07-09T17:50:26,,,0,,,
TXN-0000585,ACC_NORM_0106,ACC_NORM_2294,4834.44,2026-07-09T17:59:04,,,0,,,
TXN-0000586,ACC_NORM_2175,ACC_NORM_0362,22424.55,2026-07-09T18:07:43,,,0,,,
TXN-0000587,ACC_NORM_2055,ACC_NORM_0361,17462.35,2026-07-09T18:16:21,,,0,,,
TXN-0000588,ACC_NORM_2319,ACC_NORM_1790,23635.25,2026-07-09T18:24:59,,,0,,,
TXN-0000589,ACC_NORM_2077,ACC_NORM_2918,12387.9,2026-07-09T18:33:38,,,0,,,
TXN-0000590,ACC_VIC_0385,ACC_MULE_0166,187567.83,2026-07-09T18:42:16,28.693343,77.123259,1,2026-07-09T18:55:45,ATM_UBI_135,5.65
TXN-0000591,ACC_VIC_0271,ACC_MULE_0059,221548.23,2026-07-09T18:50:55,28.645136,77.181071,1,2026-07-09T19:07:53,ATM_UBI_016,2.92
TXN-0000592,ACC_VIC_0095,ACC_MULE_0460,58116.08,2026-07-09T18:59:33,28.526293,77.23739,1,2026-07-09T19:15:20,ATM_KOTAK_071,4.71
TXN-0000593,ACC_NORM_1069,ACC_NORM_2044,18699.21,2026-07-09T19:08:11,,,0,,,
TXN-0000594,ACC_NORM_1457,ACC_NORM_2674,3588.84,2026-07-09T19:16:50,,,0,,,
TXN-0000595,ACC_VIC_1179,ACC_MULE_0537,233876.62,2026-07-09T19:25:28,28.549832,77.230026,1,2026-07-09T19:34:03,ATM_PNB_064,2.13
TXN-0000596,ACC_NORM_0745,ACC_NORM_2718,24175.65,2026-07-09T19:34:07,,,0,,,
TXN-0000597,ACC_NORM_1862,ACC_NORM_2762,19548.35,2026-07-09T19:42:45,,,0,,,
TXN-0000598,ACC_VIC_1329,ACC_MULE_0488,174503.28,2026-07-09T19:51:23,28.598523,77.049541,1,,,
TXN-0000599,ACC_MULE_0363,ACC_MULE_0200,61550.67,2026-07-09T20:00:02,28.729906,77.131523,2,2026-07-09T20:14:03,ATM_UBI_139,6.75
TXN-0000600,ACC_NORM_1324,ACC_NORM_2589,16508.76,2026-07-09T20:08:40,,,0,,,
TXN-0000601,ACC_VIC_0797,ACC_MULE_0432,143449.89,2026-07-09T20:17:19,28.582481,77.053743,1,2026-07-09T20:28:51,ATM_AXIS_104,4.45
TXN-0000602,ACC_NORM_0772,ACC_NORM_2048,22607.39,2026-07-09T20:25:57,,,0,,,
TXN-0000603,ACC_MULE_0394,ACC_MULE_0519,102579.98,2026-07-09T20:34:35,28.523996,77.169312,2,2026-07-09T20:49:21,ATM_BOB_094,6.58
TXN-0000604,ACC_NORM_1055,ACC_NORM_1568,14254.8,2026-07-09T20:43:14,,,0,,,
TXN-0000605,ACC_VIC_0654,ACC_MULE_0342,234833.57,2026-07-09T20:51:52,28.59598,77.066533,1,2026-07-09T21:04:56,ATM_AXIS_111,8.96
TXN-0000606,ACC_NORM_1935,ACC_NORM_1582,15939.76,2026-07-09T21:00:31,,,0,,,
TXN-0000607,ACC_VIC_0170,ACC_MULE_0204,122920.41,2026-07-09T21:09:09,28.564804,77.248221,1,2026-07-09T21:27:21,ATM_PNB_052,0.48
TXN-0000608,ACC_NORM_1723,ACC_NORM_1552,17899.68,2026-07-09T21:17:47,,,0,,,
TXN-0000609,ACC_NORM_2951,ACC_NORM_0879,20574.02,2026-07-09T21:26:26,,,0,,,
TXN-0000610,ACC_NORM_0895,ACC_NORM_1227,20184.45,2026-07-09T21:35:04,,,0,,,
TXN-0000611,ACC_NORM_1528,ACC_NORM_1534,2854.47,2026-07-09T21:43:43,,,0,,,
TXN-0000612,ACC_NORM_0428,ACC_NORM_0390,11984.8,2026-07-09T21:52:21,,,0,,,
TXN-0000613,ACC_VIC_1192,ACC_MULE_0169,142808.59,2026-07-09T22:00:59,28.610787,77.306418,1,2026-07-09T22:28:36,ATM_SBI_149,8.71
TXN-0000614,ACC_VIC_0354,ACC_MULE_0029,110871.55,2026-07-09T22:09:38,28.544787,77.140471,1,2026-07-09T22:36:46,ATM_BOB_094,7.77
TXN-0000615,ACC_VIC_0615,ACC_MULE_0362,188063.04,2026-07-09T22:18:16,28.581699,77.055344,1,2026-07-09T22:38:04,ATM_AXIS_101,8.61
TXN-0000616,ACC_MULE_0098,ACC_MULE_0220,59948.37,2026-07-09T22:26:55,28.628564,77.2997,2,2026-07-09T22:40:19,ATM_PNB_160,5.28
TXN-0000617,ACC_NORM_1677,ACC_NORM_0946,13367.19,2026-07-09T22:35:33,,,0,,,
TXN-0000618,ACC_NORM_0212,ACC_NORM_0948,19465.26,2026-07-09T22:44:11,,,0,,,
TXN-0000619,ACC_NORM_0744,ACC_NORM_1259,16422.66,2026-07-09T22:52:50,,,0,,,
TXN-0000620,ACC_VIC_0023,ACC_MULE_0028,240677.16,2026-07-09T23:01:28,28.627319,77.329388,1,2026-07-09T23:24:31,ATM_BOB_146,7.73
TXN-0000621,ACC_MULE_0131,ACC_MULE_0362,86504.13,2026-07-09T23:10:07,28.581699,77.055344,2,,,
TXN-0000622,ACC_VIC_1458,ACC_MULE_0329,124422.54,2026-07-09T23:18:45,28.585192,77.03734,1,2026-07-09T23:46:17,ATM_AXIS_101,5.72
TXN-0000623,ACC_NORM_1458,ACC_NORM_1603,24227.72,2026-07-09T23:27:23,,,0,,,
TXN-0000624,ACC_NORM_0280,ACC_NORM_0629,4717.31,2026-07-09T23:36:02,,,0,,,
TXN-0000625,ACC_VIC_1174,ACC_MULE_0264,243660.89,2026-07-09T23:44:40,28.558829,77.239068,1,2026-07-10T00:05:03,ATM_SBI_047,2.11
TXN-0000626,ACC_VIC_1482,ACC_MULE_0481,90197.86,2026-07-09T23:53:19,28.713822,77.124297,1,2026-07-10T00:13:27,ATM_SBI_141,4.3
TXN-0000627,ACC_MULE_0334,ACC_MULE_0016,230625.81,2026-07-10T00:01:57,28.584076,77.227153,2,2026-07-10T00:23:27,ATM_SBI_047,6.86
TXN-0000628,ACC_NORM_0044,ACC_NORM_0431,1682.42,2026-07-10T00:10:35,,,0,,,
TXN-0000629,ACC_NORM_0114,ACC_NORM_2081,8217.91,2026-07-10T00:19:14,,,0,,,
TXN-0000630,ACC_NORM_2985,ACC_NORM_1075,19399.01,2026-07-10T00:27:52,,,0,,,
TXN-0000631,ACC_NORM_0617,ACC_NORM_1883,7680.93,2026-07-10T00:36:31,,,0,,,
TXN-0000632,ACC_NORM_2734,ACC_NORM_2318,10313.68,2026-07-10T00:45:09,,,0,,,
TXN-0000633,ACC_MULE_0390,ACC_MULE_0567,227864.11,2026-07-10T00:53:47,28.530284,77.250424,2,,,
TXN-0000634,ACC_NORM_2015,ACC_NORM_1373,24743.77,2026-07-10T01:02:26,,,0,,,
TXN-0000635,ACC_NORM_1319,ACC_NORM_1718,23380.06,2026-07-10T01:11:04,,,0,,,
TXN-0000636,ACC_VIC_1219,ACC_MULE_0360,227723.9,2026-07-10T01:19:43,28.527679,77.249452,1,2026-07-10T01:44:35,ATM_PNB_064,7.87
TXN-0000637,ACC_NORM_1286,ACC_NORM_0085,2830.62,2026-07-10T01:28:21,,,0,,,
TXN-0000638,ACC_NORM_1074,ACC_NORM_2405,11467.67,2026-07-10T01:36:59,,,0,,,
TXN-0000639,ACC_VIC_0041,ACC_MULE_0187,140801.33,2026-07-10T01:45:38,28.669442,77.179095,1,2026-07-10T01:58:25,ATM_ICICI_018,6.2
TXN-0000640,ACC_NORM_2308,ACC_NORM_2187,4231.83,2026-07-10T01:54:16,,,0,,,
TXN-0000641,ACC_NORM_0404,ACC_NORM_2502,5307.38,2026-07-10T02:02:55,,,0,,,
TXN-0000642,ACC_NORM_2807,ACC_NORM_0141,2670.81,2026-07-10T02:11:33,,,0,,,
TXN-0000643,ACC_NORM_0172,ACC_NORM_1403,12118.73,2026-07-10T02:20:11,,,0,,,
TXN-0000644,ACC_NORM_0280,ACC_NORM_1077,7445.05,2026-07-10T02:28:50,,,0,,,
TXN-0000645,ACC_NORM_2888,ACC_NORM_0753,9329.62,2026-07-10T02:37:28,,,0,,,
TXN-0000646,ACC_VIC_0266,ACC_MULE_0374,160705.04,2026-07-10T02:46:07,28.720815,77.129068,1,2026-07-10T03:09:25,ATM_PNB_040,17.39
TXN-0000647,ACC_VIC_1189,ACC_MULE_0145,185849.54,2026-07-10T02:54:45,28.595729,77.040826,1,2026-07-10T03:13:00,ATM_AXIS_104,3.67
TXN-0000648,ACC_NORM_0031,ACC_NORM_0471,18279.03,2026-07-10T03:03:23,,,0,,,
TXN-0000649,ACC_NORM_2580,ACC_NORM_2604,19740.1,2026-07-10T03:12:02,,,0,,,
TXN-0000650,ACC_NORM_1870,ACC_NORM_1334,12074.08,2026-07-10T03:20:40,,,0,,,
TXN-0000651,ACC_VIC_1145,ACC_MULE_0016,146000.86,2026-07-10T03:29:19,28.584076,77.227153,1,2026-07-10T03:53:44,ATM_PNB_056,5.88
TXN-0000652,ACC_NORM_2984,ACC_NORM_2892,22519.06,2026-07-10T03:37:57,,,0,,,
TXN-0000653,ACC_MULE_0313,ACC_MULE_0209,153189.61,2026-07-10T03:46:35,28.633132,77.323579,2,2026-07-10T04:01:33,ATM_UBI_150,7.1
TXN-0000654,ACC_NORM_0546,ACC_NORM_1726,20258.19,2026-07-10T03:55:14,,,0,,,
TXN-0000655,ACC_NORM_1305,ACC_NORM_0507,22448.72,2026-07-10T04:03:52,,,0,,,
TXN-0000656,ACC_VIC_0754,ACC_MULE_0059,83588.64,2026-07-10T04:12:31,28.645136,77.181071,1,2026-07-10T04:42:57,ATM_UBI_016,2.92
TXN-0000657,ACC_MULE_0579,ACC_MULE_0483,147515.16,2026-07-10T04:21:09,28.701011,77.126097,2,,,
TXN-0000658,ACC_NORM_1261,ACC_NORM_0813,8004.15,2026-07-10T04:29:47,,,0,,,
TXN-0000659,ACC_VIC_0079,ACC_MULE_0196,154735.24,2026-07-10T04:38:26,28.547758,77.220439,1,2026-07-10T04:53:40,ATM_ICICI_087,6.91
TXN-0000660,ACC_VIC_1450,ACC_MULE_0353,51262.76,2026-07-10T04:47:04,28.540534,77.22555,1,2026-07-10T05:05:38,ATM_PNB_065,5.76
TXN-0000661,ACC_NORM_0259,ACC_NORM_1010,1536.65,2026-07-10T04:55:43,,,0,,,
TXN-0000662,ACC_VIC_1435,ACC_MULE_0458,92468.69,2026-07-10T05:04:21,28.650784,77.215449,1,,,
TXN-0000663,ACC_NORM_1004,ACC_NORM_2992,5911.67,2026-07-10T05:12:59,,,0,,,
TXN-0000664,ACC_VIC_0082,ACC_MULE_0553,129994.93,2026-07-10T05:21:38,28.617239,77.322976,1,2026-07-10T05:47:09,ATM_BOB_153,7.86
TXN-0000665,ACC_NORM_1951,ACC_NORM_2399,15869.33,2026-07-10T05:30:16,,,0,,,
TXN-0000666,ACC_NORM_0944,ACC_NORM_0741,14490.01,2026-07-10T05:38:55,,,0,,,
TXN-0000667,ACC_NORM_2198,ACC_NORM_2091,18911.36,2026-07-10T05:47:33,,,0,,,
TXN-0000668,ACC_NORM_0377,ACC_NORM_2237,20856.23,2026-07-10T05:56:11,,,0,,,
TXN-0000669,ACC_NORM_0231,ACC_NORM_0880,23534.2,2026-07-10T06:04:50,,,0,,,
TXN-0000670,ACC_VIC_0980,ACC_MULE_0207,87895.91,2026-07-10T06:13:28,28.61187,77.290621,1,2026-07-10T06:30:18,ATM_UBI_150,4.79
TXN-0000671,ACC_NORM_0272,ACC_NORM_0027,3094.08,2026-07-10T06:22:07,,,0,,,
TXN-0000672,ACC_NORM_1416,ACC_NORM_0889,18075.81,2026-07-10T06:30:45,,,0,,,
TXN-0000673,ACC_NORM_0370,ACC_NORM_1576,17201.4,2026-07-10T06:39:23,,,0,,,
TXN-0000674,ACC_NORM_2067,ACC_NORM_1349,13041.49,2026-07-10T06:48:02,,,0,,,
TXN-0000675,ACC_VIC_1012,ACC_MULE_0290,161890.58,2026-07-10T06:56:40,28.632126,77.205782,1,2026-07-10T07:05:24,ATM_ICICI_004,1.53
TXN-0000676,ACC_NORM_1648,ACC_NORM_0577,9379.8,2026-07-10T07:05:19,,,0,,,
TXN-0000677,ACC_NORM_1433,ACC_NORM_1703,21723.52,2026-07-10T07:13:57,,,0,,,
TXN-0000678,ACC_NORM_1260,ACC_NORM_2237,22334.81,2026-07-10T07:22:35,,,0,,,
TXN-0000679,ACC_NORM_0696,ACC_NORM_1303,5112.68,2026-07-10T07:31:14,,,0,,,
TXN-0000680,ACC_NORM_1732,ACC_NORM_1976,1971.34,2026-07-10T07:39:52,,,0,,,
TXN-0000681,ACC_NORM_2540,ACC_NORM_1336,15929.47,2026-07-10T07:48:31,,,0,,,
TXN-0000682,ACC_NORM_1818,ACC_NORM_2002,16906.47,2026-07-10T07:57:09,,,0,,,
TXN-0000683,ACC_NORM_2132,ACC_NORM_0993,17607.1,2026-07-10T08:05:47,,,0,,,
TXN-0000684,ACC_NORM_1299,ACC_NORM_1615,8767.79,2026-07-10T08:14:26,,,0,,,
TXN-0000685,ACC_NORM_0114,ACC_NORM_2668,17782.5,2026-07-10T08:23:04,,,0,,,
TXN-0000686,ACC_NORM_1766,ACC_NORM_1629,20740.43,2026-07-10T08:31:43,,,0,,,
TXN-0000687,ACC_NORM_0443,ACC_NORM_2592,4821.72,2026-07-10T08:40:21,,,0,,,
TXN-0000688,ACC_VIC_0944,ACC_MULE_0460,166378.17,2026-07-10T08:48:59,28.526293,77.23739,1,2026-07-10T09:08:02,ATM_PNB_052,13.24
TXN-0000689,ACC_NORM_0472,ACC_NORM_2444,2595.07,2026-07-10T08:57:38,,,0,,,
TXN-0000690,ACC_VIC_0682,ACC_MULE_0242,200905.6,2026-07-10T09:06:16,28.534828,77.257597,1,,,
TXN-0000691,ACC_NORM_1878,ACC_NORM_1731,11199.3,2026-07-10T09:14:55,,,0,,,
TXN-0000692,ACC_NORM_0840,ACC_NORM_1008,6880.89,2026-07-10T09:23:33,,,0,,,
TXN-0000693,ACC_VIC_1075,ACC_MULE_0014,242107.48,2026-07-10T09:32:11,28.709534,77.133779,1,2026-07-10T09:45:55,ATM_UBI_127,6.55
TXN-0000694,ACC_NORM_2179,ACC_NORM_2129,8265.63,2026-07-10T09:40:50,,,0,,,
TXN-0000695,ACC_MULE_0550,ACC_MULE_0571,162027.29,2026-07-10T09:49:28,28.573181,77.042964,2,2026-07-10T10:06:40,ATM_PNB_102,6.37
TXN-0000696,ACC_VIC_1063,ACC_MULE_0555,201057.94,2026-07-10T09:58:07,28.644331,77.213885,1,2026-07-10T10:13:10,ATM_KOTAK_008,5.41
TXN-0000697,ACC_NORM_0764,ACC_NORM_1150,22155.19,2026-07-10T10:06:45,,,0,,,
TXN-0000698,ACC_NORM_0077,ACC_NORM_2491,16956.98,2026-07-10T10:15:23,,,0,,,
TXN-0000699,ACC_NORM_2054,ACC_NORM_0227,4970.24,2026-07-10T10:24:02,,,0,,,
TXN-0000700,ACC_VIC_1241,ACC_MULE_0246,72492.08,2026-07-10T10:32:40,28.530541,77.163575,1,2026-07-10T11:00:14,ATM_BOB_094,5.75
TXN-0000701,ACC_NORM_1243,ACC_NORM_0380,11469.35,2026-07-10T10:41:19,,,0,,,
TXN-0000702,ACC_NORM_1067,ACC_NORM_2831,2520.8,2026-07-10T10:49:57,,,0,,,
TXN-0000703,ACC_NORM_2738,ACC_NORM_1922,5380.4,2026-07-10T10:58:35,,,0,,,
TXN-0000704,ACC_NORM_2835,ACC_NORM_2015,849.06,2026-07-10T11:07:14,,,0,,,
TXN-0000705,ACC_NORM_1315,ACC_NORM_2341,7302.14,2026-07-10T11:15:52,,,0,,,
TXN-0000706,ACC_NORM_1803,ACC_NORM_1641,12085.87,2026-07-10T11:24:31,,,0,,,
TXN-0000707,ACC_MULE_0456,ACC_MULE_0542,144867.69,2026-07-10T11:33:09,28.619675,77.302753,2,2026-07-10T11:50:14,ATM_KOTAK_145,0.87
TXN-0000708,ACC_NORM_1807,ACC_NORM_0711,21173.15,2026-07-10T11:41:47,,,0,,,
TXN-0000709,ACC_MULE_0362,ACC_MULE_0201,182214.04,2026-07-10T11:50:26,28.582507,77.063214,2,2026-07-10T12:15:25,ATM_ICICI_112,15.76
TXN-0000710,ACC_NORM_2058,ACC_NORM_2430,13637.68,2026-07-10T11:59:04,,,0,,,
TXN-0000711,ACC_NORM_0287,ACC_NORM_1369,9294.41,2026-07-10T12:07:43,,,0,,,
TXN-0000712,ACC_VIC_0147,ACC_MULE_0553,133637.62,2026-07-10T12:16:21,28.617239,77.322976,1,2026-07-10T12:31:05,ATM_BOB_152,4.87
TXN-0000713,ACC_NORM_2254,ACC_NORM_1112,14220.92,2026-07-10T12:24:59,,,0,,,
TXN-0000714,ACC_VIC_0673,ACC_MULE_0182,111710.1,2026-07-10T12:33:38,28.66639,77.203843,1,2026-07-10T13:00:15,ATM_HDFC_035,3.32
TXN-0000715,ACC_VIC_1230,ACC_MULE_0122,183145.9,2026-07-10T12:42:16,28.615224,77.228496,1,2026-07-10T13:03:15,ATM_HDFC_002,8.03
TXN-0000716,ACC_NORM_0175,ACC_NORM_1393,20463.3,2026-07-10T12:50:55,,,0,,,
TXN-0000717,ACC_NORM_2073,ACC_NORM_2072,7332.48,2026-07-10T12:59:33,,,0,,,
TXN-0000718,ACC_VIC_0157,ACC_MULE_0311,245013.8,2026-07-10T13:08:11,28.621302,77.339561,1,2026-07-10T13:32:59,ATM_BOB_146,10.4
TXN-0000719,ACC_NORM_2262,ACC_NORM_1532,19988.11,2026-07-10T13:16:50,,,0,,,
TXN-0000720,ACC_NORM_1138,ACC_NORM_1199,16184.82,2026-07-10T13:25:28,,,0,,,
TXN-0000721,ACC_NORM_0502,ACC_NORM_2632,16305.24,2026-07-10T13:34:07,,,0,,,
TXN-0000722,ACC_VIC_0173,ACC_MULE_0338,141944.03,2026-07-10T13:42:45,28.660678,77.300695,1,2026-07-10T13:58:43,ATM_AXIS_169,2.97
TXN-0000723,ACC_VIC_1380,ACC_MULE_0251,239381.28,2026-07-10T13:51:23,28.683548,77.299162,1,2026-07-10T14:22:36,ATM_HDFC_170,3.97
TXN-0000724,ACC_NORM_1176,ACC_NORM_1351,14396.74,2026-07-10T14:00:02,,,0,,,
TXN-0000725,ACC_NORM_1787,ACC_NORM_1953,4236.55,2026-07-10T14:08:40,,,0,,,
TXN-0000726,ACC_MULE_0128,ACC_MULE_0412,117545.3,2026-07-10T14:17:19,28.509739,77.222115,2,,,
TXN-0000727,ACC_VIC_0044,ACC_MULE_0286,177415.93,2026-07-10T14:25:57,28.596603,77.317959,1,2026-07-10T14:46:16,ATM_BOB_153,11.74
TXN-0000728,ACC_NORM_2644,ACC_NORM_2582,11318.71,2026-07-10T14:34:35,,,0,,,
TXN-0000729,ACC_VIC_0891,ACC_MULE_0538,91801.75,2026-07-10T14:43:14,28.633129,77.175305,1,,,
TXN-0000730,ACC_VIC_1059,ACC_MULE_0508,155868.02,2026-07-10T14:51:52,28.704011,77.109571,1,2026-07-10T15:06:34,ATM_HDFC_130,4.22
TXN-0000731,ACC_NORM_0239,ACC_NORM_0255,14491.68,2026-07-10T15:00:31,,,0,,,
TXN-0000732,ACC_NORM_1998,ACC_NORM_1583,22095.42,2026-07-10T15:09:09,,,0,,,
TXN-0000733,ACC_MULE_0306,ACC_MULE_0273,98858.63,2026-07-10T15:17:47,28.537905,77.224465,2,2026-07-10T15:25:22,ATM_PNB_064,2.06
TXN-0000734,ACC_MULE_0145,ACC_MULE_0195,102964.32,2026-07-10T15:26:26,28.645333,77.202553,2,2026-07-10T15:41:06,ATM_AXIS_010,4.74
TXN-0000735,ACC_VIC_0371,ACC_MULE_0043,113437.33,2026-07-10T15:35:04,28.556183,77.167374,1,2026-07-10T16:03:11,ATM_ICICI_087,11.78
TXN-0000736,ACC_NORM_1230,ACC_NORM_1927,12102.09,2026-07-10T15:43:43,,,0,,,
TXN-0000737,ACC_NORM_2491,ACC_NORM_2234,8687.9,2026-07-10T15:52:21,,,0,,,
TXN-0000738,ACC_NORM_0733,ACC_NORM_0631,4724.12,2026-07-10T16:00:59,,,0,,,
TXN-0000739,ACC_NORM_2622,ACC_NORM_1899,16948.31,2026-07-10T16:09:38,,,0,,,
TXN-0000740,ACC_VIC_1113,ACC_MULE_0058,66916.59,2026-07-10T16:18:16,28.540632,77.198499,1,2026-07-10T16:41:14,ATM_KOTAK_078,5.2
TXN-0000741,ACC_VIC_0715,ACC_MULE_0107,149522.88,2026-07-10T16:26:55,28.572584,77.242361,1,2026-07-10T17:02:39,ATM_PNB_056,3.34
TXN-0000742,ACC_VIC_0694,ACC_MULE_0562,145829.96,2026-07-10T16:35:33,28.646962,77.307581,1,2026-07-10T16:57:00,ATM_ICICI_157,8.39
TXN-0000743,ACC_NORM_0114,ACC_NORM_0639,20177.34,2026-07-10T16:44:11,,,0,,,
TXN-0000744,ACC_NORM_1696,ACC_NORM_0114,4409.39,2026-07-10T16:52:50,,,0,,,
TXN-0000745,ACC_NORM_2107,ACC_NORM_1484,2831.2,2026-07-10T17:01:28,,,0,,,
TXN-0000746,ACC_NORM_2377,ACC_NORM_1713,15624.92,2026-07-10T17:10:07,,,0,,,
TXN-0000747,ACC_NORM_1710,ACC_NORM_2914,10500.21,2026-07-10T17:18:45,,,0,,,
TXN-0000748,ACC_NORM_2379,ACC_NORM_2316,22523.57,2026-07-10T17:27:23,,,0,,,
TXN-0000749,ACC_VIC_0407,ACC_MULE_0393,98595.97,2026-07-10T17:36:02,28.540055,77.228029,1,2026-07-10T17:53:20,ATM_HDFC_086,5.43
TXN-0000750,ACC_NORM_0960,ACC_NORM_1222,16344.58,2026-07-10T17:44:40,,,0,,,
TXN-0000751,ACC_VIC_0209,ACC_MULE_0457,54935.52,2026-07-10T17:53:19,28.722961,77.11012,1,2026-07-10T18:11:05,ATM_UBI_139,2.42
TXN-0000752,ACC_NORM_2061,ACC_NORM_2416,24697.05,2026-07-10T18:01:57,,,0,,,
TXN-0000753,ACC_VIC_0706,ACC_MULE_0499,164353.23,2026-07-10T18:10:35,28.671895,77.195626,1,,,
TXN-0000754,ACC_VIC_0347,ACC_MULE_0103,219247.18,2026-07-10T18:19:14,28.598643,77.335831,1,2026-07-10T18:42:30,ATM_UBI_150,12.76
TXN-0000755,ACC_VIC_0598,ACC_MULE_0334,184932.18,2026-07-10T18:27:52,28.526225,77.192776,1,2026-07-10T18:45:15,ATM_ICICI_087,3.58
TXN-0000756,ACC_NORM_0070,ACC_NORM_2590,6969.31,2026-07-10T18:36:31,,,0,,,
TXN-0000757,ACC_MULE_0318,ACC_MULE_0076,51587.65,2026-07-10T18:45:09,28.542826,77.16692,2,2026-07-10T19:15:32,ATM_BOB_094,9.09
TXN-0000758,ACC_NORM_0065,ACC_NORM_0281,19992.26,2026-07-10T18:53:47,,,0,,,
TXN-0000759,ACC_VIC_0387,ACC_MULE_0408,159502.51,2026-07-10T19:02:26,28.686306,77.106749,1,2026-07-10T19:14:52,ATM_ICICI_142,6.42
TXN-0000760,ACC_NORM_0327,ACC_NORM_1581,24791.46,2026-07-10T19:11:04,,,0,,,
TXN-0000761,ACC_NORM_2751,ACC_NORM_2235,18731.27,2026-07-10T19:19:43,,,0,,,
TXN-0000762,ACC_VIC_0181,ACC_MULE_0130,155804.47,2026-07-10T19:28:21,28.592238,77.041454,1,2026-07-10T19:46:30,ATM_PNB_102,4.15
TXN-0000763,ACC_NORM_1260,ACC_NORM_2778,14476.48,2026-07-10T19:36:59,,,0,,,
TXN-0000764,ACC_MULE_0082,ACC_MULE_0205,189254.48,2026-07-10T19:45:38,28.601069,77.335143,2,2026-07-10T20:03:51,ATM_UBI_150,12.13
TXN-0000765,ACC_NORM_2746,ACC_NORM_1487,1424.04,2026-07-10T19:54:16,,,0,,,
TXN-0000766,ACC_NORM_0660,ACC_NORM_1864,22313.05,2026-07-10T20:02:55,,,0,,,
TXN-0000767,ACC_NORM_0398,ACC_NORM_0926,9054.42,2026-07-10T20:11:33,,,0,,,
TXN-0000768,ACC_VIC_0828,ACC_MULE_0543,90775.23,2026-07-10T20:20:11,28.601263,77.305578,1,2026-07-10T20:41:12,ATM_UBI_150,7.36
TXN-0000769,ACC_NORM_2642,ACC_NORM_1175,17130.2,2026-07-10T20:28:50,,,0,,,
TXN-0000770,ACC_NORM_0421,ACC_NORM_2274,13065.99,2026-07-10T20:37:28,,,0,,,
TXN-0000771,ACC_NORM_2852,ACC_NORM_0281,20173.1,2026-07-10T20:46:07,,,0,,,
TXN-0000772,ACC_NORM_2911,ACC_NORM_2843,12060.76,2026-07-10T20:54:45,,,0,,,
TXN-0000773,ACC_VIC_1003,ACC_MULE_0488,177267.25,2026-07-10T21:03:23,28.598523,77.049541,1,2026-07-10T21:19:21,ATM_AXIS_103,1.24
TXN-0000774,ACC_NORM_2521,ACC_NORM_0873,22965.76,2026-07-10T21:12:02,,,0,,,
TXN-0000775,ACC_MULE_0206,ACC_MULE_0550,93176.21,2026-07-10T21:20:40,28.545421,77.194688,2,2026-07-10T21:45:37,ATM_ICICI_087,3.91
TXN-0000776,ACC_NORM_0169,ACC_NORM_1520,7897.02,2026-07-10T21:29:19,,,0,,,
TXN-0000777,ACC_NORM_0207,ACC_NORM_0546,23568.44,2026-07-10T21:37:57,,,0,,,
TXN-0000778,ACC_NORM_0247,ACC_NORM_2536,7508.88,2026-07-10T21:46:35,,,0,,,
TXN-0000779,ACC_VIC_0204,ACC_MULE_0153,234516.02,2026-07-10T21:55:14,28.686499,77.117832,1,,,
TXN-0000780,ACC_MULE_0097,ACC_MULE_0377,208826.75,2026-07-10T22:03:52,28.702835,77.110877,2,2026-07-10T22:13:30,ATM_ICICI_133,4.18
TXN-0000781,ACC_NORM_2210,ACC_NORM_1531,14525.78,2026-07-10T22:12:31,,,0,,,
TXN-0000782,ACC_MULE_0301,ACC_MULE_0210,114942.34,2026-07-10T22:21:09,28.66205,77.270957,2,2026-07-10T22:35:41,ATM_HDFC_170,6.71
TXN-0000783,ACC_VIC_0005,ACC_MULE_0021,147173.08,2026-07-10T22:29:47,28.546984,77.25104,1,,,
TXN-0000784,ACC_NORM_0211,ACC_NORM_0449,9269.04,2026-07-10T22:38:26,,,0,,,
TXN-0000785,ACC_NORM_0189,ACC_NORM_0576,5948.45,2026-07-10T22:47:04,,,0,,,
TXN-0000786,ACC_NORM_1901,ACC_NORM_0266,14461.35,2026-07-10T22:55:43,,,0,,,
TXN-0000787,ACC_NORM_2075,ACC_NORM_1122,19971.02,2026-07-10T23:04:21,,,0,,,
TXN-0000788,ACC_VIC_0444,ACC_MULE_0288,160906.83,2026-07-10T23:12:59,28.548084,77.258085,1,2026-07-10T23:35:55,ATM_HDFC_070,7.78
TXN-0000789,ACC_NORM_0945,ACC_NORM_0776,1818.27,2026-07-10T23:21:38,,,0,,,
TXN-0000790,ACC_VIC_1486,ACC_MULE_0371,193046.98,2026-07-10T23:30:16,28.520659,77.211817,1,2026-07-10T23:54:14,ATM_KOTAK_073,11.4
TXN-0000791,ACC_NORM_2826,ACC_NORM_2096,19064.08,2026-07-10T23:38:55,,,0,,,
TXN-0000792,ACC_NORM_2094,ACC_NORM_0311,11363.37,2026-07-10T23:47:33,,,0,,,
TXN-0000793,ACC_NORM_0266,ACC_NORM_0426,17323.46,2026-07-10T23:56:11,,,0,,,
TXN-0000794,ACC_NORM_1693,ACC_NORM_0815,9804.09,2026-07-11T00:04:50,,,0,,,
TXN-0000795,ACC_NORM_2120,ACC_NORM_0403,950.59,2026-07-11T00:13:28,,,0,,,
TXN-0000796,ACC_NORM_1867,ACC_NORM_1232,8507.04,2026-07-11T00:22:07,,,0,,,
TXN-0000797,ACC_NORM_1099,ACC_NORM_2912,8406.21,2026-07-11T00:30:45,,,0,,,
TXN-0000798,ACC_VIC_0267,ACC_MULE_0541,182778.03,2026-07-11T00:39:23,28.645199,77.323633,1,2026-07-11T01:07:46,ATM_UBI_150,9.44
TXN-0000799,ACC_NORM_1739,ACC_NORM_2074,1222.03,2026-07-11T00:48:02,,,0,,,
TXN-0000800,ACC_VIC_0972,ACC_MULE_0508,161581.23,2026-07-11T00:56:40,28.704011,77.109571,1,2026-07-11T01:05:03,ATM_SBI_141,1.07
TXN-0000801,ACC_VIC_1482,ACC_MULE_0452,89569.6,2026-07-11T01:05:19,28.689895,77.308714,1,2026-07-11T01:16:46,ATM_HDFC_170,7.34
TXN-0000802,ACC_NORM_2366,ACC_NORM_1521,5124.64,2026-07-11T01:13:57,,,0,,,
TXN-0000803,ACC_MULE_0523,ACC_MULE_0449,88170.42,2026-07-11T01:22:35,28.574794,77.231103,2,2026-07-11T01:34:32,ATM_AXIS_061,2.04
TXN-0000804,ACC_VIC_0709,ACC_MULE_0074,229608.27,2026-07-11T01:31:14,28.63537,77.289262,1,2026-07-11T01:56:14,ATM_BOB_155,2.3
TXN-0000805,ACC_VIC_1475,ACC_MULE_0281,66272.8,2026-07-11T01:39:52,28.581061,77.237975,1,2026-07-11T01:55:46,ATM_ICICI_049,7.26
TXN-0000806,ACC_NORM_2870,ACC_NORM_2219,12576.83,2026-07-11T01:48:31,,,0,,,
TXN-0000807,ACC_VIC_0230,ACC_MULE_0257,126879.31,2026-07-11T01:57:09,28.708939,77.114045,1,2026-07-11T02:24:57,ATM_SBI_141,1.02
TXN-0000808,ACC_MULE_0536,ACC_MULE_0314,165536.88,2026-07-11T02:05:47,28.670647,77.306933,2,,,
TXN-0000809,ACC_NORM_2835,ACC_NORM_0374,10760.13,2026-07-11T02:14:26,,,0,,,
TXN-0000810,ACC_NORM_2982,ACC_NORM_2019,6397.5,2026-07-11T02:23:04,,,0,,,
TXN-0000811,ACC_MULE_0454,ACC_MULE_0394,125672.02,2026-07-11T02:31:43,28.531384,77.222509,2,2026-07-11T02:54:18,ATM_PNB_062,9.83
TXN-0000812,ACC_VIC_0134,ACC_MULE_0071,104040.56,2026-07-11T02:40:21,28.666123,77.295209,1,2026-07-11T03:02:53,ATM_BOB_163,4.91
TXN-0000813,ACC_NORM_2605,ACC_NORM_0464,17553.63,2026-07-11T02:48:59,,,0,,,
TXN-0000814,ACC_NORM_0550,ACC_NORM_2305,3281.05,2026-07-11T02:57:38,,,0,,,
TXN-0000815,ACC_NORM_1366,ACC_NORM_0508,3246.14,2026-07-11T03:06:16,,,0,,,
TXN-0000816,ACC_NORM_1336,ACC_NORM_1305,4386.55,2026-07-11T03:14:55,,,0,,,
TXN-0000817,ACC_NORM_2770,ACC_NORM_2674,23858.89,2026-07-11T03:23:33,,,0,,,
TXN-0000818,ACC_NORM_1145,ACC_NORM_1623,16524.53,2026-07-11T03:32:11,,,0,,,
TXN-0000819,ACC_VIC_0683,ACC_MULE_0487,178081.01,2026-07-11T03:40:50,28.658733,77.207911,1,2026-07-11T04:14:22,ATM_ICICI_013,4.81
TXN-0000820,ACC_NORM_1304,ACC_NORM_2705,3949.48,2026-07-11T03:49:28,,,0,,,
TXN-0000821,ACC_NORM_0795,ACC_NORM_2950,12122.84,2026-07-11T03:58:07,,,0,,,
TXN-0000822,ACC_NORM_2344,ACC_NORM_0996,22490.52,2026-07-11T04:06:45,,,0,,,
TXN-0000823,ACC_VIC_1266,ACC_MULE_0142,220544.63,2026-07-11T04:15:23,28.537116,77.158638,1,2026-07-11T04:40:12,ATM_BOB_077,11.22
TXN-0000824,ACC_NORM_0408,ACC_NORM_1636,11752.47,2026-07-11T04:24:02,,,0,,,
TXN-0000825,ACC_NORM_1705,ACC_NORM_1803,18094.81,2026-07-11T04:32:40,,,0,,,
TXN-0000826,ACC_NORM_0449,ACC_NORM_2510,23314.2,2026-07-11T04:41:19,,,0,,,
TXN-0000827,ACC_NORM_2013,ACC_NORM_1969,926.14,2026-07-11T04:49:57,,,0,,,
TXN-0000828,ACC_NORM_2021,ACC_NORM_1018,620.0,2026-07-11T04:58:35,,,0,,,
TXN-0000829,ACC_NORM_1384,ACC_NORM_0354,5041.79,2026-07-11T05:07:14,,,0,,,
TXN-0000830,ACC_NORM_0586,ACC_NORM_2320,9763.13,2026-07-11T05:15:52,,,0,,,
TXN-0000831,ACC_NORM_0079,ACC_NORM_2104,13724.82,2026-07-11T05:24:31,,,0,,,
TXN-0000832,ACC_MULE_0101,ACC_MULE_0396,242350.49,2026-07-11T05:33:09,28.556401,77.232736,2,2026-07-11T05:53:16,ATM_ICICI_068,6.77
TXN-0000833,ACC_VIC_1057,ACC_MULE_0508,81423.77,2026-07-11T05:41:47,28.704011,77.109571,1,2026-07-11T05:56:44,ATM_SBI_141,1.07
TXN-0000834,ACC_NORM_2585,ACC_NORM_2293,24401.6,2026-07-11T05:50:26,,,0,,,
TXN-0000835,ACC_VIC_0319,ACC_MULE_0447,163333.97,2026-07-11T05:59:04,28.673019,77.29684,1,2026-07-11T06:15:33,ATM_HDFC_170,3.19
TXN-0000836,ACC_NORM_2024,ACC_NORM_0717,23380.1,2026-07-11T06:07:43,,,0,,,
TXN-0000837,ACC_NORM_0466,ACC_NORM_1790,15556.77,2026-07-11T06:16:21,,,0,,,
TXN-0000838,ACC_VIC_0424,ACC_MULE_0569,79869.39,2026-07-11T06:24:59,28.654506,77.295014,1,2026-07-11T06:56:14,ATM_BOB_146,10.73
TXN-0000839,ACC_NORM_0454,ACC_NORM_2888,3672.1,2026-07-11T06:33:38,,,0,,,
TXN-0000840,ACC_NORM_2392,ACC_NORM_2615,21518.17,2026-07-11T06:42:16,,,0,,,
TXN-0000841,ACC_NORM_0595,ACC_NORM_0387,1843.82,2026-07-11T06:50:55,,,0,,,
TXN-0000842,ACC_VIC_0115,ACC_MULE_0510,241442.84,2026-07-11T06:59:33,28.698115,77.105357,1,2026-07-11T07:45:28,ATM_UBI_120,18.18
TXN-0000843,ACC_VIC_0611,ACC_MULE_0527,227523.46,2026-07-11T07:08:11,28.713956,77.140458,1,2026-07-11T07:35:37,ATM_ICICI_142,6.73
TXN-0000844,ACC_VIC_1185,ACC_MULE_0007,83837.09,2026-07-11T07:16:50,28.704216,77.121725,1,,,
TXN-0000845,ACC_VIC_1329,ACC_MULE_0200,65042.53,2026-07-11T07:25:28,28.729906,77.131523,1,2026-07-11T07:45:44,ATM_BOB_144,9.03
TXN-0000846,ACC_NORM_1404,ACC_NORM_1224,8046.44,2026-07-11T07:34:07,,,0,,,
TXN-0000847,ACC_NORM_1272,ACC_NORM_0269,13672.21,2026-07-11T07:42:45,,,0,,,
TXN-0000848,ACC_NORM_1883,ACC_NORM_0565,16660.36,2026-07-11T07:51:23,,,0,,,
TXN-0000849,ACC_MULE_0492,ACC_MULE_0597,128454.02,2026-07-11T08:00:02,28.546026,77.223609,2,,,
TXN-0000850,ACC_NORM_2160,ACC_NORM_0382,8413.05,2026-07-11T08:08:40,,,0,,,
TXN-0000851,ACC_NORM_2276,ACC_NORM_0985,514.48,2026-07-11T08:17:19,,,0,,,
TXN-0000852,ACC_VIC_0117,ACC_MULE_0401,119258.88,2026-07-11T08:25:57,28.535746,77.146786,1,2026-07-11T08:39:25,ATM_BOB_094,4.69
TXN-0000853,ACC_VIC_1145,ACC_MULE_0493,209995.57,2026-07-11T08:34:35,28.510856,77.194387,1,2026-07-11T08:53:46,ATM_ICICI_087,7.88
TXN-0000854,ACC_NORM_0772,ACC_NORM_2869,2801.99,2026-07-11T08:43:14,,,0,,,
TXN-0000855,ACC_MULE_0075,ACC_MULE_0526,223626.29,2026-07-11T08:51:52,28.62133,77.320726,2,2026-07-11T09:11:22,ATM_BOB_155,12.13
TXN-0000856,ACC_NORM_2745,ACC_NORM_2083,3673.19,2026-07-11T09:00:31,,,0,,,
TXN-0000857,ACC_VIC_1340,ACC_MULE_0568,90064.81,2026-07-11T09:09:09,28.526541,77.244943,1,2026-07-11T09:32:29,ATM_SBI_072,5.89
TXN-0000858,ACC_NORM_0289,ACC_NORM_2312,10430.06,2026-07-11T09:17:47,,,0,,,
TXN-0000859,ACC_NORM_1926,ACC_NORM_2593,9187.34,2026-07-11T09:26:26,,,0,,,
TXN-0000860,ACC_NORM_2934,ACC_NORM_2910,16995.42,2026-07-11T09:35:04,,,0,,,
TXN-0000861,ACC_NORM_1205,ACC_NORM_2272,19461.12,2026-07-11T09:43:43,,,0,,,
TXN-0000862,ACC_NORM_1401,ACC_NORM_1202,14411.72,2026-07-11T09:52:21,,,0,,,
TXN-0000863,ACC_NORM_1472,ACC_NORM_1119,5120.48,2026-07-11T10:00:59,,,0,,,
TXN-0000864,ACC_NORM_0172,ACC_NORM_0225,4326.7,2026-07-11T10:09:38,,,0,,,
TXN-0000865,ACC_NORM_2176,ACC_NORM_0643,509.62,2026-07-11T10:18:16,,,0,,,
TXN-0000866,ACC_NORM_0467,ACC_NORM_2220,6555.6,2026-07-11T10:26:55,,,0,,,
TXN-0000867,ACC_NORM_0228,ACC_NORM_2670,23055.58,2026-07-11T10:35:33,,,0,,,
TXN-0000868,ACC_NORM_2485,ACC_NORM_1560,14242.96,2026-07-11T10:44:11,,,0,,,
TXN-0000869,ACC_NORM_2493,ACC_NORM_0986,17431.86,2026-07-11T10:52:50,,,0,,,
TXN-0000870,ACC_NORM_0110,ACC_NORM_2679,8079.58,2026-07-11T11:01:28,,,0,,,
TXN-0000871,ACC_NORM_1425,ACC_NORM_0680,4335.93,2026-07-11T11:10:07,,,0,,,
TXN-0000872,ACC_NORM_1394,ACC_NORM_2434,5772.1,2026-07-11T11:18:45,,,0,,,
TXN-0000873,ACC_NORM_2590,ACC_NORM_0232,13240.81,2026-07-11T11:27:23,,,0,,,
TXN-0000874,ACC_VIC_0168,ACC_MULE_0321,106598.62,2026-07-11T11:36:02,28.625132,77.330194,1,,,
TXN-0000875,ACC_NORM_2583,ACC_NORM_2586,10453.57,2026-07-11T11:44:40,,,0,,,
TXN-0000876,ACC_NORM_1019,ACC_NORM_0877,15172.62,2026-07-11T11:53:19,,,0,,,
TXN-0000877,ACC_MULE_0541,ACC_MULE_0201,158766.37,2026-07-11T12:01:57,28.582507,77.063214,2,,,
TXN-0000878,ACC_NORM_0782,ACC_NORM_1711,3878.28,2026-07-11T12:10:35,,,0,,,
TXN-0000879,ACC_NORM_0005,ACC_NORM_1945,15675.38,2026-07-11T12:19:14,,,0,,,
TXN-0000880,ACC_NORM_0988,ACC_NORM_2728,20350.37,2026-07-11T12:27:52,,,0,,,
TXN-0000881,ACC_VIC_0460,ACC_MULE_0489,90162.21,2026-07-11T12:36:31,28.727881,77.137992,1,2026-07-11T12:54:54,ATM_UBI_139,7.88
TXN-0000882,ACC_VIC_1482,ACC_MULE_0287,198954.98,2026-07-11T12:45:09,28.525337,77.201046,1,2026-07-11T13:05:02,ATM_ICICI_087,2.99
TXN-0000883,ACC_NORM_1637,ACC_NORM_2646,23433.73,2026-07-11T12:53:47,,,0,,,
TXN-0000884,ACC_NORM_1566,ACC_NORM_0356,2246.88,2026-07-11T13:02:26,,,0,,,
TXN-0000885,ACC_NORM_0276,ACC_NORM_1942,21441.23,2026-07-11T13:11:04,,,0,,,
TXN-0000886,ACC_NORM_1772,ACC_NORM_1596,22994.78,2026-07-11T13:19:43,,,0,,,
TXN-0000887,ACC_VIC_0540,ACC_MULE_0233,189817.01,2026-07-11T13:28:21,28.55998,77.247353,1,2026-07-11T13:51:59,ATM_ICICI_049,0.49
TXN-0000888,ACC_NORM_1096,ACC_NORM_0954,16925.43,2026-07-11T13:36:59,,,0,,,
TXN-0000889,ACC_NORM_0525,ACC_NORM_2269,22920.63,2026-07-11T13:45:38,,,0,,,
TXN-0000890,ACC_NORM_2822,ACC_NORM_1478,23142.53,2026-07-11T13:54:16,,,0,,,
TXN-0000891,ACC_NORM_1970,ACC_NORM_0479,8652.03,2026-07-11T14:02:55,,,0,,,
TXN-0000892,ACC_VIC_1316,ACC_MULE_0332,88749.97,2026-07-11T14:11:33,28.577982,77.035446,1,2026-07-11T14:27:30,ATM_AXIS_104,2.25
TXN-0000893,ACC_NORM_1911,ACC_NORM_2148,17076.65,2026-07-11T14:20:11,,,0,,,
TXN-0000894,ACC_NORM_1605,ACC_NORM_1334,4978.22,2026-07-11T14:28:50,,,0,,,
TXN-0000895,ACC_NORM_1999,ACC_NORM_0172,20224.48,2026-07-11T14:37:28,,,0,,,
TXN-0000896,ACC_NORM_2642,ACC_NORM_0264,16424.05,2026-07-11T14:46:07,,,0,,,
TXN-0000897,ACC_NORM_0535,ACC_NORM_0228,13321.65,2026-07-11T14:54:45,,,0,,,
TXN-0000898,ACC_NORM_1300,ACC_NORM_1764,23238.71,2026-07-11T15:03:23,,,0,,,
TXN-0000899,ACC_NORM_0989,ACC_NORM_0808,13970.01,2026-07-11T15:12:02,,,0,,,
TXN-0000900,ACC_NORM_2915,ACC_NORM_0536,3142.42,2026-07-11T15:20:40,,,0,,,
TXN-0000901,ACC_VIC_1184,ACC_MULE_0239,78470.14,2026-07-11T15:29:19,28.568324,77.263944,1,2026-07-11T15:54:52,ATM_UBI_067,8.01
TXN-0000902,ACC_NORM_2236,ACC_NORM_0085,4855.26,2026-07-11T15:37:57,,,0,,,
TXN-0000903,ACC_VIC_0853,ACC_MULE_0420,227574.66,2026-07-11T15:46:35,28.695728,77.098577,1,2026-07-11T16:07:56,ATM_SBI_141,5.08
TXN-0000904,ACC_VIC_1192,ACC_MULE_0568,57443.18,2026-07-11T15:55:14,28.526541,77.244943,1,2026-07-11T16:17:34,ATM_UBI_067,6.68
TXN-0000905,ACC_NORM_0074,ACC_NORM_2681,21875.54,2026-07-11T16:03:52,,,0,,,
TXN-0000906,ACC_NORM_1027,ACC_NORM_0569,19247.47,2026-07-11T16:12:31,,,0,,,
TXN-0000907,ACC_NORM_0277,ACC_NORM_2100,14215.97,2026-07-11T16:21:09,,,0,,,
TXN-0000908,ACC_MULE_0143,ACC_MULE_0411,138539.7,2026-07-11T16:29:47,28.530139,77.222592,2,2026-07-11T16:46:08,ATM_ICICI_068,7.2
TXN-0000909,ACC_VIC_0983,ACC_MULE_0185,224012.28,2026-07-11T16:38:26,28.717267,77.149642,1,2026-07-11T16:59:15,ATM_HDFC_130,8.93
TXN-0000910,ACC_NORM_2828,ACC_NORM_2592,3989.79,2026-07-11T16:47:04,,,0,,,
TXN-0000911,ACC_NORM_2915,ACC_NORM_1740,5307.42,2026-07-11T16:55:43,,,0,,,
TXN-0000912,ACC_VIC_0798,ACC_MULE_0406,115184.9,2026-07-11T17:04:21,28.641219,77.286214,1,2026-07-11T17:22:23,ATM_PNB_160,6.87
TXN-0000913,ACC_MULE_0377,ACC_MULE_0238,232836.71,2026-07-11T17:12:59,28.554033,77.261672,2,2026-07-11T17:36:28,ATM_UBI_067,4.15
TXN-0000914,ACC_NORM_0453,ACC_NORM_1502,19738.97,2026-07-11T17:21:38,,,0,,,
TXN-0000915,ACC_NORM_0126,ACC_NORM_0910,8645.5,2026-07-11T17:30:16,,,0,,,
TXN-0000916,ACC_NORM_1170,ACC_NORM_2512,9284.27,2026-07-11T17:38:55,,,0,,,
TXN-0000917,ACC_VIC_0222,ACC_MULE_0323,68789.94,2026-07-11T17:47:33,28.652306,77.218858,1,2026-07-11T18:03:08,ATM_HDFC_007,5.69
TXN-0000918,ACC_NORM_0015,ACC_NORM_1485,10271.37,2026-07-11T17:56:11,,,0,,,
TXN-0000919,ACC_NORM_2617,ACC_NORM_0375,14780.51,2026-07-11T18:04:50,,,0,,,
TXN-0000920,ACC_NORM_0087,ACC_NORM_0594,22403.67,2026-07-11T18:13:28,,,0,,,
TXN-0000921,ACC_NORM_1486,ACC_NORM_2966,18798.89,2026-07-11T18:22:07,,,0,,,
TXN-0000922,ACC_NORM_1930,ACC_NORM_0825,9964.75,2026-07-11T18:30:45,,,0,,,
TXN-0000923,ACC_VIC_0520,ACC_MULE_0241,215888.95,2026-07-11T18:39:23,28.646924,77.17685,1,2026-07-11T18:53:03,ATM_ICICI_013,5.21
TXN-0000924,ACC_MULE_0179,ACC_MULE_0580,72096.49,2026-07-11T18:48:02,28.69757,77.118788,2,2026-07-11T18:56:45,ATM_SBI_141,3.73
TXN-0000925,ACC_VIC_1308,ACC_MULE_0506,249891.92,2026-07-11T18:56:40,28.62333,77.226669,1,2026-07-11T19:41:17,ATM_HDFC_006,4.23
TXN-0000926,ACC_NORM_0670,ACC_NORM_0452,21100.35,2026-07-11T19:05:19,,,0,,,
TXN-0000927,ACC_NORM_1687,ACC_NORM_1889,18575.06,2026-07-11T19:13:57,,,0,,,
TXN-0000928,ACC_NORM_1032,ACC_NORM_1424,3572.02,2026-07-11T19:22:35,,,0,,,
TXN-0000929,ACC_NORM_0560,ACC_NORM_1571,7427.7,2026-07-11T19:31:14,,,0,,,
TXN-0000930,ACC_NORM_2642,ACC_NORM_0386,5960.43,2026-07-11T19:39:52,,,0,,,
TXN-0000931,ACC_NORM_1977,ACC_NORM_0664,21104.62,2026-07-11T19:48:31,,,0,,,
TXN-0000932,ACC_MULE_0497,ACC_MULE_0017,181730.51,2026-07-11T19:57:09,28.6384,77.204881,2,2026-07-11T20:09:48,ATM_ICICI_004,3.5
TXN-0000933,ACC_VIC_0769,ACC_MULE_0117,61692.33,2026-07-11T20:05:47,28.519749,77.21164,1,2026-07-11T20:27:59,ATM_PNB_062,13.03
TXN-0000934,ACC_NORM_1840,ACC_NORM_0767,13404.1,2026-07-11T20:14:26,,,0,,,
TXN-0000935,ACC_NORM_0832,ACC_NORM_0670,4641.9,2026-07-11T20:23:04,,,0,,,
TXN-0000936,ACC_NORM_2801,ACC_NORM_2168,24266.72,2026-07-11T20:31:43,,,0,,,
TXN-0000937,ACC_NORM_0866,ACC_NORM_0712,19665.73,2026-07-11T20:40:21,,,0,,,
TXN-0000938,ACC_NORM_1687,ACC_NORM_2338,5531.62,2026-07-11T20:48:59,,,0,,,
TXN-0000939,ACC_NORM_0421,ACC_NORM_2339,20454.48,2026-07-11T20:57:38,,,0,,,
TXN-0000940,ACC_NORM_1387,ACC_NORM_0126,14883.8,2026-07-11T21:06:16,,,0,,,
TXN-0000941,ACC_VIC_0840,ACC_MULE_0130,133309.69,2026-07-11T21:14:55,28.592238,77.041454,1,2026-07-11T21:30:36,ATM_PNB_102,4.15
TXN-0000942,ACC_NORM_2255,ACC_NORM_2470,12705.26,2026-07-11T21:23:33,,,0,,,
TXN-0000943,ACC_VIC_0936,ACC_MULE_0539,202861.85,2026-07-11T21:32:11,28.628311,77.297556,1,2026-07-11T21:43:48,ATM_UBI_147,2.92
TXN-0000944,ACC_VIC_0427,ACC_MULE_0178,177991.31,2026-07-11T21:40:50,28.550068,77.252257,1,2026-07-11T21:57:52,ATM_ICICI_068,4.0
TXN-0000945,ACC_NORM_1682,ACC_NORM_2614,13985.42,2026-07-11T21:49:28,,,0,,,
TXN-0000946,ACC_NORM_2417,ACC_NORM_1584,16096.47,2026-07-11T21:58:07,,,0,,,
TXN-0000947,ACC_VIC_1047,ACC_MULE_0114,132318.74,2026-07-11T22:06:45,28.616054,77.317915,1,2026-07-11T22:38:23,ATM_BOB_155,12.47
TXN-0000948,ACC_NORM_0011,ACC_NORM_2072,3126.98,2026-07-11T22:15:23,,,0,,,
TXN-0000949,ACC_NORM_0952,ACC_NORM_1840,13414.04,2026-07-11T22:24:02,,,0,,,
TXN-0000950,ACC_VIC_0258,ACC_MULE_0347,209115.49,2026-07-11T22:32:40,28.572251,77.236353,1,2026-07-11T22:40:27,ATM_BOB_046,0.66
TXN-0000951,ACC_NORM_0185,ACC_NORM_1236,5263.22,2026-07-11T22:41:19,,,0,,,
TXN-0000952,ACC_NORM_0034,ACC_NORM_2799,17539.78,2026-07-11T22:49:57,,,0,,,
TXN-0000953,ACC_NORM_2330,ACC_NORM_2155,6683.27,2026-07-11T22:58:35,,,0,,,
TXN-0000954,ACC_VIC_1129,ACC_MULE_0041,216837.38,2026-07-11T23:07:14,28.553456,77.253707,1,2026-07-11T23:24:17,ATM_KOTAK_053,8.19
TXN-0000955,ACC_NORM_1918,ACC_NORM_1022,20135.64,2026-07-11T23:15:52,,,0,,,
TXN-0000956,ACC_NORM_0506,ACC_NORM_0185,884.27,2026-07-11T23:24:31,,,0,,,
TXN-0000957,ACC_NORM_2499,ACC_NORM_2504,7532.59,2026-07-11T23:33:09,,,0,,,
TXN-0000958,ACC_MULE_0218,ACC_MULE_0445,202437.07,2026-07-11T23:41:47,28.63453,77.202872,2,2026-07-11T23:53:05,ATM_ICICI_004,2.63
TXN-0000959,ACC_NORM_2484,ACC_NORM_1124,18248.75,2026-07-11T23:50:26,,,0,,,
TXN-0000960,ACC_VIC_0002,ACC_MULE_0586,226785.94,2026-07-11T23:59:04,28.590442,77.321896,1,2026-07-12T00:15:44,ATM_KOTAK_176,5.92
TXN-0000961,ACC_MULE_0047,ACC_MULE_0242,245741.79,2026-07-12T00:07:43,28.534828,77.257597,2,2026-07-12T00:33:57,ATM_ICICI_087,15.97
TXN-0000962,ACC_NORM_1789,ACC_NORM_2696,1619.13,2026-07-12T00:16:21,,,0,,,
TXN-0000963,ACC_NORM_1143,ACC_NORM_2930,20755.38,2026-07-12T00:24:59,,,0,,,
TXN-0000964,ACC_NORM_1188,ACC_NORM_2436,18700.09,2026-07-12T00:33:38,,,0,,,
TXN-0000965,ACC_NORM_0485,ACC_NORM_2570,7182.46,2026-07-12T00:42:16,,,0,,,
TXN-0000966,ACC_NORM_0915,ACC_NORM_1321,8425.81,2026-07-12T00:50:55,,,0,,,
TXN-0000967,ACC_NORM_0083,ACC_NORM_0768,8519.16,2026-07-12T00:59:33,,,0,,,
TXN-0000968,ACC_NORM_2592,ACC_NORM_0501,10814.32,2026-07-12T01:08:11,,,0,,,
TXN-0000969,ACC_MULE_0583,ACC_MULE_0348,110619.38,2026-07-12T01:16:50,28.551143,77.16178,2,2026-07-12T02:01:50,ATM_BOB_113,33.16
TXN-0000970,ACC_MULE_0087,ACC_MULE_0463,106311.29,2026-07-12T01:25:28,28.608117,77.061555,2,2026-07-12T01:32:59,ATM_KOTAK_114,3.94
TXN-0000971,ACC_NORM_2064,ACC_NORM_0665,6137.85,2026-07-12T01:34:07,,,0,,,
TXN-0000972,ACC_NORM_0121,ACC_NORM_0298,19139.67,2026-07-12T01:42:45,,,0,,,
TXN-0000973,ACC_NORM_0116,ACC_NORM_1686,11210.13,2026-07-12T01:51:23,,,0,,,
TXN-0000974,ACC_NORM_0874,ACC_NORM_2225,24433.17,2026-07-12T02:00:02,,,0,,,
TXN-0000975,ACC_VIC_0374,ACC_MULE_0002,244274.44,2026-07-12T02:08:40,28.542431,77.136627,1,2026-07-12T02:23:51,ATM_BOB_094,7.36
TXN-0000976,ACC_NORM_1693,ACC_NORM_2029,15091.36,2026-07-12T02:17:19,,,0,,,
TXN-0000977,ACC_VIC_0443,ACC_MULE_0430,230713.61,2026-07-12T02:25:57,28.58049,77.25331,1,2026-07-12T02:39:04,ATM_PNB_052,4.77
TXN-0000978,ACC_VIC_0933,ACC_MULE_0010,221175.94,2026-07-12T02:34:35,28.523741,77.139855,1,2026-07-12T02:44:49,ATM_BOB_091,4.49
TXN-0000979,ACC_VIC_1304,ACC_MULE_0180,195438.79,2026-07-12T02:43:14,28.543151,77.228039,1,2026-07-12T02:55:12,ATM_PNB_062,7.29
TXN-0000980,ACC_NORM_1817,ACC_NORM_1616,2696.37,2026-07-12T02:51:52,,,0,,,
TXN-0000981,ACC_VIC_0361,ACC_MULE_0107,184689.9,2026-07-12T03:00:31,28.572584,77.242361,1,,,
TXN-0000982,ACC_VIC_0284,ACC_MULE_0368,219679.98,2026-07-12T03:09:09,28.648347,77.226941,1,,,
TXN-0000983,ACC_MULE_0044,ACC_MULE_0518,172197.42,2026-07-12T03:17:47,28.534459,77.192434,2,2026-07-12T03:33:53,ATM_HDFC_089,2.33
TXN-0000984,ACC_NORM_1550,ACC_NORM_2188,5637.75,2026-07-12T03:26:26,,,0,,,
TXN-0000985,ACC_VIC_0489,ACC_MULE_0556,217039.84,2026-07-12T03:35:04,28.678295,77.304574,1,2026-07-12T03:56:10,ATM_HDFC_170,5.02
TXN-0000986,ACC_NORM_2906,ACC_NORM_2235,21678.76,2026-07-12T03:43:43,,,0,,,
TXN-0000987,ACC_NORM_2101,ACC_NORM_2070,9443.03,2026-07-12T03:52:21,,,0,,,
TXN-0000988,ACC_NORM_0757,ACC_NORM_1384,16871.66,2026-07-12T04:00:59,,,0,,,
TXN-0000989,ACC_NORM_0797,ACC_NORM_0323,3819.97,2026-07-12T04:09:38,,,0,,,
TXN-0000990,ACC_NORM_1005,ACC_NORM_1019,21783.95,2026-07-12T04:18:16,,,0,,,
TXN-0000991,ACC_NORM_2479,ACC_NORM_0060,24012.53,2026-07-12T04:26:55,,,0,,,
TXN-0000992,ACC_VIC_0078,ACC_MULE_0221,226287.13,2026-07-12T04:35:33,28.638591,77.221445,1,2026-07-12T04:49:38,ATM_HDFC_007,1.25
TXN-0000993,ACC_VIC_0346,ACC_MULE_0334,219410.29,2026-07-12T04:44:11,28.526225,77.192776,1,2026-07-12T05:04:37,ATM_ICICI_087,3.58
TXN-0000994,ACC_NORM_0903,ACC_NORM_2477,18631.68,2026-07-12T04:52:50,,,0,,,
TXN-0000995,ACC_VIC_1316,ACC_MULE_0454,211938.15,2026-07-12T05:01:28,28.608527,77.299857,1,2026-07-12T05:16:02,ATM_PNB_160,5.84
TXN-0000996,ACC_NORM_0462,ACC_NORM_1120,22929.92,2026-07-12T05:10:07,,,0,,,
TXN-0000997,ACC_NORM_0555,ACC_NORM_1842,3856.43,2026-07-12T05:18:45,,,0,,,
TXN-0000998,ACC_NORM_2943,ACC_NORM_1768,13149.97,2026-07-12T05:27:23,,,0,,,
TXN-0000999,ACC_NORM_2760,ACC_NORM_2380,11549.21,2026-07-12T05:36:02,,,0,,,
TXN-0001000,ACC_NORM_0491,ACC_NORM_1249,5870.97,2026-07-12T05:44:40,,,0,,,
TXN-0001001,ACC_MULE_0443,ACC_MULE_0571,94628.41,2026-07-12T05:53:19,28.573181,77.042964,2,2026-07-12T06:17:57,ATM_UBI_100,8.37
TXN-0001002,ACC_NORM_2241,ACC_NORM_0086,8200.81,2026-07-12T06:01:57,,,0,,,
TXN-0001003,ACC_VIC_1410,ACC_MULE_0584,116630.94,2026-07-12T06:10:35,28.619341,77.220988,1,2026-07-12T06:29:49,ATM_KOTAK_008,3.73
TXN-0001004,ACC_VIC_1243,ACC_MULE_0349,102003.17,2026-07-12T06:19:14,28.73,77.111048,1,2026-07-12T06:42:33,ATM_SBI_141,7.39
TXN-0001005,ACC_MULE_0434,ACC_MULE_0097,229844.88,2026-07-12T06:27:52,28.652815,77.308392,2,2026-07-12T06:47:23,ATM_SBI_149,9.51
TXN-0001006,ACC_VIC_0473,ACC_MULE_0435,93332.17,2026-07-12T06:36:31,28.627355,77.322151,1,2026-07-12T06:57:25,ATM_BOB_152,5.38
TXN-0001007,ACC_VIC_0506,ACC_MULE_0089,223083.97,2026-07-12T06:45:09,28.616568,77.228669,1,2026-07-12T07:24:58,ATM_UBI_016,14.3
TXN-0001008,ACC_VIC_1270,ACC_MULE_0125,102206.27,2026-07-12T06:53:47,28.555925,77.15922,1,,,
TXN-0001009,ACC_MULE_0173,ACC_MULE_0419,233042.84,2026-07-12T07:02:26,28.607984,77.055055,2,2026-07-12T07:16:19,ATM_AXIS_101,5.39
TXN-0001010,ACC_NORM_1587,ACC_NORM_2618,21801.1,2026-07-12T07:11:04,,,0,,,
TXN-0001011,ACC_NORM_2303,ACC_NORM_2943,7556.11,2026-07-12T07:19:43,,,0,,,
TXN-0001012,ACC_NORM_0413,ACC_NORM_1400,23112.4,2026-07-12T07:28:21,,,0,,,
TXN-0001013,ACC_VIC_1291,ACC_MULE_0524,110176.57,2026-07-12T07:36:59,28.630137,77.233788,1,2026-07-12T07:58:12,ATM_ICICI_004,7.19
TXN-0001014,ACC_NORM_1289,ACC_NORM_2187,18634.56,2026-07-12T07:45:38,,,0,,,
TXN-0001015,ACC_NORM_0184,ACC_NORM_1311,5361.69,2026-07-12T07:54:16,,,0,,,
TXN-0001016,ACC_NORM_0155,ACC_NORM_0006,2489.65,2026-07-12T08:02:55,,,0,,,
TXN-0001017,ACC_VIC_1212,ACC_MULE_0552,141845.7,2026-07-12T08:11:33,28.664857,77.29072,1,,,
TXN-0001018,ACC_NORM_1877,ACC_NORM_0256,4004.89,2026-07-12T08:20:11,,,0,,,
TXN-0001019,ACC_NORM_1445,ACC_NORM_0960,12955.05,2026-07-12T08:28:50,,,0,,,
TXN-0001020,ACC_NORM_2699,ACC_NORM_1743,6621.62,2026-07-12T08:37:28,,,0,,,
TXN-0001021,ACC_MULE_0486,ACC_MULE_0303,115809.21,2026-07-12T08:46:07,28.596125,77.032914,2,,,
TXN-0001022,ACC_MULE_0074,ACC_MULE_0066,102443.65,2026-07-12T08:54:45,28.590834,77.331629,2,2026-07-12T09:16:18,ATM_KOTAK_176,7.09
TXN-0001023,ACC_NORM_1551,ACC_NORM_1117,12157.06,2026-07-12T09:03:23,,,0,,,
TXN-0001024,ACC_NORM_1201,ACC_NORM_1979,5326.38,2026-07-12T09:12:02,,,0,,,
TXN-0001025,ACC_NORM_2379,ACC_NORM_1030,8077.87,2026-07-12T09:20:40,,,0,,,
TXN-0001026,ACC_VIC_0119,ACC_MULE_0441,80133.06,2026-07-12T09:29:19,28.544226,77.131951,1,2026-07-12T09:54:48,ATM_BOB_094,8.44
TXN-0001027,ACC_NORM_1908,ACC_NORM_2363,7645.28,2026-07-12T09:37:57,,,0,,,
TXN-0001028,ACC_VIC_0354,ACC_MULE_0093,177228.06,2026-07-12T09:46:35,28.659563,77.308654,1,2026-07-12T10:17:31,ATM_HDFC_170,8.46
TXN-0001029,ACC_NORM_2728,ACC_NORM_2139,12487.42,2026-07-12T09:55:14,,,0,,,
TXN-0001030,ACC_NORM_0118,ACC_NORM_2227,7759.43,2026-07-12T10:03:52,,,0,,,
TXN-0001031,ACC_VIC_0191,ACC_MULE_0138,232857.19,2026-07-12T10:12:31,28.548841,77.227947,1,2026-07-12T10:30:01,ATM_AXIS_061,7.37
TXN-0001032,ACC_NORM_1268,ACC_NORM_1469,23533.55,2026-07-12T10:21:09,,,0,,,
TXN-0001033,ACC_VIC_1025,ACC_MULE_0483,102052.2,2026-07-12T10:29:47,28.701011,77.126097,1,2026-07-12T10:52:30,ATM_ICICI_142,1.48
TXN-0001034,ACC_VIC_1458,ACC_MULE_0059,72007.09,2026-07-12T10:38:26,28.645136,77.181071,1,,,
TXN-0001035,ACC_NORM_0435,ACC_NORM_1524,23439.46,2026-07-12T10:47:04,,,0,,,
TXN-0001036,ACC_NORM_1260,ACC_NORM_2537,7311.76,2026-07-12T10:55:43,,,0,,,
TXN-0001037,ACC_VIC_0228,ACC_MULE_0335,215748.47,2026-07-12T11:04:21,28.533166,77.242232,1,2026-07-12T11:29:32,ATM_ICICI_087,11.64
TXN-0001038,ACC_NORM_2074,ACC_NORM_2663,6315.91,2026-07-12T11:12:59,,,0,,,
TXN-0001039,ACC_NORM_1908,ACC_NORM_1878,6418.61,2026-07-12T11:21:38,,,0,,,
TXN-0001040,ACC_NORM_2481,ACC_NORM_0552,23668.33,2026-07-12T11:30:16,,,0,,,
TXN-0001041,ACC_NORM_2159,ACC_NORM_2388,6636.23,2026-07-12T11:38:55,,,0,,,
TXN-0001042,ACC_VIC_1282,ACC_MULE_0361,226431.57,2026-07-12T11:47:33,28.581471,77.039621,1,2026-07-12T12:00:26,ATM_PNB_102,5.25
TXN-0001043,ACC_NORM_0302,ACC_NORM_2540,5711.01,2026-07-12T11:56:11,,,0,,,
TXN-0001044,ACC_NORM_1674,ACC_NORM_0464,2700.58,2026-07-12T12:04:50,,,0,,,
TXN-0001045,ACC_NORM_2037,ACC_NORM_1000,16848.37,2026-07-12T12:13:28,,,0,,,
TXN-0001046,ACC_NORM_1003,ACC_NORM_2965,9616.75,2026-07-12T12:22:07,,,0,,,
TXN-0001047,ACC_NORM_2956,ACC_NORM_2435,23363.46,2026-07-12T12:30:45,,,0,,,
TXN-0001048,ACC_VIC_1331,ACC_MULE_0489,79428.89,2026-07-12T12:39:23,28.727881,77.137992,1,,,
TXN-0001049,ACC_NORM_2266,ACC_NORM_0875,22794.16,2026-07-12T12:48:02,,,0,,,
TXN-0001050,ACC_VIC_1137,ACC_MULE_0288,55519.51,2026-07-12T12:56:40,28.548084,77.258085,1,2026-07-12T13:21:17,ATM_PNB_065,3.81
TXN-0001051,ACC_NORM_1546,ACC_NORM_2496,3587.39,2026-07-12T13:05:19,,,0,,,
TXN-0001052,ACC_NORM_0333,ACC_NORM_2999,20222.94,2026-07-12T13:13:57,,,0,,,
TXN-0001053,ACC_VIC_0643,ACC_MULE_0114,225777.11,2026-07-12T13:22:35,28.616054,77.317915,1,2026-07-12T13:43:22,ATM_BOB_152,3.53
TXN-0001054,ACC_MULE_0191,ACC_MULE_0006,53452.65,2026-07-12T13:31:14,28.684818,77.28595,2,2026-07-12T13:47:19,ATM_HDFC_170,2.34
TXN-0001055,ACC_NORM_1628,ACC_NORM_1163,9531.24,2026-07-12T13:39:52,,,0,,,
TXN-0001056,ACC_NORM_0642,ACC_NORM_2261,17582.29,2026-07-12T13:48:31,,,0,,,
TXN-0001057,ACC_NORM_2815,ACC_NORM_2393,11122.52,2026-07-12T13:57:09,,,0,,,
TXN-0001058,ACC_NORM_1516,ACC_NORM_2172,5568.49,2026-07-12T14:05:47,,,0,,,
TXN-0001059,ACC_NORM_2019,ACC_NORM_2080,18928.77,2026-07-12T14:14:26,,,0,,,
TXN-0001060,ACC_NORM_2728,ACC_NORM_0946,19985.49,2026-07-12T14:23:04,,,0,,,
TXN-0001061,ACC_NORM_0751,ACC_NORM_2925,6382.43,2026-07-12T14:31:43,,,0,,,
TXN-0001062,ACC_VIC_0133,ACC_MULE_0285,225195.71,2026-07-12T14:40:21,28.570474,77.255829,1,2026-07-12T14:59:12,ATM_BOB_046,4.95
TXN-0001063,ACC_MULE_0556,ACC_MULE_0181,98717.28,2026-07-12T14:48:59,28.593034,77.065414,2,2026-07-12T15:09:13,ATM_AXIS_111,9.91
TXN-0001064,ACC_NORM_2019,ACC_NORM_1796,11068.34,2026-07-12T14:57:38,,,0,,,
TXN-0001065,ACC_MULE_0192,ACC_MULE_0214,169232.61,2026-07-12T15:06:16,28.708835,77.129734,2,2026-07-12T15:17:10,ATM_ICICI_142,3.33
TXN-0001066,ACC_NORM_2118,ACC_NORM_0635,17288.86,2026-07-12T15:14:55,,,0,,,
TXN-0001067,ACC_VIC_0653,ACC_MULE_0106,194314.58,2026-07-12T15:23:33,28.652005,77.295761,1,2026-07-12T15:41:37,ATM_UBI_150,9.2
TXN-0001068,ACC_VIC_0800,ACC_MULE_0401,248010.83,2026-07-12T15:32:11,28.535746,77.146786,1,2026-07-12T15:45:02,ATM_BOB_094,4.69
TXN-0001069,ACC_NORM_1882,ACC_NORM_1215,1317.73,2026-07-12T15:40:50,,,0,,,
TXN-0001070,ACC_NORM_2712,ACC_NORM_0785,13467.59,2026-07-12T15:49:28,,,0,,,
TXN-0001071,ACC_NORM_2426,ACC_NORM_2031,17206.44,2026-07-12T15:58:07,,,0,,,
TXN-0001072,ACC_MULE_0482,ACC_MULE_0006,113304.71,2026-07-12T16:06:45,28.684818,77.28595,2,2026-07-12T16:13:27,ATM_HDFC_170,2.34
TXN-0001073,ACC_VIC_0799,ACC_MULE_0569,213252.55,2026-07-12T16:15:23,28.654506,77.295014,1,2026-07-12T16:49:39,ATM_PNB_036,20.92
TXN-0001074,ACC_NORM_1120,ACC_NORM_0006,11282.24,2026-07-12T16:24:02,,,0,,,
TXN-0001075,ACC_NORM_2023,ACC_NORM_0875,6651.49,2026-07-12T16:32:40,,,0,,,
TXN-0001076,ACC_VIC_0247,ACC_MULE_0437,133155.92,2026-07-12T16:41:19,28.584929,77.249474,1,,,
TXN-0001077,ACC_NORM_1221,ACC_NORM_0483,7206.22,2026-07-12T16:49:57,,,0,,,
TXN-0001078,ACC_NORM_2307,ACC_NORM_0425,21653.64,2026-07-12T16:58:35,,,0,,,
TXN-0001079,ACC_VIC_0300,ACC_MULE_0360,194668.09,2026-07-12T17:07:14,28.527679,77.249452,1,2026-07-12T17:22:26,ATM_HDFC_070,3.77
TXN-0001080,ACC_VIC_0273,ACC_MULE_0465,147903.6,2026-07-12T17:15:52,28.63428,77.230542,1,2026-07-12T17:47:41,ATM_HDFC_007,2.07
TXN-0001081,ACC_NORM_0120,ACC_NORM_1542,17916.67,2026-07-12T17:24:31,,,0,,,
TXN-0001082,ACC_NORM_1868,ACC_NORM_1833,15839.71,2026-07-12T17:33:09,,,0,,,
TXN-0001083,ACC_VIC_1447,ACC_MULE_0154,232141.04,2026-07-12T17:41:47,28.617262,77.287712,1,2026-07-12T17:53:30,ATM_ICICI_157,4.5
TXN-0001084,ACC_NORM_1246,ACC_NORM_2878,22562.79,2026-07-12T17:50:26,,,0,,,
TXN-0001085,ACC_NORM_0052,ACC_NORM_1125,17099.64,2026-07-12T17:59:04,,,0,,,
TXN-0001086,ACC_NORM_0405,ACC_NORM_1254,6412.24,2026-07-12T18:07:43,,,0,,,
TXN-0001087,ACC_NORM_1550,ACC_NORM_2569,23483.03,2026-07-12T18:16:21,,,0,,,
TXN-0001088,ACC_NORM_0155,ACC_NORM_0112,23517.19,2026-07-12T18:24:59,,,0,,,
TXN-0001089,ACC_NORM_1913,ACC_NORM_2753,15023.56,2026-07-12T18:33:38,,,0,,,
TXN-0001090,ACC_VIC_0637,ACC_MULE_0381,217036.71,2026-07-12T18:42:16,28.715625,77.126471,1,2026-07-12T19:03:01,ATM_AXIS_140,1.28
TXN-0001091,ACC_NORM_1834,ACC_NORM_2879,11805.58,2026-07-12T18:50:55,,,0,,,
TXN-0001092,ACC_NORM_0809,ACC_NORM_0087,14111.62,2026-07-12T18:59:33,,,0,,,
TXN-0001093,ACC_NORM_2171,ACC_NORM_0839,13005.3,2026-07-12T19:08:11,,,0,,,
TXN-0001094,ACC_NORM_1241,ACC_NORM_0222,18738.64,2026-07-12T19:16:50,,,0,,,
TXN-0001095,ACC_VIC_1400,ACC_MULE_0330,198967.51,2026-07-12T19:25:28,28.561635,77.261392,1,2026-07-12T19:40:58,ATM_PNB_052,3.87
TXN-0001096,ACC_NORM_2990,ACC_NORM_2407,705.03,2026-07-12T19:34:07,,,0,,,
TXN-0001097,ACC_NORM_2128,ACC_NORM_0992,5515.95,2026-07-12T19:42:45,,,0,,,
TXN-0001098,ACC_NORM_0154,ACC_NORM_1012,12173.77,2026-07-12T19:51:23,,,0,,,
TXN-0001099,ACC_NORM_1892,ACC_NORM_0220,12775.1,2026-07-12T20:00:02,,,0,,,
TXN-0001100,ACC_VIC_0173,ACC_MULE_0506,108648.88,2026-07-12T20:08:40,28.62333,77.226669,1,,,
TXN-0001101,ACC_NORM_2645,ACC_NORM_0140,4400.51,2026-07-12T20:17:19,,,0,,,
TXN-0001102,ACC_MULE_0075,ACC_MULE_0589,133568.77,2026-07-12T20:25:57,28.639613,77.199065,2,2026-07-12T20:40:26,ATM_ICICI_004,4.58
TXN-0001103,ACC_VIC_0126,ACC_MULE_0045,218649.82,2026-07-12T20:34:35,28.691575,77.131599,1,2026-07-12T20:48:30,ATM_ICICI_142,4.48
TXN-0001104,ACC_NORM_2118,ACC_NORM_2312,1957.31,2026-07-12T20:43:14,,,0,,,
TXN-0001105,ACC_NORM_1810,ACC_NORM_1694,731.52,2026-07-12T20:51:52,,,0,,,
TXN-0001106,ACC_VIC_1168,ACC_MULE_0368,147960.18,2026-07-12T21:00:31,28.648347,77.226941,1,,,
TXN-0001107,ACC_NORM_1161,ACC_NORM_1553,24145.5,2026-07-12T21:09:09,,,0,,,
TXN-0001108,ACC_NORM_2857,ACC_NORM_1654,22941.77,2026-07-12T21:17:47,,,0,,,
TXN-0001109,ACC_NORM_1505,ACC_NORM_1807,5134.78,2026-07-12T21:26:26,,,0,,,
TXN-0001110,ACC_NORM_2510,ACC_NORM_0549,20992.94,2026-07-12T21:35:04,,,0,,,
TXN-0001111,ACC_NORM_2406,ACC_NORM_0712,13429.77,2026-07-12T21:43:43,,,0,,,
TXN-0001112,ACC_NORM_0326,ACC_NORM_1914,5352.82,2026-07-12T21:52:21,,,0,,,
TXN-0001113,ACC_VIC_1435,ACC_MULE_0378,115547.26,2026-07-12T22:00:59,28.715632,77.107089,1,2026-07-12T22:19:04,ATM_SBI_141,3.0
TXN-0001114,ACC_VIC_0837,ACC_MULE_0009,128075.01,2026-07-12T22:09:38,28.59655,77.0633,1,2026-07-12T22:21:47,ATM_PNB_102,3.11
TXN-0001115,ACC_NORM_2404,ACC_NORM_2263,2973.77,2026-07-12T22:18:16,,,0,,,
TXN-0001116,ACC_NORM_1381,ACC_NORM_0100,19877.71,2026-07-12T22:26:55,,,0,,,
TXN-0001117,ACC_VIC_0662,ACC_MULE_0288,247928.84,2026-07-12T22:35:33,28.548084,77.258085,1,2026-07-12T22:53:16,ATM_PNB_065,3.81
TXN-0001118,ACC_NORM_1721,ACC_NORM_0297,16139.41,2026-07-12T22:44:11,,,0,,,
TXN-0001119,ACC_MULE_0156,ACC_MULE_0421,206297.66,2026-07-12T22:52:50,28.618462,77.306543,2,2026-07-12T23:05:56,ATM_UBI_150,2.34
TXN-0001120,ACC_VIC_0468,ACC_MULE_0389,117266.26,2026-07-12T23:01:28,28.583693,77.0543,1,2026-07-12T23:12:39,ATM_UBI_100,5.83
TXN-0001121,ACC_NORM_1321,ACC_NORM_1095,24359.59,2026-07-12T23:10:07,,,0,,,
TXN-0001122,ACC_VIC_0195,ACC_MULE_0572,218435.77,2026-07-12T23:18:45,28.689351,77.125333,1,2026-07-12T23:51:22,ATM_UBI_139,9.22
TXN-0001123,ACC_NORM_1135,ACC_NORM_2463,9923.82,2026-07-12T23:27:23,,,0,,,
TXN-0001124,ACC_NORM_1484,ACC_NORM_0296,8935.38,2026-07-12T23:36:02,,,0,,,
TXN-0001125,ACC_NORM_1597,ACC_NORM_0879,20242.17,2026-07-12T23:44:40,,,0,,,
TXN-0001126,ACC_NORM_2399,ACC_NORM_1711,1857.54,2026-07-12T23:53:19,,,0,,,
TXN-0001127,ACC_NORM_0869,ACC_NORM_0972,21201.27,2026-07-13T00:01:57,,,0,,,
TXN-0001128,ACC_NORM_1886,ACC_NORM_0162,24267.6,2026-07-13T00:10:35,,,0,,,
TXN-0001129,ACC_NORM_0314,ACC_NORM_0640,5899.56,2026-07-13T00:19:14,,,0,,,
TXN-0001130,ACC_MULE_0148,ACC_MULE_0453,198683.25,2026-07-13T00:27:52,28.581104,77.069827,2,2026-07-13T00:41:16,ATM_AXIS_108,5.52
TXN-0001131,ACC_NORM_2656,ACC_NORM_1353,20550.95,2026-07-13T00:36:31,,,0,,,
TXN-0001132,ACC_NORM_1250,ACC_NORM_0510,1446.99,2026-07-13T00:45:09,,,0,,,
TXN-0001133,ACC_VIC_1276,ACC_MULE_0079,239829.23,2026-07-13T00:53:47,28.538782,77.192955,1,2026-07-13T01:20:07,ATM_ICICI_087,2.66
TXN-0001134,ACC_NORM_0220,ACC_NORM_1906,24010.44,2026-07-13T01:02:26,,,0,,,
TXN-0001135,ACC_NORM_1711,ACC_NORM_1926,1643.4,2026-07-13T01:11:04,,,0,,,
TXN-0001136,ACC_VIC_0949,ACC_MULE_0224,203509.7,2026-07-13T01:19:43,28.600858,77.061482,1,,,
TXN-0001137,ACC_NORM_2857,ACC_NORM_0910,19641.23,2026-07-13T01:28:21,,,0,,,
TXN-0001138,ACC_NORM_0837,ACC_NORM_0644,22007.02,2026-07-13T01:36:59,,,0,,,
TXN-0001139,ACC_NORM_1577,ACC_NORM_2028,19102.05,2026-07-13T01:45:38,,,0,,,
TXN-0001140,ACC_NORM_1958,ACC_NORM_2484,22705.17,2026-07-13T01:54:16,,,0,,,
TXN-0001141,ACC_NORM_0860,ACC_NORM_0970,11448.85,2026-07-13T02:02:55,,,0,,,
TXN-0001142,ACC_NORM_2227,ACC_NORM_1964,4165.62,2026-07-13T02:11:33,,,0,,,
TXN-0001143,ACC_NORM_1015,ACC_NORM_2900,901.03,2026-07-13T02:20:11,,,0,,,
TXN-0001144,ACC_NORM_1256,ACC_NORM_0961,1128.71,2026-07-13T02:28:50,,,0,,,
TXN-0001145,ACC_NORM_2253,ACC_NORM_0896,12702.64,2026-07-13T02:37:28,,,0,,,
TXN-0001146,ACC_NORM_2018,ACC_NORM_1899,20976.93,2026-07-13T02:46:07,,,0,,,
TXN-0001147,ACC_NORM_1190,ACC_NORM_2206,7080.79,2026-07-13T02:54:45,,,0,,,
TXN-0001148,ACC_VIC_1377,ACC_MULE_0551,198758.87,2026-07-13T03:03:23,28.674802,77.288003,1,2026-07-13T03:11:12,ATM_HDFC_170,0.96
TXN-0001149,ACC_NORM_1090,ACC_NORM_2268,3761.73,2026-07-13T03:12:02,,,0,,,
TXN-0001150,ACC_NORM_2478,ACC_NORM_2533,20284.04,2026-07-13T03:20:40,,,0,,,
TXN-0001151,ACC_VIC_0323,ACC_MULE_0145,170949.5,2026-07-13T03:29:19,28.595729,77.040826,1,2026-07-13T03:49:20,ATM_PNB_102,4.69
TXN-0001152,ACC_VIC_1492,ACC_MULE_0544,59298.91,2026-07-13T03:37:57,28.669115,77.290643,1,,,
TXN-0001153,ACC_NORM_2064,ACC_NORM_0757,15261.4,2026-07-13T03:46:35,,,0,,,
TXN-0001154,ACC_NORM_1099,ACC_NORM_0915,17112.63,2026-07-13T03:55:14,,,0,,,
TXN-0001155,ACC_VIC_0931,ACC_MULE_0117,112794.28,2026-07-13T04:03:52,28.519749,77.21164,1,2026-07-13T04:44:44,ATM_KOTAK_085,1.61
TXN-0001156,ACC_VIC_0180,ACC_MULE_0569,97056.06,2026-07-13T04:12:31,28.654506,77.295014,1,2026-07-13T04:34:40,ATM_BOB_146,10.73
TXN-0001157,ACC_MULE_0098,ACC_MULE_0469,170591.49,2026-07-13T04:21:09,28.645181,77.211623,2,,,
TXN-0001158,ACC_VIC_0123,ACC_MULE_0103,157197.0,2026-07-13T04:29:47,28.598643,77.335831,1,2026-07-13T04:52:50,ATM_PNB_160,16.21
TXN-0001159,ACC_MULE_0523,ACC_MULE_0410,200578.75,2026-07-13T04:38:26,28.552688,77.223813,2,2026-07-13T04:52:06,ATM_ICICI_087,8.66
TXN-0001160,ACC_MULE_0413,ACC_MULE_0480,60598.14,2026-07-13T04:47:04,28.595802,77.063709,2,2026-07-13T05:06:01,ATM_AXIS_104,8.07
TXN-0001161,ACC_NORM_1393,ACC_NORM_1439,5499.2,2026-07-13T04:55:43,,,0,,,
TXN-0001162,ACC_NORM_0267,ACC_NORM_1982,19801.03,2026-07-13T05:04:21,,,0,,,
TXN-0001163,ACC_NORM_0693,ACC_NORM_0396,15156.14,2026-07-13T05:12:59,,,0,,,
TXN-0001164,ACC_NORM_1427,ACC_NORM_1217,5578.1,2026-07-13T05:21:38,,,0,,,
TXN-0001165,ACC_NORM_0075,ACC_NORM_0134,4159.2,2026-07-13T05:30:16,,,0,,,
TXN-0001166,ACC_VIC_1242,ACC_MULE_0410,63831.74,2026-07-13T05:38:55,28.552688,77.223813,1,2026-07-13T06:02:44,ATM_HDFC_057,5.01
TXN-0001167,ACC_MULE_0061,ACC_MULE_0240,172191.94,2026-07-13T05:47:33,28.516606,77.229962,2,2026-07-13T06:09:11,ATM_KOTAK_071,8.15
TXN-0001168,ACC_NORM_0806,ACC_NORM_1017,5620.48,2026-07-13T05:56:11,,,0,,,
TXN-0001169,ACC_NORM_2075,ACC_NORM_2342,22949.27,2026-07-13T06:04:50,,,0,,,
TXN-0001170,ACC_VIC_0620,ACC_MULE_0490,51855.39,2026-07-13T06:13:28,28.659976,77.176184,1,2026-07-13T06:44:54,ATM_UBI_016,6.07
TXN-0001171,ACC_NORM_1088,ACC_NORM_2283,18632.84,2026-07-13T06:22:07,,,0,,,
TXN-0001172,ACC_VIC_0324,ACC_MULE_0580,209181.96,2026-07-13T06:30:45,28.69757,77.118788,1,2026-07-13T06:40:32,ATM_ICICI_142,1.52
TXN-0001173,ACC_NORM_1030,ACC_NORM_0892,14696.62,2026-07-13T06:39:23,,,0,,,
TXN-0001174,ACC_VIC_0171,ACC_MULE_0195,98050.01,2026-07-13T06:48:02,28.645333,77.202553,1,2026-07-13T07:03:50,ATM_UBI_016,3.21
TXN-0001175,ACC_VIC_0722,ACC_MULE_0373,206713.79,2026-07-13T06:56:40,28.633398,77.295674,1,2026-07-13T07:14:29,ATM_UBI_150,3.43
TXN-0001176,ACC_VIC_0464,ACC_MULE_0433,97056.47,2026-07-13T07:05:19,28.557173,77.230782,1,2026-07-13T07:17:45,ATM_KOTAK_053,2.99
TXN-0001177,ACC_NORM_1137,ACC_NORM_1316,17180.12,2026-07-13T07:13:57,,,0,,,
TXN-0001178,ACC_NORM_1532,ACC_NORM_2342,17259.44,2026-07-13T07:22:35,,,0,,,
TXN-0001179,ACC_NORM_1651,ACC_NORM_0493,24730.15,2026-07-13T07:31:14,,,0,,,
TXN-0001180,ACC_NORM_2741,ACC_NORM_1788,20245.08,2026-07-13T07:39:52,,,0,,,
TXN-0001181,ACC_VIC_1001,ACC_MULE_0355,130327.75,2026-07-13T07:48:31,28.537536,77.256148,1,2026-07-13T07:59:25,ATM_KOTAK_071,5.25
TXN-0001182,ACC_NORM_2787,ACC_NORM_0650,1129.59,2026-07-13T07:57:09,,,0,,,
TXN-0001183,ACC_VIC_0904,ACC_MULE_0320,123982.55,2026-07-13T08:05:47,28.697783,77.111569,1,2026-07-13T08:17:06,ATM_SBI_141,2.98
TXN-0001184,ACC_VIC_1477,ACC_MULE_0254,69971.11,2026-07-13T08:14:26,28.64577,77.178906,1,,,
TXN-0001185,ACC_VIC_1442,ACC_MULE_0486,107478.75,2026-07-13T08:23:04,28.535819,77.227432,1,2026-07-13T08:50:24,ATM_ICICI_087,7.46
TXN-0001186,ACC_NORM_2545,ACC_NORM_2656,16298.17,2026-07-13T08:31:43,,,0,,,
TXN-0001187,ACC_NORM_2280,ACC_NORM_0722,22853.41,2026-07-13T08:40:21,,,0,,,
TXN-0001188,ACC_NORM_2136,ACC_NORM_2390,21963.36,2026-07-13T08:48:59,,,0,,,
TXN-0001189,ACC_NORM_0094,ACC_NORM_1127,5978.37,2026-07-13T08:57:38,,,0,,,
TXN-0001190,ACC_VIC_1449,ACC_MULE_0410,122583.3,2026-07-13T09:06:16,28.552688,77.223813,1,2026-07-13T09:22:55,ATM_ICICI_087,8.66
TXN-0001191,ACC_NORM_0918,ACC_NORM_0472,19397.53,2026-07-13T09:14:55,,,0,,,
TXN-0001192,ACC_NORM_2688,ACC_NORM_0246,15860.95,2026-07-13T09:23:33,,,0,,,
TXN-0001193,ACC_NORM_2594,ACC_NORM_0065,12332.74,2026-07-13T09:32:11,,,0,,,
TXN-0001194,ACC_NORM_1709,ACC_NORM_0299,8944.7,2026-07-13T09:40:50,,,0,,,
TXN-0001195,ACC_NORM_2935,ACC_NORM_1124,16917.71,2026-07-13T09:49:28,,,0,,,
TXN-0001196,ACC_NORM_0259,ACC_NORM_1860,22103.78,2026-07-13T09:58:07,,,0,,,
TXN-0001197,ACC_NORM_0688,ACC_NORM_0885,4989.67,2026-07-13T10:06:45,,,0,,,
TXN-0001198,ACC_NORM_0498,ACC_NORM_1061,13105.72,2026-07-13T10:15:23,,,0,,,
TXN-0001199,ACC_NORM_0711,ACC_NORM_2118,19100.27,2026-07-13T10:24:02,,,0,,,
TXN-0001200,ACC_NORM_0537,ACC_NORM_2125,17597.06,2026-07-13T10:32:40,,,0,,,
TXN-0001201,ACC_MULE_0440,ACC_MULE_0481,238751.94,2026-07-13T10:41:19,28.713822,77.124297,2,2026-07-13T10:49:49,ATM_UBI_139,3.12
TXN-0001202,ACC_NORM_2190,ACC_NORM_2900,18870.24,2026-07-13T10:49:57,,,0,,,
TXN-0001203,ACC_NORM_1840,ACC_NORM_0913,20916.75,2026-07-13T10:58:35,,,0,,,
TXN-0001204,ACC_NORM_0467,ACC_NORM_2964,15482.18,2026-07-13T11:07:14,,,0,,,
TXN-0001205,ACC_VIC_0248,ACC_MULE_0079,227903.12,2026-07-13T11:15:52,28.538782,77.192955,1,2026-07-13T11:50:01,ATM_BOB_077,3.23
TXN-0001206,ACC_NORM_2855,ACC_NORM_0136,16356.15,2026-07-13T11:24:31,,,0,,,
TXN-0001207,ACC_NORM_1782,ACC_NORM_1849,19474.78,2026-07-13T11:33:09,,,0,,,
TXN-0001208,ACC_NORM_0782,ACC_NORM_1896,22222.0,2026-07-13T11:41:47,,,0,,,
TXN-0001209,ACC_NORM_1981,ACC_NORM_2867,19257.55,2026-07-13T11:50:26,,,0,,,
TXN-0001210,ACC_NORM_2359,ACC_NORM_0336,6998.62,2026-07-13T11:59:04,,,0,,,
TXN-0001211,ACC_MULE_0341,ACC_MULE_0390,212603.75,2026-07-13T12:07:43,28.540695,77.137784,2,2026-07-13T12:25:13,ATM_UBI_093,4.64
TXN-0001212,ACC_MULE_0275,ACC_MULE_0139,146654.6,2026-07-13T12:16:21,28.560107,77.241441,2,2026-07-13T12:35:33,ATM_PNB_052,2.85
TXN-0001213,ACC_NORM_2632,ACC_NORM_0707,8453.66,2026-07-13T12:24:59,,,0,,,
TXN-0001214,ACC_NORM_0781,ACC_NORM_0689,14095.71,2026-07-13T12:33:38,,,0,,,
TXN-0001215,ACC_NORM_0888,ACC_NORM_2519,11407.36,2026-07-13T12:42:16,,,0,,,
TXN-0001216,ACC_NORM_1289,ACC_NORM_1128,16727.61,2026-07-13T12:50:55,,,0,,,
TXN-0001217,ACC_NORM_0964,ACC_NORM_0425,7071.61,2026-07-13T12:59:33,,,0,,,
TXN-0001218,ACC_NORM_0935,ACC_NORM_0229,7776.42,2026-07-13T13:08:11,,,0,,,
TXN-0001219,ACC_VIC_0274,ACC_MULE_0038,186371.49,2026-07-13T13:16:50,28.57375,77.235547,1,2026-07-13T13:26:46,ATM_KOTAK_053,3.09
TXN-0001220,ACC_VIC_1066,ACC_MULE_0295,90224.05,2026-07-13T13:25:28,28.540035,77.229206,1,,,
TXN-0001221,ACC_MULE_0270,ACC_MULE_0337,173726.6,2026-07-13T13:34:07,28.698848,77.148253,2,2026-07-13T13:55:56,ATM_SBI_132,10.21
TXN-0001222,ACC_NORM_1676,ACC_NORM_2496,24365.05,2026-07-13T13:42:45,,,0,,,
TXN-0001223,ACC_MULE_0199,ACC_MULE_0038,204641.29,2026-07-13T13:51:23,28.57375,77.235547,2,2026-07-13T14:07:55,ATM_KOTAK_053,3.09
TXN-0001224,ACC_VIC_1208,ACC_MULE_0029,106322.81,2026-07-13T14:00:02,28.544787,77.140471,1,2026-07-13T14:23:34,ATM_BOB_094,7.77
TXN-0001225,ACC_VIC_0432,ACC_MULE_0176,52744.87,2026-07-13T14:08:40,28.577166,77.251892,1,2026-07-13T14:20:54,ATM_BOB_046,4.3
TXN-0001226,ACC_VIC_1116,ACC_MULE_0243,109556.41,2026-07-13T14:17:19,28.646042,77.204796,1,2026-07-13T14:38:24,ATM_BOB_012,5.74
TXN-0001227,ACC_NORM_0155,ACC_NORM_2224,5194.24,2026-07-13T14:25:57,,,0,,,
TXN-0001228,ACC_NORM_2851,ACC_NORM_2265,22365.13,2026-07-13T14:34:35,,,0,,,
TXN-0001229,ACC_VIC_0934,ACC_MULE_0420,159665.99,2026-07-13T14:43:14,28.695728,77.098577,1,,,
TXN-0001230,ACC_MULE_0294,ACC_MULE_0464,105177.13,2026-07-13T14:51:52,28.541859,77.196634,2,2026-07-13T15:01:48,ATM_HDFC_089,3.11
TXN-0001231,ACC_MULE_0527,ACC_MULE_0143,192695.24,2026-07-13T15:00:31,28.623659,77.314846,2,2026-07-13T15:14:47,ATM_UBI_150,3.96
TXN-0001232,ACC_NORM_0390,ACC_NORM_1907,9383.54,2026-07-13T15:09:09,,,0,,,
TXN-0001233,ACC_VIC_0848,ACC_MULE_0143,211608.44,2026-07-13T15:17:47,28.623659,77.314846,1,,,
TXN-0001234,ACC_NORM_2795,ACC_NORM_2287,18457.54,2026-07-13T15:26:26,,,0,,,
TXN-0001235,ACC_VIC_0393,ACC_MULE_0106,51204.78,2026-07-13T15:35:04,28.652005,77.295761,1,2026-07-13T15:47:19,ATM_AXIS_169,3.37
TXN-0001236,ACC_VIC_0335,ACC_MULE_0381,189734.87,2026-07-13T15:43:43,28.715625,77.126471,1,,,
TXN-0001237,ACC_NORM_1267,ACC_NORM_0852,16648.69,2026-07-13T15:52:21,,,0,,,
TXN-0001238,ACC_NORM_2947,ACC_NORM_1238,20609.87,2026-07-13T16:00:59,,,0,,,
TXN-0001239,ACC_VIC_1470,ACC_MULE_0419,184125.18,2026-07-13T16:09:38,28.607984,77.055055,1,2026-07-13T16:28:56,ATM_AXIS_101,5.39
TXN-0001240,ACC_NORM_0895,ACC_NORM_0567,17409.75,2026-07-13T16:18:16,,,0,,,
TXN-0001241,ACC_VIC_1196,ACC_MULE_0059,137973.45,2026-07-13T16:26:55,28.645136,77.181071,1,2026-07-13T16:42:07,ATM_UBI_016,2.92
TXN-0001242,ACC_NORM_2056,ACC_NORM_2068,17109.09,2026-07-13T16:35:33,,,0,,,
TXN-0001243,ACC_VIC_0481,ACC_MULE_0357,152294.21,2026-07-13T16:44:11,28.646429,77.31436,1,,,
TXN-0001244,ACC_NORM_1421,ACC_NORM_1657,10630.25,2026-07-13T16:52:50,,,0,,,
TXN-0001245,ACC_MULE_0144,ACC_MULE_0192,208184.48,2026-07-13T17:01:28,28.532698,77.251487,2,2026-07-13T17:13:03,ATM_UBI_067,4.62
TXN-0001246,ACC_NORM_1502,ACC_NORM_2623,18788.86,2026-07-13T17:10:07,,,0,,,
TXN-0001247,ACC_NORM_2743,ACC_NORM_0895,15585.22,2026-07-13T17:18:45,,,0,,,
TXN-0001248,ACC_NORM_1388,ACC_NORM_2671,4178.9,2026-07-13T17:27:23,,,0,,,
TXN-0001249,ACC_VIC_0444,ACC_MULE_0051,215004.27,2026-07-13T17:36:02,28.599468,77.332524,1,2026-07-13T17:56:27,ATM_KOTAK_178,13.79
TXN-0001250,ACC_NORM_1528,ACC_NORM_0541,16068.24,2026-07-13T17:44:40,,,0,,,
TXN-0001251,ACC_NORM_1368,ACC_NORM_0763,23553.34,2026-07-13T17:53:19,,,0,,,
TXN-0001252,ACC_VIC_1101,ACC_MULE_0239,169303.93,2026-07-13T18:01:57,28.568324,77.263944,1,2026-07-13T18:23:50,ATM_PNB_064,12.9
TXN-0001253,ACC_NORM_2610,ACC_NORM_1816,6281.02,2026-07-13T18:10:35,,,0,,,
TXN-0001254,ACC_NORM_1307,ACC_NORM_0801,6020.0,2026-07-13T18:19:14,,,0,,,
TXN-0001255,ACC_NORM_2953,ACC_NORM_1633,13319.34,2026-07-13T18:27:52,,,0,,,
TXN-0001256,ACC_NORM_0130,ACC_NORM_0073,15089.23,2026-07-13T18:36:31,,,0,,,
TXN-0001257,ACC_VIC_0670,ACC_MULE_0037,140132.96,2026-07-13T18:45:09,28.654736,77.284097,1,2026-07-13T18:57:58,ATM_BOB_155,4.5
TXN-0001258,ACC_MULE_0324,ACC_MULE_0158,137004.97,2026-07-13T18:53:47,28.546806,77.142704,2,2026-07-13T19:08:34,ATM_BOB_094,8.31
TXN-0001259,ACC_VIC_1141,ACC_MULE_0499,98972.81,2026-07-13T19:02:26,28.671895,77.195626,1,2026-07-13T19:20:49,ATM_ICICI_019,10.47
TXN-0001260,ACC_NORM_2581,ACC_NORM_2244,12389.05,2026-07-13T19:11:04,,,0,,,
TXN-0001261,ACC_NORM_2810,ACC_NORM_0258,24992.14,2026-07-13T19:19:43,,,0,,,
TXN-0001262,ACC_NORM_0607,ACC_NORM_0052,4988.94,2026-07-13T19:28:21,,,0,,,
TXN-0001263,ACC_MULE_0539,ACC_MULE_0100,110511.65,2026-07-13T19:36:59,28.652871,77.232094,2,2026-07-13T19:54:35,ATM_KOTAK_023,4.26
TXN-0001264,ACC_VIC_1236,ACC_MULE_0456,82299.23,2026-07-13T19:45:38,28.585269,77.242582,1,2026-07-13T20:12:17,ATM_PNB_052,6.37
TXN-0001265,ACC_NORM_2139,ACC_NORM_2886,11017.3,2026-07-13T19:54:16,,,0,,,
TXN-0001266,ACC_NORM_1045,ACC_NORM_0436,3734.67,2026-07-13T20:02:55,,,0,,,
TXN-0001267,ACC_NORM_1837,ACC_NORM_0259,1027.83,2026-07-13T20:11:33,,,0,,,
TXN-0001268,ACC_NORM_1567,ACC_NORM_2470,9305.44,2026-07-13T20:20:11,,,0,,,
TXN-0001269,ACC_NORM_2727,ACC_NORM_2884,601.63,2026-07-13T20:28:50,,,0,,,
TXN-0001270,ACC_NORM_1389,ACC_NORM_1277,10933.54,2026-07-13T20:37:28,,,0,,,
TXN-0001271,ACC_NORM_1663,ACC_NORM_1161,19659.69,2026-07-13T20:46:07,,,0,,,
TXN-0001272,ACC_NORM_1120,ACC_NORM_0174,22169.84,2026-07-13T20:54:45,,,0,,,
TXN-0001273,ACC_NORM_0487,ACC_NORM_2966,16353.68,2026-07-13T21:03:23,,,0,,,
TXN-0001274,ACC_NORM_0439,ACC_NORM_2173,9388.5,2026-07-13T21:12:02,,,0,,,
TXN-0001275,ACC_NORM_0117,ACC_NORM_2580,24209.37,2026-07-13T21:20:40,,,0,,,
TXN-0001276,ACC_MULE_0110,ACC_MULE_0058,88342.39,2026-07-13T21:29:19,28.540632,77.198499,2,2026-07-13T21:37:30,ATM_ICICI_087,2.06
TXN-0001277,ACC_NORM_0685,ACC_NORM_0770,12955.65,2026-07-13T21:37:57,,,0,,,
TXN-0001278,ACC_VIC_0548,ACC_MULE_0517,202185.37,2026-07-13T21:46:35,28.639274,77.313685,1,2026-07-13T22:06:50,ATM_HDFC_159,9.04
TXN-0001279,ACC_NORM_1733,ACC_NORM_2581,21675.8,2026-07-13T21:55:14,,,0,,,
TXN-0001280,ACC_NORM_1232,ACC_NORM_2827,14371.71,2026-07-13T22:03:52,,,0,,,
TXN-0001281,ACC_MULE_0309,ACC_MULE_0447,115156.54,2026-07-13T22:12:31,28.673019,77.29684,2,2026-07-13T22:21:57,ATM_HDFC_170,3.19
TXN-0001282,ACC_VIC_1345,ACC_MULE_0050,194446.58,2026-07-13T22:21:09,28.657763,77.302814,1,,,
TXN-0001283,ACC_NORM_2834,ACC_NORM_2469,10811.84,2026-07-13T22:29:47,,,0,,,
TXN-0001284,ACC_NORM_0617,ACC_NORM_1670,11829.16,2026-07-13T22:38:26,,,0,,,
TXN-0001285,ACC_NORM_1149,ACC_NORM_1183,7864.5,2026-07-13T22:47:04,,,0,,,
TXN-0001286,ACC_VIC_0839,ACC_MULE_0039,106187.23,2026-07-13T22:55:43,28.532661,77.239363,1,2026-07-13T23:17:09,ATM_PNB_064,4.7
TXN-0001287,ACC_VIC_0950,ACC_MULE_0264,239602.7,2026-07-13T23:04:21,28.558829,77.239068,1,2026-07-13T23:15:46,ATM_SBI_047,2.11
TXN-0001288,ACC_NORM_1402,ACC_NORM_0604,12895.93,2026-07-13T23:12:59,,,0,,,
TXN-0001289,ACC_NORM_0550,ACC_NORM_1547,19336.15,2026-07-13T23:21:38,,,0,,,
TXN-0001290,ACC_NORM_1854,ACC_NORM_2560,1709.17,2026-07-13T23:30:16,,,0,,,
TXN-0001291,ACC_NORM_0673,ACC_NORM_0449,22705.77,2026-07-13T23:38:55,,,0,,,
TXN-0001292,ACC_VIC_0546,ACC_MULE_0518,174366.43,2026-07-13T23:47:33,28.534459,77.192434,1,2026-07-14T00:09:29,ATM_UBI_075,8.55
TXN-0001293,ACC_NORM_0059,ACC_NORM_2334,4716.19,2026-07-13T23:56:11,,,0,,,
TXN-0001294,ACC_VIC_1164,ACC_MULE_0143,141090.79,2026-07-14T00:04:50,28.623659,77.314846,1,2026-07-14T00:20:14,ATM_UBI_150,3.96
TXN-0001295,ACC_VIC_1308,ACC_MULE_0294,86749.52,2026-07-14T00:13:28,28.595291,77.308885,1,2026-07-14T00:31:04,ATM_UBI_150,9.43
TXN-0001296,ACC_NORM_1291,ACC_NORM_1258,20676.38,2026-07-14T00:22:07,,,0,,,
TXN-0001297,ACC_VIC_0841,ACC_MULE_0022,184444.55,2026-07-14T00:30:45,28.661062,77.182292,1,2026-07-14T00:45:15,ATM_BOB_012,2.33
TXN-0001298,ACC_NORM_0729,ACC_NORM_0043,18263.61,2026-07-14T00:39:23,,,0,,,
TXN-0001299,ACC_VIC_0057,ACC_MULE_0025,175127.25,2026-07-14T00:48:02,28.642855,77.225146,1,2026-07-14T01:18:05,ATM_ICICI_004,6.72
TXN-0001300,ACC_NORM_2635,ACC_NORM_2463,4149.13,2026-07-14T00:56:40,,,0,,,
TXN-0001301,ACC_NORM_0901,ACC_NORM_1470,18060.73,2026-07-14T01:05:19,,,0,,,
TXN-0001302,ACC_NORM_0226,ACC_NORM_2316,10585.05,2026-07-14T01:13:57,,,0,,,
TXN-0001303,ACC_VIC_0648,ACC_MULE_0523,106158.14,2026-07-14T01:22:35,28.533695,77.217872,1,2026-07-14T01:42:02,ATM_AXIS_061,12.35
TXN-0001304,ACC_NORM_0830,ACC_NORM_2857,11955.55,2026-07-14T01:31:14,,,0,,,
TXN-0001305,ACC_MULE_0238,ACC_MULE_0334,193217.62,2026-07-14T01:39:52,28.526225,77.192776,2,2026-07-14T02:01:53,ATM_PNB_062,12.11
TXN-0001306,ACC_VIC_0257,ACC_MULE_0418,188877.06,2026-07-14T01:48:31,28.701646,77.105106,1,2026-07-14T02:06:43,ATM_SBI_141,2.43
TXN-0001307,ACC_NORM_1508,ACC_NORM_1939,24040.34,2026-07-14T01:57:09,,,0,,,
TXN-0001308,ACC_NORM_0941,ACC_NORM_2052,24290.32,2026-07-14T02:05:47,,,0,,,
TXN-0001309,ACC_NORM_2503,ACC_NORM_1234,22487.42,2026-07-14T02:14:26,,,0,,,
TXN-0001310,ACC_NORM_0129,ACC_NORM_2324,3479.6,2026-07-14T02:23:04,,,0,,,
TXN-0001311,ACC_MULE_0122,ACC_MULE_0240,152069.98,2026-07-14T02:31:43,28.516606,77.229962,2,2026-07-14T03:03:55,ATM_PNB_062,15.01
TXN-0001312,ACC_NORM_1693,ACC_NORM_2701,18767.51,2026-07-14T02:40:21,,,0,,,
TXN-0001313,ACC_NORM_2792,ACC_NORM_0026,24562.13,2026-07-14T02:48:59,,,0,,,
TXN-0001314,ACC_NORM_2052,ACC_NORM_0521,2973.86,2026-07-14T02:57:38,,,0,,,
TXN-0001315,ACC_VIC_1069,ACC_MULE_0228,211414.59,2026-07-14T03:06:16,28.643098,77.214977,1,2026-07-14T03:22:53,ATM_ICICI_004,5.2
TXN-0001316,ACC_MULE_0527,ACC_MULE_0196,62782.84,2026-07-14T03:14:55,28.547758,77.220439,2,2026-07-14T03:26:11,ATM_PNB_064,2.58
TXN-0001317,ACC_NORM_0832,ACC_NORM_1656,8946.52,2026-07-14T03:23:33,,,0,,,
TXN-0001318,ACC_VIC_0795,ACC_MULE_0226,76126.31,2026-07-14T03:32:11,28.641207,77.298371,1,2026-07-14T04:00:27,ATM_UBI_150,5.66
TXN-0001319,ACC_NORM_0959,ACC_NORM_0460,11477.97,2026-07-14T03:40:50,,,0,,,
TXN-0001320,ACC_NORM_2745,ACC_NORM_1518,19500.61,2026-07-14T03:49:28,,,0,,,
TXN-0001321,ACC_VIC_1194,ACC_MULE_0059,105783.85,2026-07-14T03:58:07,28.645136,77.181071,1,2026-07-14T04:13:51,ATM_UBI_016,2.92
TXN-0001322,ACC_VIC_0298,ACC_MULE_0212,182549.68,2026-07-14T04:06:45,28.589933,77.057502,1,2026-07-14T04:14:15,ATM_PNB_102,0.5
TXN-0001323,ACC_NORM_0002,ACC_NORM_0219,21808.01,2026-07-14T04:15:23,,,0,,,
TXN-0001324,ACC_NORM_2338,ACC_NORM_0277,9211.16,2026-07-14T04:24:02,,,0,,,
TXN-0001325,ACC_NORM_1769,ACC_NORM_0011,23177.09,2026-07-14T04:32:40,,,0,,,
TXN-0001326,ACC_NORM_2425,ACC_NORM_2499,677.4,2026-07-14T04:41:19,,,0,,,
TXN-0001327,ACC_NORM_2800,ACC_NORM_2777,4293.31,2026-07-14T04:49:57,,,0,,,
TXN-0001328,ACC_VIC_1286,ACC_MULE_0315,160972.69,2026-07-14T04:58:35,28.654859,77.284695,1,2026-07-14T05:24:59,ATM_HDFC_170,7.34
TXN-0001329,ACC_NORM_1339,ACC_NORM_1200,8326.15,2026-07-14T05:07:14,,,0,,,
TXN-0001330,ACC_NORM_0476,ACC_NORM_1235,8671.04,2026-07-14T05:15:52,,,0,,,
TXN-0001331,ACC_NORM_1009,ACC_NORM_2707,9783.92,2026-07-14T05:24:31,,,0,,,
TXN-0001332,ACC_NORM_0347,ACC_NORM_1286,4498.08,2026-07-14T05:33:09,,,0,,,
TXN-0001333,ACC_VIC_0093,ACC_MULE_0465,145693.54,2026-07-14T05:41:47,28.63428,77.230542,1,2026-07-14T06:21:43,ATM_HDFC_007,2.07
TXN-0001334,ACC_NORM_2717,ACC_NORM_2902,889.45,2026-07-14T05:50:26,,,0,,,
TXN-0001335,ACC_NORM_0686,ACC_NORM_2518,632.38,2026-07-14T05:59:04,,,0,,,
TXN-0001336,ACC_MULE_0485,ACC_MULE_0323,139460.45,2026-07-14T06:07:43,28.652306,77.218858,2,2026-07-14T06:27:33,ATM_KOTAK_023,6.49
TXN-0001337,ACC_NORM_1064,ACC_NORM_1501,651.95,2026-07-14T06:16:21,,,0,,,
TXN-0001338,ACC_NORM_1765,ACC_NORM_1858,1383.65,2026-07-14T06:24:59,,,0,,,
TXN-0001339,ACC_NORM_0824,ACC_NORM_2307,14440.84,2026-07-14T06:33:38,,,0,,,
TXN-0001340,ACC_MULE_0238,ACC_MULE_0116,175024.36,2026-07-14T06:42:16,28.527634,77.162972,2,2026-07-14T07:00:34,ATM_BOB_094,5.16
TXN-0001341,ACC_VIC_0117,ACC_MULE_0327,112079.83,2026-07-14T06:50:55,28.707756,77.121879,1,2026-07-14T07:12:59,ATM_BOB_144,3.44
TXN-0001342,ACC_VIC_0473,ACC_MULE_0117,116674.43,2026-07-14T06:59:33,28.519749,77.21164,1,2026-07-14T07:08:58,ATM_KOTAK_085,1.61
TXN-0001343,ACC_NORM_2476,ACC_NORM_1096,20850.18,2026-07-14T07:08:11,,,0,,,
TXN-0001344,ACC_VIC_1461,ACC_MULE_0249,107132.81,2026-07-14T07:16:50,28.52105,77.207071,1,2026-07-14T07:32:53,ATM_HDFC_086,4.41
TXN-0001345,ACC_MULE_0302,ACC_MULE_0075,237258.28,2026-07-14T07:25:28,28.630002,77.321481,2,2026-07-14T08:06:01,ATM_HDFC_007,27.78
TXN-0001346,ACC_NORM_0610,ACC_NORM_0308,17041.17,2026-07-14T07:34:07,,,0,,,
TXN-0001347,ACC_VIC_1214,ACC_MULE_0344,169506.77,2026-07-14T07:42:45,28.532284,77.243599,1,2026-07-14T07:55:32,ATM_HDFC_066,1.26
TXN-0001348,ACC_NORM_0123,ACC_NORM_1219,12909.58,2026-07-14T07:51:23,,,0,,,
TXN-0001349,ACC_NORM_2172,ACC_NORM_2393,20605.62,2026-07-14T08:00:02,,,0,,,
TXN-0001350,ACC_MULE_0008,ACC_MULE_0235,56254.05,2026-07-14T08:08:40,28.62328,77.208833,2,2026-07-14T08:17:07,ATM_HDFC_006,0.89
TXN-0001351,ACC_NORM_2642,ACC_NORM_0052,13958.9,2026-07-14T08:17:19,,,0,,,
TXN-0001352,ACC_NORM_2333,ACC_NORM_1941,22577.72,2026-07-14T08:25:57,,,0,,,
TXN-0001353,ACC_NORM_0497,ACC_NORM_0397,8555.33,2026-07-14T08:34:35,,,0,,,
TXN-0001354,ACC_VIC_1482,ACC_MULE_0508,109824.09,2026-07-14T08:43:14,28.704011,77.109571,1,2026-07-14T09:09:12,ATM_HDFC_130,4.22
TXN-0001355,ACC_VIC_1285,ACC_MULE_0017,161850.94,2026-07-14T08:51:52,28.6384,77.204881,1,2026-07-14T09:14:30,ATM_ICICI_004,3.5
TXN-0001356,ACC_NORM_1394,ACC_NORM_0594,4067.33,2026-07-14T09:00:31,,,0,,,
TXN-0001357,ACC_MULE_0109,ACC_MULE_0207,247329.26,2026-07-14T09:09:09,28.61187,77.290621,2,2026-07-14T09:22:00,ATM_UBI_150,4.79
TXN-0001358,ACC_VIC_0498,ACC_MULE_0220,76589.87,2026-07-14T09:17:47,28.628564,77.2997,1,2026-07-14T09:36:45,ATM_PNB_160,5.28
TXN-0001359,ACC_NORM_1196,ACC_NORM_2411,10879.89,2026-07-14T09:26:26,,,0,,,
TXN-0001360,ACC_NORM_2563,ACC_NORM_1632,13024.15,2026-07-14T09:35:04,,,0,,,
TXN-0001361,ACC_NORM_0975,ACC_NORM_1476,16916.87,2026-07-14T09:43:43,,,0,,,
TXN-0001362,ACC_VIC_0896,ACC_MULE_0439,138301.32,2026-07-14T09:52:21,28.547624,77.151443,1,2026-07-14T10:23:57,ATM_UBI_095,10.5
TXN-0001363,ACC_NORM_2187,ACC_NORM_1336,19367.3,2026-07-14T10:00:59,,,0,,,
TXN-0001364,ACC_NORM_1519,ACC_NORM_2533,18069.73,2026-07-14T10:09:38,,,0,,,
TXN-0001365,ACC_VIC_1034,ACC_MULE_0268,177940.33,2026-07-14T10:18:16,28.671192,77.170786,1,2026-07-14T10:40:19,ATM_HDFC_035,12.38
TXN-0001366,ACC_NORM_2708,ACC_NORM_0507,5897.02,2026-07-14T10:26:55,,,0,,,
TXN-0001367,ACC_VIC_0852,ACC_MULE_0218,144670.29,2026-07-14T10:35:33,28.514165,77.219838,1,2026-07-14T11:03:33,ATM_PNB_056,17.22
TXN-0001368,ACC_NORM_1319,ACC_NORM_2054,18080.06,2026-07-14T10:44:11,,,0,,,
TXN-0001369,ACC_NORM_2713,ACC_NORM_2043,2363.46,2026-07-14T10:52:50,,,0,,,
TXN-0001370,ACC_NORM_0352,ACC_NORM_2990,9533.43,2026-07-14T11:01:28,,,0,,,
TXN-0001371,ACC_NORM_2150,ACC_NORM_1148,24857.36,2026-07-14T11:10:07,,,0,,,
TXN-0001372,ACC_VIC_0047,ACC_MULE_0132,107981.1,2026-07-14T11:18:45,28.703613,77.113556,1,2026-07-14T11:34:24,ATM_HDFC_130,3.1
TXN-0001373,ACC_NORM_1391,ACC_NORM_0778,15597.99,2026-07-14T11:27:23,,,0,,,
TXN-0001374,ACC_NORM_1738,ACC_NORM_0889,24840.74,2026-07-14T11:36:02,,,0,,,
TXN-0001375,ACC_NORM_2158,ACC_NORM_1873,24671.9,2026-07-14T11:44:40,,,0,,,
TXN-0001376,ACC_VIC_1072,ACC_MULE_0355,161858.26,2026-07-14T11:53:19,28.537536,77.256148,1,,,
TXN-0001377,ACC_NORM_0008,ACC_NORM_2792,11420.49,2026-07-14T12:01:57,,,0,,,
TXN-0001378,ACC_NORM_0732,ACC_NORM_2180,13006.67,2026-07-14T12:10:35,,,0,,,
TXN-0001379,ACC_NORM_1362,ACC_NORM_0216,22765.79,2026-07-14T12:19:14,,,0,,,
TXN-0001380,ACC_NORM_0139,ACC_NORM_2792,15122.29,2026-07-14T12:27:52,,,0,,,
TXN-0001381,ACC_NORM_2956,ACC_NORM_1705,9710.37,2026-07-14T12:36:31,,,0,,,
TXN-0001382,ACC_MULE_0370,ACC_MULE_0284,167089.35,2026-07-14T12:45:09,28.549021,77.255684,2,,,
TXN-0001383,ACC_MULE_0259,ACC_MULE_0083,223533.94,2026-07-14T12:53:47,28.527368,77.242008,2,2026-07-14T13:13:25,ATM_HDFC_066,1.68
TXN-0001384,ACC_NORM_0652,ACC_NORM_0922,5097.52,2026-07-14T13:02:26,,,0,,,
TXN-0001385,ACC_NORM_1839,ACC_NORM_0901,3418.29,2026-07-14T13:11:04,,,0,,,
TXN-0001386,ACC_NORM_1946,ACC_NORM_0393,16773.45,2026-07-14T13:19:43,,,0,,,
TXN-0001387,ACC_NORM_2298,ACC_NORM_2480,16158.78,2026-07-14T13:28:21,,,0,,,
TXN-0001388,ACC_NORM_2222,ACC_NORM_2482,4162.73,2026-07-14T13:36:59,,,0,,,
TXN-0001389,ACC_NORM_2998,ACC_NORM_2168,3645.15,2026-07-14T13:45:38,,,0,,,
TXN-0001390,ACC_MULE_0440,ACC_MULE_0284,152746.33,2026-07-14T13:54:16,28.549021,77.255684,2,2026-07-14T14:05:10,ATM_UBI_067,1.9
TXN-0001391,ACC_MULE_0475,ACC_MULE_0080,162775.48,2026-07-14T14:02:55,28.71793,77.121454,2,2026-07-14T14:16:58,ATM_UBI_139,2.32
TXN-0001392,ACC_MULE_0381,ACC_MULE_0412,193679.41,2026-07-14T14:11:33,28.509739,77.222115,2,2026-07-14T14:26:28,ATM_HDFC_089,9.62
TXN-0001393,ACC_NORM_0882,ACC_NORM_2368,17174.63,2026-07-14T14:20:11,,,0,,,
TXN-0001394,ACC_NORM_1500,ACC_NORM_2490,9520.33,2026-07-14T14:28:50,,,0,,,
TXN-0001395,ACC_NORM_0345,ACC_NORM_2735,19647.58,2026-07-14T14:37:28,,,0,,,
TXN-0001396,ACC_NORM_1430,ACC_NORM_2584,9951.25,2026-07-14T14:46:07,,,0,,,
TXN-0001397,ACC_NORM_1512,ACC_NORM_2650,7170.81,2026-07-14T14:54:45,,,0,,,
TXN-0001398,ACC_MULE_0077,ACC_MULE_0492,102369.18,2026-07-14T15:03:23,28.71825,77.109715,2,2026-07-14T15:14:44,ATM_SBI_141,3.63
TXN-0001399,ACC_NORM_1712,ACC_NORM_2481,950.59,2026-07-14T15:12:02,,,0,,,
TXN-0001400,ACC_NORM_0523,ACC_NORM_0332,16335.95,2026-07-14T15:20:40,,,0,,,
TXN-0001401,ACC_NORM_1295,ACC_NORM_0651,3727.64,2026-07-14T15:29:19,,,0,,,
TXN-0001402,ACC_NORM_0249,ACC_NORM_1733,3561.37,2026-07-14T15:37:57,,,0,,,
TXN-0001403,ACC_NORM_2992,ACC_NORM_2865,5459.96,2026-07-14T15:46:35,,,0,,,
TXN-0001404,ACC_NORM_1558,ACC_NORM_2601,21304.82,2026-07-14T15:55:14,,,0,,,
TXN-0001405,ACC_NORM_1990,ACC_NORM_2833,10467.38,2026-07-14T16:03:52,,,0,,,
TXN-0001406,ACC_NORM_2129,ACC_NORM_1434,2747.64,2026-07-14T16:12:31,,,0,,,
TXN-0001407,ACC_NORM_2832,ACC_NORM_2319,4689.76,2026-07-14T16:21:09,,,0,,,
TXN-0001408,ACC_NORM_0691,ACC_NORM_2606,1035.45,2026-07-14T16:29:47,,,0,,,
TXN-0001409,ACC_NORM_2256,ACC_NORM_1369,15311.16,2026-07-14T16:38:26,,,0,,,
TXN-0001410,ACC_NORM_1214,ACC_NORM_2609,13447.53,2026-07-14T16:47:04,,,0,,,
TXN-0001411,ACC_NORM_2140,ACC_NORM_1994,11890.13,2026-07-14T16:55:43,,,0,,,
TXN-0001412,ACC_NORM_0553,ACC_NORM_2368,14543.14,2026-07-14T17:04:21,,,0,,,
TXN-0001413,ACC_MULE_0528,ACC_MULE_0384,238342.03,2026-07-14T17:12:59,28.665219,77.286204,2,,,
TXN-0001414,ACC_NORM_2957,ACC_NORM_1611,17150.63,2026-07-14T17:21:38,,,0,,,
TXN-0001415,ACC_VIC_0542,ACC_MULE_0027,151836.44,2026-07-14T17:30:16,28.651503,77.200087,1,2026-07-14T17:51:35,ATM_UBI_016,2.96
TXN-0001416,ACC_NORM_2709,ACC_NORM_1023,18956.58,2026-07-14T17:38:55,,,0,,,
TXN-0001417,ACC_NORM_1261,ACC_NORM_1617,23733.75,2026-07-14T17:47:33,,,0,,,
TXN-0001418,ACC_NORM_0735,ACC_NORM_2683,7570.59,2026-07-14T17:56:11,,,0,,,
TXN-0001419,ACC_VIC_0236,ACC_MULE_0337,153125.5,2026-07-14T18:04:50,28.698848,77.148253,1,2026-07-14T18:26:05,ATM_KOTAK_138,5.5
TXN-0001420,ACC_VIC_0338,ACC_MULE_0552,121992.45,2026-07-14T18:13:28,28.664857,77.29072,1,,,
TXN-0001421,ACC_VIC_0738,ACC_MULE_0588,50855.75,2026-07-14T18:22:07,28.593453,77.03263,1,2026-07-14T18:39:49,ATM_PNB_102,6.67
TXN-0001422,ACC_NORM_0492,ACC_NORM_2562,19282.59,2026-07-14T18:30:45,,,0,,,
TXN-0001423,ACC_NORM_1617,ACC_NORM_2085,899.94,2026-07-14T18:39:23,,,0,,,
TXN-0001424,ACC_MULE_0118,ACC_MULE_0335,184437.77,2026-07-14T18:48:02,28.533166,77.242232,2,2026-07-14T18:58:04,ATM_ICICI_068,2.14
TXN-0001425,ACC_NORM_0285,ACC_NORM_2540,13259.26,2026-07-14T18:56:40,,,0,,,
TXN-0001426,ACC_MULE_0127,ACC_MULE_0069,180487.37,2026-07-14T19:05:19,28.537504,77.206242,2,,,
TXN-0001427,ACC_NORM_0384,ACC_NORM_0010,9532.84,2026-07-14T19:13:57,,,0,,,
TXN-0001428,ACC_NORM_1494,ACC_NORM_1082,6375.62,2026-07-14T19:22:35,,,0,,,
TXN-0001429,ACC_NORM_2503,ACC_NORM_1218,18948.76,2026-07-14T19:31:14,,,0,,,
TXN-0001430,ACC_NORM_0589,ACC_NORM_0390,18051.59,2026-07-14T19:39:52,,,0,,,
TXN-0001431,ACC_NORM_2099,ACC_NORM_0434,23380.99,2026-07-14T19:48:31,,,0,,,
TXN-0001432,ACC_MULE_0210,ACC_MULE_0405,62261.28,2026-07-14T19:57:09,28.535843,77.142127,2,,,
TXN-0001433,ACC_NORM_2222,ACC_NORM_1677,20475.28,2026-07-14T20:05:47,,,0,,,
TXN-0001434,ACC_VIC_1224,ACC_MULE_0030,221021.13,2026-07-14T20:14:26,28.59522,77.302356,1,2026-07-14T20:39:31,ATM_SBI_149,12.4
TXN-0001435,ACC_NORM_2215,ACC_NORM_1708,22890.6,2026-07-14T20:23:04,,,0,,,
TXN-0001436,ACC_NORM_2169,ACC_NORM_1333,9173.54,2026-07-14T20:31:43,,,0,,,
TXN-0001437,ACC_NORM_0222,ACC_NORM_2566,18936.22,2026-07-14T20:40:21,,,0,,,
TXN-0001438,ACC_NORM_2061,ACC_NORM_2569,15561.38,2026-07-14T20:48:59,,,0,,,
TXN-0001439,ACC_NORM_0988,ACC_NORM_0256,16712.07,2026-07-14T20:57:38,,,0,,,
TXN-0001440,ACC_VIC_0028,ACC_MULE_0375,88420.57,2026-07-14T21:06:16,28.529185,77.224222,1,,,
TXN-0001441,ACC_VIC_1269,ACC_MULE_0143,194489.89,2026-07-14T21:14:55,28.623659,77.314846,1,2026-07-14T21:28:06,ATM_UBI_150,3.96
TXN-0001442,ACC_NORM_0196,ACC_NORM_1589,18184.88,2026-07-14T21:23:33,,,0,,,
TXN-0001443,ACC_NORM_2022,ACC_NORM_1989,2507.14,2026-07-14T21:32:11,,,0,,,
TXN-0001444,ACC_NORM_0131,ACC_NORM_2059,18470.72,2026-07-14T21:40:50,,,0,,,
TXN-0001445,ACC_NORM_2915,ACC_NORM_1242,19775.09,2026-07-14T21:49:28,,,0,,,
TXN-0001446,ACC_VIC_0151,ACC_MULE_0265,144020.02,2026-07-14T21:58:07,28.590451,77.046193,1,2026-07-14T22:18:18,ATM_AXIS_101,4.81
TXN-0001447,ACC_MULE_0404,ACC_MULE_0544,86471.82,2026-07-14T22:06:45,28.669115,77.290643,2,2026-07-14T22:15:38,ATM_HDFC_170,2.93
TXN-0001448,ACC_NORM_2937,ACC_NORM_1925,24709.7,2026-07-14T22:15:23,,,0,,,
TXN-0001449,ACC_NORM_0182,ACC_NORM_2665,10870.18,2026-07-14T22:24:02,,,0,,,
TXN-0001450,ACC_NORM_2500,ACC_NORM_0490,2810.96,2026-07-14T22:32:40,,,0,,,
TXN-0001451,ACC_NORM_2832,ACC_NORM_2087,3566.48,2026-07-14T22:41:19,,,0,,,
TXN-0001452,ACC_NORM_0777,ACC_NORM_0261,12295.32,2026-07-14T22:49:57,,,0,,,
TXN-0001453,ACC_MULE_0448,ACC_MULE_0087,212473.88,2026-07-14T22:58:35,28.663976,77.284863,2,2026-07-14T23:06:52,ATM_AXIS_169,1.73
TXN-0001454,ACC_VIC_0399,ACC_MULE_0103,113643.98,2026-07-14T23:07:14,28.598643,77.335831,1,2026-07-14T23:44:53,ATM_UBI_150,12.76
TXN-0001455,ACC_NORM_1955,ACC_NORM_0883,5403.54,2026-07-14T23:15:52,,,0,,,
TXN-0001456,ACC_NORM_2282,ACC_NORM_0603,17321.94,2026-07-14T23:24:31,,,0,,,
TXN-0001457,ACC_NORM_0029,ACC_NORM_1619,3753.73,2026-07-14T23:33:09,,,0,,,
TXN-0001458,ACC_NORM_1259,ACC_NORM_0084,18668.35,2026-07-14T23:41:47,,,0,,,
TXN-0001459,ACC_NORM_2565,ACC_NORM_0331,16943.78,2026-07-14T23:50:26,,,0,,,
TXN-0001460,ACC_NORM_1548,ACC_NORM_1474,23104.06,2026-07-14T23:59:04,,,0,,,
TXN-0001461,ACC_NORM_1693,ACC_NORM_2194,24208.86,2026-07-15T00:07:43,,,0,,,
TXN-0001462,ACC_VIC_0692,ACC_MULE_0029,155569.53,2026-07-15T00:16:21,28.544787,77.140471,1,2026-07-15T00:34:17,ATM_BOB_091,6.66
TXN-0001463,ACC_NORM_2845,ACC_NORM_1632,16831.34,2026-07-15T00:24:59,,,0,,,
TXN-0001464,ACC_NORM_0940,ACC_NORM_1244,21243.36,2026-07-15T00:33:38,,,0,,,
TXN-0001465,ACC_NORM_1395,ACC_NORM_0339,16801.13,2026-07-15T00:42:16,,,0,,,
TXN-0001466,ACC_VIC_1026,ACC_MULE_0415,196297.81,2026-07-15T00:50:55,28.585531,77.256799,1,2026-07-15T01:03:26,ATM_PNB_052,6.61
TXN-0001467,ACC_NORM_2998,ACC_NORM_2635,15373.43,2026-07-15T00:59:33,,,0,,,
TXN-0001468,ACC_VIC_0672,ACC_MULE_0527,55038.06,2026-07-15T01:08:11,28.713956,77.140458,1,,,
TXN-0001469,ACC_VIC_0459,ACC_MULE_0457,108971.94,2026-07-15T01:16:50,28.722961,77.11012,1,2026-07-15T01:37:42,ATM_ICICI_142,7.43
TXN-0001470,ACC_NORM_2063,ACC_NORM_1181,14320.76,2026-07-15T01:25:28,,,0,,,
TXN-0001471,ACC_NORM_2026,ACC_NORM_1089,10415.58,2026-07-15T01:34:07,,,0,,,
TXN-0001472,ACC_NORM_2484,ACC_NORM_0064,20916.6,2026-07-15T01:42:45,,,0,,,
TXN-0001473,ACC_NORM_0573,ACC_NORM_0728,17837.6,2026-07-15T01:51:23,,,0,,,
TXN-0001474,ACC_NORM_2736,ACC_NORM_2651,16739.3,2026-07-15T02:00:02,,,0,,,
TXN-0001475,ACC_NORM_0378,ACC_NORM_1010,9218.26,2026-07-15T02:08:40,,,0,,,
TXN-0001476,ACC_VIC_1185,ACC_MULE_0432,60093.46,2026-07-15T02:17:19,28.582481,77.053743,1,2026-07-15T02:31:17,ATM_AXIS_108,1.01
TXN-0001477,ACC_VIC_0330,ACC_MULE_0410,78545.59,2026-07-15T02:25:57,28.552688,77.223813,1,2026-07-15T02:42:55,ATM_ICICI_068,7.69
TXN-0001478,ACC_NORM_2579,ACC_NORM_2497,15028.73,2026-07-15T02:34:35,,,0,,,
TXN-0001479,ACC_NORM_2883,ACC_NORM_2590,20483.43,2026-07-15T02:43:14,,,0,,,
TXN-0001480,ACC_VIC_0737,ACC_MULE_0418,71290.25,2026-07-15T02:51:52,28.701646,77.105106,1,2026-07-15T03:21:20,ATM_SBI_141,2.43
TXN-0001481,ACC_VIC_1180,ACC_MULE_0028,119738.37,2026-07-15T03:00:31,28.627319,77.329388,1,2026-07-15T03:18:55,ATM_BOB_146,7.73
TXN-0001482,ACC_NORM_2904,ACC_NORM_1889,21243.67,2026-07-15T03:09:09,,,0,,,
TXN-0001483,ACC_VIC_0350,ACC_MULE_0295,173059.43,2026-07-15T03:17:47,28.540035,77.229206,1,2026-07-15T03:34:22,ATM_PNB_062,8.27
TXN-0001484,ACC_NORM_1642,ACC_NORM_0103,724.85,2026-07-15T03:26:26,,,0,,,
TXN-0001485,ACC_NORM_1975,ACC_NORM_0910,6649.62,2026-07-15T03:35:04,,,0,,,
TXN-0001486,ACC_NORM_2421,ACC_NORM_0725,14806.27,2026-07-15T03:43:43,,,0,,,
TXN-0001487,ACC_VIC_0087,ACC_MULE_0438,68255.54,2026-07-15T03:52:21,28.642882,77.17967,1,2026-07-15T04:10:22,ATM_SBI_011,2.23
TXN-0001488,ACC_NORM_0456,ACC_NORM_1197,12297.56,2026-07-15T04:00:59,,,0,,,
TXN-0001489,ACC_VIC_0648,ACC_MULE_0323,165181.01,2026-07-15T04:09:38,28.652306,77.218858,1,2026-07-15T04:23:36,ATM_HDFC_007,5.69
TXN-0001490,ACC_NORM_0879,ACC_NORM_2988,11103.72,2026-07-15T04:18:16,,,0,,,
TXN-0001491,ACC_VIC_0638,ACC_MULE_0031,109632.35,2026-07-15T04:26:55,28.620642,77.288137,1,,,
TXN-0001492,ACC_NORM_0471,ACC_NORM_0607,13193.4,2026-07-15T04:35:33,,,0,,,
TXN-0001493,ACC_NORM_2612,ACC_NORM_2453,14928.67,2026-07-15T04:44:11,,,0,,,
TXN-0001494,ACC_VIC_0526,ACC_MULE_0340,81059.38,2026-07-15T04:52:50,28.53437,77.208411,1,2026-07-15T05:19:08,ATM_BOB_077,5.68
TXN-0001495,ACC_NORM_2262,ACC_NORM_1743,23896.09,2026-07-15T05:01:28,,,0,,,
TXN-0001496,ACC_NORM_0131,ACC_NORM_2006,5248.43,2026-07-15T05:10:07,,,0,,,
TXN-0001497,ACC_VIC_1226,ACC_MULE_0404,223534.08,2026-07-15T05:18:45,28.620004,77.319259,1,2026-07-15T05:46:03,ATM_BOB_152,3.82
TXN-0001498,ACC_NORM_1821,ACC_NORM_2788,19978.4,2026-07-15T05:27:23,,,0,,,
TXN-0001499,ACC_NORM_2138,ACC_NORM_1345,18928.49,2026-07-15T05:36:02,,,0,,,
TXN-0001500,ACC_MULE_0447,ACC_MULE_0024,233276.96,2026-07-15T05:44:40,28.653138,77.201013,2,2026-07-15T06:00:52,ATM_UBI_016,3.47
TXN-0001501,ACC_NORM_1325,ACC_NORM_0020,21002.87,2026-07-15T05:53:19,,,0,,,
TXN-0001502,ACC_MULE_0559,ACC_MULE_0201,245658.21,2026-07-15T06:01:57,28.582507,77.063214,2,2026-07-15T06:13:05,ATM_PNB_102,3.07
TXN-0001503,ACC_VIC_0046,ACC_MULE_0258,172836.21,2026-07-15T06:10:35,28.690594,77.305966,1,2026-07-15T06:23:58,ATM_KOTAK_168,4.26
TXN-0001504,ACC_VIC_0330,ACC_MULE_0153,129770.8,2026-07-15T06:19:14,28.686499,77.117832,1,2026-07-15T06:38:03,ATM_HDFC_131,3.31
TXN-0001505,ACC_NORM_1805,ACC_NORM_2301,11999.24,2026-07-15T06:27:52,,,0,,,
TXN-0001506,ACC_VIC_0488,ACC_MULE_0117,155803.56,2026-07-15T06:36:31,28.519749,77.21164,1,2026-07-15T06:54:12,ATM_ICICI_087,5.64
TXN-0001507,ACC_VIC_0392,ACC_MULE_0432,186779.21,2026-07-15T06:45:09,28.582481,77.053743,1,2026-07-15T07:02:53,ATM_AXIS_108,1.01
TXN-0001508,ACC_NORM_0270,ACC_NORM_0057,12728.61,2026-07-15T06:53:47,,,0,,,
TXN-0001509,ACC_VIC_0541,ACC_MULE_0132,85086.16,2026-07-15T07:02:26,28.703613,77.113556,1,,,
TXN-0001510,ACC_MULE_0173,ACC_MULE_0457,96253.25,2026-07-15T07:11:04,28.722961,77.11012,2,2026-07-15T07:28:10,ATM_SBI_141,5.13
TXN-0001511,ACC_NORM_0682,ACC_NORM_2584,20017.87,2026-07-15T07:19:43,,,0,,,
TXN-0001512,ACC_NORM_1122,ACC_NORM_0641,15117.43,2026-07-15T07:28:21,,,0,,,
TXN-0001513,ACC_VIC_1288,ACC_MULE_0053,62696.64,2026-07-15T07:36:59,28.71765,77.106008,1,2026-07-15T08:05:49,ATM_SBI_141,3.71
TXN-0001514,ACC_NORM_0628,ACC_NORM_1137,20488.23,2026-07-15T07:45:38,,,0,,,
TXN-0001515,ACC_MULE_0162,ACC_MULE_0446,140672.88,2026-07-15T07:54:16,28.557889,77.252555,2,2026-07-15T08:03:42,ATM_PNB_052,2.89
TXN-0001516,ACC_NORM_0149,ACC_NORM_2268,2133.9,2026-07-15T08:02:55,,,0,,,
TXN-0001517,ACC_NORM_2282,ACC_NORM_0017,8426.72,2026-07-15T08:11:33,,,0,,,
TXN-0001518,ACC_NORM_1476,ACC_NORM_0779,23516.76,2026-07-15T08:20:11,,,0,,,
TXN-0001519,ACC_VIC_0911,ACC_MULE_0079,89356.26,2026-07-15T08:28:50,28.538782,77.192955,1,2026-07-15T08:41:46,ATM_HDFC_089,2.86
TXN-0001520,ACC_NORM_1218,ACC_NORM_0289,13410.58,2026-07-15T08:37:28,,,0,,,
TXN-0001521,ACC_NORM_0153,ACC_NORM_2159,11282.4,2026-07-15T08:46:07,,,0,,,
TXN-0001522,ACC_MULE_0244,ACC_MULE_0055,233698.72,2026-07-15T08:54:45,28.609486,77.32273,2,2026-07-15T09:15:17,ATM_BOB_152,5.63
TXN-0001523,ACC_NORM_1173,ACC_NORM_1342,19038.55,2026-07-15T09:03:23,,,0,,,
TXN-0001524,ACC_NORM_2216,ACC_NORM_0603,14703.99,2026-07-15T09:12:02,,,0,,,
TXN-0001525,ACC_NORM_2221,ACC_NORM_1526,18418.42,2026-07-15T09:20:40,,,0,,,
TXN-0001526,ACC_NORM_2472,ACC_NORM_2666,8477.28,2026-07-15T09:29:19,,,0,,,
TXN-0001527,ACC_VIC_1080,ACC_MULE_0337,194952.62,2026-07-15T09:37:57,28.698848,77.148253,1,2026-07-15T09:56:21,ATM_HDFC_130,6.85
TXN-0001528,ACC_NORM_0859,ACC_NORM_1788,8677.75,2026-07-15T09:46:35,,,0,,,
TXN-0001529,ACC_NORM_0074,ACC_NORM_2815,10206.6,2026-07-15T09:55:14,,,0,,,
TXN-0001530,ACC_NORM_2401,ACC_NORM_1527,10567.44,2026-07-15T10:03:52,,,0,,,
TXN-0001531,ACC_NORM_2052,ACC_NORM_2550,6486.58,2026-07-15T10:12:31,,,0,,,
TXN-0001532,ACC_NORM_2723,ACC_NORM_0688,2564.42,2026-07-15T10:21:09,,,0,,,
TXN-0001533,ACC_NORM_2252,ACC_NORM_0380,2817.78,2026-07-15T10:29:47,,,0,,,
TXN-0001534,ACC_VIC_0096,ACC_MULE_0504,247589.08,2026-07-15T10:38:26,28.703413,77.121207,1,2026-07-15T10:54:40,ATM_SBI_141,3.07
TXN-0001535,ACC_NORM_0185,ACC_NORM_2900,14430.4,2026-07-15T10:47:04,,,0,,,
TXN-0001536,ACC_NORM_2672,ACC_NORM_0234,21737.41,2026-07-15T10:55:43,,,0,,,
TXN-0001537,ACC_NORM_2993,ACC_NORM_0938,13848.94,2026-07-15T11:04:21,,,0,,,
TXN-0001538,ACC_NORM_0909,ACC_NORM_0484,4904.47,2026-07-15T11:12:59,,,0,,,
TXN-0001539,ACC_NORM_1807,ACC_NORM_1111,23728.43,2026-07-15T11:21:38,,,0,,,
TXN-0001540,ACC_NORM_0082,ACC_NORM_0218,4385.71,2026-07-15T11:30:16,,,0,,,
TXN-0001541,ACC_NORM_0468,ACC_NORM_0196,21184.0,2026-07-15T11:38:55,,,0,,,
TXN-0001542,ACC_VIC_0108,ACC_MULE_0032,51931.03,2026-07-15T11:47:33,28.547107,77.223341,1,,,
TXN-0001543,ACC_VIC_0594,ACC_MULE_0033,180325.01,2026-07-15T11:56:11,28.635181,77.214082,1,2026-07-15T12:11:54,ATM_UBI_016,7.4
TXN-0001544,ACC_NORM_1629,ACC_NORM_0775,5049.79,2026-07-15T12:04:50,,,0,,,
TXN-0001545,ACC_NORM_0350,ACC_NORM_1189,887.89,2026-07-15T12:13:28,,,0,,,
TXN-0001546,ACC_NORM_0914,ACC_NORM_2507,10022.38,2026-07-15T12:22:07,,,0,,,
TXN-0001547,ACC_NORM_2371,ACC_NORM_2242,12395.5,2026-07-15T12:30:45,,,0,,,
TXN-0001548,ACC_NORM_1011,ACC_NORM_2355,12733.58,2026-07-15T12:39:23,,,0,,,
TXN-0001549,ACC_NORM_1082,ACC_NORM_1765,5048.62,2026-07-15T12:48:02,,,0,,,
TXN-0001550,ACC_NORM_1781,ACC_NORM_0746,16846.78,2026-07-15T12:56:40,,,0,,,
TXN-0001551,ACC_VIC_0791,ACC_MULE_0228,102816.19,2026-07-15T13:05:19,28.643098,77.214977,1,2026-07-15T13:20:11,ATM_ICICI_004,5.2
TXN-0001552,ACC_NORM_1364,ACC_NORM_2750,18809.17,2026-07-15T13:13:57,,,0,,,
TXN-0001553,ACC_NORM_1976,ACC_NORM_1487,6423.14,2026-07-15T13:22:35,,,0,,,
TXN-0001554,ACC_MULE_0395,ACC_MULE_0363,167152.72,2026-07-15T13:31:14,28.707736,77.11631,2,2026-07-15T13:45:22,ATM_SBI_141,1.47
TXN-0001555,ACC_VIC_1283,ACC_MULE_0425,207890.64,2026-07-15T13:39:52,28.561104,77.255495,1,2026-07-15T13:57:33,ATM_PNB_052,2.52
TXN-0001556,ACC_NORM_2757,ACC_NORM_0309,11524.86,2026-07-15T13:48:31,,,0,,,
TXN-0001557,ACC_VIC_0968,ACC_MULE_0060,183910.55,2026-07-15T13:57:09,28.711229,77.121922,1,,,
TXN-0001558,ACC_VIC_1434,ACC_MULE_0290,227845.66,2026-07-15T14:05:47,28.632126,77.205782,1,2026-07-15T14:30:34,ATM_UBI_016,6.18
TXN-0001559,ACC_NORM_0474,ACC_NORM_2695,1312.0,2026-07-15T14:14:26,,,0,,,
TXN-0001560,ACC_NORM_1586,ACC_NORM_1860,1717.44,2026-07-15T14:23:04,,,0,,,
TXN-0001561,ACC_NORM_2804,ACC_NORM_0739,5620.23,2026-07-15T14:31:43,,,0,,,
TXN-0001562,ACC_NORM_1481,ACC_NORM_0077,14276.8,2026-07-15T14:40:21,,,0,,,
TXN-0001563,ACC_NORM_2545,ACC_NORM_1818,20602.63,2026-07-15T14:48:59,,,0,,,
TXN-0001564,ACC_NORM_1426,ACC_NORM_2583,15928.53,2026-07-15T14:57:38,,,0,,,
TXN-0001565,ACC_MULE_0259,ACC_MULE_0365,50996.25,2026-07-15T15:06:16,28.689727,77.274274,2,2026-07-15T15:22:10,ATM_HDFC_170,5.27
TXN-0001566,ACC_NORM_0833,ACC_NORM_2004,14794.89,2026-07-15T15:14:55,,,0,,,
TXN-0001567,ACC_NORM_1247,ACC_NORM_1725,13613.0,2026-07-15T15:23:33,,,0,,,
TXN-0001568,ACC_NORM_2011,ACC_NORM_2907,4378.81,2026-07-15T15:32:11,,,0,,,
TXN-0001569,ACC_NORM_1518,ACC_NORM_1338,1700.45,2026-07-15T15:40:50,,,0,,,
TXN-0001570,ACC_NORM_1830,ACC_NORM_0022,24737.35,2026-07-15T15:49:28,,,0,,,
TXN-0001571,ACC_VIC_1397,ACC_MULE_0280,195626.54,2026-07-15T15:58:07,28.719697,77.122138,1,,,
TXN-0001572,ACC_NORM_2324,ACC_NORM_2506,3756.37,2026-07-15T16:06:45,,,0,,,
TXN-0001573,ACC_NORM_0792,ACC_NORM_1527,645.91,2026-07-15T16:15:23,,,0,,,
TXN-0001574,ACC_MULE_0202,ACC_MULE_0549,105337.02,2026-07-15T16:24:02,28.537029,77.159688,2,2026-07-15T16:55:36,ATM_PNB_062,16.34
TXN-0001575,ACC_VIC_1244,ACC_MULE_0162,147856.18,2026-07-15T16:32:40,28.684367,77.28354,1,2026-07-15T17:06:01,ATM_HDFC_170,2.37
TXN-0001576,ACC_NORM_2389,ACC_NORM_0779,11780.84,2026-07-15T16:41:19,,,0,,,
TXN-0001577,ACC_NORM_2881,ACC_NORM_0110,6853.17,2026-07-15T16:49:57,,,0,,,
TXN-0001578,ACC_MULE_0532,ACC_MULE_0545,84482.82,2026-07-15T16:58:35,28.53343,77.190123,2,2026-07-15T17:07:31,ATM_ICICI_087,3.12
TXN-0001579,ACC_VIC_0062,ACC_MULE_0385,248036.35,2026-07-15T17:07:14,28.626159,77.301673,1,,,
TXN-0001580,ACC_NORM_1698,ACC_NORM_0177,13602.85,2026-07-15T17:15:52,,,0,,,
TXN-0001581,ACC_VIC_1327,ACC_MULE_0578,131836.6,2026-07-15T17:24:31,28.653891,77.189816,1,2026-07-15T17:46:11,ATM_UBI_016,2.4
TXN-0001582,ACC_NORM_0006,ACC_NORM_0383,21900.5,2026-07-15T17:33:09,,,0,,,
TXN-0001583,ACC_NORM_0549,ACC_NORM_0190,7487.13,2026-07-15T17:41:47,,,0,,,
TXN-0001584,ACC_NORM_1918,ACC_NORM_1342,18002.63,2026-07-15T17:50:26,,,0,,,
TXN-0001585,ACC_NORM_1546,ACC_NORM_0717,12938.18,2026-07-15T17:59:04,,,0,,,
TXN-0001586,ACC_NORM_2249,ACC_NORM_0953,13821.35,2026-07-15T18:07:43,,,0,,,
TXN-0001587,ACC_NORM_1388,ACC_NORM_0383,13637.25,2026-07-15T18:16:21,,,0,,,
TXN-0001588,ACC_VIC_0188,ACC_MULE_0023,171386.98,2026-07-15T18:24:59,28.549456,77.227232,1,2026-07-15T18:42:20,ATM_PNB_064,1.95
TXN-0001589,ACC_NORM_1924,ACC_NORM_0796,4763.33,2026-07-15T18:33:38,,,0,,,
TXN-0001590,ACC_NORM_0964,ACC_NORM_1968,21561.21,2026-07-15T18:42:16,,,0,,,
TXN-0001591,ACC_NORM_2206,ACC_NORM_2286,23103.37,2026-07-15T18:50:55,,,0,,,
TXN-0001592,ACC_VIC_0605,ACC_MULE_0148,58047.28,2026-07-15T18:59:33,28.628464,77.3112,1,2026-07-15T19:12:25,ATM_UBI_150,3.3
TXN-0001593,ACC_NORM_2063,ACC_NORM_2801,16652.43,2026-07-15T19:08:11,,,0,,,
TXN-0001594,ACC_VIC_1391,ACC_MULE_0268,157672.39,2026-07-15T19:16:50,28.671192,77.170786,1,2026-07-15T19:37:04,ATM_SBI_011,7.31
TXN-0001595,ACC_NORM_0058,ACC_NORM_2387,2429.38,2026-07-15T19:25:28,,,0,,,
TXN-0001596,ACC_NORM_2459,ACC_NORM_0616,23070.46,2026-07-15T19:34:07,,,0,,,
TXN-0001597,ACC_VIC_0767,ACC_MULE_0097,243737.98,2026-07-15T19:42:45,28.652815,77.308392,1,2026-07-15T20:17:17,ATM_HDFC_170,10.03
TXN-0001598,ACC_NORM_0139,ACC_NORM_1129,20341.92,2026-07-15T19:51:23,,,0,,,
TXN-0001599,ACC_NORM_1576,ACC_NORM_0704,17228.28,2026-07-15T20:00:02,,,0,,,
TXN-0001600,ACC_NORM_0204,ACC_NORM_2831,13362.41,2026-07-15T20:08:40,,,0,,,
TXN-0001601,ACC_NORM_0844,ACC_NORM_2529,4571.36,2026-07-15T20:17:19,,,0,,,
TXN-0001602,ACC_MULE_0062,ACC_MULE_0065,249576.42,2026-07-15T20:25:57,28.538557,77.148302,2,2026-07-15T20:42:43,ATM_BOB_094,5.62
TXN-0001603,ACC_VIC_0831,ACC_MULE_0303,115137.78,2026-07-15T20:34:35,28.596125,77.032914,1,2026-07-15T20:52:34,ATM_AXIS_101,2.46
TXN-0001604,ACC_NORM_1604,ACC_NORM_0982,18155.65,2026-07-15T20:43:14,,,0,,,
TXN-0001605,ACC_NORM_2774,ACC_NORM_2879,8838.88,2026-07-15T20:51:52,,,0,,,
TXN-0001606,ACC_NORM_2198,ACC_NORM_0450,15257.87,2026-07-15T21:00:31,,,0,,,
TXN-0001607,ACC_NORM_0077,ACC_NORM_2579,15666.71,2026-07-15T21:09:09,,,0,,,
TXN-0001608,ACC_NORM_1198,ACC_NORM_1148,6999.29,2026-07-15T21:17:47,,,0,,,
TXN-0001609,ACC_NORM_1613,ACC_NORM_1641,17173.65,2026-07-15T21:26:26,,,0,,,
TXN-0001610,ACC_NORM_0992,ACC_NORM_2654,10045.8,2026-07-15T21:35:04,,,0,,,
TXN-0001611,ACC_NORM_0869,ACC_NORM_0487,13279.09,2026-07-15T21:43:43,,,0,,,
TXN-0001612,ACC_NORM_2438,ACC_NORM_0684,20568.38,2026-07-15T21:52:21,,,0,,,
TXN-0001613,ACC_NORM_1741,ACC_NORM_2889,8294.91,2026-07-15T22:00:59,,,0,,,
TXN-0001614,ACC_NORM_0820,ACC_NORM_1240,20735.47,2026-07-15T22:09:38,,,0,,,
TXN-0001615,ACC_NORM_0655,ACC_NORM_0507,8957.99,2026-07-15T22:18:16,,,0,,,
TXN-0001616,ACC_NORM_0860,ACC_NORM_0600,24282.05,2026-07-15T22:26:55,,,0,,,
TXN-0001617,ACC_VIC_1150,ACC_MULE_0452,234249.08,2026-07-15T22:35:33,28.689895,77.308714,1,2026-07-15T23:01:11,ATM_HDFC_170,7.34
TXN-0001618,ACC_NORM_0629,ACC_NORM_0570,19314.85,2026-07-15T22:44:11,,,0,,,
TXN-0001619,ACC_VIC_1308,ACC_MULE_0564,213555.45,2026-07-15T22:52:50,28.52182,77.15837,1,,,
TXN-0001620,ACC_NORM_2664,ACC_NORM_2006,24003.14,2026-07-15T23:01:28,,,0,,,
TXN-0001621,ACC_NORM_0027,ACC_NORM_0437,15866.51,2026-07-15T23:10:07,,,0,,,
TXN-0001622,ACC_NORM_2064,ACC_NORM_2339,2571.61,2026-07-15T23:18:45,,,0,,,
TXN-0001623,ACC_NORM_0472,ACC_NORM_0022,17756.88,2026-07-15T23:27:23,,,0,,,
TXN-0001624,ACC_NORM_1513,ACC_NORM_0587,17907.72,2026-07-15T23:36:02,,,0,,,
TXN-0001625,ACC_NORM_2858,ACC_NORM_2087,12725.34,2026-07-15T23:44:40,,,0,,,
TXN-0001626,ACC_NORM_1844,ACC_NORM_0250,15166.44,2026-07-15T23:53:19,,,0,,,
TXN-0001627,ACC_NORM_2676,ACC_NORM_2819,1839.99,2026-07-16T00:01:57,,,0,,,
TXN-0001628,ACC_VIC_0962,ACC_MULE_0041,57383.35,2026-07-16T00:10:35,28.553456,77.253707,1,2026-07-16T00:23:19,ATM_PNB_052,4.34
TXN-0001629,ACC_NORM_2871,ACC_NORM_2132,20687.15,2026-07-16T00:19:14,,,0,,,
TXN-0001630,ACC_NORM_1998,ACC_NORM_0815,15279.02,2026-07-16T00:27:52,,,0,,,
TXN-0001631,ACC_NORM_0910,ACC_NORM_1700,16578.74,2026-07-16T00:36:31,,,0,,,
TXN-0001632,ACC_NORM_1252,ACC_NORM_1358,7875.63,2026-07-16T00:45:09,,,0,,,
TXN-0001633,ACC_NORM_0478,ACC_NORM_0056,24116.69,2026-07-16T00:53:47,,,0,,,
TXN-0001634,ACC_VIC_0927,ACC_MULE_0364,172866.54,2026-07-16T01:02:26,28.572068,77.037779,1,2026-07-16T01:19:06,ATM_AXIS_108,5.22
TXN-0001635,ACC_NORM_1462,ACC_NORM_2148,13700.0,2026-07-16T01:11:04,,,0,,,
TXN-0001636,ACC_VIC_1354,ACC_MULE_0231,136030.89,2026-07-16T01:19:43,28.661257,77.299731,1,2026-07-16T01:46:27,ATM_HDFC_170,6.4
TXN-0001637,ACC_NORM_0848,ACC_NORM_1962,14119.56,2026-07-16T01:28:21,,,0,,,
TXN-0001638,ACC_NORM_2164,ACC_NORM_2857,24854.04,2026-07-16T01:36:59,,,0,,,
TXN-0001639,ACC_NORM_0786,ACC_NORM_1188,4345.36,2026-07-16T01:45:38,,,0,,,
TXN-0001640,ACC_NORM_2801,ACC_NORM_0707,1060.49,2026-07-16T01:54:16,,,0,,,
TXN-0001641,ACC_NORM_1888,ACC_NORM_1238,2496.85,2026-07-16T02:02:55,,,0,,,
TXN-0001642,ACC_VIC_0621,ACC_MULE_0121,208494.02,2026-07-16T02:11:33,28.596525,77.301749,1,2026-07-16T02:32:29,ATM_BOB_152,7.24
TXN-0001643,ACC_NORM_0008,ACC_NORM_0989,16610.71,2026-07-16T02:20:11,,,0,,,
TXN-0001644,ACC_NORM_2238,ACC_NORM_1025,20502.79,2026-07-16T02:28:50,,,0,,,
TXN-0001645,ACC_NORM_2763,ACC_NORM_1549,7659.69,2026-07-16T02:37:28,,,0,,,
TXN-0001646,ACC_MULE_0394,ACC_MULE_0426,59280.33,2026-07-16T02:46:07,28.594972,77.313061,2,2026-07-16T03:08:26,ATM_UBI_150,9.88
TXN-0001647,ACC_NORM_2960,ACC_NORM_0558,9405.47,2026-07-16T02:54:45,,,0,,,
TXN-0001648,ACC_NORM_2110,ACC_NORM_0813,23068.29,2026-07-16T03:03:23,,,0,,,
TXN-0001649,ACC_VIC_0692,ACC_MULE_0189,205114.5,2026-07-16T03:12:02,28.558852,77.224302,1,,,
TXN-0001650,ACC_NORM_0872,ACC_NORM_1854,13328.26,2026-07-16T03:20:40,,,0,,,
TXN-0001651,ACC_NORM_2702,ACC_NORM_0552,11237.46,2026-07-16T03:29:19,,,0,,,
TXN-0001652,ACC_NORM_1800,ACC_NORM_0493,22286.27,2026-07-16T03:37:57,,,0,,,
TXN-0001653,ACC_NORM_1856,ACC_NORM_1512,3891.53,2026-07-16T03:46:35,,,0,,,
TXN-0001654,ACC_NORM_2551,ACC_NORM_1370,5936.48,2026-07-16T03:55:14,,,0,,,
TXN-0001655,ACC_NORM_0889,ACC_NORM_0716,20822.88,2026-07-16T04:03:52,,,0,,,
TXN-0001656,ACC_NORM_2681,ACC_NORM_0267,5430.26,2026-07-16T04:12:31,,,0,,,
TXN-0001657,ACC_NORM_2440,ACC_NORM_2396,21319.54,2026-07-16T04:21:09,,,0,,,
TXN-0001658,ACC_VIC_0715,ACC_MULE_0537,139242.44,2026-07-16T04:29:47,28.549832,77.230026,1,2026-07-16T04:40:23,ATM_PNB_064,2.13
TXN-0001659,ACC_MULE_0037,ACC_MULE_0058,165390.73,2026-07-16T04:38:26,28.540632,77.198499,2,2026-07-16T04:53:05,ATM_PNB_081,4.8
TXN-0001660,ACC_MULE_0581,ACC_MULE_0116,73812.08,2026-07-16T04:47:04,28.527634,77.162972,2,2026-07-16T05:02:47,ATM_BOB_094,5.16
TXN-0001661,ACC_NORM_1549,ACC_NORM_2209,18836.63,2026-07-16T04:55:43,,,0,,,
TXN-0001662,ACC_VIC_1110,ACC_MULE_0130,171170.92,2026-07-16T05:04:21,28.592238,77.041454,1,,,
TXN-0001663,ACC_VIC_0010,ACC_MULE_0502,182328.12,2026-07-16T05:12:59,28.544673,77.258792,1,2026-07-16T05:26:07,ATM_PNB_065,4.03
TXN-0001664,ACC_VIC_0939,ACC_MULE_0292,82551.45,2026-07-16T05:21:38,28.625493,77.301359,1,,,
TXN-0001665,ACC_NORM_0702,ACC_NORM_2613,20650.48,2026-07-16T05:30:16,,,0,,,
TXN-0001666,ACC_MULE_0447,ACC_MULE_0232,150202.31,2026-07-16T05:38:55,28.700281,77.118178,2,2026-07-16T06:05:05,ATM_ICICI_142,0.94
TXN-0001667,ACC_NORM_2725,ACC_NORM_1456,24666.72,2026-07-16T05:47:33,,,0,,,
TXN-0001668,ACC_VIC_0264,ACC_MULE_0334,104618.46,2026-07-16T05:56:11,28.526225,77.192776,1,2026-07-16T06:22:36,ATM_ICICI_087,3.58
TXN-0001669,ACC_NORM_2869,ACC_NORM_0275,10607.03,2026-07-16T06:04:50,,,0,,,
TXN-0001670,ACC_NORM_1555,ACC_NORM_0571,16745.09,2026-07-16T06:13:28,,,0,,,
TXN-0001671,ACC_NORM_2906,ACC_NORM_0483,17592.8,2026-07-16T06:22:07,,,0,,,
TXN-0001672,ACC_NORM_2756,ACC_NORM_1187,22117.61,2026-07-16T06:30:45,,,0,,,
TXN-0001673,ACC_NORM_0182,ACC_NORM_2199,21149.32,2026-07-16T06:39:23,,,0,,,
TXN-0001674,ACC_NORM_2841,ACC_NORM_1227,6416.29,2026-07-16T06:48:02,,,0,,,
TXN-0001675,ACC_VIC_1155,ACC_MULE_0423,245366.61,2026-07-16T06:56:40,28.651031,77.188441,1,2026-07-16T07:10:40,ATM_UBI_016,1.65
TXN-0001676,ACC_NORM_2159,ACC_NORM_1963,9279.52,2026-07-16T07:05:19,,,0,,,
TXN-0001677,ACC_NORM_1542,ACC_NORM_1711,4089.32,2026-07-16T07:13:57,,,0,,,
TXN-0001678,ACC_NORM_2565,ACC_NORM_0649,8516.01,2026-07-16T07:22:35,,,0,,,
TXN-0001679,ACC_NORM_2157,ACC_NORM_1872,23006.27,2026-07-16T07:31:14,,,0,,,
TXN-0001680,ACC_MULE_0449,ACC_MULE_0139,204968.4,2026-07-16T07:39:52,28.560107,77.241441,2,2026-07-16T08:10:55,ATM_PNB_064,6.55
TXN-0001681,ACC_MULE_0522,ACC_MULE_0565,161021.68,2026-07-16T07:48:31,28.529488,77.238655,2,2026-07-16T07:58:01,ATM_HDFC_066,0.8
TXN-0001682,ACC_NORM_0461,ACC_NORM_0387,5231.44,2026-07-16T07:57:09,,,0,,,
TXN-0001683,ACC_NORM_0197,ACC_NORM_0754,14134.64,2026-07-16T08:05:47,,,0,,,
TXN-0001684,ACC_VIC_1175,ACC_MULE_0333,50105.79,2026-07-16T08:14:26,28.602643,77.321707,1,2026-07-16T08:35:00,ATM_UBI_150,8.99
TXN-0001685,ACC_MULE_0582,ACC_MULE_0211,199255.91,2026-07-16T08:23:04,28.625751,77.334841,2,2026-07-16T08:45:45,ATM_KOTAK_145,9.69
TXN-0001686,ACC_NORM_0878,ACC_NORM_1651,19952.33,2026-07-16T08:31:43,,,0,,,
TXN-0001687,ACC_NORM_1927,ACC_NORM_1214,2639.63,2026-07-16T08:40:21,,,0,,,
TXN-0001688,ACC_NORM_1093,ACC_NORM_0689,12082.79,2026-07-16T08:48:59,,,0,,,
TXN-0001689,ACC_NORM_2621,ACC_NORM_1650,13990.16,2026-07-16T08:57:38,,,0,,,
TXN-0001690,ACC_NORM_1498,ACC_NORM_1262,12205.73,2026-07-16T09:06:16,,,0,,,
TXN-0001691,ACC_VIC_0196,ACC_MULE_0562,89843.03,2026-07-16T09:14:55,28.646962,77.307581,1,,,
TXN-0001692,ACC_NORM_0150,ACC_NORM_2374,3166.99,2026-07-16T09:23:33,,,0,,,
TXN-0001693,ACC_VIC_1152,ACC_MULE_0207,186038.72,2026-07-16T09:32:11,28.61187,77.290621,1,,,
TXN-0001694,ACC_MULE_0041,ACC_MULE_0056,211338.9,2026-07-16T09:40:50,28.534151,77.15558,2,2026-07-16T09:59:39,ATM_BOB_094,4.94
TXN-0001695,ACC_NORM_1422,ACC_NORM_2591,20295.45,2026-07-16T09:49:28,,,0,,,
TXN-0001696,ACC_NORM_2753,ACC_NORM_0897,11976.54,2026-07-16T09:58:07,,,0,,,
TXN-0001697,ACC_NORM_2036,ACC_NORM_1955,12494.33,2026-07-16T10:06:45,,,0,,,
TXN-0001698,ACC_VIC_0486,ACC_MULE_0368,179054.45,2026-07-16T10:15:23,28.648347,77.226941,1,2026-07-16T10:32:42,ATM_ICICI_004,8.38
TXN-0001699,ACC_VIC_0515,ACC_MULE_0205,231588.52,2026-07-16T10:24:02,28.601069,77.335143,1,2026-07-16T11:01:11,ATM_UBI_150,12.13
TXN-0001700,ACC_NORM_1114,ACC_NORM_0076,21544.53,2026-07-16T10:32:40,,,0,,,
TXN-0001701,ACC_NORM_0950,ACC_NORM_2535,15006.82,2026-07-16T10:41:19,,,0,,,
TXN-0001702,ACC_VIC_1102,ACC_MULE_0141,58582.39,2026-07-16T10:49:57,28.53605,77.214754,1,2026-07-16T11:02:17,ATM_ICICI_087,3.89
TXN-0001703,ACC_NORM_1993,ACC_NORM_0710,2652.35,2026-07-16T10:58:35,,,0,,,
TXN-0001704,ACC_NORM_1431,ACC_NORM_1457,12951.44,2026-07-16T11:07:14,,,0,,,
TXN-0001705,ACC_NORM_2507,ACC_NORM_2738,7773.45,2026-07-16T11:15:52,,,0,,,
TXN-0001706,ACC_VIC_0164,ACC_MULE_0171,206260.04,2026-07-16T11:24:31,28.592727,77.051001,1,,,
TXN-0001707,ACC_NORM_2210,ACC_NORM_0399,18356.81,2026-07-16T11:33:09,,,0,,,
TXN-0001708,ACC_NORM_2535,ACC_NORM_0205,3838.83,2026-07-16T11:41:47,,,0,,,
TXN-0001709,ACC_NORM_1000,ACC_NORM_1862,4730.07,2026-07-16T11:50:26,,,0,,,
TXN-0001710,ACC_NORM_2535,ACC_NORM_2827,17464.75,2026-07-16T11:59:04,,,0,,,
TXN-0001711,ACC_NORM_0959,ACC_NORM_2923,21142.3,2026-07-16T12:07:43,,,0,,,
TXN-0001712,ACC_MULE_0356,ACC_MULE_0414,67695.27,2026-07-16T12:16:21,28.595983,77.061147,2,2026-07-16T12:27:18,ATM_PNB_102,2.58
TXN-0001713,ACC_NORM_2498,ACC_NORM_2372,13535.54,2026-07-16T12:24:59,,,0,,,
TXN-0001714,ACC_NORM_1043,ACC_NORM_0055,11482.78,2026-07-16T12:33:38,,,0,,,
TXN-0001715,ACC_NORM_0217,ACC_NORM_0819,22157.63,2026-07-16T12:42:16,,,0,,,
TXN-0001716,ACC_NORM_2667,ACC_NORM_1850,14392.96,2026-07-16T12:50:55,,,0,,,
TXN-0001717,ACC_VIC_0109,ACC_MULE_0098,170681.64,2026-07-16T12:59:33,28.653867,77.182218,1,,,
TXN-0001718,ACC_VIC_1446,ACC_MULE_0447,162059.08,2026-07-16T13:08:11,28.673019,77.29684,1,2026-07-16T13:19:46,ATM_HDFC_170,3.19
TXN-0001719,ACC_VIC_1416,ACC_MULE_0137,167257.32,2026-07-16T13:16:50,28.632054,77.323926,1,,,
TXN-0001720,ACC_NORM_1366,ACC_NORM_0543,13167.82,2026-07-16T13:25:28,,,0,,,
TXN-0001721,ACC_NORM_1831,ACC_NORM_0710,4648.14,2026-07-16T13:34:07,,,0,,,
TXN-0001722,ACC_MULE_0329,ACC_MULE_0356,106719.01,2026-07-16T13:42:45,28.706895,77.124282,2,2026-07-16T13:55:29,ATM_ICICI_142,1.86
TXN-0001723,ACC_NORM_2141,ACC_NORM_1383,18462.9,2026-07-16T13:51:23,,,0,,,
TXN-0001724,ACC_NORM_1212,ACC_NORM_2513,16305.33,2026-07-16T14:00:02,,,0,,,
TXN-0001725,ACC_NORM_2445,ACC_NORM_1160,19008.1,2026-07-16T14:08:40,,,0,,,
TXN-0001726,ACC_MULE_0218,ACC_MULE_0207,90304.08,2026-07-16T14:17:19,28.61187,77.290621,2,,,
TXN-0001727,ACC_VIC_0806,ACC_MULE_0206,128669.21,2026-07-16T14:25:57,28.61709,77.314284,1,2026-07-16T14:40:27,ATM_UBI_150,4.36
TXN-0001728,ACC_NORM_0829,ACC_NORM_0075,15850.46,2026-07-16T14:34:35,,,0,,,
TXN-0001729,ACC_NORM_2802,ACC_NORM_1863,21200.45,2026-07-16T14:43:14,,,0,,,
TXN-0001730,ACC_NORM_2391,ACC_NORM_1464,8025.36,2026-07-16T14:51:52,,,0,,,
TXN-0001731,ACC_VIC_1030,ACC_MULE_0234,243598.27,2026-07-16T15:00:31,28.535512,77.216346,1,2026-07-16T15:12:24,ATM_HDFC_086,1.86
TXN-0001732,ACC_NORM_1140,ACC_NORM_0401,16218.05,2026-07-16T15:09:09,,,0,,,
TXN-0001733,ACC_NORM_1056,ACC_NORM_2270,14343.5,2026-07-16T15:17:47,,,0,,,
TXN-0001734,ACC_VIC_1223,ACC_MULE_0387,80294.29,2026-07-16T15:26:26,28.623283,77.231737,1,2026-07-16T15:42:24,ATM_ICICI_004,6.75
TXN-0001735,ACC_NORM_1147,ACC_NORM_2602,10871.37,2026-07-16T15:35:04,,,0,,,
TXN-0001736,ACC_VIC_1485,ACC_MULE_0068,244135.45,2026-07-16T15:43:43,28.641434,77.228969,1,2026-07-16T15:58:18,ATM_HDFC_007,2.61
TXN-0001737,ACC_VIC_0938,ACC_MULE_0168,70645.57,2026-07-16T15:52:21,28.542533,77.140238,1,2026-07-16T16:11:56,ATM_BOB_094,7.08
TXN-0001738,ACC_NORM_0717,ACC_NORM_2636,15786.74,2026-07-16T16:00:59,,,0,,,
TXN-0001739,ACC_VIC_0127,ACC_MULE_0257,198356.19,2026-07-16T16:09:38,28.708939,77.114045,1,2026-07-16T16:21:39,ATM_HDFC_130,3.84
TXN-0001740,ACC_MULE_0392,ACC_MULE_0458,141864.44,2026-07-16T16:18:16,28.650784,77.215449,2,2026-07-16T16:49:25,ATM_ICICI_019,5.66
TXN-0001741,ACC_NORM_0827,ACC_NORM_1141,1270.63,2026-07-16T16:26:55,,,0,,,
TXN-0001742,ACC_VIC_1170,ACC_MULE_0111,183099.06,2026-07-16T16:35:33,28.582281,77.239527,1,2026-07-16T16:45:31,ATM_KOTAK_053,5.99
TXN-0001743,ACC_NORM_2477,ACC_NORM_1655,6774.82,2026-07-16T16:44:11,,,0,,,
TXN-0001744,ACC_VIC_0208,ACC_MULE_0126,231017.66,2026-07-16T16:52:50,28.655625,77.302481,1,2026-07-16T17:16:33,ATM_HDFC_170,8.34
TXN-0001745,ACC_NORM_2712,ACC_NORM_0895,21803.59,2026-07-16T17:01:28,,,0,,,
TXN-0001746,ACC_VIC_0810,ACC_MULE_0225,153300.98,2026-07-16T17:10:07,28.585154,77.052379,1,2026-07-16T17:20:22,ATM_PNB_102,1.69
TXN-0001747,ACC_NORM_1937,ACC_NORM_2141,21765.02,2026-07-16T17:18:45,,,0,,,
TXN-0001748,ACC_NORM_1997,ACC_NORM_2375,18285.98,2026-07-16T17:27:23,,,0,,,
TXN-0001749,ACC_VIC_0989,ACC_MULE_0580,118870.43,2026-07-16T17:36:02,28.69757,77.118788,1,2026-07-16T17:54:07,ATM_ICICI_142,1.52
TXN-0001750,ACC_NORM_0612,ACC_NORM_1988,12690.96,2026-07-16T17:44:40,,,0,,,
TXN-0001751,ACC_NORM_1647,ACC_NORM_2219,2216.11,2026-07-16T17:53:19,,,0,,,
TXN-0001752,ACC_NORM_1967,ACC_NORM_0220,22003.23,2026-07-16T18:01:57,,,0,,,
TXN-0001753,ACC_NORM_1309,ACC_NORM_0529,16062.93,2026-07-16T18:10:35,,,0,,,
TXN-0001754,ACC_NORM_0644,ACC_NORM_1724,23986.74,2026-07-16T18:19:14,,,0,,,
TXN-0001755,ACC_NORM_0268,ACC_NORM_0351,1672.39,2026-07-16T18:27:52,,,0,,,
TXN-0001756,ACC_NORM_0894,ACC_NORM_2270,22055.95,2026-07-16T18:36:31,,,0,,,
TXN-0001757,ACC_NORM_0835,ACC_NORM_0963,3963.47,2026-07-16T18:45:09,,,0,,,
TXN-0001758,ACC_NORM_1401,ACC_NORM_2864,5972.31,2026-07-16T18:53:47,,,0,,,
TXN-0001759,ACC_NORM_1728,ACC_NORM_2116,16808.14,2026-07-16T19:02:26,,,0,,,
TXN-0001760,ACC_NORM_1931,ACC_NORM_1061,18913.44,2026-07-16T19:11:04,,,0,,,
TXN-0001761,ACC_NORM_1183,ACC_NORM_2364,6162.16,2026-07-16T19:19:43,,,0,,,
TXN-0001762,ACC_MULE_0448,ACC_MULE_0454,98525.96,2026-07-16T19:28:21,28.608527,77.299857,2,2026-07-16T19:42:30,ATM_BOB_146,4.37
TXN-0001763,ACC_NORM_0425,ACC_NORM_0246,13956.14,2026-07-16T19:36:59,,,0,,,
TXN-0001764,ACC_MULE_0058,ACC_MULE_0593,221619.94,2026-07-16T19:45:38,28.68636,77.12063,2,2026-07-16T20:01:34,ATM_ICICI_142,5.0
TXN-0001765,ACC_VIC_0180,ACC_MULE_0467,243262.18,2026-07-16T19:54:16,28.595233,77.040218,1,2026-07-16T20:33:50,ATM_AXIS_101,2.66
TXN-0001766,ACC_MULE_0286,ACC_MULE_0594,220951.21,2026-07-16T20:02:55,28.577339,77.035151,2,2026-07-16T20:17:01,ATM_AXIS_101,8.26
TXN-0001767,ACC_NORM_2862,ACC_NORM_2532,22626.16,2026-07-16T20:11:33,,,0,,,
TXN-0001768,ACC_NORM_0297,ACC_NORM_1385,8212.09,2026-07-16T20:20:11,,,0,,,
TXN-0001769,ACC_NORM_0549,ACC_NORM_2756,13498.52,2026-07-16T20:28:50,,,0,,,
TXN-0001770,ACC_NORM_0113,ACC_NORM_1912,5197.2,2026-07-16T20:37:28,,,0,,,
TXN-0001771,ACC_NORM_1861,ACC_NORM_0377,789.86,2026-07-16T20:46:07,,,0,,,
TXN-0001772,ACC_NORM_1708,ACC_NORM_2880,18753.99,2026-07-16T20:54:45,,,0,,,
TXN-0001773,ACC_NORM_2497,ACC_NORM_1702,3194.98,2026-07-16T21:03:23,,,0,,,
TXN-0001774,ACC_NORM_2036,ACC_NORM_2704,21417.27,2026-07-16T21:12:02,,,0,,,
TXN-0001775,ACC_NORM_0267,ACC_NORM_0164,11362.23,2026-07-16T21:20:40,,,0,,,
TXN-0001776,ACC_VIC_1368,ACC_MULE_0426,155761.29,2026-07-16T21:29:19,28.594972,77.313061,1,2026-07-16T21:44:47,ATM_UBI_150,9.88
TXN-0001777,ACC_VIC_1482,ACC_MULE_0213,75228.42,2026-07-16T21:37:57,28.606227,77.057548,1,2026-07-16T22:02:04,ATM_AXIS_101,5.94
TXN-0001778,ACC_VIC_1445,ACC_MULE_0426,217605.46,2026-07-16T21:46:35,28.594972,77.313061,1,2026-07-16T22:04:42,ATM_BOB_146,9.13
TXN-0001779,ACC_NORM_2310,ACC_NORM_2456,4769.43,2026-07-16T21:55:14,,,0,,,
TXN-0001780,ACC_VIC_1411,ACC_MULE_0360,200504.0,2026-07-16T22:03:52,28.527679,77.249452,1,2026-07-16T22:35:11,ATM_ICICI_068,3.74
TXN-0001781,ACC_NORM_2047,ACC_NORM_0217,7447.87,2026-07-16T22:12:31,,,0,,,
TXN-0001782,ACC_NORM_0882,ACC_NORM_2481,7491.06,2026-07-16T22:21:09,,,0,,,
TXN-0001783,ACC_NORM_1742,ACC_NORM_0633,602.72,2026-07-16T22:29:47,,,0,,,
TXN-0001784,ACC_NORM_2389,ACC_NORM_1269,9885.91,2026-07-16T22:38:26,,,0,,,
TXN-0001785,ACC_NORM_1647,ACC_NORM_1167,18361.98,2026-07-16T22:47:04,,,0,,,
TXN-0001786,ACC_NORM_2582,ACC_NORM_1883,23251.69,2026-07-16T22:55:43,,,0,,,
TXN-0001787,ACC_NORM_2526,ACC_NORM_1064,16536.77,2026-07-16T23:04:21,,,0,,,
TXN-0001788,ACC_NORM_0308,ACC_NORM_0303,24215.31,2026-07-16T23:12:59,,,0,,,
TXN-0001789,ACC_NORM_1995,ACC_NORM_2314,15887.45,2026-07-16T23:21:38,,,0,,,
TXN-0001790,ACC_NORM_1734,ACC_NORM_0217,3499.98,2026-07-16T23:30:16,,,0,,,
TXN-0001791,ACC_VIC_1242,ACC_MULE_0183,136833.97,2026-07-16T23:38:55,28.650624,77.20998,1,,,
TXN-0001792,ACC_NORM_0566,ACC_NORM_2510,16452.48,2026-07-16T23:47:33,,,0,,,
TXN-0001793,ACC_NORM_1958,ACC_NORM_0921,18242.56,2026-07-16T23:56:11,,,0,,,
TXN-0001794,ACC_NORM_1825,ACC_NORM_1492,9911.83,2026-07-17T00:04:50,,,0,,,
TXN-0001795,ACC_VIC_1217,ACC_MULE_0127,243983.86,2026-07-17T00:13:28,28.623299,77.328534,1,2026-07-17T00:33:03,ATM_BOB_146,7.3
TXN-0001796,ACC_VIC_0306,ACC_MULE_0143,103994.66,2026-07-17T00:22:07,28.623659,77.314846,1,2026-07-17T00:42:11,ATM_UBI_150,3.96
TXN-0001797,ACC_NORM_1650,ACC_NORM_0717,14597.15,2026-07-17T00:30:45,,,0,,,
TXN-0001798,ACC_NORM_1995,ACC_NORM_1117,4419.92,2026-07-17T00:39:23,,,0,,,
TXN-0001799,ACC_NORM_0551,ACC_NORM_1099,2155.68,2026-07-17T00:48:02,,,0,,,
TXN-0001800,ACC_VIC_1080,ACC_MULE_0110,166266.01,2026-07-17T00:56:40,28.52858,77.259297,1,2026-07-17T01:28:45,ATM_PNB_062,17.0
TXN-0001801,ACC_NORM_1880,ACC_NORM_0069,22240.95,2026-07-17T01:05:19,,,0,,,
TXN-0001802,ACC_NORM_0677,ACC_NORM_2394,6687.27,2026-07-17T01:13:57,,,0,,,
TXN-0001803,ACC_NORM_1232,ACC_NORM_2569,16574.21,2026-07-17T01:22:35,,,0,,,
TXN-0001804,ACC_NORM_2750,ACC_NORM_1628,16155.75,2026-07-17T01:31:14,,,0,,,
TXN-0001805,ACC_MULE_0002,ACC_MULE_0316,244446.59,2026-07-17T01:39:52,28.64934,77.213955,2,2026-07-17T02:16:51,ATM_ICICI_004,7.04
TXN-0001806,ACC_NORM_1972,ACC_NORM_2760,2278.14,2026-07-17T01:48:31,,,0,,,
TXN-0001807,ACC_NORM_2674,ACC_NORM_1330,1262.49,2026-07-17T01:57:09,,,0,,,
TXN-0001808,ACC_NORM_0014,ACC_NORM_0196,8985.26,2026-07-17T02:05:47,,,0,,,
TXN-0001809,ACC_NORM_2123,ACC_NORM_1631,24070.94,2026-07-17T02:14:26,,,0,,,
TXN-0001810,ACC_NORM_2320,ACC_NORM_0335,16195.02,2026-07-17T02:23:04,,,0,,,
TXN-0001811,ACC_NORM_2399,ACC_NORM_1788,19589.26,2026-07-17T02:31:43,,,0,,,
TXN-0001812,ACC_NORM_1825,ACC_NORM_2518,13230.0,2026-07-17T02:40:21,,,0,,,
TXN-0001813,ACC_MULE_0449,ACC_MULE_0268,101980.63,2026-07-17T02:48:59,28.671192,77.170786,2,2026-07-17T03:04:17,ATM_AXIS_017,10.22
TXN-0001814,ACC_NORM_0333,ACC_NORM_2564,3188.07,2026-07-17T02:57:38,,,0,,,
TXN-0001815,ACC_NORM_1734,ACC_NORM_2252,8655.63,2026-07-17T03:06:16,,,0,,,
TXN-0001816,ACC_VIC_0553,ACC_MULE_0345,240180.77,2026-07-17T03:14:55,28.695081,77.130814,1,,,
TXN-0001817,ACC_MULE_0308,ACC_MULE_0306,101777.7,2026-07-17T03:23:33,28.687317,77.304442,2,2026-07-17T03:35:20,ATM_KOTAK_168,3.12
TXN-0001818,ACC_NORM_0024,ACC_NORM_0038,12774.2,2026-07-17T03:32:11,,,0,,,
TXN-0001819,ACC_NORM_2381,ACC_NORM_0465,13878.89,2026-07-17T03:40:50,,,0,,,
TXN-0001820,ACC_NORM_0082,ACC_NORM_0958,18962.32,2026-07-17T03:49:28,,,0,,,
TXN-0001821,ACC_NORM_2690,ACC_NORM_1459,8783.76,2026-07-17T03:58:07,,,0,,,
TXN-0001822,ACC_NORM_0786,ACC_NORM_0872,1030.6,2026-07-17T04:06:45,,,0,,,
TXN-0001823,ACC_VIC_0392,ACC_MULE_0576,163080.56,2026-07-17T04:15:23,28.702423,77.125698,1,2026-07-17T04:46:05,ATM_UBI_139,5.57
TXN-0001824,ACC_VIC_0583,ACC_MULE_0586,227153.52,2026-07-17T04:24:02,28.590442,77.321896,1,2026-07-17T04:50:38,ATM_BOB_153,14.01
TXN-0001825,ACC_NORM_1626,ACC_NORM_1086,21859.7,2026-07-17T04:32:40,,,0,,,
TXN-0001826,ACC_NORM_2873,ACC_NORM_1614,3570.95,2026-07-17T04:41:19,,,0,,,
TXN-0001827,ACC_NORM_0407,ACC_NORM_1141,18425.51,2026-07-17T04:49:57,,,0,,,
TXN-0001828,ACC_NORM_2152,ACC_NORM_1817,13502.8,2026-07-17T04:58:35,,,0,,,
TXN-0001829,ACC_NORM_1553,ACC_NORM_2917,7434.38,2026-07-17T05:07:14,,,0,,,
TXN-0001830,ACC_VIC_1312,ACC_MULE_0412,141084.07,2026-07-17T05:15:52,28.509739,77.222115,1,2026-07-17T05:38:35,ATM_ICICI_087,9.97
TXN-0001831,ACC_NORM_0724,ACC_NORM_1759,10005.63,2026-07-17T05:24:31,,,0,,,
TXN-0001832,ACC_MULE_0128,ACC_MULE_0413,134802.47,2026-07-17T05:33:09,28.624014,77.300456,2,2026-07-17T05:39:09,ATM_UBI_150,0.14
TXN-0001833,ACC_NORM_1130,ACC_NORM_0211,1531.07,2026-07-17T05:41:47,,,0,,,
TXN-0001834,ACC_NORM_1888,ACC_NORM_1874,3576.63,2026-07-17T05:50:26,,,0,,,
TXN-0001835,ACC_NORM_2154,ACC_NORM_2386,5386.57,2026-07-17T05:59:04,,,0,,,
TXN-0001836,ACC_NORM_2313,ACC_NORM_2892,10489.9,2026-07-17T06:07:43,,,0,,,
TXN-0001837,ACC_NORM_2184,ACC_NORM_2391,2954.54,2026-07-17T06:16:21,,,0,,,
TXN-0001838,ACC_NORM_1697,ACC_NORM_0177,7548.62,2026-07-17T06:24:59,,,0,,,
TXN-0001839,ACC_MULE_0083,ACC_MULE_0211,68160.02,2026-07-17T06:33:38,28.625751,77.334841,2,2026-07-17T06:51:18,ATM_BOB_146,9.15
TXN-0001840,ACC_NORM_0874,ACC_NORM_1402,24169.13,2026-07-17T06:42:16,,,0,,,
TXN-0001841,ACC_NORM_0818,ACC_NORM_0421,24441.84,2026-07-17T06:50:55,,,0,,,
TXN-0001842,ACC_VIC_0061,ACC_MULE_0579,149092.51,2026-07-17T06:59:33,28.641588,77.197249,1,,,
TXN-0001843,ACC_NORM_2554,ACC_NORM_2891,16490.82,2026-07-17T07:08:11,,,0,,,
TXN-0001844,ACC_NORM_1285,ACC_NORM_0626,24155.05,2026-07-17T07:16:50,,,0,,,
TXN-0001845,ACC_MULE_0415,ACC_MULE_0149,170824.57,2026-07-17T07:25:28,28.647496,77.20884,2,2026-07-17T07:44:53,ATM_UBI_016,4.97
TXN-0001846,ACC_NORM_1591,ACC_NORM_1108,16565.05,2026-07-17T07:34:07,,,0,,,
TXN-0001847,ACC_NORM_0395,ACC_NORM_2724,7209.06,2026-07-17T07:42:45,,,0,,,
TXN-0001848,ACC_VIC_0933,ACC_MULE_0183,153238.28,2026-07-17T07:51:23,28.650624,77.20998,1,2026-07-17T08:15:08,ATM_ICICI_018,4.59
TXN-0001849,ACC_VIC_0638,ACC_MULE_0186,215793.83,2026-07-17T08:00:02,28.534602,77.13424,1,2026-07-17T08:14:41,ATM_BOB_094,5.49
TXN-0001850,ACC_VIC_1116,ACC_MULE_0556,93968.44,2026-07-17T08:08:40,28.678295,77.304574,1,2026-07-17T08:18:49,ATM_HDFC_170,5.02
TXN-0001851,ACC_NORM_0705,ACC_NORM_1479,7028.05,2026-07-17T08:17:19,,,0,,,
TXN-0001852,ACC_NORM_0827,ACC_NORM_1083,20955.64,2026-07-17T08:25:57,,,0,,,
TXN-0001853,ACC_MULE_0567,ACC_MULE_0574,80604.62,2026-07-17T08:34:35,28.70072,77.13057,2,2026-07-17T08:47:27,ATM_HDFC_130,1.83
TXN-0001854,ACC_NORM_2273,ACC_NORM_2029,9978.44,2026-07-17T08:43:14,,,0,,,
TXN-0001855,ACC_NORM_2446,ACC_NORM_2301,15115.19,2026-07-17T08:51:52,,,0,,,
TXN-0001856,ACC_VIC_0591,ACC_MULE_0230,229889.91,2026-07-17T09:00:31,28.727179,77.129184,1,2026-07-17T09:29:53,ATM_HDFC_130,8.58
TXN-0001857,ACC_NORM_0688,ACC_NORM_2179,3246.68,2026-07-17T09:09:09,,,0,,,
TXN-0001858,ACC_NORM_1000,ACC_NORM_2225,7978.17,2026-07-17T09:17:47,,,0,,,
TXN-0001859,ACC_NORM_0876,ACC_NORM_2463,14743.02,2026-07-17T09:26:26,,,0,,,
TXN-0001860,ACC_NORM_1960,ACC_NORM_1417,20313.59,2026-07-17T09:35:04,,,0,,,
TXN-0001861,ACC_VIC_0863,ACC_MULE_0130,144210.86,2026-07-17T09:43:43,28.592238,77.041454,1,2026-07-17T09:54:38,ATM_PNB_102,4.15
TXN-0001862,ACC_VIC_1146,ACC_MULE_0596,208937.97,2026-07-17T09:52:21,28.637205,77.205394,1,,,
TXN-0001863,ACC_NORM_2881,ACC_NORM_0992,14264.76,2026-07-17T10:00:59,,,0,,,
TXN-0001864,ACC_NORM_1608,ACC_NORM_2020,12772.75,2026-07-17T10:09:38,,,0,,,
TXN-0001865,ACC_VIC_0315,ACC_MULE_0178,130677.49,2026-07-17T10:18:16,28.550068,77.252257,1,2026-07-17T10:31:57,ATM_ICICI_068,4.0
TXN-0001866,ACC_NORM_1180,ACC_NORM_0671,18571.21,2026-07-17T10:26:55,,,0,,,
TXN-0001867,ACC_NORM_0287,ACC_NORM_1533,21103.57,2026-07-17T10:35:33,,,0,,,
TXN-0001868,ACC_MULE_0184,ACC_MULE_0573,80698.39,2026-07-17T10:44:11,28.632598,77.291468,2,2026-07-17T10:51:27,ATM_HDFC_148,1.2
TXN-0001869,ACC_VIC_0647,ACC_MULE_0351,240531.23,2026-07-17T10:52:50,28.710216,77.14338,1,2026-07-17T11:15:32,ATM_SBI_041,14.54
TXN-0001870,ACC_MULE_0266,ACC_MULE_0379,141696.82,2026-07-17T11:01:28,28.688001,77.103054,2,,,
TXN-0001871,ACC_MULE_0065,ACC_MULE_0094,85127.81,2026-07-17T11:10:07,28.568919,77.257325,2,2026-07-17T11:30:54,ATM_PNB_062,13.35
TXN-0001872,ACC_MULE_0168,ACC_MULE_0156,89654.46,2026-07-17T11:18:45,28.649301,77.236957,2,,,
TXN-0001873,ACC_VIC_0860,ACC_MULE_0006,173725.88,2026-07-17T11:27:23,28.684818,77.28595,1,2026-07-17T11:41:59,ATM_HDFC_170,2.34
TXN-0001874,ACC_NORM_0322,ACC_NORM_0789,14278.56,2026-07-17T11:36:02,,,0,,,
TXN-0001875,ACC_MULE_0382,ACC_MULE_0520,67724.41,2026-07-17T11:44:40,28.634593,77.310632,2,2026-07-17T12:01:34,ATM_SBI_149,7.11
TXN-0001876,ACC_NORM_2767,ACC_NORM_2984,1011.78,2026-07-17T11:53:19,,,0,,,
TXN-0001877,ACC_NORM_0687,ACC_NORM_0496,20832.95,2026-07-17T12:01:57,,,0,,,
TXN-0001878,ACC_NORM_2173,ACC_NORM_0707,4851.58,2026-07-17T12:10:35,,,0,,,
TXN-0001879,ACC_VIC_0504,ACC_MULE_0332,107158.56,2026-07-17T12:19:14,28.577982,77.035446,1,2026-07-17T12:30:02,ATM_AXIS_108,4.66
TXN-0001880,ACC_NORM_0752,ACC_NORM_1872,14385.37,2026-07-17T12:27:52,,,0,,,
TXN-0001881,ACC_NORM_1566,ACC_NORM_1538,16778.87,2026-07-17T12:36:31,,,0,,,
TXN-0001882,ACC_NORM_0447,ACC_NORM_0089,16307.86,2026-07-17T12:45:09,,,0,,,
TXN-0001883,ACC_NORM_0255,ACC_NORM_0108,15165.18,2026-07-17T12:53:47,,,0,,,
TXN-0001884,ACC_MULE_0564,ACC_MULE_0530,78478.21,2026-07-17T13:02:26,28.673459,77.274678,2,2026-07-17T13:24:25,ATM_HDFC_170,3.68
TXN-0001885,ACC_VIC_0756,ACC_MULE_0456,87224.47,2026-07-17T13:11:04,28.585269,77.242582,1,2026-07-17T13:29:47,ATM_KOTAK_053,7.26
TXN-0001886,ACC_NORM_1263,ACC_NORM_1565,6949.6,2026-07-17T13:19:43,,,0,,,
TXN-0001887,ACC_NORM_2433,ACC_NORM_2038,4609.76,2026-07-17T13:28:21,,,0,,,
TXN-0001888,ACC_NORM_1247,ACC_NORM_1937,8284.75,2026-07-17T13:36:59,,,0,,,
TXN-0001889,ACC_VIC_1370,ACC_MULE_0357,87894.41,2026-07-17T13:45:38,28.646429,77.31436,1,2026-07-17T14:08:39,ATM_BOB_146,8.56
TXN-0001890,ACC_VIC_0660,ACC_MULE_0481,74596.43,2026-07-17T13:54:16,28.713822,77.124297,1,2026-07-17T14:06:52,ATM_SBI_141,4.3
TXN-0001891,ACC_NORM_1867,ACC_NORM_1659,23784.1,2026-07-17T14:02:55,,,0,,,
TXN-0001892,ACC_VIC_0338,ACC_MULE_0262,225122.83,2026-07-17T14:11:33,28.55077,77.131248,1,2026-07-17T14:37:54,ATM_BOB_094,10.42
TXN-0001893,ACC_NORM_0162,ACC_NORM_0449,16997.35,2026-07-17T14:20:11,,,0,,,
TXN-0001894,ACC_NORM_0030,ACC_NORM_1170,7067.13,2026-07-17T14:28:50,,,0,,,
TXN-0001895,ACC_NORM_0813,ACC_NORM_1603,21418.51,2026-07-17T14:37:28,,,0,,,
TXN-0001896,ACC_MULE_0003,ACC_MULE_0340,198966.91,2026-07-17T14:46:07,28.53437,77.208411,2,2026-07-17T15:03:06,ATM_ICICI_087,2.07
TXN-0001897,ACC_MULE_0311,ACC_MULE_0116,107680.17,2026-07-17T14:54:45,28.527634,77.162972,2,2026-07-17T15:07:30,ATM_HDFC_097,6.04
TXN-0001898,ACC_NORM_2599,ACC_NORM_2074,17538.32,2026-07-17T15:03:23,,,0,,,
TXN-0001899,ACC_NORM_1762,ACC_NORM_2744,14687.55,2026-07-17T15:12:02,,,0,,,
TXN-0001900,ACC_NORM_1953,ACC_NORM_1405,13868.38,2026-07-17T15:20:40,,,0,,,
TXN-0001901,ACC_MULE_0573,ACC_MULE_0297,173839.92,2026-07-17T15:29:19,28.635371,77.294753,2,2026-07-17T15:44:19,ATM_UBI_150,4.11
TXN-0001902,ACC_NORM_1755,ACC_NORM_0509,827.7,2026-07-17T15:37:57,,,0,,,
TXN-0001903,ACC_NORM_1980,ACC_NORM_1961,22646.0,2026-07-17T15:46:35,,,0,,,
TXN-0001904,ACC_NORM_2829,ACC_NORM_0216,17789.13,2026-07-17T15:55:14,,,0,,,
TXN-0001905,ACC_NORM_1198,ACC_NORM_1470,7545.24,2026-07-17T16:03:52,,,0,,,
TXN-0001906,ACC_NORM_2430,ACC_NORM_1201,9072.82,2026-07-17T16:12:31,,,0,,,
TXN-0001907,ACC_NORM_0815,ACC_NORM_1534,22107.32,2026-07-17T16:21:09,,,0,,,
TXN-0001908,ACC_VIC_0979,ACC_MULE_0035,151635.31,2026-07-17T16:29:47,28.630198,77.226643,1,2026-07-17T16:57:55,ATM_AXIS_009,5.17
TXN-0001909,ACC_NORM_2132,ACC_NORM_0708,10557.19,2026-07-17T16:38:26,,,0,,,
TXN-0001910,ACC_NORM_2964,ACC_NORM_2453,5448.45,2026-07-17T16:47:04,,,0,,,
TXN-0001911,ACC_MULE_0423,ACC_MULE_0551,125452.96,2026-07-17T16:55:43,28.674802,77.288003,2,2026-07-17T17:11:49,ATM_HDFC_170,0.96
TXN-0001912,ACC_NORM_0464,ACC_NORM_1781,22821.59,2026-07-17T17:04:21,,,0,,,
TXN-0001913,ACC_NORM_1482,ACC_NORM_0846,7742.7,2026-07-17T17:12:59,,,0,,,
TXN-0001914,ACC_NORM_1451,ACC_NORM_1549,19914.93,2026-07-17T17:21:38,,,0,,,
TXN-0001915,ACC_NORM_1585,ACC_NORM_0795,23082.27,2026-07-17T17:30:16,,,0,,,
TXN-0001916,ACC_NORM_1429,ACC_NORM_2219,18809.37,2026-07-17T17:38:55,,,0,,,
TXN-0001917,ACC_NORM_2054,ACC_NORM_0248,14971.62,2026-07-17T17:47:33,,,0,,,
TXN-0001918,ACC_NORM_1698,ACC_NORM_2827,9620.44,2026-07-17T17:56:11,,,0,,,
TXN-0001919,ACC_VIC_0112,ACC_MULE_0463,178173.27,2026-07-17T18:04:50,28.608117,77.061555,1,2026-07-17T18:21:10,ATM_KOTAK_114,3.94
TXN-0001920,ACC_NORM_2883,ACC_NORM_1060,22859.7,2026-07-17T18:13:28,,,0,,,
TXN-0001921,ACC_VIC_0335,ACC_MULE_0444,209233.84,2026-07-17T18:22:07,28.591843,77.050184,1,2026-07-17T18:38:16,ATM_PNB_102,1.76
TXN-0001922,ACC_NORM_2672,ACC_NORM_1937,20972.6,2026-07-17T18:30:45,,,0,,,
TXN-0001923,ACC_NORM_0351,ACC_NORM_2107,12267.94,2026-07-17T18:39:23,,,0,,,
TXN-0001924,ACC_VIC_0812,ACC_MULE_0512,166908.97,2026-07-17T18:48:02,28.590833,77.035335,1,2026-07-17T19:07:43,ATM_PNB_102,5.8
TXN-0001925,ACC_NORM_2492,ACC_NORM_1630,3755.09,2026-07-17T18:56:40,,,0,,,
TXN-0001926,ACC_VIC_1123,ACC_MULE_0286,180953.71,2026-07-17T19:05:19,28.596603,77.317959,1,2026-07-17T19:29:11,ATM_UBI_150,9.98
TXN-0001927,ACC_VIC_0507,ACC_MULE_0525,235899.02,2026-07-17T19:13:57,28.707854,77.11485,1,2026-07-17T19:27:30,ATM_UBI_139,2.67
TXN-0001928,ACC_VIC_0098,ACC_MULE_0081,78165.92,2026-07-17T19:22:35,28.700921,77.125146,1,,,
TXN-0001929,ACC_NORM_0147,ACC_NORM_0197,15416.3,2026-07-17T19:31:14,,,0,,,
TXN-0001930,ACC_NORM_0082,ACC_NORM_2974,20117.76,2026-07-17T19:39:52,,,0,,,
TXN-0001931,ACC_NORM_0773,ACC_NORM_0629,20307.2,2026-07-17T19:48:31,,,0,,,
TXN-0001932,ACC_NORM_0577,ACC_NORM_1239,19330.24,2026-07-17T19:57:09,,,0,,,
TXN-0001933,ACC_NORM_1595,ACC_NORM_1513,15864.53,2026-07-17T20:05:47,,,0,,,
TXN-0001934,ACC_VIC_1288,ACC_MULE_0308,56742.68,2026-07-17T20:14:26,28.628876,77.309839,1,2026-07-17T20:46:53,ATM_BOB_146,3.02
TXN-0001935,ACC_VIC_0723,ACC_MULE_0577,129422.01,2026-07-17T20:23:04,28.644012,77.218891,1,2026-07-17T20:36:00,ATM_PNB_025,1.95
TXN-0001936,ACC_NORM_0858,ACC_NORM_1588,11155.88,2026-07-17T20:31:43,,,0,,,
TXN-0001937,ACC_VIC_1218,ACC_MULE_0438,192269.25,2026-07-17T20:40:21,28.642882,77.17967,1,,,
TXN-0001938,ACC_NORM_2501,ACC_NORM_0781,13119.18,2026-07-17T20:48:59,,,0,,,
TXN-0001939,ACC_NORM_0388,ACC_NORM_2602,21338.17,2026-07-17T20:57:38,,,0,,,
TXN-0001940,ACC_VIC_1242,ACC_MULE_0454,87321.87,2026-07-17T21:06:16,28.608527,77.299857,1,,,
TXN-0001941,ACC_NORM_2167,ACC_NORM_0570,11285.12,2026-07-17T21:14:55,,,0,,,
TXN-0001942,ACC_VIC_0217,ACC_MULE_0435,154721.36,2026-07-17T21:23:33,28.627355,77.322151,1,,,
TXN-0001943,ACC_NORM_1466,ACC_NORM_0569,13854.67,2026-07-17T21:32:11,,,0,,,
TXN-0001944,ACC_NORM_0279,ACC_NORM_1950,12783.69,2026-07-17T21:40:50,,,0,,,
TXN-0001945,ACC_NORM_2086,ACC_NORM_0998,14997.94,2026-07-17T21:49:28,,,0,,,
TXN-0001946,ACC_NORM_1916,ACC_NORM_2806,4256.11,2026-07-17T21:58:07,,,0,,,
TXN-0001947,ACC_NORM_0040,ACC_NORM_2400,9840.36,2026-07-17T22:06:45,,,0,,,
TXN-0001948,ACC_MULE_0585,ACC_MULE_0235,159597.46,2026-07-17T22:15:23,28.62328,77.208833,2,2026-07-17T22:28:48,ATM_ICICI_004,1.52
TXN-0001949,ACC_NORM_1794,ACC_NORM_0941,10124.94,2026-07-17T22:24:02,,,0,,,
TXN-0001950,ACC_NORM_0541,ACC_NORM_0675,16374.81,2026-07-17T22:32:40,,,0,,,
TXN-0001951,ACC_NORM_2558,ACC_NORM_0190,21478.58,2026-07-17T22:41:19,,,0,,,
TXN-0001952,ACC_NORM_1993,ACC_NORM_0252,17047.39,2026-07-17T22:49:57,,,0,,,
TXN-0001953,ACC_VIC_0710,ACC_MULE_0515,107053.55,2026-07-17T22:58:35,28.538331,77.212319,1,2026-07-17T23:14:14,ATM_ICICI_087,3.39
TXN-0001954,ACC_MULE_0127,ACC_MULE_0353,204060.31,2026-07-17T23:07:14,28.540534,77.22555,2,,,
TXN-0001955,ACC_VIC_0917,ACC_MULE_0280,183886.09,2026-07-17T23:15:52,28.719697,77.122138,1,2026-07-17T23:45:33,ATM_KOTAK_138,6.86
TXN-0001956,ACC_MULE_0277,ACC_MULE_0424,136971.45,2026-07-17T23:24:31,28.641373,77.20867,2,2026-07-17T23:39:29,ATM_UBI_016,5.18
TXN-0001957,ACC_MULE_0447,ACC_MULE_0092,159878.88,2026-07-17T23:33:09,28.582136,77.232581,2,,,
TXN-0001958,ACC_MULE_0507,ACC_MULE_0170,100656.85,2026-07-17T23:41:47,28.582543,77.031102,2,,,
TXN-0001959,ACC_MULE_0512,ACC_MULE_0401,67157.0,2026-07-17T23:50:26,28.535746,77.146786,2,2026-07-18T00:02:00,ATM_BOB_094,4.69
TXN-0001960,ACC_VIC_1012,ACC_MULE_0433,240518.89,2026-07-17T23:59:04,28.557173,77.230782,1,2026-07-18T00:11:54,ATM_PNB_056,3.05
TXN-0001961,ACC_NORM_1746,ACC_NORM_2400,2519.36,2026-07-18T00:07:43,,,0,,,
TXN-0001962,ACC_MULE_0094,ACC_MULE_0168,122403.35,2026-07-18T00:16:21,28.542533,77.140238,2,2026-07-18T00:29:12,ATM_SBI_098,8.0
TXN-0001963,ACC_NORM_2427,ACC_NORM_2622,6953.34,2026-07-18T00:24:59,,,0,,,
TXN-0001964,ACC_NORM_2143,ACC_NORM_2546,12979.01,2026-07-18T00:33:38,,,0,,,
TXN-0001965,ACC_NORM_2457,ACC_NORM_1676,16024.44,2026-07-18T00:42:16,,,0,,,
TXN-0001966,ACC_NORM_2017,ACC_NORM_0805,24256.38,2026-07-18T00:50:55,,,0,,,
TXN-0001967,ACC_NORM_2366,ACC_NORM_0114,12082.85,2026-07-18T00:59:33,,,0,,,
TXN-0001968,ACC_NORM_2867,ACC_NORM_2479,4045.02,2026-07-18T01:08:11,,,0,,,
TXN-0001969,ACC_VIC_0728,ACC_MULE_0082,168457.33,2026-07-18T01:16:50,28.650484,77.224164,1,2026-07-18T01:40:12,ATM_HDFC_007,4.97
TXN-0001970,ACC_NORM_0661,ACC_NORM_0505,6616.94,2026-07-18T01:25:28,,,0,,,
TXN-0001971,ACC_NORM_0446,ACC_NORM_1387,22374.13,2026-07-18T01:34:07,,,0,,,
TXN-0001972,ACC_MULE_0254,ACC_MULE_0289,145628.84,2026-07-18T01:42:45,28.538686,77.248243,2,2026-07-18T02:01:58,ATM_HDFC_086,10.93
TXN-0001973,ACC_MULE_0232,ACC_MULE_0011,68684.44,2026-07-18T01:51:23,28.639829,77.297549,2,,,
TXN-0001974,ACC_NORM_0789,ACC_NORM_0877,14392.79,2026-07-18T02:00:02,,,0,,,
TXN-0001975,ACC_NORM_2880,ACC_NORM_0921,13220.83,2026-07-18T02:08:40,,,0,,,
TXN-0001976,ACC_NORM_2033,ACC_NORM_2213,19353.66,2026-07-18T02:17:19,,,0,,,
TXN-0001977,ACC_NORM_2446,ACC_NORM_1152,20049.74,2026-07-18T02:25:57,,,0,,,
TXN-0001978,ACC_VIC_1156,ACC_MULE_0275,158128.23,2026-07-18T02:34:35,28.689215,77.101291,1,,,
TXN-0001979,ACC_NORM_2791,ACC_NORM_0398,21861.26,2026-07-18T02:43:14,,,0,,,
TXN-0001980,ACC_NORM_1380,ACC_NORM_0612,9940.02,2026-07-18T02:51:52,,,0,,,
TXN-0001981,ACC_MULE_0516,ACC_MULE_0350,109652.7,2026-07-18T03:00:31,28.558774,77.252025,2,2026-07-18T03:10:40,ATM_PNB_052,2.57
TXN-0001982,ACC_NORM_2261,ACC_NORM_1104,2538.9,2026-07-18T03:09:09,,,0,,,
TXN-0001983,ACC_NORM_0908,ACC_NORM_1595,7959.11,2026-07-18T03:17:47,,,0,,,
TXN-0001984,ACC_NORM_1658,ACC_NORM_1942,928.16,2026-07-18T03:26:26,,,0,,,
TXN-0001985,ACC_NORM_2662,ACC_NORM_0882,23448.16,2026-07-18T03:35:04,,,0,,,
TXN-0001986,ACC_NORM_2874,ACC_NORM_0353,2793.79,2026-07-18T03:43:43,,,0,,,
TXN-0001987,ACC_NORM_0470,ACC_NORM_0821,506.91,2026-07-18T03:52:21,,,0,,,
TXN-0001988,ACC_NORM_0199,ACC_NORM_1033,9307.61,2026-07-18T04:00:59,,,0,,,
TXN-0001989,ACC_NORM_0860,ACC_NORM_2504,4188.42,2026-07-18T04:09:38,,,0,,,
TXN-0001990,ACC_NORM_0157,ACC_NORM_2232,20730.29,2026-07-18T04:18:16,,,0,,,
TXN-0001991,ACC_VIC_0612,ACC_MULE_0595,123738.06,2026-07-18T04:26:55,28.716011,77.123088,1,2026-07-18T04:49:47,ATM_BOB_144,4.32
TXN-0001992,ACC_NORM_0595,ACC_NORM_1278,8814.33,2026-07-18T04:35:33,,,0,,,
TXN-0001993,ACC_NORM_0218,ACC_NORM_1293,8924.14,2026-07-18T04:44:11,,,0,,,
TXN-0001994,ACC_NORM_2216,ACC_NORM_0307,22221.5,2026-07-18T04:52:50,,,0,,,
TXN-0001995,ACC_NORM_2300,ACC_NORM_2981,17108.21,2026-07-18T05:01:28,,,0,,,
TXN-0001996,ACC_NORM_0879,ACC_NORM_0259,8274.51,2026-07-18T05:10:07,,,0,,,
TXN-0001997,ACC_NORM_0505,ACC_NORM_1307,15068.95,2026-07-18T05:18:45,,,0,,,
TXN-0001998,ACC_NORM_0143,ACC_NORM_2110,10389.91,2026-07-18T05:27:23,,,0,,,
TXN-0001999,ACC_NORM_1785,ACC_NORM_1647,6409.62,2026-07-18T05:36:02,,,0,,,
TXN-0002000,ACC_VIC_0049,ACC_MULE_0430,150144.86,2026-07-18T05:44:40,28.58049,77.25331,1,2026-07-18T05:57:38,ATM_PNB_052,4.77
TXN-0002001,ACC_NORM_0782,ACC_NORM_1390,4414.98,2026-07-18T05:53:19,,,0,,,
TXN-0002002,ACC_NORM_1670,ACC_NORM_2329,22047.64,2026-07-18T06:01:57,,,0,,,
TXN-0002003,ACC_VIC_1220,ACC_MULE_0323,244700.79,2026-07-18T06:10:35,28.652306,77.218858,1,2026-07-18T06:28:10,ATM_HDFC_007,5.69
TXN-0002004,ACC_NORM_2150,ACC_NORM_2720,3707.16,2026-07-18T06:19:14,,,0,,,
TXN-0002005,ACC_MULE_0465,ACC_MULE_0297,132224.99,2026-07-18T06:27:52,28.635371,77.294753,2,2026-07-18T06:36:24,ATM_UBI_150,4.11
TXN-0002006,ACC_NORM_2389,ACC_NORM_1029,24549.92,2026-07-18T06:36:31,,,0,,,
TXN-0002007,ACC_NORM_1598,ACC_NORM_2193,15973.44,2026-07-18T06:45:09,,,0,,,
TXN-0002008,ACC_NORM_2736,ACC_NORM_2314,22933.6,2026-07-18T06:53:47,,,0,,,
TXN-0002009,ACC_NORM_0327,ACC_NORM_2629,16027.57,2026-07-18T07:02:26,,,0,,,
TXN-0002010,ACC_NORM_1502,ACC_NORM_0057,4491.74,2026-07-18T07:11:04,,,0,,,
TXN-0002011,ACC_VIC_1172,ACC_MULE_0309,204091.55,2026-07-18T07:19:43,28.668543,77.180372,1,,,
TXN-0002012,ACC_NORM_0695,ACC_NORM_1423,18969.08,2026-07-18T07:28:21,,,0,,,
TXN-0002013,ACC_VIC_1171,ACC_MULE_0435,221727.06,2026-07-18T07:36:59,28.627355,77.322151,1,2026-07-18T08:06:43,ATM_PNB_160,11.09
TXN-0002014,ACC_VIC_1130,ACC_MULE_0163,216046.55,2026-07-18T07:45:38,28.609268,77.309568,1,,,
TXN-0002015,ACC_NORM_0541,ACC_NORM_1368,6874.37,2026-07-18T07:54:16,,,0,,,
TXN-0002016,ACC_NORM_1364,ACC_NORM_2072,17118.01,2026-07-18T08:02:55,,,0,,,
TXN-0002017,ACC_NORM_2001,ACC_NORM_0217,3858.11,2026-07-18T08:11:33,,,0,,,
TXN-0002018,ACC_NORM_0837,ACC_NORM_2969,24038.95,2026-07-18T08:20:11,,,0,,,
TXN-0002019,ACC_NORM_1714,ACC_NORM_1888,14335.73,2026-07-18T08:28:50,,,0,,,
TXN-0002020,ACC_NORM_0281,ACC_NORM_1461,18968.35,2026-07-18T08:37:28,,,0,,,
TXN-0002021,ACC_VIC_1348,ACC_MULE_0282,72985.69,2026-07-18T08:46:07,28.718405,77.12842,1,2026-07-18T09:06:24,ATM_BOB_144,6.01
TXN-0002022,ACC_MULE_0166,ACC_MULE_0126,78892.17,2026-07-18T08:54:45,28.655625,77.302481,2,2026-07-18T09:14:12,ATM_BOB_155,7.1
TXN-0002023,ACC_NORM_0774,ACC_NORM_2283,6045.55,2026-07-18T09:03:23,,,0,,,
TXN-0002024,ACC_NORM_0019,ACC_NORM_2818,22817.89,2026-07-18T09:12:02,,,0,,,
TXN-0002025,ACC_NORM_0300,ACC_NORM_0666,21738.27,2026-07-18T09:20:40,,,0,,,
TXN-0002026,ACC_NORM_1896,ACC_NORM_2363,8928.8,2026-07-18T09:29:19,,,0,,,
TXN-0002027,ACC_MULE_0569,ACC_MULE_0029,105941.14,2026-07-18T09:37:57,28.544787,77.140471,2,2026-07-18T09:51:28,ATM_BOB_094,7.77
TXN-0002028,ACC_NORM_1333,ACC_NORM_0455,9487.33,2026-07-18T09:46:35,,,0,,,
TXN-0002029,ACC_VIC_0049,ACC_MULE_0093,146144.88,2026-07-18T09:55:14,28.659563,77.308654,1,2026-07-18T10:09:17,ATM_AXIS_169,5.24
TXN-0002030,ACC_NORM_0583,ACC_NORM_1241,11287.95,2026-07-18T10:03:52,,,0,,,
TXN-0002031,ACC_VIC_1083,ACC_MULE_0177,210870.24,2026-07-18T10:12:31,28.675887,77.293202,1,2026-07-18T10:42:37,ATM_BOB_163,1.75
TXN-0002032,ACC_NORM_0977,ACC_NORM_2170,24220.27,2026-07-18T10:21:09,,,0,,,
TXN-0002033,ACC_VIC_0243,ACC_MULE_0394,80713.33,2026-07-18T10:29:47,28.531384,77.222509,1,2026-07-18T10:45:59,ATM_HDFC_086,3.72
TXN-0002034,ACC_VIC_0291,ACC_MULE_0527,214953.71,2026-07-18T10:38:26,28.713956,77.140458,1,2026-07-18T11:06:40,ATM_ICICI_142,6.73
TXN-0002035,ACC_NORM_1792,ACC_NORM_1343,17419.35,2026-07-18T10:47:04,,,0,,,
TXN-0002036,ACC_VIC_0693,ACC_MULE_0438,200576.55,2026-07-18T10:55:43,28.642882,77.17967,1,,,
TXN-0002037,ACC_NORM_0867,ACC_NORM_1948,18854.41,2026-07-18T11:04:21,,,0,,,
TXN-0002038,ACC_VIC_0048,ACC_MULE_0404,238193.13,2026-07-18T11:12:59,28.620004,77.319259,1,2026-07-18T11:29:04,ATM_KOTAK_145,4.97
TXN-0002039,ACC_NORM_1983,ACC_NORM_2601,19374.38,2026-07-18T11:21:38,,,0,,,
TXN-0002040,ACC_VIC_0471,ACC_MULE_0352,181668.93,2026-07-18T11:30:16,28.543881,77.135483,1,2026-07-18T11:50:05,ATM_BOB_094,7.91
TXN-0002041,ACC_VIC_0663,ACC_MULE_0484,71095.5,2026-07-18T11:38:55,28.563689,77.237685,1,2026-07-18T12:22:19,ATM_PNB_062,7.59
TXN-0002042,ACC_NORM_0182,ACC_NORM_2000,5144.8,2026-07-18T11:47:33,,,0,,,
TXN-0002043,ACC_NORM_1760,ACC_NORM_2836,21674.27,2026-07-18T11:56:11,,,0,,,
TXN-0002044,ACC_NORM_1884,ACC_NORM_2580,6658.35,2026-07-18T12:04:50,,,0,,,
TXN-0002045,ACC_NORM_0330,ACC_NORM_2488,12653.28,2026-07-18T12:13:28,,,0,,,
TXN-0002046,ACC_NORM_1952,ACC_NORM_1351,8436.17,2026-07-18T12:22:07,,,0,,,
TXN-0002047,ACC_NORM_2457,ACC_NORM_1803,9427.33,2026-07-18T12:30:45,,,0,,,
TXN-0002048,ACC_NORM_0551,ACC_NORM_0931,15019.21,2026-07-18T12:39:23,,,0,,,
TXN-0002049,ACC_MULE_0141,ACC_MULE_0094,223166.65,2026-07-18T12:48:02,28.568919,77.257325,2,2026-07-18T13:15:15,ATM_PNB_056,6.98
TXN-0002050,ACC_VIC_0385,ACC_MULE_0467,246769.33,2026-07-18T12:56:40,28.595233,77.040218,1,,,
TXN-0002051,ACC_NORM_1228,ACC_NORM_0789,18000.8,2026-07-18T13:05:19,,,0,,,
TXN-0002052,ACC_NORM_0471,ACC_NORM_2453,19140.35,2026-07-18T13:13:57,,,0,,,
TXN-0002053,ACC_NORM_1838,ACC_NORM_0492,23573.79,2026-07-18T13:22:35,,,0,,,
TXN-0002054,ACC_NORM_2172,ACC_NORM_2737,15964.65,2026-07-18T13:31:14,,,0,,,
TXN-0002055,ACC_VIC_1349,ACC_MULE_0271,107925.18,2026-07-18T13:39:52,28.60341,77.322026,1,2026-07-18T13:58:22,ATM_UBI_150,8.87
TXN-0002056,ACC_MULE_0174,ACC_MULE_0113,127078.82,2026-07-18T13:48:31,28.557089,77.236349,2,2026-07-18T14:01:18,ATM_PNB_052,4.57
TXN-0002057,ACC_NORM_2756,ACC_NORM_2441,4523.97,2026-07-18T13:57:09,,,0,,,
TXN-0002058,ACC_NORM_2706,ACC_NORM_0240,21275.55,2026-07-18T14:05:47,,,0,,,
TXN-0002059,ACC_VIC_0430,ACC_MULE_0522,243696.28,2026-07-18T14:14:26,28.613981,77.217538,1,2026-07-18T14:37:31,ATM_ICICI_004,5.19
TXN-0002060,ACC_VIC_1007,ACC_MULE_0598,67213.05,2026-07-18T14:23:04,28.60682,77.055404,1,2026-07-18T14:45:11,ATM_AXIS_101,5.39
TXN-0002061,ACC_NORM_1277,ACC_NORM_0027,21466.22,2026-07-18T14:31:43,,,0,,,
TXN-0002062,ACC_NORM_1434,ACC_NORM_1162,21242.15,2026-07-18T14:40:21,,,0,,,
TXN-0002063,ACC_VIC_1030,ACC_MULE_0456,187942.28,2026-07-18T14:48:59,28.585269,77.242582,1,2026-07-18T15:01:01,ATM_PNB_052,6.37
TXN-0002064,ACC_NORM_2800,ACC_NORM_0279,11441.41,2026-07-18T14:57:38,,,0,,,
TXN-0002065,ACC_NORM_2706,ACC_NORM_1308,23756.05,2026-07-18T15:06:16,,,0,,,
TXN-0002066,ACC_NORM_1250,ACC_NORM_2028,12806.39,2026-07-18T15:14:55,,,0,,,
TXN-0002067,ACC_NORM_1204,ACC_NORM_2191,18359.39,2026-07-18T15:23:33,,,0,,,
TXN-0002068,ACC_NORM_1964,ACC_NORM_2191,12705.39,2026-07-18T15:32:11,,,0,,,
TXN-0002069,ACC_NORM_0973,ACC_NORM_0406,19445.14,2026-07-18T15:40:50,,,0,,,
TXN-0002070,ACC_VIC_0547,ACC_MULE_0014,97075.91,2026-07-18T15:49:28,28.709534,77.133779,1,2026-07-18T16:01:47,ATM_BOB_144,6.76
TXN-0002071,ACC_VIC_0338,ACC_MULE_0182,226727.12,2026-07-18T15:58:07,28.66639,77.203843,1,,,
TXN-0002072,ACC_VIC_0866,ACC_MULE_0290,116503.54,2026-07-18T16:06:45,28.632126,77.205782,1,2026-07-18T16:14:22,ATM_ICICI_004,1.53
TXN-0002073,ACC_NORM_1653,ACC_NORM_0989,6910.45,2026-07-18T16:15:23,,,0,,,
TXN-0002074,ACC_NORM_2539,ACC_NORM_1565,786.78,2026-07-18T16:24:02,,,0,,,
TXN-0002075,ACC_NORM_2046,ACC_NORM_0977,16488.73,2026-07-18T16:32:40,,,0,,,
TXN-0002076,ACC_VIC_0919,ACC_MULE_0327,58174.05,2026-07-18T16:41:19,28.707756,77.121879,1,2026-07-18T17:08:13,ATM_HDFC_130,2.3
TXN-0002077,ACC_NORM_0423,ACC_NORM_0562,630.28,2026-07-18T16:49:57,,,0,,,
TXN-0002078,ACC_NORM_0700,ACC_NORM_2167,8745.09,2026-07-18T16:58:35,,,0,,,
TXN-0002079,ACC_NORM_2412,ACC_NORM_0853,13734.57,2026-07-18T17:07:14,,,0,,,
TXN-0002080,ACC_MULE_0204,ACC_MULE_0147,53897.05,2026-07-18T17:15:52,28.61323,77.312138,2,2026-07-18T17:44:59,ATM_UBI_165,19.82
TXN-0002081,ACC_NORM_2580,ACC_NORM_2404,2663.19,2026-07-18T17:24:31,,,0,,,
TXN-0002082,ACC_NORM_0349,ACC_NORM_2725,5941.01,2026-07-18T17:33:09,,,0,,,
TXN-0002083,ACC_VIC_0478,ACC_MULE_0197,64349.35,2026-07-18T17:41:47,28.667701,77.189541,1,2026-07-18T18:06:12,ATM_BOB_012,3.99
TXN-0002084,ACC_MULE_0447,ACC_MULE_0180,91849.33,2026-07-18T17:50:26,28.543151,77.228039,2,2026-07-18T18:00:27,ATM_PNB_064,0.09
TXN-0002085,ACC_NORM_2730,ACC_NORM_0846,18090.61,2026-07-18T17:59:04,,,0,,,
TXN-0002086,ACC_NORM_2088,ACC_NORM_1616,24587.37,2026-07-18T18:07:43,,,0,,,
TXN-0002087,ACC_NORM_1304,ACC_NORM_2720,13263.18,2026-07-18T18:16:21,,,0,,,
TXN-0002088,ACC_VIC_1257,ACC_MULE_0488,73544.82,2026-07-18T18:24:59,28.598523,77.049541,1,2026-07-18T18:39:24,ATM_PNB_102,3.41
TXN-0002089,ACC_VIC_0709,ACC_MULE_0570,90667.39,2026-07-18T18:33:38,28.651917,77.207641,1,,,
TXN-0002090,ACC_NORM_1873,ACC_NORM_1498,4697.6,2026-07-18T18:42:16,,,0,,,
TXN-0002091,ACC_VIC_0706,ACC_MULE_0100,237234.64,2026-07-18T18:50:55,28.652871,77.232094,1,2026-07-18T19:12:16,ATM_ICICI_004,10.43
TXN-0002092,ACC_NORM_1900,ACC_NORM_0472,13350.85,2026-07-18T18:59:33,,,0,,,
TXN-0002093,ACC_NORM_0615,ACC_NORM_0570,11319.94,2026-07-18T19:08:11,,,0,,,
TXN-0002094,ACC_NORM_1768,ACC_NORM_0513,6788.61,2026-07-18T19:16:50,,,0,,,
TXN-0002095,ACC_NORM_0760,ACC_NORM_0962,19089.08,2026-07-18T19:25:28,,,0,,,
TXN-0002096,ACC_NORM_2705,ACC_NORM_0935,18380.85,2026-07-18T19:34:07,,,0,,,
TXN-0002097,ACC_NORM_2065,ACC_NORM_1306,21867.04,2026-07-18T19:42:45,,,0,,,
TXN-0002098,ACC_MULE_0186,ACC_MULE_0181,171366.14,2026-07-18T19:51:23,28.593034,77.065414,2,2026-07-18T20:07:09,ATM_AXIS_103,4.77
TXN-0002099,ACC_NORM_2553,ACC_NORM_0241,8940.09,2026-07-18T20:00:02,,,0,,,
TXN-0002100,ACC_MULE_0130,ACC_MULE_0341,108341.34,2026-07-18T20:08:40,28.613924,77.221086,2,2026-07-18T20:22:03,ATM_HDFC_007,6.82
TXN-0002101,ACC_VIC_1395,ACC_MULE_0342,133710.38,2026-07-18T20:17:19,28.59598,77.066533,1,2026-07-18T20:45:30,ATM_PNB_102,3.68
TXN-0002102,ACC_NORM_2751,ACC_NORM_1497,16782.5,2026-07-18T20:25:57,,,0,,,
TXN-0002103,ACC_NORM_1237,ACC_NORM_2668,2147.43,2026-07-18T20:34:35,,,0,,,
TXN-0002104,ACC_VIC_1336,ACC_MULE_0378,144316.13,2026-07-18T20:43:14,28.715632,77.107089,1,2026-07-18T20:55:54,ATM_SBI_141,3.0
TXN-0002105,ACC_NORM_1478,ACC_NORM_2044,2797.63,2026-07-18T20:51:52,,,0,,,
TXN-0002106,ACC_NORM_2687,ACC_NORM_0875,21127.75,2026-07-18T21:00:31,,,0,,,
TXN-0002107,ACC_NORM_1783,ACC_NORM_0322,5912.65,2026-07-18T21:09:09,,,0,,,
TXN-0002108,ACC_NORM_0155,ACC_NORM_0709,7853.01,2026-07-18T21:17:47,,,0,,,
TXN-0002109,ACC_NORM_0113,ACC_NORM_0073,6460.2,2026-07-18T21:26:26,,,0,,,
TXN-0002110,ACC_VIC_0776,ACC_MULE_0037,112609.03,2026-07-18T21:35:04,28.654736,77.284097,1,2026-07-18T21:55:59,ATM_HDFC_170,7.39
TXN-0002111,ACC_NORM_1429,ACC_NORM_1769,8186.16,2026-07-18T21:43:43,,,0,,,
TXN-0002112,ACC_NORM_0005,ACC_NORM_2172,22658.8,2026-07-18T21:52:21,,,0,,,
TXN-0002113,ACC_NORM_0883,ACC_NORM_0744,23147.97,2026-07-18T22:00:59,,,0,,,
TXN-0002114,ACC_NORM_2261,ACC_NORM_0212,12497.1,2026-07-18T22:09:38,,,0,,,
TXN-0002115,ACC_NORM_0848,ACC_NORM_2684,24471.2,2026-07-18T22:18:16,,,0,,,
TXN-0002116,ACC_VIC_0066,ACC_MULE_0085,83946.32,2026-07-18T22:26:55,28.590882,77.066664,1,2026-07-18T22:39:00,ATM_PNB_102,3.1
TXN-0002117,ACC_VIC_1193,ACC_MULE_0125,244701.97,2026-07-18T22:35:33,28.555925,77.15922,1,2026-07-18T22:56:18,ATM_BOB_091,8.95
TXN-0002118,ACC_NORM_1415,ACC_NORM_0967,17125.06,2026-07-18T22:44:11,,,0,,,
TXN-0002119,ACC_NORM_0510,ACC_NORM_2561,1617.49,2026-07-18T22:52:50,,,0,,,
TXN-0002120,ACC_NORM_1169,ACC_NORM_2703,22722.07,2026-07-18T23:01:28,,,0,,,
TXN-0002121,ACC_NORM_0574,ACC_NORM_2988,20066.81,2026-07-18T23:10:07,,,0,,,
TXN-0002122,ACC_MULE_0360,ACC_MULE_0067,217572.77,2026-07-18T23:18:45,28.617482,77.293913,2,2026-07-18T23:30:38,ATM_UBI_150,2.81
TXN-0002123,ACC_MULE_0582,ACC_MULE_0025,127270.33,2026-07-18T23:27:23,28.642855,77.225146,2,,,
TXN-0002124,ACC_NORM_1255,ACC_NORM_0153,7329.18,2026-07-18T23:36:02,,,0,,,
TXN-0002125,ACC_NORM_1800,ACC_NORM_0664,6222.59,2026-07-18T23:44:40,,,0,,,
TXN-0002126,ACC_MULE_0241,ACC_MULE_0351,79662.29,2026-07-18T23:53:19,28.710216,77.14338,2,2026-07-19T00:17:23,ATM_BOB_144,9.48
TXN-0002127,ACC_VIC_0767,ACC_MULE_0573,147764.72,2026-07-19T00:01:57,28.632598,77.291468,1,2026-07-19T00:14:30,ATM_PNB_156,6.79
TXN-0002128,ACC_MULE_0421,ACC_MULE_0290,227140.78,2026-07-19T00:10:35,28.632126,77.205782,2,2026-07-19T00:16:58,ATM_HDFC_002,0.76
TXN-0002129,ACC_NORM_0511,ACC_NORM_0817,24737.31,2026-07-19T00:19:14,,,0,,,
TXN-0002130,ACC_NORM_0967,ACC_NORM_2600,12319.61,2026-07-19T00:27:52,,,0,,,
TXN-0002131,ACC_NORM_2966,ACC_NORM_1736,10393.65,2026-07-19T00:36:31,,,0,,,
TXN-0002132,ACC_NORM_2538,ACC_NORM_0156,1350.87,2026-07-19T00:45:09,,,0,,,
TXN-0002133,ACC_NORM_2387,ACC_NORM_1617,9718.92,2026-07-19T00:53:47,,,0,,,
TXN-0002134,ACC_NORM_1009,ACC_NORM_1689,15414.56,2026-07-19T01:02:26,,,0,,,
TXN-0002135,ACC_NORM_0335,ACC_NORM_2932,8010.65,2026-07-19T01:11:04,,,0,,,
TXN-0002136,ACC_NORM_2579,ACC_NORM_1302,2582.88,2026-07-19T01:19:43,,,0,,,
TXN-0002137,ACC_NORM_0209,ACC_NORM_1525,14153.48,2026-07-19T01:28:21,,,0,,,
TXN-0002138,ACC_VIC_0047,ACC_MULE_0433,143062.31,2026-07-19T01:36:59,28.557173,77.230782,1,2026-07-19T01:56:21,ATM_PNB_064,4.48
TXN-0002139,ACC_VIC_0444,ACC_MULE_0237,93717.7,2026-07-19T01:45:38,28.719482,77.123662,1,2026-07-19T01:58:49,ATM_AXIS_140,2.73
TXN-0002140,ACC_MULE_0119,ACC_MULE_0434,69534.75,2026-07-19T01:54:16,28.715924,77.099592,2,2026-07-19T02:12:44,ATM_SBI_141,4.34
TXN-0002141,ACC_NORM_2795,ACC_NORM_1065,3958.63,2026-07-19T02:02:55,,,0,,,
TXN-0002142,ACC_NORM_1106,ACC_NORM_0869,1960.48,2026-07-19T02:11:33,,,0,,,
TXN-0002143,ACC_NORM_1884,ACC_NORM_1312,10531.47,2026-07-19T02:20:11,,,0,,,
TXN-0002144,ACC_VIC_1463,ACC_MULE_0597,74929.12,2026-07-19T02:28:50,28.546026,77.223609,1,2026-07-19T02:51:22,ATM_PNB_056,7.07
TXN-0002145,ACC_VIC_1175,ACC_MULE_0155,223813.1,2026-07-19T02:37:28,28.642411,77.234861,1,,,
TXN-0002146,ACC_NORM_0307,ACC_NORM_0723,9584.34,2026-07-19T02:46:07,,,0,,,
TXN-0002147,ACC_NORM_1254,ACC_NORM_0586,15168.38,2026-07-19T02:54:45,,,0,,,
TXN-0002148,ACC_VIC_1357,ACC_MULE_0264,245216.15,2026-07-19T03:03:23,28.558829,77.239068,1,,,
TXN-0002149,ACC_NORM_2138,ACC_NORM_0953,13210.94,2026-07-19T03:12:02,,,0,,,
TXN-0002150,ACC_VIC_0915,ACC_MULE_0344,213817.31,2026-07-19T03:20:40,28.532284,77.243599,1,2026-07-19T03:32:00,ATM_ICICI_068,2.24
TXN-0002151,ACC_MULE_0505,ACC_MULE_0362,197212.08,2026-07-19T03:29:19,28.581699,77.055344,2,2026-07-19T03:41:52,ATM_AXIS_104,4.94
TXN-0002152,ACC_VIC_0362,ACC_MULE_0466,69965.63,2026-07-19T03:37:57,28.642823,77.208144,1,2026-07-19T04:19:09,ATM_UBI_016,4.91
TXN-0002153,ACC_NORM_1447,ACC_NORM_1582,2886.54,2026-07-19T03:46:35,,,0,,,
TXN-0002154,ACC_NORM_0729,ACC_NORM_1943,21080.54,2026-07-19T03:55:14,,,0,,,
TXN-0002155,ACC_VIC_0630,ACC_MULE_0557,113475.41,2026-07-19T04:03:52,28.565197,77.251381,1,2026-07-19T04:20:42,ATM_ICICI_068,8.59
TXN-0002156,ACC_NORM_0672,ACC_NORM_0815,8784.0,2026-07-19T04:12:31,,,0,,,
TXN-0002157,ACC_MULE_0495,ACC_MULE_0105,109482.03,2026-07-19T04:21:09,28.611145,77.339163,2,2026-07-19T04:34:13,ATM_BOB_152,9.73
TXN-0002158,ACC_NORM_1865,ACC_NORM_2710,20206.76,2026-07-19T04:29:47,,,0,,,
TXN-0002159,ACC_NORM_1155,ACC_NORM_2905,18197.36,2026-07-19T04:38:26,,,0,,,
TXN-0002160,ACC_MULE_0312,ACC_MULE_0475,132598.88,2026-07-19T04:47:04,28.56481,77.257589,2,2026-07-19T04:54:06,ATM_PNB_052,2.54
TXN-0002161,ACC_MULE_0241,ACC_MULE_0558,105776.85,2026-07-19T04:55:43,28.696024,77.114174,2,2026-07-19T05:07:40,ATM_HDFC_131,1.29
TXN-0002162,ACC_VIC_1153,ACC_MULE_0001,133478.19,2026-07-19T05:04:21,28.556021,77.158395,1,,,
TXN-0002163,ACC_NORM_0581,ACC_NORM_2723,20978.07,2026-07-19T05:12:59,,,0,,,
TXN-0002164,ACC_NORM_0973,ACC_NORM_2358,19707.63,2026-07-19T05:21:38,,,0,,,
TXN-0002165,ACC_NORM_2878,ACC_NORM_1018,23836.32,2026-07-19T05:30:16,,,0,,,
TXN-0002166,ACC_NORM_1780,ACC_NORM_0940,17905.03,2026-07-19T05:38:55,,,0,,,
TXN-0002167,ACC_NORM_2188,ACC_NORM_2687,13500.15,2026-07-19T05:47:33,,,0,,,
TXN-0002168,ACC_NORM_2149,ACC_NORM_0390,12048.01,2026-07-19T05:56:11,,,0,,,
TXN-0002169,ACC_MULE_0185,ACC_MULE_0419,159956.65,2026-07-19T06:04:50,28.607984,77.055055,2,2026-07-19T06:21:14,ATM_PNB_102,5.96
TXN-0002170,ACC_NORM_2097,ACC_NORM_2462,10208.04,2026-07-19T06:13:28,,,0,,,
TXN-0002171,ACC_NORM_0050,ACC_NORM_0931,14393.78,2026-07-19T06:22:07,,,0,,,
TXN-0002172,ACC_NORM_0872,ACC_NORM_1688,9397.02,2026-07-19T06:30:45,,,0,,,
TXN-0002173,ACC_NORM_2778,ACC_NORM_2832,1646.27,2026-07-19T06:39:23,,,0,,,
TXN-0002174,ACC_NORM_2330,ACC_NORM_1530,2445.06,2026-07-19T06:48:02,,,0,,,
TXN-0002175,ACC_VIC_1303,ACC_MULE_0350,58227.92,2026-07-19T06:56:40,28.558774,77.252025,1,2026-07-19T07:14:19,ATM_PNB_052,2.57
TXN-0002176,ACC_NORM_0451,ACC_NORM_0001,11598.41,2026-07-19T07:05:19,,,0,,,
TXN-0002177,ACC_NORM_2317,ACC_NORM_2878,3576.78,2026-07-19T07:13:57,,,0,,,
TXN-0002178,ACC_NORM_2056,ACC_NORM_0256,17883.1,2026-07-19T07:22:35,,,0,,,
TXN-0002179,ACC_NORM_0301,ACC_NORM_0100,17616.26,2026-07-19T07:31:14,,,0,,,
TXN-0002180,ACC_VIC_1127,ACC_MULE_0053,179675.85,2026-07-19T07:39:52,28.71765,77.106008,1,2026-07-19T07:54:09,ATM_SBI_141,3.71
TXN-0002181,ACC_VIC_0318,ACC_MULE_0225,116286.51,2026-07-19T07:48:31,28.585154,77.052379,1,2026-07-19T08:02:39,ATM_PNB_102,1.69
TXN-0002182,ACC_NORM_0370,ACC_NORM_2832,13953.34,2026-07-19T07:57:09,,,0,,,
TXN-0002183,ACC_NORM_1475,ACC_NORM_0726,14352.43,2026-07-19T08:05:47,,,0,,,
TXN-0002184,ACC_NORM_0398,ACC_NORM_1247,14026.88,2026-07-19T08:14:26,,,0,,,
TXN-0002185,ACC_NORM_2832,ACC_NORM_1995,17938.89,2026-07-19T08:23:04,,,0,,,
TXN-0002186,ACC_NORM_0443,ACC_NORM_1477,18160.41,2026-07-19T08:31:43,,,0,,,
TXN-0002187,ACC_NORM_1728,ACC_NORM_1434,16383.35,2026-07-19T08:40:21,,,0,,,
TXN-0002188,ACC_NORM_0349,ACC_NORM_2185,21472.86,2026-07-19T08:48:59,,,0,,,
TXN-0002189,ACC_NORM_0625,ACC_NORM_2405,24433.44,2026-07-19T08:57:38,,,0,,,
TXN-0002190,ACC_NORM_2873,ACC_NORM_2968,16856.8,2026-07-19T09:06:16,,,0,,,
TXN-0002191,ACC_NORM_1193,ACC_NORM_2700,10211.0,2026-07-19T09:14:55,,,0,,,
TXN-0002192,ACC_NORM_0397,ACC_NORM_0850,15878.84,2026-07-19T09:23:33,,,0,,,
TXN-0002193,ACC_MULE_0314,ACC_MULE_0359,240697.24,2026-07-19T09:32:11,28.603829,77.03151,2,,,
TXN-0002194,ACC_NORM_2658,ACC_NORM_1114,16027.68,2026-07-19T09:40:50,,,0,,,
TXN-0002195,ACC_VIC_0435,ACC_MULE_0354,246348.67,2026-07-19T09:49:28,28.720119,77.104607,1,2026-07-19T10:06:29,ATM_ICICI_142,7.45
TXN-0002196,ACC_NORM_1854,ACC_NORM_0545,10826.21,2026-07-19T09:58:07,,,0,,,
TXN-0002197,ACC_NORM_0774,ACC_NORM_2214,747.84,2026-07-19T10:06:45,,,0,,,
TXN-0002198,ACC_NORM_0555,ACC_NORM_0018,14150.99,2026-07-19T10:15:23,,,0,,,
TXN-0002199,ACC_VIC_1210,ACC_MULE_0329,215005.79,2026-07-19T10:24:02,28.585192,77.03734,1,,,
TXN-0002200,ACC_VIC_0329,ACC_MULE_0099,69959.87,2026-07-19T10:32:40,28.626976,77.312856,1,2026-07-19T10:46:32,ATM_BOB_146,3.3
TXN-0002201,ACC_NORM_2149,ACC_NORM_0095,7764.74,2026-07-19T10:41:19,,,0,,,
TXN-0002202,ACC_NORM_1543,ACC_NORM_0965,8008.73,2026-07-19T10:49:57,,,0,,,
TXN-0002203,ACC_NORM_1483,ACC_NORM_0817,18040.58,2026-07-19T10:58:35,,,0,,,
TXN-0002204,ACC_NORM_1333,ACC_NORM_0549,22791.4,2026-07-19T11:07:14,,,0,,,
TXN-0002205,ACC_NORM_0758,ACC_NORM_2701,3197.69,2026-07-19T11:15:52,,,0,,,
TXN-0002206,ACC_NORM_2362,ACC_NORM_2358,9437.26,2026-07-19T11:24:31,,,0,,,
TXN-0002207,ACC_NORM_2895,ACC_NORM_1621,4229.08,2026-07-19T11:33:09,,,0,,,
TXN-0002208,ACC_NORM_0459,ACC_NORM_0358,11397.43,2026-07-19T11:41:47,,,0,,,
TXN-0002209,ACC_VIC_0331,ACC_MULE_0094,61400.6,2026-07-19T11:50:26,28.568919,77.257325,1,2026-07-19T12:04:23,ATM_PNB_052,2.57
TXN-0002210,ACC_NORM_0084,ACC_NORM_1932,1867.91,2026-07-19T11:59:04,,,0,,,
TXN-0002211,ACC_NORM_0950,ACC_NORM_2885,4118.65,2026-07-19T12:07:43,,,0,,,
TXN-0002212,ACC_NORM_0834,ACC_NORM_1749,21769.98,2026-07-19T12:16:21,,,0,,,
TXN-0002213,ACC_NORM_0574,ACC_NORM_2805,13023.06,2026-07-19T12:24:59,,,0,,,
TXN-0002214,ACC_VIC_0554,ACC_MULE_0465,198426.22,2026-07-19T12:33:38,28.63428,77.230542,1,2026-07-19T12:57:14,ATM_SBI_011,15.23
TXN-0002215,ACC_MULE_0071,ACC_MULE_0281,134541.0,2026-07-19T12:42:16,28.581061,77.237975,2,,,
TXN-0002216,ACC_NORM_1578,ACC_NORM_0734,4296.33,2026-07-19T12:50:55,,,0,,,
TXN-0002217,ACC_MULE_0068,ACC_MULE_0515,160602.23,2026-07-19T12:59:33,28.538331,77.212319,2,,,
TXN-0002218,ACC_NORM_1840,ACC_NORM_0353,3972.92,2026-07-19T13:08:11,,,0,,,
TXN-0002219,ACC_NORM_1326,ACC_NORM_0657,9063.42,2026-07-19T13:16:50,,,0,,,
TXN-0002220,ACC_VIC_0711,ACC_MULE_0539,120256.92,2026-07-19T13:25:28,28.628311,77.297556,1,,,
TXN-0002221,ACC_NORM_2044,ACC_NORM_0231,10683.81,2026-07-19T13:34:07,,,0,,,
TXN-0002222,ACC_NORM_1328,ACC_NORM_1282,15024.66,2026-07-19T13:42:45,,,0,,,
TXN-0002223,ACC_NORM_1934,ACC_NORM_0752,4181.51,2026-07-19T13:51:23,,,0,,,
TXN-0002224,ACC_VIC_0168,ACC_MULE_0452,226556.04,2026-07-19T14:00:02,28.689895,77.308714,1,2026-07-19T14:24:00,ATM_HDFC_170,7.34
TXN-0002225,ACC_NORM_2567,ACC_NORM_0906,14163.51,2026-07-19T14:08:40,,,0,,,
TXN-0002226,ACC_NORM_1492,ACC_NORM_2758,23639.51,2026-07-19T14:17:19,,,0,,,
TXN-0002227,ACC_VIC_0541,ACC_MULE_0137,160464.35,2026-07-19T14:25:57,28.632054,77.323926,1,2026-07-19T14:53:06,ATM_PNB_160,11.98
TXN-0002228,ACC_NORM_0129,ACC_NORM_0577,5421.09,2026-07-19T14:34:35,,,0,,,
TXN-0002229,ACC_NORM_1828,ACC_NORM_0191,6209.15,2026-07-19T14:43:14,,,0,,,
TXN-0002230,ACC_NORM_0966,ACC_NORM_2496,2150.84,2026-07-19T14:51:52,,,0,,,
TXN-0002231,ACC_NORM_2245,ACC_NORM_1280,738.35,2026-07-19T15:00:31,,,0,,,
TXN-0002232,ACC_VIC_0237,ACC_MULE_0410,127016.34,2026-07-19T15:09:09,28.552688,77.223813,1,2026-07-19T15:34:20,ATM_UBI_069,5.93
TXN-0002233,ACC_MULE_0586,ACC_MULE_0473,77934.87,2026-07-19T15:17:47,28.685541,77.288141,2,2026-07-19T15:30:30,ATM_HDFC_170,2.58
TXN-0002234,ACC_VIC_1086,ACC_MULE_0533,128232.53,2026-07-19T15:26:26,28.561287,77.238473,1,2026-07-19T15:52:05,ATM_HDFC_063,4.08
TXN-0002235,ACC_NORM_0940,ACC_NORM_2839,11610.23,2026-07-19T15:35:04,,,0,,,
TXN-0002236,ACC_NORM_0591,ACC_NORM_2211,14943.63,2026-07-19T15:43:43,,,0,,,
TXN-0002237,ACC_VIC_1025,ACC_MULE_0537,169740.93,2026-07-19T15:52:21,28.549832,77.230026,1,,,
TXN-0002238,ACC_VIC_0507,ACC_MULE_0546,94975.68,2026-07-19T16:00:59,28.620492,77.285092,1,2026-07-19T16:19:53,ATM_BOB_152,5.88
TXN-0002239,ACC_NORM_2194,ACC_NORM_2911,19675.94,2026-07-19T16:09:38,,,0,,,
TXN-0002240,ACC_NORM_1737,ACC_NORM_0241,8720.43,2026-07-19T16:18:16,,,0,,,
TXN-0002241,ACC_VIC_1113,ACC_MULE_0397,186246.73,2026-07-19T16:26:55,28.59024,77.330658,1,2026-07-19T16:47:23,ATM_KOTAK_177,8.24
TXN-0002242,ACC_NORM_1457,ACC_NORM_1249,6904.61,2026-07-19T16:35:33,,,0,,,
TXN-0002243,ACC_NORM_2092,ACC_NORM_0597,9922.53,2026-07-19T16:44:11,,,0,,,
TXN-0002244,ACC_MULE_0182,ACC_MULE_0447,233032.28,2026-07-19T16:52:50,28.673019,77.29684,2,2026-07-19T17:12:03,ATM_HDFC_170,3.19
TXN-0002245,ACC_MULE_0544,ACC_MULE_0576,67647.78,2026-07-19T17:01:28,28.702423,77.125698,2,2026-07-19T17:25:32,ATM_HDFC_131,2.7
TXN-0002246,ACC_VIC_0961,ACC_MULE_0445,236060.91,2026-07-19T17:10:07,28.63453,77.202872,1,,,
TXN-0002247,ACC_NORM_0096,ACC_NORM_0940,3974.14,2026-07-19T17:18:45,,,0,,,
TXN-0002248,ACC_VIC_0334,ACC_MULE_0116,183726.85,2026-07-19T17:27:23,28.527634,77.162972,1,,,
TXN-0002249,ACC_NORM_2759,ACC_NORM_0463,7972.81,2026-07-19T17:36:02,,,0,,,
TXN-0002250,ACC_VIC_0275,ACC_MULE_0300,116824.19,2026-07-19T17:44:40,28.583371,77.262183,1,2026-07-19T17:58:54,ATM_PNB_052,6.7
TXN-0002251,ACC_NORM_1189,ACC_NORM_0963,12562.41,2026-07-19T17:53:19,,,0,,,
TXN-0002252,ACC_NORM_0944,ACC_NORM_0516,16443.23,2026-07-19T18:01:57,,,0,,,
TXN-0002253,ACC_NORM_1515,ACC_NORM_2288,7513.12,2026-07-19T18:10:35,,,0,,,
TXN-0002254,ACC_NORM_2890,ACC_NORM_2509,15089.45,2026-07-19T18:19:14,,,0,,,
TXN-0002255,ACC_NORM_0269,ACC_NORM_2707,22036.9,2026-07-19T18:27:52,,,0,,,
TXN-0002256,ACC_NORM_0615,ACC_NORM_1977,18642.73,2026-07-19T18:36:31,,,0,,,
TXN-0002257,ACC_MULE_0295,ACC_MULE_0085,186437.32,2026-07-19T18:45:09,28.590882,77.066664,2,2026-07-19T19:05:53,ATM_PNB_102,3.1
TXN-0002258,ACC_VIC_0482,ACC_MULE_0107,243388.02,2026-07-19T18:53:47,28.572584,77.242361,1,2026-07-19T19:10:24,ATM_UBI_067,8.49
TXN-0002259,ACC_NORM_1899,ACC_NORM_2334,4470.03,2026-07-19T19:02:26,,,0,,,
TXN-0002260,ACC_NORM_0880,ACC_NORM_1467,18424.32,2026-07-19T19:11:04,,,0,,,
TXN-0002261,ACC_VIC_1491,ACC_MULE_0562,126020.19,2026-07-19T19:19:43,28.646962,77.307581,1,2026-07-19T19:53:09,ATM_HDFC_148,7.57
TXN-0002262,ACC_NORM_0729,ACC_NORM_1360,966.77,2026-07-19T19:28:21,,,0,,,
TXN-0002263,ACC_NORM_0879,ACC_NORM_0354,22445.08,2026-07-19T19:36:59,,,0,,,
TXN-0002264,ACC_NORM_0494,ACC_NORM_2472,12105.44,2026-07-19T19:45:38,,,0,,,
TXN-0002265,ACC_MULE_0382,ACC_MULE_0595,236203.17,2026-07-19T19:54:16,28.716011,77.123088,2,2026-07-19T20:02:28,ATM_BOB_144,4.32
TXN-0002266,ACC_VIC_1316,ACC_MULE_0561,212989.07,2026-07-19T20:02:55,28.594233,77.328214,1,2026-07-19T20:34:22,ATM_UBI_150,12.24
TXN-0002267,ACC_NORM_0820,ACC_NORM_0938,19122.85,2026-07-19T20:11:33,,,0,,,
TXN-0002268,ACC_VIC_0334,ACC_MULE_0552,225166.88,2026-07-19T20:20:11,28.664857,77.29072,1,2026-07-19T20:42:32,ATM_BOB_167,2.09
TXN-0002269,ACC_NORM_0436,ACC_NORM_2713,6289.28,2026-07-19T20:28:50,,,0,,,
TXN-0002270,ACC_VIC_0376,ACC_MULE_0434,247038.54,2026-07-19T20:37:28,28.715924,77.099592,1,2026-07-19T20:48:25,ATM_SBI_141,4.34
TXN-0002271,ACC_NORM_0470,ACC_NORM_1279,16947.78,2026-07-19T20:46:07,,,0,,,
TXN-0002272,ACC_VIC_0600,ACC_MULE_0366,222600.03,2026-07-19T20:54:45,28.534772,77.150509,1,,,
TXN-0002273,ACC_VIC_0585,ACC_MULE_0337,207191.76,2026-07-19T21:03:23,28.698848,77.148253,1,2026-07-19T21:16:48,ATM_KOTAK_138,5.5
TXN-0002274,ACC_NORM_2678,ACC_NORM_0685,20028.03,2026-07-19T21:12:02,,,0,,,
TXN-0002275,ACC_VIC_0141,ACC_MULE_0433,210179.35,2026-07-19T21:20:40,28.557173,77.230782,1,2026-07-19T21:35:18,ATM_KOTAK_053,2.99
TXN-0002276,ACC_NORM_2459,ACC_NORM_0901,24022.3,2026-07-19T21:29:19,,,0,,,
TXN-0002277,ACC_NORM_0601,ACC_NORM_0275,15056.85,2026-07-19T21:37:57,,,0,,,
TXN-0002278,ACC_VIC_0101,ACC_MULE_0584,190933.89,2026-07-19T21:46:35,28.619341,77.220988,1,2026-07-19T22:01:44,ATM_ICICI_004,4.51
TXN-0002279,ACC_MULE_0180,ACC_MULE_0419,209656.05,2026-07-19T21:55:14,28.607984,77.055055,2,2026-07-19T22:05:02,ATM_KOTAK_114,5.3
TXN-0002280,ACC_NORM_1925,ACC_NORM_2871,11939.42,2026-07-19T22:03:52,,,0,,,
TXN-0002281,ACC_NORM_0585,ACC_NORM_2076,24303.21,2026-07-19T22:12:31,,,0,,,
TXN-0002282,ACC_NORM_0900,ACC_NORM_1168,17881.78,2026-07-19T22:21:09,,,0,,,
TXN-0002283,ACC_MULE_0281,ACC_MULE_0290,107994.21,2026-07-19T22:29:47,28.632126,77.205782,2,2026-07-19T22:48:48,ATM_ICICI_004,1.53
TXN-0002284,ACC_NORM_2060,ACC_NORM_1152,23081.83,2026-07-19T22:38:26,,,0,,,
TXN-0002285,ACC_NORM_1129,ACC_NORM_2009,13966.82,2026-07-19T22:47:04,,,0,,,
TXN-0002286,ACC_NORM_2704,ACC_NORM_2370,1641.67,2026-07-19T22:55:43,,,0,,,
TXN-0002287,ACC_MULE_0511,ACC_MULE_0024,82824.97,2026-07-19T23:04:21,28.653138,77.201013,2,,,
TXN-0002288,ACC_NORM_1429,ACC_NORM_2878,6235.26,2026-07-19T23:12:59,,,0,,,
TXN-0002289,ACC_NORM_2494,ACC_NORM_0815,22992.21,2026-07-19T23:21:38,,,0,,,
TXN-0002290,ACC_NORM_0642,ACC_NORM_1394,19585.81,2026-07-19T23:30:16,,,0,,,
TXN-0002291,ACC_NORM_2808,ACC_NORM_1496,22044.57,2026-07-19T23:38:55,,,0,,,
TXN-0002292,ACC_NORM_0396,ACC_NORM_0823,12177.75,2026-07-19T23:47:33,,,0,,,
TXN-0002293,ACC_NORM_0475,ACC_NORM_0382,1753.41,2026-07-19T23:56:11,,,0,,,
TXN-0002294,ACC_VIC_0272,ACC_MULE_0070,85467.95,2026-07-20T00:04:50,28.600094,77.031002,1,2026-07-20T00:12:37,ATM_AXIS_101,1.89
TXN-0002295,ACC_NORM_1939,ACC_NORM_2050,18048.64,2026-07-20T00:13:28,,,0,,,
TXN-0002296,ACC_NORM_0522,ACC_NORM_1295,11089.53,2026-07-20T00:22:07,,,0,,,
TXN-0002297,ACC_NORM_0587,ACC_NORM_0487,5409.4,2026-07-20T00:30:45,,,0,,,
TXN-0002298,ACC_VIC_1458,ACC_MULE_0504,182101.76,2026-07-20T00:39:23,28.703413,77.121207,1,2026-07-20T00:52:34,ATM_SBI_141,3.07
TXN-0002299,ACC_NORM_1460,ACC_NORM_1528,23914.83,2026-07-20T00:48:02,,,0,,,
TXN-0002300,ACC_VIC_0794,ACC_MULE_0263,137114.67,2026-07-20T00:56:40,28.611892,77.293125,1,,,
TXN-0002301,ACC_VIC_0326,ACC_MULE_0291,180026.84,2026-07-20T01:05:19,28.573339,77.035929,1,2026-07-20T01:25:59,ATM_AXIS_108,5.33
TXN-0002302,ACC_VIC_0323,ACC_MULE_0085,55697.49,2026-07-20T01:13:57,28.590882,77.066664,1,,,
TXN-0002303,ACC_NORM_1931,ACC_NORM_1986,6245.6,2026-07-20T01:22:35,,,0,,,
TXN-0002304,ACC_NORM_1618,ACC_NORM_2383,10173.31,2026-07-20T01:31:14,,,0,,,
TXN-0002305,ACC_MULE_0366,ACC_MULE_0297,154626.11,2026-07-20T01:39:52,28.635371,77.294753,2,2026-07-20T01:53:17,ATM_UBI_150,4.11
TXN-0002306,ACC_NORM_1959,ACC_NORM_0443,4038.23,2026-07-20T01:48:31,,,0,,,
TXN-0002307,ACC_NORM_0670,ACC_NORM_2049,17010.55,2026-07-20T01:57:09,,,0,,,
TXN-0002308,ACC_VIC_1348,ACC_MULE_0421,89923.6,2026-07-20T02:05:47,28.618462,77.306543,1,,,
TXN-0002309,ACC_NORM_0860,ACC_NORM_0307,14458.6,2026-07-20T02:14:26,,,0,,,
TXN-0002310,ACC_NORM_1748,ACC_NORM_2638,11704.14,2026-07-20T02:23:04,,,0,,,
TXN-0002311,ACC_NORM_2189,ACC_NORM_2306,8921.27,2026-07-20T02:31:43,,,0,,,
TXN-0002312,ACC_NORM_2658,ACC_NORM_1614,12499.96,2026-07-20T02:40:21,,,0,,,
TXN-0002313,ACC_NORM_1241,ACC_NORM_2318,1280.48,2026-07-20T02:48:59,,,0,,,
TXN-0002314,ACC_VIC_1063,ACC_MULE_0454,187915.03,2026-07-20T02:57:38,28.608527,77.299857,1,2026-07-20T03:18:11,ATM_UBI_150,4.9
TXN-0002315,ACC_NORM_0003,ACC_NORM_2361,24541.51,2026-07-20T03:06:16,,,0,,,
TXN-0002316,ACC_NORM_2163,ACC_NORM_1291,5410.8,2026-07-20T03:14:55,,,0,,,
TXN-0002317,ACC_NORM_0909,ACC_NORM_2899,23769.13,2026-07-20T03:23:33,,,0,,,
TXN-0002318,ACC_NORM_0120,ACC_NORM_0307,4606.2,2026-07-20T03:32:11,,,0,,,
TXN-0002319,ACC_VIC_1118,ACC_MULE_0166,54148.4,2026-07-20T03:40:50,28.693343,77.123259,1,2026-07-20T03:54:19,ATM_HDFC_131,1.7
TXN-0002320,ACC_MULE_0491,ACC_MULE_0479,80550.32,2026-07-20T03:49:28,28.712485,77.12036,2,2026-07-20T04:03:02,ATM_BOB_144,3.15
TXN-0002321,ACC_VIC_0253,ACC_MULE_0152,208956.73,2026-07-20T03:58:07,28.539539,77.160688,1,2026-07-20T04:17:49,ATM_BOB_094,7.18
TXN-0002322,ACC_NORM_0506,ACC_NORM_1367,5641.57,2026-07-20T04:06:45,,,0,,,
TXN-0002323,ACC_VIC_0502,ACC_MULE_0487,57847.86,2026-07-20T04:15:23,28.658733,77.207911,1,2026-07-20T04:40:57,ATM_UBI_016,6.12
TXN-0002324,ACC_VIC_0626,ACC_MULE_0108,139274.36,2026-07-20T04:24:02,28.512296,77.202855,1,,,
TXN-0002325,ACC_NORM_1159,ACC_NORM_1411,22923.4,2026-07-20T04:32:40,,,0,,,
TXN-0002326,ACC_MULE_0153,ACC_MULE_0061,59802.11,2026-07-20T04:41:19,28.628233,77.308638,2,2026-07-20T04:58:49,ATM_BOB_152,3.15
TXN-0002327,ACC_NORM_1470,ACC_NORM_1598,20846.45,2026-07-20T04:49:57,,,0,,,
TXN-0002328,ACC_VIC_1442,ACC_MULE_0370,139930.96,2026-07-20T04:58:35,28.616595,77.311886,1,,,
TXN-0002329,ACC_NORM_2132,ACC_NORM_1743,17050.24,2026-07-20T05:07:14,,,0,,,
TXN-0002330,ACC_VIC_0601,ACC_MULE_0286,152515.05,2026-07-20T05:15:52,28.596603,77.317959,1,2026-07-20T05:37:25,ATM_BOB_153,11.74
TXN-0002331,ACC_VIC_0236,ACC_MULE_0105,126768.31,2026-07-20T05:24:31,28.611145,77.339163,1,2026-07-20T05:54:11,ATM_BOB_152,9.73
TXN-0002332,ACC_NORM_0792,ACC_NORM_1929,4169.18,2026-07-20T05:33:09,,,0,,,
TXN-0002333,ACC_MULE_0421,ACC_MULE_0090,243894.22,2026-07-20T05:41:47,28.722036,77.134927,2,2026-07-20T05:56:03,ATM_UBI_139,6.34
TXN-0002334,ACC_NORM_1880,ACC_NORM_0042,2645.14,2026-07-20T05:50:26,,,0,,,
TXN-0002335,ACC_NORM_2243,ACC_NORM_1934,6991.94,2026-07-20T05:59:04,,,0,,,
TXN-0002336,ACC_NORM_1277,ACC_NORM_2937,17556.41,2026-07-20T06:07:43,,,0,,,
TXN-0002337,ACC_VIC_1361,ACC_MULE_0547,148143.88,2026-07-20T06:16:21,28.614921,77.199985,1,2026-07-20T06:35:05,ATM_HDFC_007,9.22
TXN-0002338,ACC_NORM_0571,ACC_NORM_0457,16611.45,2026-07-20T06:24:59,,,0,,,
TXN-0002339,ACC_NORM_2505,ACC_NORM_0158,2530.22,2026-07-20T06:33:38,,,0,,,
TXN-0002340,ACC_NORM_2997,ACC_NORM_2557,10736.75,2026-07-20T06:42:16,,,0,,,
TXN-0002341,ACC_NORM_2434,ACC_NORM_2148,881.1,2026-07-20T06:50:55,,,0,,,
TXN-0002342,ACC_NORM_2986,ACC_NORM_2952,2378.17,2026-07-20T06:59:33,,,0,,,
TXN-0002343,ACC_NORM_2316,ACC_NORM_0351,7211.48,2026-07-20T07:08:11,,,0,,,
TXN-0002344,ACC_MULE_0317,ACC_MULE_0482,113962.46,2026-07-20T07:16:50,28.585562,77.251826,2,2026-07-20T07:29:54,ATM_PNB_051,4.55
TXN-0002345,ACC_VIC_0592,ACC_MULE_0058,181693.5,2026-07-20T07:25:28,28.540632,77.198499,1,2026-07-20T07:41:00,ATM_ICICI_087,2.06
TXN-0002346,ACC_NORM_2945,ACC_NORM_1590,19824.05,2026-07-20T07:34:07,,,0,,,
TXN-0002347,ACC_NORM_1590,ACC_NORM_1616,1624.85,2026-07-20T07:42:45,,,0,,,
TXN-0002348,ACC_NORM_0279,ACC_NORM_1038,8705.18,2026-07-20T07:51:23,,,0,,,
TXN-0002349,ACC_VIC_0619,ACC_MULE_0590,161124.91,2026-07-20T08:00:02,28.673592,77.292828,1,2026-07-20T08:12:47,ATM_HDFC_170,2.13
TXN-0002350,ACC_VIC_0462,ACC_MULE_0248,244019.59,2026-07-20T08:08:40,28.59697,77.059725,1,2026-07-20T08:21:47,ATM_AXIS_101,6.74
TXN-0002351,ACC_NORM_1986,ACC_NORM_0722,8694.74,2026-07-20T08:17:19,,,0,,,
TXN-0002352,ACC_NORM_1203,ACC_NORM_1213,20519.44,2026-07-20T08:25:57,,,0,,,
TXN-0002353,ACC_NORM_2330,ACC_NORM_0731,5013.57,2026-07-20T08:34:35,,,0,,,
TXN-0002354,ACC_VIC_0901,ACC_MULE_0448,165408.22,2026-07-20T08:43:14,28.534318,77.238473,1,2026-07-20T09:11:14,ATM_PNB_052,10.67
TXN-0002355,ACC_MULE_0330,ACC_MULE_0141,153422.15,2026-07-20T08:51:52,28.53605,77.214754,2,2026-07-20T09:28:52,ATM_ICICI_087,3.89
TXN-0002356,ACC_NORM_1715,ACC_NORM_2076,18870.44,2026-07-20T09:00:31,,,0,,,
TXN-0002357,ACC_MULE_0206,ACC_MULE_0280,218520.63,2026-07-20T09:09:09,28.719697,77.122138,2,2026-07-20T09:24:48,ATM_ICICI_142,5.73
TXN-0002358,ACC_NORM_0844,ACC_NORM_0080,15977.44,2026-07-20T09:17:47,,,0,,,
TXN-0002359,ACC_NORM_0815,ACC_NORM_1087,15780.93,2026-07-20T09:26:26,,,0,,,
TXN-0002360,ACC_VIC_0830,ACC_MULE_0397,54088.58,2026-07-20T09:35:04,28.59024,77.330658,1,2026-07-20T10:04:16,ATM_BOB_152,11.55
TXN-0002361,ACC_NORM_2850,ACC_NORM_0266,11984.94,2026-07-20T09:43:43,,,0,,,
TXN-0002362,ACC_NORM_2667,ACC_NORM_1974,6259.19,2026-07-20T09:52:21,,,0,,,
TXN-0002363,ACC_MULE_0533,ACC_MULE_0031,134004.18,2026-07-20T10:00:59,28.620642,77.288137,2,,,
TXN-0002364,ACC_NORM_0966,ACC_NORM_0487,17321.04,2026-07-20T10:09:38,,,0,,,
TXN-0002365,ACC_NORM_1706,ACC_NORM_0428,5341.82,2026-07-20T10:18:16,,,0,,,
TXN-0002366,ACC_NORM_2794,ACC_NORM_0728,22856.28,2026-07-20T10:26:55,,,0,,,
TXN-0002367,ACC_NORM_1694,ACC_NORM_2523,7324.49,2026-07-20T10:35:33,,,0,,,
TXN-0002368,ACC_NORM_2258,ACC_NORM_2359,15289.33,2026-07-20T10:44:11,,,0,,,
TXN-0002369,ACC_NORM_0583,ACC_NORM_1262,6062.73,2026-07-20T10:52:50,,,0,,,
TXN-0002370,ACC_NORM_0459,ACC_NORM_0030,5483.7,2026-07-20T11:01:28,,,0,,,
TXN-0002371,ACC_NORM_2148,ACC_NORM_0490,8829.51,2026-07-20T11:10:07,,,0,,,
TXN-0002372,ACC_VIC_0468,ACC_MULE_0390,52486.36,2026-07-20T11:18:45,28.540695,77.137784,1,2026-07-20T11:30:51,ATM_UBI_093,4.64
TXN-0002373,ACC_VIC_0903,ACC_MULE_0151,59110.76,2026-07-20T11:27:23,28.57373,77.059051,1,,,
TXN-0002374,ACC_NORM_1581,ACC_NORM_0368,1629.69,2026-07-20T11:36:02,,,0,,,
TXN-0002375,ACC_NORM_0294,ACC_NORM_1494,19488.91,2026-07-20T11:44:40,,,0,,,
TXN-0002376,ACC_NORM_1873,ACC_NORM_0471,6378.58,2026-07-20T11:53:19,,,0,,,
TXN-0002377,ACC_NORM_2697,ACC_NORM_2832,18945.15,2026-07-20T12:01:57,,,0,,,
TXN-0002378,ACC_NORM_2166,ACC_NORM_1186,5888.31,2026-07-20T12:10:35,,,0,,,
TXN-0002379,ACC_MULE_0407,ACC_MULE_0218,123216.42,2026-07-20T12:19:14,28.514165,77.219838,2,2026-07-20T12:35:21,ATM_HDFC_086,7.13
TXN-0002380,ACC_VIC_0669,ACC_MULE_0534,105245.43,2026-07-20T12:27:52,28.563443,77.25562,1,2026-07-20T12:45:16,ATM_BOB_046,5.48
TXN-0002381,ACC_VIC_0029,ACC_MULE_0016,140672.27,2026-07-20T12:36:31,28.584076,77.227153,1,2026-07-20T12:54:10,ATM_PNB_056,5.88
TXN-0002382,ACC_NORM_1845,ACC_NORM_1815,16313.51,2026-07-20T12:45:09,,,0,,,
TXN-0002383,ACC_NORM_0725,ACC_NORM_2882,19028.35,2026-07-20T12:53:47,,,0,,,
TXN-0002384,ACC_NORM_1524,ACC_NORM_0462,23440.03,2026-07-20T13:02:26,,,0,,,
TXN-0002385,ACC_NORM_2500,ACC_NORM_2045,1142.14,2026-07-20T13:11:04,,,0,,,
TXN-0002386,ACC_NORM_0350,ACC_NORM_1547,7780.11,2026-07-20T13:19:43,,,0,,,
TXN-0002387,ACC_NORM_1008,ACC_NORM_1486,16698.06,2026-07-20T13:28:21,,,0,,,
TXN-0002388,ACC_VIC_1252,ACC_MULE_0115,169770.37,2026-07-20T13:36:59,28.671372,77.272802,1,,,
TXN-0002389,ACC_NORM_0850,ACC_NORM_2124,1456.99,2026-07-20T13:45:38,,,0,,,
TXN-0002390,ACC_VIC_1021,ACC_MULE_0175,213044.73,2026-07-20T13:54:16,28.516377,77.217225,1,2026-07-20T14:13:21,ATM_AXIS_084,4.85
TXN-0002391,ACC_NORM_1467,ACC_NORM_0442,18623.74,2026-07-20T14:02:55,,,0,,,
TXN-0002392,ACC_NORM_1514,ACC_NORM_1621,795.77,2026-07-20T14:11:33,,,0,,,
TXN-0002393,ACC_NORM_1855,ACC_NORM_2768,20711.98,2026-07-20T14:20:11,,,0,,,
TXN-0002394,ACC_NORM_2031,ACC_NORM_1554,3958.3,2026-07-20T14:28:50,,,0,,,
TXN-0002395,ACC_MULE_0223,ACC_MULE_0328,218416.53,2026-07-20T14:37:28,28.689404,77.299376,2,,,
TXN-0002396,ACC_NORM_1229,ACC_NORM_1171,12772.02,2026-07-20T14:46:07,,,0,,,
TXN-0002397,ACC_NORM_1498,ACC_NORM_2115,21985.89,2026-07-20T14:54:45,,,0,,,
TXN-0002398,ACC_NORM_1092,ACC_NORM_0625,8285.07,2026-07-20T15:03:23,,,0,,,
TXN-0002399,ACC_VIC_1399,ACC_MULE_0526,65236.92,2026-07-20T15:12:02,28.62133,77.320726,1,2026-07-20T15:27:43,ATM_UBI_150,5.67
TXN-0002400,ACC_VIC_0642,ACC_MULE_0556,241123.38,2026-07-20T15:20:40,28.678295,77.304574,1,2026-07-20T15:52:28,ATM_HDFC_170,5.02
TXN-0002401,ACC_NORM_0103,ACC_NORM_2352,4108.41,2026-07-20T15:29:19,,,0,,,
TXN-0002402,ACC_MULE_0217,ACC_MULE_0431,134278.32,2026-07-20T15:37:57,28.666653,77.199754,2,2026-07-20T15:48:09,ATM_ICICI_018,1.81
TXN-0002403,ACC_NORM_1374,ACC_NORM_1494,7978.41,2026-07-20T15:46:35,,,0,,,
TXN-0002404,ACC_NORM_1687,ACC_NORM_1116,4318.1,2026-07-20T15:55:14,,,0,,,
TXN-0002405,ACC_MULE_0535,ACC_MULE_0569,74667.17,2026-07-20T16:03:52,28.654506,77.295014,2,2026-07-20T16:35:59,ATM_BOB_146,10.73
TXN-0002406,ACC_NORM_1342,ACC_NORM_1014,12855.37,2026-07-20T16:12:31,,,0,,,
TXN-0002407,ACC_VIC_0652,ACC_MULE_0278,130674.05,2026-07-20T16:21:09,28.563466,77.234739,1,2026-07-20T16:35:18,ATM_PNB_052,4.05
TXN-0002408,ACC_NORM_2938,ACC_NORM_2583,15760.75,2026-07-20T16:29:47,,,0,,,
TXN-0002409,ACC_VIC_0562,ACC_MULE_0293,147181.85,2026-07-20T16:38:26,28.691148,77.144421,1,2026-07-20T16:52:27,ATM_KOTAK_138,5.12
TXN-0002410,ACC_NORM_2213,ACC_NORM_0055,19699.69,2026-07-20T16:47:04,,,0,,,
TXN-0002411,ACC_MULE_0314,ACC_MULE_0540,82594.6,2026-07-20T16:55:43,28.593462,77.062903,2,,,
TXN-0002412,ACC_VIC_0111,ACC_MULE_0325,186401.08,2026-07-20T17:04:21,28.640025,77.300016,1,2026-07-20T17:41:39,ATM_SBI_031,24.62
TXN-0002413,ACC_NORM_0107,ACC_NORM_1394,13756.36,2026-07-20T17:12:59,,,0,,,
TXN-0002414,ACC_NORM_0199,ACC_NORM_0074,9489.87,2026-07-20T17:21:38,,,0,,,
TXN-0002415,ACC_NORM_1130,ACC_NORM_0470,20060.92,2026-07-20T17:30:16,,,0,,,
TXN-0002416,ACC_NORM_1693,ACC_NORM_1648,21132.5,2026-07-20T17:38:55,,,0,,,
TXN-0002417,ACC_NORM_2622,ACC_NORM_0131,2777.67,2026-07-20T17:47:33,,,0,,,
TXN-0002418,ACC_VIC_1261,ACC_MULE_0078,105155.42,2026-07-20T17:56:11,28.665132,77.292064,1,2026-07-20T18:11:41,ATM_HDFC_170,4.27
TXN-0002419,ACC_VIC_1249,ACC_MULE_0312,170853.18,2026-07-20T18:04:50,28.531185,77.209685,1,2026-07-20T18:17:58,ATM_ICICI_087,2.67
TXN-0002420,ACC_NORM_1648,ACC_NORM_0767,885.16,2026-07-20T18:13:28,,,0,,,
TXN-0002421,ACC_NORM_1265,ACC_NORM_1916,17256.3,2026-07-20T18:22:07,,,0,,,
TXN-0002422,ACC_VIC_0321,ACC_MULE_0052,117673.0,2026-07-20T18:30:45,28.702431,77.095115,1,2026-07-20T18:50:40,ATM_ICICI_142,7.29
TXN-0002423,ACC_MULE_0027,ACC_MULE_0166,128926.32,2026-07-20T18:39:23,28.693343,77.123259,2,2026-07-20T18:59:17,ATM_HDFC_131,1.7
TXN-0002424,ACC_VIC_0582,ACC_MULE_0514,84017.4,2026-07-20T18:48:02,28.519059,77.220631,1,2026-07-20T19:18:57,ATM_ICICI_087,7.46
TXN-0002425,ACC_NORM_2570,ACC_NORM_0488,19684.23,2026-07-20T18:56:40,,,0,,,
TXN-0002426,ACC_NORM_2861,ACC_NORM_0338,9780.92,2026-07-20T19:05:19,,,0,,,
TXN-0002427,ACC_NORM_1140,ACC_NORM_0874,12992.31,2026-07-20T19:13:57,,,0,,,
TXN-0002428,ACC_MULE_0598,ACC_MULE_0249,248146.6,2026-07-20T19:22:35,28.52105,77.207071,2,,,
TXN-0002429,ACC_NORM_2187,ACC_NORM_1079,7752.31,2026-07-20T19:31:14,,,0,,,
TXN-0002430,ACC_NORM_1864,ACC_NORM_2100,22883.05,2026-07-20T19:39:52,,,0,,,
TXN-0002431,ACC_NORM_0866,ACC_NORM_0199,6949.82,2026-07-20T19:48:31,,,0,,,
TXN-0002432,ACC_NORM_2083,ACC_NORM_0792,21314.41,2026-07-20T19:57:09,,,0,,,
TXN-0002433,ACC_NORM_0922,ACC_NORM_1003,14940.55,2026-07-20T20:05:47,,,0,,,
TXN-0002434,ACC_NORM_0142,ACC_NORM_2335,24090.06,2026-07-20T20:14:26,,,0,,,
TXN-0002435,ACC_NORM_1249,ACC_NORM_1994,16873.98,2026-07-20T20:23:04,,,0,,,
TXN-0002436,ACC_MULE_0205,ACC_MULE_0174,126784.89,2026-07-20T20:31:43,28.593216,77.041293,2,2026-07-20T20:59:18,ATM_PNB_102,4.27
TXN-0002437,ACC_NORM_2491,ACC_NORM_1898,9239.35,2026-07-20T20:40:21,,,0,,,
TXN-0002438,ACC_NORM_2512,ACC_NORM_0703,16400.72,2026-07-20T20:48:59,,,0,,,
TXN-0002439,ACC_NORM_1323,ACC_NORM_0905,20629.89,2026-07-20T20:57:38,,,0,,,
TXN-0002440,ACC_VIC_0198,ACC_MULE_0302,123245.84,2026-07-20T21:06:16,28.71834,77.120332,1,2026-07-20T21:28:32,ATM_ICICI_142,5.29
TXN-0002441,ACC_NORM_2509,ACC_NORM_2949,15725.34,2026-07-20T21:14:55,,,0,,,
TXN-0002442,ACC_NORM_0861,ACC_NORM_0196,19702.27,2026-07-20T21:23:33,,,0,,,
TXN-0002443,ACC_NORM_2027,ACC_NORM_0188,11395.79,2026-07-20T21:32:11,,,0,,,
TXN-0002444,ACC_VIC_1197,ACC_MULE_0153,212247.28,2026-07-20T21:40:50,28.686499,77.117832,1,2026-07-20T21:55:35,ATM_SBI_132,3.11
TXN-0002445,ACC_MULE_0372,ACC_MULE_0351,215384.13,2026-07-20T21:49:28,28.710216,77.14338,2,2026-07-20T22:03:04,ATM_SBI_141,9.15
TXN-0002446,ACC_NORM_1009,ACC_NORM_0178,2927.9,2026-07-20T21:58:07,,,0,,,
TXN-0002447,ACC_NORM_1442,ACC_NORM_1258,20480.95,2026-07-20T22:06:45,,,0,,,
TXN-0002448,ACC_MULE_0376,ACC_MULE_0524,160656.33,2026-07-20T22:15:23,28.630137,77.233788,2,2026-07-20T22:41:13,ATM_ICICI_004,7.19
TXN-0002449,ACC_VIC_1375,ACC_MULE_0003,64566.03,2026-07-20T22:24:02,28.705348,77.141585,1,2026-07-20T22:36:13,ATM_ICICI_142,5.93
TXN-0002450,ACC_NORM_1322,ACC_NORM_2545,7600.55,2026-07-20T22:32:40,,,0,,,
TXN-0002451,ACC_NORM_1379,ACC_NORM_1949,3995.61,2026-07-20T22:41:19,,,0,,,
TXN-0002452,ACC_NORM_0354,ACC_NORM_2468,19399.8,2026-07-20T22:49:57,,,0,,,
TXN-0002453,ACC_NORM_0906,ACC_NORM_0626,23969.91,2026-07-20T22:58:35,,,0,,,
TXN-0002454,ACC_NORM_2133,ACC_NORM_2745,23453.18,2026-07-20T23:07:14,,,0,,,
TXN-0002455,ACC_NORM_0615,ACC_NORM_0879,16535.59,2026-07-20T23:15:52,,,0,,,
TXN-0002456,ACC_NORM_0677,ACC_NORM_2728,894.99,2026-07-20T23:24:31,,,0,,,
TXN-0002457,ACC_NORM_1216,ACC_NORM_1425,11217.52,2026-07-20T23:33:09,,,0,,,
TXN-0002458,ACC_NORM_2137,ACC_NORM_0528,6763.42,2026-07-20T23:41:47,,,0,,,
TXN-0002459,ACC_NORM_2251,ACC_NORM_0617,5665.07,2026-07-20T23:50:26,,,0,,,
TXN-0002460,ACC_NORM_2210,ACC_NORM_2801,13534.11,2026-07-20T23:59:04,,,0,,,
TXN-0002461,ACC_VIC_0964,ACC_MULE_0510,67548.88,2026-07-21T00:07:43,28.698115,77.105357,1,2026-07-21T00:24:28,ATM_HDFC_130,5.36
TXN-0002462,ACC_NORM_2747,ACC_NORM_0102,14261.02,2026-07-21T00:16:21,,,0,,,
TXN-0002463,ACC_NORM_0106,ACC_NORM_2729,20769.33,2026-07-21T00:24:59,,,0,,,
TXN-0002464,ACC_NORM_1637,ACC_NORM_0078,22241.59,2026-07-21T00:33:38,,,0,,,
TXN-0002465,ACC_NORM_1551,ACC_NORM_1841,3709.2,2026-07-21T00:42:16,,,0,,,
TXN-0002466,ACC_NORM_1981,ACC_NORM_2726,24767.92,2026-07-21T00:50:55,,,0,,,
TXN-0002467,ACC_NORM_1514,ACC_NORM_2959,17838.22,2026-07-21T00:59:33,,,0,,,
TXN-0002468,ACC_NORM_0260,ACC_NORM_1188,9098.22,2026-07-21T01:08:11,,,0,,,
TXN-0002469,ACC_NORM_1540,ACC_NORM_2447,1683.55,2026-07-21T01:16:50,,,0,,,
TXN-0002470,ACC_MULE_0175,ACC_MULE_0174,67023.02,2026-07-21T01:25:28,28.593216,77.041293,2,2026-07-21T01:40:38,ATM_AXIS_108,3.99
TXN-0002471,ACC_MULE_0381,ACC_MULE_0432,208332.77,2026-07-21T01:34:07,28.582481,77.053743,2,2026-07-21T01:46:22,ATM_AXIS_108,1.01
TXN-0002472,ACC_NORM_2033,ACC_NORM_2865,19155.56,2026-07-21T01:42:45,,,0,,,
TXN-0002473,ACC_MULE_0420,ACC_MULE_0563,192687.58,2026-07-21T01:51:23,28.64675,77.220403,2,2026-07-21T02:17:55,ATM_ICICI_004,6.92
TXN-0002474,ACC_NORM_1196,ACC_NORM_1554,11938.05,2026-07-21T02:00:02,,,0,,,
TXN-0002475,ACC_NORM_1869,ACC_NORM_2517,24454.55,2026-07-21T02:08:40,,,0,,,
TXN-0002476,ACC_NORM_1243,ACC_NORM_2833,15783.99,2026-07-21T02:17:19,,,0,,,
TXN-0002477,ACC_VIC_0810,ACC_MULE_0531,153902.96,2026-07-21T02:25:57,28.570136,77.064649,1,2026-07-21T02:54:52,ATM_AXIS_108,5.94
TXN-0002478,ACC_NORM_0594,ACC_NORM_0216,13889.17,2026-07-21T02:34:35,,,0,,,
TXN-0002479,ACC_NORM_2478,ACC_NORM_1518,14123.32,2026-07-21T02:43:14,,,0,,,
TXN-0002480,ACC_VIC_0270,ACC_MULE_0063,184617.26,2026-07-21T02:51:52,28.570634,77.035925,1,2026-07-21T03:08:47,ATM_AXIS_103,8.55
TXN-0002481,ACC_NORM_2327,ACC_NORM_1507,2203.94,2026-07-21T03:00:31,,,0,,,
TXN-0002482,ACC_NORM_2237,ACC_NORM_2051,17802.48,2026-07-21T03:09:09,,,0,,,
TXN-0002483,ACC_NORM_2869,ACC_NORM_0568,9947.17,2026-07-21T03:17:47,,,0,,,
TXN-0002484,ACC_VIC_1318,ACC_MULE_0010,51623.96,2026-07-21T03:26:26,28.523741,77.139855,1,2026-07-21T03:37:22,ATM_BOB_094,1.99
TXN-0002485,ACC_NORM_1586,ACC_NORM_0997,11757.06,2026-07-21T03:35:04,,,0,,,
TXN-0002486,ACC_NORM_1107,ACC_NORM_2083,13294.17,2026-07-21T03:43:43,,,0,,,
TXN-0002487,ACC_MULE_0410,ACC_MULE_0126,93793.58,2026-07-21T03:52:21,28.655625,77.302481,2,2026-07-21T04:08:13,ATM_HDFC_170,8.34
TXN-0002488,ACC_VIC_1104,ACC_MULE_0166,182865.45,2026-07-21T04:00:59,28.693343,77.123259,1,,,
TXN-0002489,ACC_MULE_0592,ACC_MULE_0516,101562.61,2026-07-21T04:09:38,28.678121,77.305743,2,2026-07-21T04:40:57,ATM_HDFC_170,5.34
TXN-0002490,ACC_NORM_0506,ACC_NORM_2322,15101.2,2026-07-21T04:18:16,,,0,,,
TXN-0002491,ACC_NORM_2884,ACC_NORM_2643,19081.92,2026-07-21T04:26:55,,,0,,,
TXN-0002492,ACC_NORM_2639,ACC_NORM_2276,22750.66,2026-07-21T04:35:33,,,0,,,
TXN-0002493,ACC_NORM_0288,ACC_NORM_2593,11914.46,2026-07-21T04:44:11,,,0,,,
TXN-0002494,ACC_NORM_2680,ACC_NORM_2307,15647.33,2026-07-21T04:52:50,,,0,,,
TXN-0002495,ACC_NORM_1494,ACC_NORM_2785,11077.47,2026-07-21T05:01:28,,,0,,,
TXN-0002496,ACC_VIC_0249,ACC_MULE_0249,103159.36,2026-07-21T05:10:07,28.52105,77.207071,1,2026-07-21T05:23:31,ATM_ICICI_087,4.69
TXN-0002497,ACC_NORM_1521,ACC_NORM_2031,18832.55,2026-07-21T05:18:45,,,0,,,
TXN-0002498,ACC_VIC_0497,ACC_MULE_0494,103652.03,2026-07-21T05:27:23,28.552264,77.243004,1,2026-07-21T05:57:41,ATM_PNB_052,4.77
TXN-0002499,ACC_VIC_0514,ACC_MULE_0489,134190.33,2026-07-21T05:36:02,28.727881,77.137992,1,2026-07-21T06:12:38,ATM_ICICI_142,9.64
TXN-0002500,ACC_NORM_0669,ACC_NORM_1436,8428.9,2026-07-21T05:44:40,,,0,,,
TXN-0002501,ACC_NORM_1345,ACC_NORM_1003,10576.34,2026-07-21T05:53:19,,,0,,,
TXN-0002502,ACC_MULE_0508,ACC_MULE_0014,102257.83,2026-07-21T06:01:57,28.709534,77.133779,2,2026-07-21T06:27:51,ATM_BOB_144,6.76
TXN-0002503,ACC_MULE_0051,ACC_MULE_0504,101350.04,2026-07-21T06:10:35,28.703413,77.121207,2,2026-07-21T06:22:22,ATM_SBI_141,3.07
TXN-0002504,ACC_NORM_1819,ACC_NORM_1920,7918.67,2026-07-21T06:19:14,,,0,,,
TXN-0002505,ACC_NORM_2412,ACC_NORM_2467,18477.45,2026-07-21T06:27:52,,,0,,,
TXN-0002506,ACC_NORM_2499,ACC_NORM_1376,3370.3,2026-07-21T06:36:31,,,0,,,
TXN-0002507,ACC_NORM_0389,ACC_NORM_1373,4998.98,2026-07-21T06:45:09,,,0,,,
TXN-0002508,ACC_NORM_1160,ACC_NORM_2202,8037.1,2026-07-21T06:53:47,,,0,,,
TXN-0002509,ACC_NORM_1519,ACC_NORM_0474,7637.64,2026-07-21T07:02:26,,,0,,,
TXN-0002510,ACC_NORM_0043,ACC_NORM_2959,24034.26,2026-07-21T07:11:04,,,0,,,
TXN-0002511,ACC_NORM_0581,ACC_NORM_2387,23426.53,2026-07-21T07:19:43,,,0,,,
TXN-0002512,ACC_NORM_0086,ACC_NORM_2109,16304.83,2026-07-21T07:28:21,,,0,,,
TXN-0002513,ACC_VIC_0282,ACC_MULE_0480,248202.5,2026-07-21T07:36:59,28.595802,77.063709,1,,,
TXN-0002514,ACC_VIC_0707,ACC_MULE_0262,72922.43,2026-07-21T07:45:38,28.55077,77.131248,1,2026-07-21T08:17:32,ATM_UBI_095,11.79
TXN-0002515,ACC_VIC_0229,ACC_MULE_0105,76135.97,2026-07-21T07:54:16,28.611145,77.339163,1,,,
TXN-0002516,ACC_NORM_2087,ACC_NORM_1701,22680.13,2026-07-21T08:02:55,,,0,,,
TXN-0002517,ACC_NORM_2892,ACC_NORM_1152,7822.26,2026-07-21T08:11:33,,,0,,,
TXN-0002518,ACC_VIC_0797,ACC_MULE_0489,187526.49,2026-07-21T08:20:11,28.727881,77.137992,1,2026-07-21T08:37:23,ATM_HDFC_130,9.53
TXN-0002519,ACC_VIC_0451,ACC_MULE_0018,167800.69,2026-07-21T08:28:50,28.577863,77.059964,1,,,
TXN-0002520,ACC_NORM_0012,ACC_NORM_2481,13727.85,2026-07-21T08:37:28,,,0,,,
TXN-0002521,ACC_VIC_0268,ACC_MULE_0072,212603.26,2026-07-21T08:46:07,28.611247,77.285614,1,2026-07-21T08:58:23,ATM_PNB_160,2.85
TXN-0002522,ACC_VIC_0745,ACC_MULE_0028,245400.88,2026-07-21T08:54:45,28.627319,77.329388,1,2026-07-21T09:11:49,ATM_BOB_146,7.73
TXN-0002523,ACC_NORM_0518,ACC_NORM_1179,1698.34,2026-07-21T09:03:23,,,0,,,
TXN-0002524,ACC_NORM_1002,ACC_NORM_2241,17324.22,2026-07-21T09:12:02,,,0,,,
TXN-0002525,ACC_NORM_0945,ACC_NORM_0936,10354.4,2026-07-21T09:20:40,,,0,,,
TXN-0002526,ACC_VIC_1429,ACC_MULE_0141,139434.5,2026-07-21T09:29:19,28.53605,77.214754,1,2026-07-21T09:41:30,ATM_HDFC_086,1.47
TXN-0002527,ACC_NORM_1982,ACC_NORM_1779,18062.14,2026-07-21T09:37:57,,,0,,,
TXN-0002528,ACC_MULE_0038,ACC_MULE_0323,86844.29,2026-07-21T09:46:35,28.652306,77.218858,2,,,
TXN-0002529,ACC_NORM_1715,ACC_NORM_1459,18908.89,2026-07-21T09:55:14,,,0,,,
TXN-0002530,ACC_NORM_1158,ACC_NORM_2151,10221.89,2026-07-21T10:03:52,,,0,,,
TXN-0002531,ACC_MULE_0099,ACC_MULE_0321,188804.67,2026-07-21T10:12:31,28.625132,77.330194,2,2026-07-21T10:34:50,ATM_BOB_146,7.82
TXN-0002532,ACC_VIC_1424,ACC_MULE_0367,61596.99,2026-07-21T10:21:09,28.685441,77.275268,1,2026-07-21T10:33:52,ATM_BOB_163,4.6
TXN-0002533,ACC_NORM_0728,ACC_NORM_2793,6930.58,2026-07-21T10:29:47,,,0,,,
TXN-0002534,ACC_NORM_1275,ACC_NORM_0927,11942.77,2026-07-21T10:38:26,,,0,,,
TXN-0002535,ACC_MULE_0438,ACC_MULE_0325,88119.22,2026-07-21T10:47:04,28.640025,77.300016,2,2026-07-21T11:02:58,ATM_UBI_150,5.24
TXN-0002536,ACC_NORM_1988,ACC_NORM_1951,1841.42,2026-07-21T10:55:43,,,0,,,
TXN-0002537,ACC_NORM_2692,ACC_NORM_1923,16621.75,2026-07-21T11:04:21,,,0,,,
TXN-0002538,ACC_VIC_1170,ACC_MULE_0371,239998.17,2026-07-21T11:12:59,28.520659,77.211817,1,,,
TXN-0002539,ACC_NORM_1843,ACC_NORM_1322,24840.58,2026-07-21T11:21:38,,,0,,,
TXN-0002540,ACC_VIC_0214,ACC_MULE_0493,186553.19,2026-07-21T11:30:16,28.510856,77.194387,1,2026-07-21T11:55:34,ATM_PNB_062,16.57
TXN-0002541,ACC_NORM_0463,ACC_NORM_0248,23234.58,2026-07-21T11:38:55,,,0,,,
TXN-0002542,ACC_MULE_0093,ACC_MULE_0410,198523.01,2026-07-21T11:47:33,28.552688,77.223813,2,2026-07-21T12:08:40,ATM_PNB_064,3.22
TXN-0002543,ACC_VIC_0005,ACC_MULE_0256,111441.73,2026-07-21T11:56:11,28.658249,77.173416,1,2026-07-21T12:21:15,ATM_UBI_016,6.3
TXN-0002544,ACC_NORM_1761,ACC_NORM_1921,21152.62,2026-07-21T12:04:50,,,0,,,
TXN-0002545,ACC_NORM_0587,ACC_NORM_1519,19924.56,2026-07-21T12:13:28,,,0,,,
TXN-0002546,ACC_NORM_1034,ACC_NORM_1925,4883.88,2026-07-21T12:22:07,,,0,,,
TXN-0002547,ACC_NORM_0818,ACC_NORM_1707,20849.18,2026-07-21T12:30:45,,,0,,,
TXN-0002548,ACC_NORM_0478,ACC_NORM_2641,3148.04,2026-07-21T12:39:23,,,0,,,
TXN-0002549,ACC_NORM_2977,ACC_NORM_1312,6358.66,2026-07-21T12:48:02,,,0,,,
TXN-0002550,ACC_NORM_0973,ACC_NORM_1915,24646.0,2026-07-21T12:56:40,,,0,,,
TXN-0002551,ACC_VIC_1328,ACC_MULE_0039,131404.56,2026-07-21T13:05:19,28.532661,77.239363,1,2026-07-21T13:25:46,ATM_PNB_081,11.51
TXN-0002552,ACC_NORM_1773,ACC_NORM_2262,24535.81,2026-07-21T13:13:57,,,0,,,
TXN-0002553,ACC_NORM_0360,ACC_NORM_2166,19226.12,2026-07-21T13:22:35,,,0,,,
TXN-0002554,ACC_NORM_1111,ACC_NORM_1035,13801.4,2026-07-21T13:31:14,,,0,,,
TXN-0002555,ACC_VIC_1157,ACC_MULE_0045,232591.75,2026-07-21T13:39:52,28.691575,77.131599,1,2026-07-21T14:12:34,ATM_HDFC_130,3.67
TXN-0002556,ACC_NORM_2362,ACC_NORM_0150,14216.49,2026-07-21T13:48:31,,,0,,,
TXN-0002557,ACC_NORM_2753,ACC_NORM_2494,24710.62,2026-07-21T13:57:09,,,0,,,
TXN-0002558,ACC_NORM_1769,ACC_NORM_2365,18320.75,2026-07-21T14:05:47,,,0,,,
TXN-0002559,ACC_NORM_0068,ACC_NORM_2848,22799.49,2026-07-21T14:14:26,,,0,,,
TXN-0002560,ACC_NORM_0983,ACC_NORM_2031,833.82,2026-07-21T14:23:04,,,0,,,
TXN-0002561,ACC_NORM_1175,ACC_NORM_1914,11742.42,2026-07-21T14:31:43,,,0,,,
TXN-0002562,ACC_VIC_0062,ACC_MULE_0003,146722.23,2026-07-21T14:40:21,28.705348,77.141585,1,2026-07-21T14:55:15,ATM_HDFC_130,5.14
TXN-0002563,ACC_VIC_0820,ACC_MULE_0339,144244.07,2026-07-21T14:48:59,28.701356,77.1234,1,2026-07-21T14:57:38,ATM_ICICI_142,0.71
TXN-0002564,ACC_MULE_0061,ACC_MULE_0072,214565.73,2026-07-21T14:57:38,28.611247,77.285614,2,2026-07-21T15:11:59,ATM_PNB_160,2.85
TXN-0002565,ACC_VIC_0929,ACC_MULE_0484,147286.31,2026-07-21T15:06:16,28.563689,77.237685,1,2026-07-21T15:24:55,ATM_PNB_052,3.23
TXN-0002566,ACC_MULE_0132,ACC_MULE_0339,173191.45,2026-07-21T15:14:55,28.701356,77.1234,2,2026-07-21T15:24:46,ATM_AXIS_143,1.63
TXN-0002567,ACC_NORM_0607,ACC_NORM_0963,2798.52,2026-07-21T15:23:33,,,0,,,
TXN-0002568,ACC_VIC_1108,ACC_MULE_0124,216080.33,2026-07-21T15:32:11,28.610608,77.324859,1,2026-07-21T15:51:40,ATM_BOB_152,5.98
TXN-0002569,ACC_NORM_0651,ACC_NORM_2364,7570.52,2026-07-21T15:40:50,,,0,,,
TXN-0002570,ACC_MULE_0488,ACC_MULE_0054,239123.56,2026-07-21T15:49:28,28.664781,77.206332,2,2026-07-21T16:01:42,ATM_HDFC_035,2.98
TXN-0002571,ACC_NORM_2063,ACC_NORM_0167,1138.88,2026-07-21T15:58:07,,,0,,,
TXN-0002572,ACC_NORM_1410,ACC_NORM_0056,14069.45,2026-07-21T16:06:45,,,0,,,
TXN-0002573,ACC_NORM_0158,ACC_NORM_1479,11274.62,2026-07-21T16:15:23,,,0,,,
TXN-0002574,ACC_NORM_1979,ACC_NORM_1838,4404.1,2026-07-21T16:24:02,,,0,,,
TXN-0002575,ACC_NORM_2440,ACC_NORM_1161,15455.02,2026-07-21T16:32:40,,,0,,,
TXN-0002576,ACC_NORM_1720,ACC_NORM_0471,18725.53,2026-07-21T16:41:19,,,0,,,
TXN-0002577,ACC_NORM_2105,ACC_NORM_2834,24773.16,2026-07-21T16:49:57,,,0,,,
TXN-0002578,ACC_NORM_1664,ACC_NORM_2870,903.85,2026-07-21T16:58:35,,,0,,,
TXN-0002579,ACC_NORM_2112,ACC_NORM_1334,939.83,2026-07-21T17:07:14,,,0,,,
TXN-0002580,ACC_NORM_0549,ACC_NORM_0795,5246.98,2026-07-21T17:15:52,,,0,,,
TXN-0002581,ACC_MULE_0460,ACC_MULE_0294,62724.43,2026-07-21T17:24:31,28.595291,77.308885,2,,,
TXN-0002582,ACC_NORM_1423,ACC_NORM_2729,22284.2,2026-07-21T17:33:09,,,0,,,
TXN-0002583,ACC_NORM_1411,ACC_NORM_1574,2287.24,2026-07-21T17:41:47,,,0,,,
TXN-0002584,ACC_MULE_0003,ACC_MULE_0253,55409.39,2026-07-21T17:50:26,28.600625,77.319051,2,2026-07-21T18:09:32,ATM_ICICI_173,9.39
TXN-0002585,ACC_NORM_2789,ACC_NORM_2680,13475.23,2026-07-21T17:59:04,,,0,,,
TXN-0002586,ACC_VIC_0096,ACC_MULE_0072,214435.55,2026-07-21T18:07:43,28.611247,77.285614,1,2026-07-21T18:33:59,ATM_UBI_150,5.89
TXN-0002587,ACC_VIC_0624,ACC_MULE_0354,158679.78,2026-07-21T18:16:21,28.720119,77.104607,1,2026-07-21T18:36:59,ATM_ICICI_142,7.45
TXN-0002588,ACC_NORM_2548,ACC_NORM_1075,15213.65,2026-07-21T18:24:59,,,0,,,
TXN-0002589,ACC_NORM_0615,ACC_NORM_2742,4047.51,2026-07-21T18:33:38,,,0,,,
TXN-0002590,ACC_NORM_2587,ACC_NORM_2740,5870.49,2026-07-21T18:42:16,,,0,,,
TXN-0002591,ACC_VIC_0161,ACC_MULE_0413,69424.75,2026-07-21T18:50:55,28.624014,77.300456,1,2026-07-21T19:02:43,ATM_UBI_150,0.14
TXN-0002592,ACC_NORM_2236,ACC_NORM_1453,776.86,2026-07-21T18:59:33,,,0,,,
TXN-0002593,ACC_NORM_1895,ACC_NORM_2393,4879.86,2026-07-21T19:08:11,,,0,,,
TXN-0002594,ACC_NORM_2093,ACC_NORM_2648,13811.98,2026-07-21T19:16:50,,,0,,,
TXN-0002595,ACC_NORM_2892,ACC_NORM_2550,22086.05,2026-07-21T19:25:28,,,0,,,
TXN-0002596,ACC_NORM_2711,ACC_NORM_1382,16488.63,2026-07-21T19:34:07,,,0,,,
TXN-0002597,ACC_NORM_2151,ACC_NORM_1884,3306.69,2026-07-21T19:42:45,,,0,,,
TXN-0002598,ACC_VIC_1054,ACC_MULE_0566,192354.32,2026-07-21T19:51:23,28.671747,77.286458,1,2026-07-21T19:59:12,ATM_BOB_167,1.59
TXN-0002599,ACC_VIC_0138,ACC_MULE_0350,148598.57,2026-07-21T20:00:02,28.558774,77.252025,1,2026-07-21T20:08:20,ATM_PNB_052,2.57
TXN-0002600,ACC_NORM_0511,ACC_NORM_0854,16645.57,2026-07-21T20:08:40,,,0,,,
TXN-0002601,ACC_VIC_0880,ACC_MULE_0416,194543.78,2026-07-21T20:17:19,28.557808,77.140332,1,2026-07-21T20:55:13,ATM_BOB_094,11.9
TXN-0002602,ACC_MULE_0409,ACC_MULE_0542,175770.45,2026-07-21T20:25:57,28.619675,77.302753,2,2026-07-21T20:53:09,ATM_BOB_152,0.91
TXN-0002603,ACC_NORM_0937,ACC_NORM_1112,21545.35,2026-07-21T20:34:35,,,0,,,
TXN-0002604,ACC_VIC_0071,ACC_MULE_0530,208428.09,2026-07-21T20:43:14,28.673459,77.274678,1,2026-07-21T21:14:52,ATM_HDFC_170,3.68
TXN-0002605,ACC_NORM_1202,ACC_NORM_1602,17690.97,2026-07-21T20:51:52,,,0,,,
TXN-0002606,ACC_NORM_2986,ACC_NORM_2302,18834.29,2026-07-21T21:00:31,,,0,,,
TXN-0002607,ACC_NORM_0888,ACC_NORM_0415,8990.18,2026-07-21T21:09:09,,,0,,,
TXN-0002608,ACC_VIC_1406,ACC_MULE_0099,240292.4,2026-07-21T21:17:47,28.626976,77.312856,1,2026-07-21T21:34:15,ATM_BOB_146,3.3
TXN-0002609,ACC_NORM_1715,ACC_NORM_0920,23056.46,2026-07-21T21:26:26,,,0,,,
TXN-0002610,ACC_NORM_1295,ACC_NORM_2516,6641.48,2026-07-21T21:35:04,,,0,,,
TXN-0002611,ACC_VIC_1189,ACC_MULE_0406,95800.37,2026-07-21T21:43:43,28.641219,77.286214,1,2026-07-21T21:55:23,ATM_HDFC_148,4.09
TXN-0002612,ACC_NORM_1714,ACC_NORM_2616,5658.38,2026-07-21T21:52:21,,,0,,,
TXN-0002613,ACC_NORM_2233,ACC_NORM_2098,10977.01,2026-07-21T22:00:59,,,0,,,
TXN-0002614,ACC_NORM_2115,ACC_NORM_0982,11930.62,2026-07-21T22:09:38,,,0,,,
TXN-0002615,ACC_NORM_2156,ACC_NORM_0837,24678.6,2026-07-21T22:18:16,,,0,,,
TXN-0002616,ACC_MULE_0162,ACC_MULE_0575,127473.94,2026-07-21T22:26:55,28.621209,77.302376,2,2026-07-21T22:39:19,ATM_UBI_150,0.93
TXN-0002617,ACC_VIC_0386,ACC_MULE_0132,149962.61,2026-07-21T22:35:33,28.703613,77.113556,1,,,
TXN-0002618,ACC_VIC_0200,ACC_MULE_0025,246916.24,2026-07-21T22:44:11,28.642855,77.225146,1,,,
TXN-0002619,ACC_VIC_0331,ACC_MULE_0077,179514.63,2026-07-21T22:52:50,28.630225,77.224223,1,2026-07-21T23:04:51,ATM_HDFC_007,1.58
TXN-0002620,ACC_MULE_0276,ACC_MULE_0060,242105.47,2026-07-21T23:01:28,28.711229,77.121922,2,2026-07-21T23:23:11,ATM_HDFC_130,3.38
TXN-0002621,ACC_NORM_2418,ACC_NORM_0652,2661.51,2026-07-21T23:10:07,,,0,,,
TXN-0002622,ACC_VIC_0980,ACC_MULE_0379,144828.85,2026-07-21T23:18:45,28.688001,77.103054,1,,,
TXN-0002623,ACC_NORM_1644,ACC_NORM_2367,20347.96,2026-07-21T23:27:23,,,0,,,
TXN-0002624,ACC_VIC_0697,ACC_MULE_0378,135284.87,2026-07-21T23:36:02,28.715632,77.107089,1,,,
TXN-0002625,ACC_VIC_1054,ACC_MULE_0496,76727.65,2026-07-21T23:44:40,28.611098,77.312746,1,,,
TXN-0002626,ACC_VIC_1310,ACC_MULE_0313,231880.16,2026-07-21T23:53:19,28.611215,77.289128,1,2026-07-22T00:07:21,ATM_BOB_152,5.3
TXN-0002627,ACC_MULE_0326,ACC_MULE_0215,124146.13,2026-07-22T00:01:57,28.642308,77.202765,2,2026-07-22T00:09:56,ATM_UBI_016,3.52
TXN-0002628,ACC_NORM_1508,ACC_NORM_0158,13154.21,2026-07-22T00:10:35,,,0,,,
TXN-0002629,ACC_NORM_1881,ACC_NORM_1589,4718.68,2026-07-22T00:19:14,,,0,,,
TXN-0002630,ACC_VIC_0833,ACC_MULE_0518,206723.43,2026-07-22T00:27:52,28.534459,77.192434,1,2026-07-22T00:39:19,ATM_ICICI_087,2.44
TXN-0002631,ACC_NORM_2745,ACC_NORM_2594,21348.37,2026-07-22T00:36:31,,,0,,,
TXN-0002632,ACC_NORM_1365,ACC_NORM_2321,8717.05,2026-07-22T00:45:09,,,0,,,
TXN-0002633,ACC_MULE_0134,ACC_MULE_0262,68345.0,2026-07-22T00:53:47,28.55077,77.131248,2,2026-07-22T01:16:02,ATM_BOB_094,10.42
TXN-0002634,ACC_NORM_2570,ACC_NORM_0097,9645.13,2026-07-22T01:02:26,,,0,,,
TXN-0002635,ACC_NORM_1394,ACC_NORM_0277,6041.44,2026-07-22T01:11:04,,,0,,,
TXN-0002636,ACC_NORM_2874,ACC_NORM_2853,10124.68,2026-07-22T01:19:43,,,0,,,
TXN-0002637,ACC_MULE_0479,ACC_MULE_0597,189354.4,2026-07-22T01:28:21,28.546026,77.223609,2,2026-07-22T01:42:15,ATM_PNB_062,5.78
TXN-0002638,ACC_MULE_0287,ACC_MULE_0147,212302.46,2026-07-22T01:36:59,28.61323,77.312138,2,2026-07-22T01:50:57,ATM_KOTAK_145,3.12
TXN-0002639,ACC_MULE_0597,ACC_MULE_0043,63507.74,2026-07-22T01:45:38,28.556183,77.167374,2,2026-07-22T02:03:40,ATM_ICICI_087,11.78
TXN-0002640,ACC_NORM_0858,ACC_NORM_1653,22094.9,2026-07-22T01:54:16,,,0,,,
TXN-0002641,ACC_NORM_1306,ACC_NORM_1722,12408.16,2026-07-22T02:02:55,,,0,,,
TXN-0002642,ACC_VIC_0544,ACC_MULE_0312,159681.31,2026-07-22T02:11:33,28.531185,77.209685,1,2026-07-22T02:27:19,ATM_ICICI_087,2.67
TXN-0002643,ACC_VIC_1153,ACC_MULE_0566,213771.5,2026-07-22T02:20:11,28.671747,77.286458,1,2026-07-22T02:48:20,ATM_BOB_163,3.18
TXN-0002644,ACC_NORM_2722,ACC_NORM_0165,2991.33,2026-07-22T02:28:50,,,0,,,
TXN-0002645,ACC_MULE_0466,ACC_MULE_0335,145889.61,2026-07-22T02:37:28,28.533166,77.242232,2,2026-07-22T02:53:01,ATM_ICICI_068,2.14
TXN-0002646,ACC_NORM_1483,ACC_NORM_1967,1677.55,2026-07-22T02:46:07,,,0,,,
TXN-0002647,ACC_NORM_2801,ACC_NORM_2176,14874.59,2026-07-22T02:54:45,,,0,,,
TXN-0002648,ACC_NORM_2224,ACC_NORM_2343,15456.2,2026-07-22T03:03:23,,,0,,,
TXN-0002649,ACC_NORM_1139,ACC_NORM_0760,9408.89,2026-07-22T03:12:02,,,0,,,
TXN-0002650,ACC_MULE_0492,ACC_MULE_0055,242664.41,2026-07-22T03:20:40,28.609486,77.32273,2,2026-07-22T03:40:19,ATM_UBI_150,7.7
TXN-0002651,ACC_MULE_0535,ACC_MULE_0559,205191.83,2026-07-22T03:29:19,28.64573,77.206167,2,2026-07-22T03:39:26,ATM_UBI_016,4.21
TXN-0002652,ACC_NORM_0463,ACC_NORM_2694,16154.34,2026-07-22T03:37:57,,,0,,,
TXN-0002653,ACC_NORM_0843,ACC_NORM_0710,11159.52,2026-07-22T03:46:35,,,0,,,
TXN-0002654,ACC_MULE_0555,ACC_MULE_0009,109926.5,2026-07-22T03:55:14,28.59655,77.0633,2,,,
TXN-0002655,ACC_MULE_0593,ACC_MULE_0467,113740.17,2026-07-22T04:03:52,28.595233,77.040218,2,2026-07-22T04:15:19,ATM_PNB_102,4.78
TXN-0002656,ACC_VIC_0083,ACC_MULE_0266,64558.23,2026-07-22T04:12:31,28.637716,77.177033,1,,,
TXN-0002657,ACC_VIC_1033,ACC_MULE_0598,185478.19,2026-07-22T04:21:09,28.60682,77.055404,1,2026-07-22T04:31:40,ATM_AXIS_101,5.39
TXN-0002658,ACC_VIC_0509,ACC_MULE_0310,170220.43,2026-07-22T04:29:47,28.583326,77.064633,1,2026-07-22T04:39:34,ATM_PNB_102,3.18
TXN-0002659,ACC_NORM_0252,ACC_NORM_1595,18984.67,2026-07-22T04:38:26,,,0,,,
TXN-0002660,ACC_VIC_0654,ACC_MULE_0513,192724.89,2026-07-22T04:47:04,28.554758,77.140102,1,,,
TXN-0002661,ACC_NORM_1642,ACC_NORM_0636,16907.61,2026-07-22T04:55:43,,,0,,,
TXN-0002662,ACC_NORM_2377,ACC_NORM_2937,3196.82,2026-07-22T05:04:21,,,0,,,
TXN-0002663,ACC_VIC_1356,ACC_MULE_0510,63560.58,2026-07-22T05:12:59,28.698115,77.105357,1,2026-07-22T06:01:40,ATM_PNB_116,24.15
TXN-0002664,ACC_NORM_2329,ACC_NORM_2822,22724.35,2026-07-22T05:21:38,,,0,,,
TXN-0002665,ACC_NORM_2185,ACC_NORM_0453,24400.12,2026-07-22T05:30:16,,,0,,,
TXN-0002666,ACC_NORM_2739,ACC_NORM_2194,23024.82,2026-07-22T05:38:55,,,0,,,
TXN-0002667,ACC_MULE_0391,ACC_MULE_0313,183503.05,2026-07-22T05:47:33,28.611215,77.289128,2,2026-07-22T06:05:26,ATM_BOB_152,5.3
TXN-0002668,ACC_NORM_1814,ACC_NORM_0011,9503.38,2026-07-22T05:56:11,,,0,,,
TXN-0002669,ACC_NORM_0219,ACC_NORM_0619,23583.84,2026-07-22T06:04:50,,,0,,,
TXN-0002670,ACC_MULE_0058,ACC_MULE_0369,146131.31,2026-07-22T06:13:28,28.576713,77.23447,2,2026-07-22T06:39:49,ATM_PNB_052,5.26
TXN-0002671,ACC_NORM_1379,ACC_NORM_2012,7509.54,2026-07-22T06:22:07,,,0,,,
TXN-0002672,ACC_VIC_1429,ACC_MULE_0320,172162.11,2026-07-22T06:30:45,28.697783,77.111569,1,2026-07-22T06:47:19,ATM_SBI_141,2.98
TXN-0002673,ACC_MULE_0401,ACC_MULE_0485,66941.33,2026-07-22T06:39:23,28.711827,77.112972,2,2026-07-22T06:53:51,ATM_AXIS_128,3.6
TXN-0002674,ACC_MULE_0361,ACC_MULE_0510,157337.55,2026-07-22T06:48:02,28.698115,77.105357,2,2026-07-22T06:59:28,ATM_SBI_141,3.3
TXN-0002675,ACC_VIC_0471,ACC_MULE_0135,151288.17,2026-07-22T06:56:40,28.650398,77.214128,1,2026-07-22T07:12:31,ATM_ICICI_004,7.39
TXN-0002676,ACC_NORM_1486,ACC_NORM_0457,18526.76,2026-07-22T07:05:19,,,0,,,
TXN-0002677,ACC_NORM_0189,ACC_NORM_0987,19408.67,2026-07-22T07:13:57,,,0,,,
TXN-0002678,ACC_MULE_0393,ACC_MULE_0238,152745.81,2026-07-22T07:22:35,28.554033,77.261672,2,,,
TXN-0002679,ACC_MULE_0528,ACC_MULE_0072,199979.56,2026-07-22T07:31:14,28.611247,77.285614,2,2026-07-22T07:51:10,ATM_PNB_160,2.85
TXN-0002680,ACC_VIC_0747,ACC_MULE_0498,222181.61,2026-07-22T07:39:52,28.597738,77.326248,1,2026-07-22T08:20:45,ATM_UBI_150,11.02
TXN-0002681,ACC_NORM_1715,ACC_NORM_1749,23674.41,2026-07-22T07:48:31,,,0,,,
TXN-0002682,ACC_VIC_0050,ACC_MULE_0331,183882.97,2026-07-22T07:57:09,28.700707,77.149733,1,,,
TXN-0002683,ACC_NORM_1724,ACC_NORM_0545,11470.94,2026-07-22T08:05:47,,,0,,,
TXN-0002684,ACC_NORM_1766,ACC_NORM_0246,12684.0,2026-07-22T08:14:26,,,0,,,
TXN-0002685,ACC_NORM_1719,ACC_NORM_0722,22893.53,2026-07-22T08:23:04,,,0,,,
TXN-0002686,ACC_NORM_2395,ACC_NORM_2258,13654.61,2026-07-22T08:31:43,,,0,,,
TXN-0002687,ACC_NORM_1828,ACC_NORM_2904,23608.77,2026-07-22T08:40:21,,,0,,,
TXN-0002688,ACC_NORM_1178,ACC_NORM_2102,8572.57,2026-07-22T08:48:59,,,0,,,
TXN-0002689,ACC_NORM_1554,ACC_NORM_2277,6301.92,2026-07-22T08:57:38,,,0,,,
TXN-0002690,ACC_NORM_1460,ACC_NORM_1605,5711.23,2026-07-22T09:06:16,,,0,,,
TXN-0002691,ACC_NORM_0966,ACC_NORM_2107,18928.57,2026-07-22T09:14:55,,,0,,,
TXN-0002692,ACC_NORM_0036,ACC_NORM_0304,16309.0,2026-07-22T09:23:33,,,0,,,
TXN-0002693,ACC_NORM_2399,ACC_NORM_1373,1880.95,2026-07-22T09:32:11,,,0,,,
TXN-0002694,ACC_VIC_1430,ACC_MULE_0138,230671.92,2026-07-22T09:40:50,28.548841,77.227947,1,2026-07-22T09:58:22,ATM_PNB_062,6.01
TXN-0002695,ACC_NORM_1389,ACC_NORM_0005,13561.36,2026-07-22T09:49:28,,,0,,,
TXN-0002696,ACC_NORM_1767,ACC_NORM_1624,24205.78,2026-07-22T09:58:07,,,0,,,
TXN-0002697,ACC_NORM_0826,ACC_NORM_1119,16918.92,2026-07-22T10:06:45,,,0,,,
TXN-0002698,ACC_NORM_2294,ACC_NORM_0138,17012.6,2026-07-22T10:15:23,,,0,,,
TXN-0002699,ACC_NORM_2656,ACC_NORM_2321,11324.43,2026-07-22T10:24:02,,,0,,,
TXN-0002700,ACC_NORM_0386,ACC_NORM_1572,20411.6,2026-07-22T10:32:40,,,0,,,
TXN-0002701,ACC_VIC_0909,ACC_MULE_0322,116449.7,2026-07-22T10:41:19,28.620846,77.309693,1,,,
TXN-0002702,ACC_NORM_1767,ACC_NORM_1769,9374.22,2026-07-22T10:49:57,,,0,,,
TXN-0002703,ACC_NORM_1536,ACC_NORM_2113,22734.69,2026-07-22T10:58:35,,,0,,,
TXN-0002704,ACC_NORM_0724,ACC_NORM_2892,12479.13,2026-07-22T11:07:14,,,0,,,
TXN-0002705,ACC_VIC_0483,ACC_MULE_0383,205466.69,2026-07-22T11:15:52,28.534033,77.207564,1,2026-07-22T11:32:36,ATM_ICICI_087,1.84
TXN-0002706,ACC_VIC_1417,ACC_MULE_0220,185296.35,2026-07-22T11:24:31,28.628564,77.2997,1,2026-07-22T11:43:35,ATM_BOB_146,2.32
TXN-0002707,ACC_NORM_2757,ACC_NORM_1971,24204.38,2026-07-22T11:33:09,,,0,,,
TXN-0002708,ACC_MULE_0221,ACC_MULE_0366,243614.97,2026-07-22T11:41:47,28.534772,77.150509,2,,,
TXN-0002709,ACC_NORM_2061,ACC_NORM_1833,3015.62,2026-07-22T11:50:26,,,0,,,
TXN-0002710,ACC_VIC_1270,ACC_MULE_0327,119344.15,2026-07-22T11:59:04,28.707756,77.121879,1,2026-07-22T12:16:52,ATM_SBI_141,3.03
TXN-0002711,ACC_NORM_2326,ACC_NORM_2629,11725.16,2026-07-22T12:07:43,,,0,,,
TXN-0002712,ACC_VIC_0238,ACC_MULE_0473,202093.26,2026-07-22T12:16:21,28.685541,77.288141,1,2026-07-22T12:33:13,ATM_HDFC_170,2.58
TXN-0002713,ACC_VIC_0531,ACC_MULE_0153,156581.99,2026-07-22T12:24:59,28.686499,77.117832,1,2026-07-22T12:57:12,ATM_HDFC_039,22.73
TXN-0002714,ACC_NORM_2149,ACC_NORM_0879,19810.35,2026-07-22T12:33:38,,,0,,,
TXN-0002715,ACC_NORM_1122,ACC_NORM_1497,4660.56,2026-07-22T12:42:16,,,0,,,
TXN-0002716,ACC_NORM_0086,ACC_NORM_0583,22787.84,2026-07-22T12:50:55,,,0,,,
TXN-0002717,ACC_NORM_2233,ACC_NORM_1079,11596.52,2026-07-22T12:59:33,,,0,,,
TXN-0002718,ACC_NORM_0188,ACC_NORM_1862,4594.57,2026-07-22T13:08:11,,,0,,,
TXN-0002719,ACC_NORM_2536,ACC_NORM_0269,15215.5,2026-07-22T13:16:50,,,0,,,
TXN-0002720,ACC_NORM_2112,ACC_NORM_2287,18762.5,2026-07-22T13:25:28,,,0,,,
TXN-0002721,ACC_NORM_1052,ACC_NORM_2152,9213.16,2026-07-22T13:34:07,,,0,,,
TXN-0002722,ACC_NORM_1544,ACC_NORM_1014,8407.06,2026-07-22T13:42:45,,,0,,,
TXN-0002723,ACC_VIC_0272,ACC_MULE_0345,217536.9,2026-07-22T13:51:23,28.695081,77.130814,1,2026-07-22T14:00:52,ATM_ICICI_142,3.55
TXN-0002724,ACC_MULE_0506,ACC_MULE_0418,160608.47,2026-07-22T14:00:02,28.701646,77.105106,2,2026-07-22T14:16:44,ATM_SBI_141,2.43
TXN-0002725,ACC_NORM_2306,ACC_NORM_0842,7083.57,2026-07-22T14:08:40,,,0,,,
TXN-0002726,ACC_VIC_0418,ACC_MULE_0338,62581.38,2026-07-22T14:17:19,28.660678,77.300695,1,2026-07-22T14:38:38,ATM_AXIS_169,2.97
TXN-0002727,ACC_MULE_0216,ACC_MULE_0266,102602.72,2026-07-22T14:25:57,28.637716,77.177033,2,2026-07-22T14:45:00,ATM_AXIS_010,3.59
TXN-0002728,ACC_NORM_1879,ACC_NORM_0046,15084.93,2026-07-22T14:34:35,,,0,,,
TXN-0002729,ACC_NORM_0405,ACC_NORM_1588,15699.95,2026-07-22T14:43:14,,,0,,,
TXN-0002730,ACC_NORM_0260,ACC_NORM_2392,10944.69,2026-07-22T14:51:52,,,0,,,
TXN-0002731,ACC_NORM_0551,ACC_NORM_2034,17207.59,2026-07-22T15:00:31,,,0,,,
TXN-0002732,ACC_VIC_0629,ACC_MULE_0144,74073.79,2026-07-22T15:09:09,28.61105,77.298229,1,,,
TXN-0002733,ACC_VIC_1498,ACC_MULE_0539,159166.05,2026-07-22T15:17:47,28.628311,77.297556,1,2026-07-22T15:36:55,ATM_BOB_155,5.56
TXN-0002734,ACC_NORM_2713,ACC_NORM_1271,16999.11,2026-07-22T15:26:26,,,0,,,
TXN-0002735,ACC_NORM_2393,ACC_NORM_2211,3823.97,2026-07-22T15:35:04,,,0,,,
TXN-0002736,ACC_NORM_2494,ACC_NORM_0725,9155.77,2026-07-22T15:43:43,,,0,,,
TXN-0002737,ACC_NORM_0597,ACC_NORM_1231,13584.72,2026-07-22T15:52:21,,,0,,,
TXN-0002738,ACC_MULE_0236,ACC_MULE_0379,89266.13,2026-07-22T16:00:59,28.688001,77.103054,2,,,
TXN-0002739,ACC_NORM_0620,ACC_NORM_1391,11237.92,2026-07-22T16:09:38,,,0,,,
TXN-0002740,ACC_VIC_1432,ACC_MULE_0503,117428.84,2026-07-22T16:18:16,28.722124,77.142255,1,,,
TXN-0002741,ACC_NORM_2717,ACC_NORM_1053,2518.79,2026-07-22T16:26:55,,,0,,,
TXN-0002742,ACC_NORM_1520,ACC_NORM_0829,17097.81,2026-07-22T16:35:33,,,0,,,
TXN-0002743,ACC_NORM_1788,ACC_NORM_1156,13873.88,2026-07-22T16:44:11,,,0,,,
TXN-0002744,ACC_MULE_0494,ACC_MULE_0193,169090.97,2026-07-22T16:52:50,28.545072,77.15726,2,2026-07-22T17:11:09,ATM_ICICI_087,12.83
TXN-0002745,ACC_VIC_1424,ACC_MULE_0164,102333.59,2026-07-22T17:01:28,28.688414,77.287486,1,2026-07-22T17:24:37,ATM_HDFC_170,3.48
TXN-0002746,ACC_NORM_2110,ACC_NORM_1298,2721.66,2026-07-22T17:10:07,,,0,,,
TXN-0002747,ACC_NORM_1887,ACC_NORM_2638,19705.47,2026-07-22T17:18:45,,,0,,,
TXN-0002748,ACC_NORM_1566,ACC_NORM_0416,11158.8,2026-07-22T17:27:23,,,0,,,
TXN-0002749,ACC_NORM_2522,ACC_NORM_0947,13393.23,2026-07-22T17:36:02,,,0,,,
TXN-0002750,ACC_NORM_0375,ACC_NORM_2365,687.81,2026-07-22T17:44:40,,,0,,,
TXN-0002751,ACC_MULE_0303,ACC_MULE_0387,74700.43,2026-07-22T17:53:19,28.623283,77.231737,2,2026-07-22T18:06:26,ATM_HDFC_007,4.48
TXN-0002752,ACC_VIC_0950,ACC_MULE_0481,117073.32,2026-07-22T18:01:57,28.713822,77.124297,1,2026-07-22T18:27:59,ATM_SBI_141,4.3
TXN-0002753,ACC_MULE_0068,ACC_MULE_0008,223175.23,2026-07-22T18:10:35,28.668135,77.299502,2,2026-07-22T18:19:31,ATM_BOB_163,4.79
TXN-0002754,ACC_NORM_1594,ACC_NORM_1164,9081.87,2026-07-22T18:19:14,,,0,,,
TXN-0002755,ACC_VIC_1088,ACC_MULE_0500,154498.1,2026-07-22T18:27:52,28.547838,77.22962,1,,,
TXN-0002756,ACC_NORM_2140,ACC_NORM_1449,22307.18,2026-07-22T18:36:31,,,0,,,
TXN-0002757,ACC_VIC_0240,ACC_MULE_0493,211500.98,2026-07-22T18:45:09,28.510856,77.194387,1,2026-07-22T19:14:28,ATM_ICICI_087,7.88
TXN-0002758,ACC_MULE_0213,ACC_MULE_0314,144506.04,2026-07-22T18:53:47,28.670647,77.306933,2,,,
TXN-0002759,ACC_MULE_0102,ACC_MULE_0552,212727.25,2026-07-22T19:02:26,28.664857,77.29072,2,2026-07-22T19:28:50,ATM_BOB_167,2.09
TXN-0002760,ACC_NORM_2780,ACC_NORM_0506,12453.2,2026-07-22T19:11:04,,,0,,,
TXN-0002761,ACC_NORM_1814,ACC_NORM_0691,24387.68,2026-07-22T19:19:43,,,0,,,
TXN-0002762,ACC_MULE_0231,ACC_MULE_0263,214565.18,2026-07-22T19:28:21,28.611892,77.293125,2,,,
TXN-0002763,ACC_NORM_1710,ACC_NORM_1163,17469.44,2026-07-22T19:36:59,,,0,,,
TXN-0002764,ACC_NORM_0246,ACC_NORM_2974,22792.4,2026-07-22T19:45:38,,,0,,,
TXN-0002765,ACC_NORM_0085,ACC_NORM_0549,11684.98,2026-07-22T19:54:16,,,0,,,
TXN-0002766,ACC_NORM_0579,ACC_NORM_1691,4339.13,2026-07-22T20:02:55,,,0,,,
TXN-0002767,ACC_NORM_2240,ACC_NORM_2058,5202.41,2026-07-22T20:11:33,,,0,,,
TXN-0002768,ACC_NORM_1411,ACC_NORM_0998,13673.39,2026-07-22T20:20:11,,,0,,,
TXN-0002769,ACC_VIC_1065,ACC_MULE_0086,164908.72,2026-07-22T20:28:50,28.635581,77.285281,1,,,
TXN-0002770,ACC_NORM_2081,ACC_NORM_2806,5213.63,2026-07-22T20:37:28,,,0,,,
TXN-0002771,ACC_NORM_1876,ACC_NORM_2427,11214.86,2026-07-22T20:46:07,,,0,,,
TXN-0002772,ACC_VIC_0991,ACC_MULE_0082,81213.61,2026-07-22T20:54:45,28.650484,77.224164,1,2026-07-22T21:12:18,ATM_HDFC_007,4.97
TXN-0002773,ACC_NORM_1690,ACC_NORM_2689,16827.01,2026-07-22T21:03:23,,,0,,,
TXN-0002774,ACC_NORM_2529,ACC_NORM_0696,986.88,2026-07-22T21:12:02,,,0,,,
TXN-0002775,ACC_MULE_0496,ACC_MULE_0591,63545.3,2026-07-22T21:20:40,28.554119,77.25891,2,2026-07-22T21:39:04,ATM_ICICI_068,6.1
TXN-0002776,ACC_VIC_0049,ACC_MULE_0412,112616.51,2026-07-22T21:29:19,28.509739,77.222115,1,2026-07-22T21:55:00,ATM_HDFC_089,9.62
TXN-0002777,ACC_NORM_0395,ACC_NORM_0640,21437.48,2026-07-22T21:37:57,,,0,,,
TXN-0002778,ACC_MULE_0252,ACC_MULE_0589,104499.34,2026-07-22T21:46:35,28.639613,77.199065,2,2026-07-22T22:00:59,ATM_ICICI_004,4.58
TXN-0002779,ACC_MULE_0116,ACC_MULE_0154,135700.51,2026-07-22T21:55:14,28.617262,77.287712,2,2026-07-22T22:08:37,ATM_PNB_160,1.4
TXN-0002780,ACC_MULE_0084,ACC_MULE_0354,184904.75,2026-07-22T22:03:52,28.720119,77.104607,2,2026-07-22T22:18:19,ATM_ICICI_142,7.45
TXN-0002781,ACC_MULE_0041,ACC_MULE_0346,224483.79,2026-07-22T22:12:31,28.613147,77.329567,2,,,
TXN-0002782,ACC_NORM_2253,ACC_NORM_2417,12668.18,2026-07-22T22:21:09,,,0,,,
TXN-0002783,ACC_NORM_0130,ACC_NORM_2197,15443.54,2026-07-22T22:29:47,,,0,,,
TXN-0002784,ACC_VIC_1050,ACC_MULE_0375,113089.73,2026-07-22T22:38:26,28.529185,77.224222,1,2026-07-22T22:57:14,ATM_ICICI_087,6.77
TXN-0002785,ACC_NORM_1356,ACC_NORM_2745,15165.26,2026-07-22T22:47:04,,,0,,,
TXN-0002786,ACC_MULE_0230,ACC_MULE_0092,154178.37,2026-07-22T22:55:43,28.582136,77.232581,2,2026-07-22T23:34:01,ATM_KOTAK_053,5.22
TXN-0002787,ACC_NORM_2462,ACC_NORM_1469,1080.46,2026-07-22T23:04:21,,,0,,,
TXN-0002788,ACC_NORM_0806,ACC_NORM_0934,14092.51,2026-07-22T23:12:59,,,0,,,
TXN-0002789,ACC_NORM_0643,ACC_NORM_2323,11451.89,2026-07-22T23:21:38,,,0,,,
TXN-0002790,ACC_NORM_0994,ACC_NORM_1620,19665.95,2026-07-22T23:30:16,,,0,,,
TXN-0002791,ACC_NORM_1635,ACC_NORM_1187,23219.32,2026-07-22T23:38:55,,,0,,,
TXN-0002792,ACC_NORM_2318,ACC_NORM_2960,12804.11,2026-07-22T23:47:33,,,0,,,
TXN-0002793,ACC_NORM_2023,ACC_NORM_2925,20703.97,2026-07-22T23:56:11,,,0,,,
TXN-0002794,ACC_NORM_2522,ACC_NORM_1942,2314.62,2026-07-23T00:04:50,,,0,,,
TXN-0002795,ACC_NORM_1978,ACC_NORM_2334,9610.13,2026-07-23T00:13:28,,,0,,,
TXN-0002796,ACC_NORM_2403,ACC_NORM_0089,11872.67,2026-07-23T00:22:07,,,0,,,
TXN-0002797,ACC_MULE_0380,ACC_MULE_0036,232015.98,2026-07-23T00:30:45,28.610238,77.303453,2,2026-07-23T00:39:02,ATM_KOTAK_145,2.23
TXN-0002798,ACC_NORM_1182,ACC_NORM_2595,21457.87,2026-07-23T00:39:23,,,0,,,
TXN-0002799,ACC_NORM_2893,ACC_NORM_0376,15200.25,2026-07-23T00:48:02,,,0,,,
TXN-0002800,ACC_MULE_0304,ACC_MULE_0382,169312.34,2026-07-23T00:56:40,28.652092,77.178336,2,2026-07-23T01:33:45,ATM_UBI_016,4.07
TXN-0002801,ACC_NORM_1534,ACC_NORM_1593,20068.89,2026-07-23T01:05:19,,,0,,,
TXN-0002802,ACC_VIC_0863,ACC_MULE_0172,220715.33,2026-07-23T01:13:57,28.656416,77.271975,1,2026-07-23T01:34:10,ATM_PNB_036,14.94
TXN-0002803,ACC_NORM_1924,ACC_NORM_2801,8850.21,2026-07-23T01:22:35,,,0,,,
TXN-0002804,ACC_NORM_1703,ACC_NORM_0731,9394.3,2026-07-23T01:31:14,,,0,,,
TXN-0002805,ACC_VIC_0932,ACC_MULE_0496,144220.02,2026-07-23T01:39:52,28.611098,77.312746,1,2026-07-23T01:54:06,ATM_PNB_160,8.66
TXN-0002806,ACC_VIC_1095,ACC_MULE_0448,222296.89,2026-07-23T01:48:31,28.534318,77.238473,1,2026-07-23T02:17:04,ATM_UBI_075,13.44
TXN-0002807,ACC_MULE_0435,ACC_MULE_0167,107433.7,2026-07-23T01:57:09,28.639343,77.180666,2,2026-07-23T02:12:39,ATM_SBI_011,3.39
TXN-0002808,ACC_NORM_2226,ACC_NORM_2368,6299.65,2026-07-23T02:05:47,,,0,,,
TXN-0002809,ACC_NORM_1512,ACC_NORM_0192,11435.61,2026-07-23T02:14:26,,,0,,,
TXN-0002810,ACC_VIC_1344,ACC_MULE_0043,187325.64,2026-07-23T02:23:04,28.556183,77.167374,1,2026-07-23T02:48:19,ATM_BOB_094,12.75
TXN-0002811,ACC_NORM_2291,ACC_NORM_2997,14009.79,2026-07-23T02:31:43,,,0,,,
TXN-0002812,ACC_NORM_0829,ACC_NORM_2112,13311.04,2026-07-23T02:40:21,,,0,,,
TXN-0002813,ACC_VIC_0630,ACC_MULE_0239,109294.01,2026-07-23T02:48:59,28.568324,77.263944,1,2026-07-23T03:20:10,ATM_UBI_067,8.01
TXN-0002814,ACC_NORM_0994,ACC_NORM_1151,11730.26,2026-07-23T02:57:38,,,0,,,
TXN-0002815,ACC_VIC_0914,ACC_MULE_0175,118369.42,2026-07-23T03:06:16,28.516377,77.217225,1,2026-07-23T03:44:32,ATM_PNB_062,14.22
TXN-0002816,ACC_NORM_1136,ACC_NORM_0442,17800.13,2026-07-23T03:14:55,,,0,,,
TXN-0002817,ACC_NORM_0713,ACC_NORM_2362,11252.41,2026-07-23T03:23:33,,,0,,,
TXN-0002818,ACC_VIC_0760,ACC_MULE_0014,180248.76,2026-07-23T03:32:11,28.709534,77.133779,1,2026-07-23T03:49:13,ATM_ICICI_142,4.37
TXN-0002819,ACC_NORM_2676,ACC_NORM_1191,5066.75,2026-07-23T03:40:50,,,0,,,
TXN-0002820,ACC_NORM_1694,ACC_NORM_2349,14184.85,2026-07-23T03:49:28,,,0,,,
TXN-0002821,ACC_NORM_0355,ACC_NORM_1879,3662.02,2026-07-23T03:58:07,,,0,,,
TXN-0002822,ACC_NORM_0038,ACC_NORM_0228,632.83,2026-07-23T04:06:45,,,0,,,
TXN-0002823,ACC_NORM_2475,ACC_NORM_1535,5218.82,2026-07-23T04:15:23,,,0,,,
TXN-0002824,ACC_NORM_2689,ACC_NORM_2271,15449.71,2026-07-23T04:24:02,,,0,,,
TXN-0002825,ACC_NORM_0753,ACC_NORM_2698,17398.95,2026-07-23T04:32:40,,,0,,,
TXN-0002826,ACC_NORM_2950,ACC_NORM_2855,3116.91,2026-07-23T04:41:19,,,0,,,
TXN-0002827,ACC_VIC_1427,ACC_MULE_0427,138700.98,2026-07-23T04:49:57,28.648238,77.219555,1,2026-07-23T05:04:32,ATM_ICICI_004,7.23
TXN-0002828,ACC_NORM_2326,ACC_NORM_0324,21023.08,2026-07-23T04:58:35,,,0,,,
TXN-0002829,ACC_NORM_0584,ACC_NORM_2773,21403.92,2026-07-23T05:07:14,,,0,,,
TXN-0002830,ACC_NORM_1761,ACC_NORM_2057,11972.17,2026-07-23T05:15:52,,,0,,,
TXN-0002831,ACC_MULE_0572,ACC_MULE_0219,50581.06,2026-07-23T05:24:31,28.536018,77.227644,2,2026-07-23T05:39:23,ATM_HDFC_082,8.62
TXN-0002832,ACC_VIC_0449,ACC_MULE_0435,74793.75,2026-07-23T05:33:09,28.627355,77.322151,1,2026-07-23T05:50:04,ATM_BOB_152,5.38
TXN-0002833,ACC_NORM_2992,ACC_NORM_0246,7729.36,2026-07-23T05:41:47,,,0,,,
TXN-0002834,ACC_VIC_1435,ACC_MULE_0022,79949.07,2026-07-23T05:50:26,28.661062,77.182292,1,,,
TXN-0002835,ACC_MULE_0575,ACC_MULE_0555,136833.0,2026-07-23T05:59:04,28.644331,77.213885,2,2026-07-23T06:15:29,ATM_UBI_016,6.42
TXN-0002836,ACC_VIC_1126,ACC_MULE_0475,70869.05,2026-07-23T06:07:43,28.56481,77.257589,1,2026-07-23T06:30:53,ATM_PNB_052,2.54
TXN-0002837,ACC_MULE_0123,ACC_MULE_0017,199989.63,2026-07-23T06:16:21,28.6384,77.204881,2,,,
TXN-0002838,ACC_MULE_0210,ACC_MULE_0030,249023.33,2026-07-23T06:24:59,28.59522,77.302356,2,,,
TXN-0002839,ACC_NORM_0599,ACC_NORM_2177,21567.99,2026-07-23T06:33:38,,,0,,,
TXN-0002840,ACC_NORM_2266,ACC_NORM_1096,23257.21,2026-07-23T06:42:16,,,0,,,
TXN-0002841,ACC_NORM_1007,ACC_NORM_1096,22579.37,2026-07-23T06:50:55,,,0,,,
TXN-0002842,ACC_NORM_2594,ACC_NORM_1905,10186.92,2026-07-23T06:59:33,,,0,,,
TXN-0002843,ACC_MULE_0342,ACC_MULE_0347,121109.16,2026-07-23T07:08:11,28.572251,77.236353,2,2026-07-23T07:15:00,ATM_BOB_046,0.66
TXN-0002844,ACC_VIC_1359,ACC_MULE_0265,66747.03,2026-07-23T07:16:50,28.590451,77.046193,1,2026-07-23T07:28:01,ATM_AXIS_101,4.81
TXN-0002845,ACC_MULE_0597,ACC_MULE_0525,60021.54,2026-07-23T07:25:28,28.707854,77.11485,2,2026-07-23T07:41:34,ATM_ICICI_142,2.57
TXN-0002846,ACC_NORM_0521,ACC_NORM_0960,14854.93,2026-07-23T07:34:07,,,0,,,
TXN-0002847,ACC_MULE_0487,ACC_MULE_0256,223938.21,2026-07-23T07:42:45,28.658249,77.173416,2,2026-07-23T08:27:06,ATM_BOB_024,15.79
TXN-0002848,ACC_NORM_2837,ACC_NORM_1414,11023.89,2026-07-23T07:51:23,,,0,,,
TXN-0002849,ACC_MULE_0370,ACC_MULE_0335,122541.19,2026-07-23T08:00:02,28.533166,77.242232,2,2026-07-23T08:19:30,ATM_ICICI_068,2.14
TXN-0002850,ACC_NORM_0352,ACC_NORM_2675,24243.86,2026-07-23T08:08:40,,,0,,,
TXN-0002851,ACC_NORM_1863,ACC_NORM_2387,19882.47,2026-07-23T08:17:19,,,0,,,
TXN-0002852,ACC_NORM_0574,ACC_NORM_0414,21226.61,2026-07-23T08:25:57,,,0,,,
TXN-0002853,ACC_NORM_1860,ACC_NORM_2542,19927.81,2026-07-23T08:34:35,,,0,,,
TXN-0002854,ACC_NORM_1887,ACC_NORM_1741,15281.84,2026-07-23T08:43:14,,,0,,,
TXN-0002855,ACC_VIC_1171,ACC_MULE_0083,120636.52,2026-07-23T08:51:52,28.527368,77.242008,1,2026-07-23T09:09:19,ATM_PNB_052,12.64
TXN-0002856,ACC_NORM_1979,ACC_NORM_0408,19799.09,2026-07-23T09:00:31,,,0,,,
TXN-0002857,ACC_MULE_0188,ACC_MULE_0139,106794.49,2026-07-23T09:09:09,28.560107,77.241441,2,2026-07-23T09:36:14,ATM_PNB_052,2.85
TXN-0002858,ACC_NORM_2580,ACC_NORM_2999,19644.71,2026-07-23T09:17:47,,,0,,,
TXN-0002859,ACC_NORM_1296,ACC_NORM_0096,21775.84,2026-07-23T09:26:26,,,0,,,
TXN-0002860,ACC_NORM_0572,ACC_NORM_1436,3365.45,2026-07-23T09:35:04,,,0,,,
TXN-0002861,ACC_VIC_0783,ACC_MULE_0209,190256.24,2026-07-23T09:43:43,28.633132,77.323579,1,2026-07-23T10:00:41,ATM_UBI_150,7.1
TXN-0002862,ACC_MULE_0460,ACC_MULE_0444,61552.85,2026-07-23T09:52:21,28.591843,77.050184,2,2026-07-23T10:00:47,ATM_PNB_102,1.76
TXN-0002863,ACC_VIC_0768,ACC_MULE_0434,206550.77,2026-07-23T10:00:59,28.715924,77.099592,1,2026-07-23T10:31:30,ATM_SBI_141,4.34
TXN-0002864,ACC_VIC_1275,ACC_MULE_0241,224752.27,2026-07-23T10:09:38,28.646924,77.17685,1,2026-07-23T10:23:16,ATM_ICICI_013,5.21
TXN-0002865,ACC_NORM_2972,ACC_NORM_0905,1031.21,2026-07-23T10:18:16,,,0,,,
TXN-0002866,ACC_NORM_0558,ACC_NORM_2741,21312.4,2026-07-23T10:26:55,,,0,,,
TXN-0002867,ACC_NORM_2545,ACC_NORM_2366,17398.68,2026-07-23T10:35:33,,,0,,,
TXN-0002868,ACC_NORM_2538,ACC_NORM_0101,21095.3,2026-07-23T10:44:11,,,0,,,
TXN-0002869,ACC_VIC_1390,ACC_MULE_0218,176674.99,2026-07-23T10:52:50,28.514165,77.219838,1,,,
TXN-0002870,ACC_MULE_0101,ACC_MULE_0083,197939.57,2026-07-23T11:01:28,28.527368,77.242008,2,2026-07-23T11:26:03,ATM_PNB_052,12.64
TXN-0002871,ACC_NORM_0517,ACC_NORM_0763,13741.13,2026-07-23T11:10:07,,,0,,,
TXN-0002872,ACC_NORM_0534,ACC_NORM_1810,4038.06,2026-07-23T11:18:45,,,0,,,
TXN-0002873,ACC_NORM_0346,ACC_NORM_1381,14699.26,2026-07-23T11:27:23,,,0,,,
TXN-0002874,ACC_MULE_0141,ACC_MULE_0478,98667.13,2026-07-23T11:36:02,28.620207,77.316685,2,2026-07-23T11:44:07,ATM_BOB_146,3.97
TXN-0002875,ACC_NORM_0161,ACC_NORM_2376,20671.72,2026-07-23T11:44:40,,,0,,,
TXN-0002876,ACC_VIC_0226,ACC_MULE_0573,190563.41,2026-07-23T11:53:19,28.632598,77.291468,1,,,
TXN-0002877,ACC_NORM_0219,ACC_NORM_2716,6872.56,2026-07-23T12:01:57,,,0,,,
TXN-0002878,ACC_VIC_1406,ACC_MULE_0222,169807.93,2026-07-23T12:10:35,28.539127,77.200688,1,2026-07-23T12:28:27,ATM_HDFC_086,2.98
TXN-0002879,ACC_VIC_0218,ACC_MULE_0018,57644.57,2026-07-23T12:19:14,28.577863,77.059964,1,2026-07-23T12:41:35,ATM_PNB_102,3.91
TXN-0002880,ACC_NORM_2155,ACC_NORM_0076,12771.09,2026-07-23T12:27:52,,,0,,,
TXN-0002881,ACC_VIC_1044,ACC_MULE_0141,89407.6,2026-07-23T12:36:31,28.53605,77.214754,1,2026-07-23T12:57:25,ATM_ICICI_087,3.89
TXN-0002882,ACC_VIC_0847,ACC_MULE_0437,98509.33,2026-07-23T12:45:09,28.584929,77.249474,1,2026-07-23T13:05:12,ATM_PNB_056,7.58
TXN-0002883,ACC_MULE_0039,ACC_MULE_0069,231581.81,2026-07-23T12:53:47,28.537504,77.206242,2,2026-07-23T13:01:16,ATM_HDFC_086,1.4
TXN-0002884,ACC_NORM_2996,ACC_NORM_2919,2181.92,2026-07-23T13:02:26,,,0,,,
TXN-0002885,ACC_MULE_0215,ACC_MULE_0106,205804.79,2026-07-23T13:11:04,28.652005,77.295761,2,2026-07-23T13:37:52,ATM_SBI_149,7.35
TXN-0002886,ACC_VIC_1453,ACC_MULE_0343,195474.79,2026-07-23T13:19:43,28.641875,77.323013,1,2026-07-23T13:49:13,ATM_PNB_160,13.13
TXN-0002887,ACC_NORM_1790,ACC_NORM_2664,21311.84,2026-07-23T13:28:21,,,0,,,
TXN-0002888,ACC_VIC_0771,ACC_MULE_0052,69161.65,2026-07-23T13:36:59,28.702431,77.095115,1,2026-07-23T13:54:02,ATM_AXIS_128,4.67
TXN-0002889,ACC_VIC_0838,ACC_MULE_0111,81273.45,2026-07-23T13:45:38,28.582281,77.239527,1,,,
TXN-0002890,ACC_MULE_0172,ACC_MULE_0012,238850.39,2026-07-23T13:54:16,28.626871,77.324184,2,,,
TXN-0002891,ACC_VIC_0110,ACC_MULE_0223,63839.08,2026-07-23T14:02:55,28.524674,77.142401,1,2026-07-23T14:15:09,ATM_BOB_094,1.57
TXN-0002892,ACC_VIC_1112,ACC_MULE_0506,212321.19,2026-07-23T14:11:33,28.62333,77.226669,1,2026-07-23T14:32:01,ATM_HDFC_006,4.23
TXN-0002893,ACC_MULE_0492,ACC_MULE_0132,113074.63,2026-07-23T14:20:11,28.703613,77.113556,2,2026-07-23T14:34:38,ATM_HDFC_130,3.1
TXN-0002894,ACC_VIC_0635,ACC_MULE_0318,92532.47,2026-07-23T14:28:50,28.551186,77.232912,1,,,
TXN-0002895,ACC_NORM_2873,ACC_NORM_1747,8292.83,2026-07-23T14:37:28,,,0,,,
TXN-0002896,ACC_VIC_0054,ACC_MULE_0338,221103.62,2026-07-23T14:46:07,28.660678,77.300695,1,2026-07-23T14:58:13,ATM_ICICI_166,0.77
TXN-0002897,ACC_NORM_0586,ACC_NORM_0441,8671.31,2026-07-23T14:54:45,,,0,,,
TXN-0002898,ACC_VIC_0628,ACC_MULE_0164,221712.36,2026-07-23T15:03:23,28.688414,77.287486,1,2026-07-23T15:39:19,ATM_BOB_020,19.15
TXN-0002899,ACC_NORM_0189,ACC_NORM_2512,21567.23,2026-07-23T15:12:02,,,0,,,
TXN-0002900,ACC_NORM_2332,ACC_NORM_2116,22915.45,2026-07-23T15:20:40,,,0,,,
TXN-0002901,ACC_NORM_1438,ACC_NORM_2473,5298.36,2026-07-23T15:29:19,,,0,,,
TXN-0002902,ACC_NORM_0602,ACC_NORM_1822,11337.45,2026-07-23T15:37:57,,,0,,,
TXN-0002903,ACC_VIC_1099,ACC_MULE_0283,204153.62,2026-07-23T15:46:35,28.680518,77.273289,1,2026-07-23T16:07:10,ATM_HDFC_170,3.93
TXN-0002904,ACC_VIC_0188,ACC_MULE_0191,170541.96,2026-07-23T15:55:14,28.692562,77.122989,1,2026-07-23T16:08:24,ATM_HDFC_131,1.82
TXN-0002905,ACC_VIC_0776,ACC_MULE_0393,150832.33,2026-07-23T16:03:52,28.540055,77.228029,1,2026-07-23T16:22:45,ATM_PNB_062,8.06
TXN-0002906,ACC_NORM_2285,ACC_NORM_0558,2292.0,2026-07-23T16:12:31,,,0,,,
TXN-0002907,ACC_MULE_0486,ACC_MULE_0505,244309.88,2026-07-23T16:21:09,28.539326,77.211378,2,,,
TXN-0002908,ACC_NORM_1480,ACC_NORM_0922,7378.25,2026-07-23T16:29:47,,,0,,,
TXN-0002909,ACC_NORM_1509,ACC_NORM_2392,23229.93,2026-07-23T16:38:26,,,0,,,
TXN-0002910,ACC_NORM_2164,ACC_NORM_0579,1881.88,2026-07-23T16:47:04,,,0,,,
TXN-0002911,ACC_VIC_1428,ACC_MULE_0545,237225.98,2026-07-23T16:55:43,28.53343,77.190123,1,2026-07-23T17:12:00,ATM_ICICI_087,3.12
TXN-0002912,ACC_VIC_1210,ACC_MULE_0467,190659.65,2026-07-23T17:04:21,28.595233,77.040218,1,2026-07-23T17:50:22,ATM_AXIS_101,2.66
TXN-0002913,ACC_NORM_1253,ACC_NORM_2339,19329.84,2026-07-23T17:12:59,,,0,,,
TXN-0002914,ACC_VIC_0883,ACC_MULE_0574,142944.35,2026-07-23T17:21:38,28.70072,77.13057,1,2026-07-23T17:49:37,ATM_ICICI_142,2.74
TXN-0002915,ACC_NORM_2000,ACC_NORM_1518,20544.3,2026-07-23T17:30:16,,,0,,,
TXN-0002916,ACC_VIC_0723,ACC_MULE_0317,201340.77,2026-07-23T17:38:55,28.67538,77.285525,1,2026-07-23T17:50:12,ATM_BOB_163,2.3
TXN-0002917,ACC_VIC_0347,ACC_MULE_0340,244907.18,2026-07-23T17:47:33,28.53437,77.208411,1,2026-07-23T17:58:57,ATM_ICICI_087,2.07
TXN-0002918,ACC_VIC_0602,ACC_MULE_0568,181295.28,2026-07-23T17:56:11,28.526541,77.244943,1,2026-07-23T18:30:07,ATM_PNB_062,14.45
TXN-0002919,ACC_NORM_0971,ACC_NORM_2391,2261.61,2026-07-23T18:04:50,,,0,,,
TXN-0002920,ACC_NORM_0666,ACC_NORM_1467,4692.94,2026-07-23T18:13:28,,,0,,,
TXN-0002921,ACC_NORM_1510,ACC_NORM_2328,3896.52,2026-07-23T18:22:07,,,0,,,
TXN-0002922,ACC_NORM_0885,ACC_NORM_0503,16511.93,2026-07-23T18:30:45,,,0,,,
TXN-0002923,ACC_NORM_1662,ACC_NORM_2879,23730.58,2026-07-23T18:39:23,,,0,,,
TXN-0002924,ACC_NORM_2163,ACC_NORM_0752,11254.44,2026-07-23T18:48:02,,,0,,,
TXN-0002925,ACC_NORM_2915,ACC_NORM_1710,10819.54,2026-07-23T18:56:40,,,0,,,
TXN-0002926,ACC_NORM_1658,ACC_NORM_2246,11748.98,2026-07-23T19:05:19,,,0,,,
TXN-0002927,ACC_NORM_0135,ACC_NORM_1473,865.92,2026-07-23T19:13:57,,,0,,,
TXN-0002928,ACC_NORM_2937,ACC_NORM_0271,20410.74,2026-07-23T19:22:35,,,0,,,
TXN-0002929,ACC_NORM_2605,ACC_NORM_1253,10306.19,2026-07-23T19:31:14,,,0,,,
TXN-0002930,ACC_NORM_1811,ACC_NORM_0160,765.65,2026-07-23T19:39:52,,,0,,,
TXN-0002931,ACC_VIC_0684,ACC_MULE_0161,187097.93,2026-07-23T19:48:31,28.726696,77.148605,1,,,
TXN-0002932,ACC_VIC_0166,ACC_MULE_0182,199336.43,2026-07-23T19:57:09,28.66639,77.203843,1,2026-07-23T20:22:04,ATM_UBI_016,7.31
TXN-0002933,ACC_VIC_1401,ACC_MULE_0514,244119.19,2026-07-23T20:05:47,28.519059,77.220631,1,2026-07-23T20:33:52,ATM_ICICI_068,9.61
TXN-0002934,ACC_MULE_0278,ACC_MULE_0066,125749.75,2026-07-23T20:14:26,28.590834,77.331629,2,,,
TXN-0002935,ACC_VIC_0261,ACC_MULE_0521,208345.26,2026-07-23T20:23:04,28.559429,77.251699,1,,,
TXN-0002936,ACC_VIC_0089,ACC_MULE_0333,67907.59,2026-07-23T20:31:43,28.602643,77.321707,1,2026-07-23T20:50:08,ATM_UBI_150,8.99
TXN-0002937,ACC_NORM_0790,ACC_NORM_1674,6123.84,2026-07-23T20:40:21,,,0,,,
TXN-0002938,ACC_NORM_0012,ACC_NORM_2771,4588.34,2026-07-23T20:48:59,,,0,,,
TXN-0002939,ACC_VIC_0639,ACC_MULE_0017,167518.44,2026-07-23T20:57:38,28.6384,77.204881,1,2026-07-23T21:11:21,ATM_ICICI_004,3.5
TXN-0002940,ACC_VIC_1465,ACC_MULE_0019,199472.39,2026-07-23T21:06:16,28.531571,77.161816,1,2026-07-23T21:44:11,ATM_PNB_062,16.71
TXN-0002941,ACC_NORM_0599,ACC_NORM_2129,9483.56,2026-07-23T21:14:55,,,0,,,
TXN-0002942,ACC_VIC_0565,ACC_MULE_0534,218670.91,2026-07-23T21:23:33,28.563443,77.25562,1,,,
TXN-0002943,ACC_NORM_2439,ACC_NORM_0637,5138.25,2026-07-23T21:32:11,,,0,,,
TXN-0002944,ACC_NORM_2350,ACC_NORM_2855,14574.61,2026-07-23T21:40:50,,,0,,,
TXN-0002945,ACC_NORM_1583,ACC_NORM_0281,19313.77,2026-07-23T21:49:28,,,0,,,
TXN-0002946,ACC_NORM_0380,ACC_NORM_2380,4624.77,2026-07-23T21:58:07,,,0,,,
TXN-0002947,ACC_NORM_1039,ACC_NORM_0313,6258.93,2026-07-23T22:06:45,,,0,,,
TXN-0002948,ACC_VIC_0059,ACC_MULE_0178,168866.09,2026-07-23T22:15:23,28.550068,77.252257,1,2026-07-23T22:36:38,ATM_ICICI_049,3.57
TXN-0002949,ACC_VIC_0374,ACC_MULE_0189,216188.65,2026-07-23T22:24:02,28.558852,77.224302,1,,,
TXN-0002950,ACC_NORM_1441,ACC_NORM_0669,17157.34,2026-07-23T22:32:40,,,0,,,
TXN-0002951,ACC_NORM_0763,ACC_NORM_2077,2001.85,2026-07-23T22:41:19,,,0,,,
TXN-0002952,ACC_NORM_2955,ACC_NORM_2772,21014.75,2026-07-23T22:49:57,,,0,,,
TXN-0002953,ACC_NORM_1071,ACC_NORM_1721,4252.58,2026-07-23T22:58:35,,,0,,,
TXN-0002954,ACC_NORM_2257,ACC_NORM_0986,6062.42,2026-07-23T23:07:14,,,0,,,
TXN-0002955,ACC_VIC_0427,ACC_MULE_0304,195773.39,2026-07-23T23:15:52,28.623128,77.310877,1,2026-07-23T23:32:53,ATM_BOB_146,2.33
TXN-0002956,ACC_NORM_1492,ACC_NORM_0127,18493.66,2026-07-23T23:24:31,,,0,,,
TXN-0002957,ACC_VIC_0650,ACC_MULE_0457,224002.19,2026-07-23T23:33:09,28.722961,77.11012,1,,,
TXN-0002958,ACC_MULE_0051,ACC_MULE_0585,248448.75,2026-07-23T23:41:47,28.720563,77.11882,2,,,
TXN-0002959,ACC_NORM_1187,ACC_NORM_0314,1008.39,2026-07-23T23:50:26,,,0,,,
TXN-0002960,ACC_NORM_2500,ACC_NORM_2976,23006.89,2026-07-23T23:59:04,,,0,,,
TXN-0002961,ACC_NORM_1193,ACC_NORM_1765,16667.9,2026-07-24T00:07:43,,,0,,,
TXN-0002962,ACC_NORM_0958,ACC_NORM_1838,6103.87,2026-07-24T00:16:21,,,0,,,
TXN-0002963,ACC_VIC_0045,ACC_MULE_0385,178514.9,2026-07-24T00:24:59,28.626159,77.301673,1,2026-07-24T00:34:09,ATM_UBI_150,0.81
TXN-0002964,ACC_NORM_1861,ACC_NORM_2098,5313.26,2026-07-24T00:33:38,,,0,,,
TXN-0002965,ACC_NORM_1791,ACC_NORM_2811,5215.73,2026-07-24T00:42:16,,,0,,,
TXN-0002966,ACC_NORM_1727,ACC_NORM_0394,22312.36,2026-07-24T00:50:55,,,0,,,
TXN-0002967,ACC_MULE_0261,ACC_MULE_0488,244663.73,2026-07-24T00:59:33,28.598523,77.049541,2,2026-07-24T01:10:15,ATM_PNB_102,3.41
TXN-0002968,ACC_NORM_2922,ACC_NORM_1755,2498.48,2026-07-24T01:08:11,,,0,,,
TXN-0002969,ACC_NORM_0784,ACC_NORM_0049,19781.45,2026-07-24T01:16:50,,,0,,,
TXN-0002970,ACC_VIC_0093,ACC_MULE_0464,186878.57,2026-07-24T01:25:28,28.541859,77.196634,1,2026-07-24T01:43:42,ATM_ICICI_087,2.64
TXN-0002971,ACC_NORM_1822,ACC_NORM_2383,3755.99,2026-07-24T01:34:07,,,0,,,
TXN-0002972,ACC_NORM_0571,ACC_NORM_2700,2146.11,2026-07-24T01:42:45,,,0,,,
TXN-0002973,ACC_MULE_0051,ACC_MULE_0516,78156.05,2026-07-24T01:51:23,28.678121,77.305743,2,2026-07-24T02:07:32,ATM_HDFC_170,5.34
TXN-0002974,ACC_NORM_2450,ACC_NORM_2137,6654.97,2026-07-24T02:00:02,,,0,,,
TXN-0002975,ACC_NORM_0172,ACC_NORM_2622,17240.4,2026-07-24T02:08:40,,,0,,,
TXN-0002976,ACC_NORM_0152,ACC_NORM_0041,8368.08,2026-07-24T02:17:19,,,0,,,
TXN-0002977,ACC_NORM_1788,ACC_NORM_1461,5900.42,2026-07-24T02:25:57,,,0,,,
TXN-0002978,ACC_NORM_0839,ACC_NORM_1900,8672.33,2026-07-24T02:34:35,,,0,,,
TXN-0002979,ACC_NORM_1610,ACC_NORM_0520,16455.54,2026-07-24T02:43:14,,,0,,,
TXN-0002980,ACC_NORM_0410,ACC_NORM_2003,16185.17,2026-07-24T02:51:52,,,0,,,
TXN-0002981,ACC_NORM_1159,ACC_NORM_1488,7838.46,2026-07-24T03:00:31,,,0,,,
TXN-0002982,ACC_NORM_1670,ACC_NORM_0052,13671.55,2026-07-24T03:09:09,,,0,,,
TXN-0002983,ACC_NORM_2336,ACC_NORM_0884,15682.38,2026-07-24T03:17:47,,,0,,,
TXN-0002984,ACC_VIC_0645,ACC_MULE_0518,211765.77,2026-07-24T03:26:26,28.534459,77.192434,1,2026-07-24T03:34:19,ATM_ICICI_087,2.44
TXN-0002985,ACC_NORM_2364,ACC_NORM_0566,20353.83,2026-07-24T03:35:04,,,0,,,
TXN-0002986,ACC_NORM_1670,ACC_NORM_2448,11240.69,2026-07-24T03:43:43,,,0,,,
TXN-0002987,ACC_NORM_2470,ACC_NORM_1002,3909.13,2026-07-24T03:52:21,,,0,,,
TXN-0002988,ACC_NORM_1817,ACC_NORM_0995,15791.06,2026-07-24T04:00:59,,,0,,,
TXN-0002989,ACC_VIC_0057,ACC_MULE_0094,103712.27,2026-07-24T04:09:38,28.568919,77.257325,1,2026-07-24T04:36:56,ATM_PNB_052,2.57
TXN-0002990,ACC_NORM_0421,ACC_NORM_0246,9343.74,2026-07-24T04:18:16,,,0,,,
TXN-0002991,ACC_NORM_0646,ACC_NORM_1477,24550.72,2026-07-24T04:26:55,,,0,,,
TXN-0002992,ACC_VIC_1303,ACC_MULE_0378,116986.64,2026-07-24T04:35:33,28.715632,77.107089,1,,,
TXN-0002993,ACC_MULE_0293,ACC_MULE_0576,144224.44,2026-07-24T04:44:11,28.702423,77.125698,2,2026-07-24T04:58:57,ATM_HDFC_131,2.7
TXN-0002994,ACC_VIC_1020,ACC_MULE_0095,227400.27,2026-07-24T04:52:50,28.660883,77.294119,1,2026-07-24T05:07:11,ATM_HDFC_170,5.76
TXN-0002995,ACC_NORM_0862,ACC_NORM_2427,24231.44,2026-07-24T05:01:28,,,0,,,
TXN-0002996,ACC_NORM_0883,ACC_NORM_2441,13600.94,2026-07-24T05:10:07,,,0,,,
TXN-0002997,ACC_VIC_1144,ACC_MULE_0366,97054.49,2026-07-24T05:18:45,28.534772,77.150509,1,2026-07-24T05:35:32,ATM_BOB_091,2.39
TXN-0002998,ACC_NORM_1105,ACC_NORM_1588,3206.5,2026-07-24T05:27:23,,,0,,,
TXN-0002999,ACC_NORM_2105,ACC_NORM_1369,22696.72,2026-07-24T05:36:02,,,0,,,
TXN-0003000,ACC_NORM_0853,ACC_NORM_1271,18698.49,2026-07-24T05:44:40,,,0,,,
TXN-0003001,ACC_NORM_2079,ACC_NORM_0291,10868.12,2026-07-24T05:53:19,,,0,,,
TXN-0003002,ACC_NORM_0501,ACC_NORM_0188,18678.63,2026-07-24T06:01:57,,,0,,,
TXN-0003003,ACC_NORM_0548,ACC_NORM_1836,12601.6,2026-07-24T06:10:35,,,0,,,
TXN-0003004,ACC_MULE_0337,ACC_MULE_0378,109453.05,2026-07-24T06:19:14,28.715632,77.107089,2,2026-07-24T06:31:13,ATM_SBI_141,3.0
TXN-0003005,ACC_NORM_1453,ACC_NORM_2158,22918.53,2026-07-24T06:27:52,,,0,,,
TXN-0003006,ACC_VIC_1143,ACC_MULE_0096,205019.63,2026-07-24T06:36:31,28.722267,77.115058,1,2026-07-24T06:54:53,ATM_UBI_139,2.04
TXN-0003007,ACC_NORM_0689,ACC_NORM_2137,13186.11,2026-07-24T06:45:09,,,0,,,
TXN-0003008,ACC_VIC_0929,ACC_MULE_0155,235499.42,2026-07-24T06:53:47,28.642411,77.234861,1,2026-07-24T07:20:13,ATM_KOTAK_023,7.48
TXN-0003009,ACC_NORM_2411,ACC_NORM_2148,9387.99,2026-07-24T07:02:26,,,0,,,
TXN-0003010,ACC_VIC_0529,ACC_MULE_0040,50658.22,2026-07-24T07:11:04,28.536184,77.140115,1,2026-07-24T07:23:29,ATM_BOB_094,5.13
TXN-0003011,ACC_NORM_0907,ACC_NORM_0969,5528.86,2026-07-24T07:19:43,,,0,,,
TXN-0003012,ACC_VIC_1258,ACC_MULE_0198,120367.36,2026-07-24T07:28:21,28.521018,77.132706,1,2026-07-24T07:40:43,ATM_BOB_094,3.83
TXN-0003013,ACC_NORM_2529,ACC_NORM_1959,2159.36,2026-07-24T07:36:59,,,0,,,
TXN-0003014,ACC_NORM_0395,ACC_NORM_2647,24794.22,2026-07-24T07:45:38,,,0,,,
TXN-0003015,ACC_VIC_0149,ACC_MULE_0126,221070.03,2026-07-24T07:54:16,28.655625,77.302481,1,2026-07-24T08:11:29,ATM_HDFC_170,8.34
TXN-0003016,ACC_VIC_0817,ACC_MULE_0101,85434.38,2026-07-24T08:02:55,28.723092,77.12303,1,,,
TXN-0003017,ACC_VIC_0538,ACC_MULE_0592,89075.73,2026-07-24T08:11:33,28.52389,77.155182,1,2026-07-24T08:26:38,ATM_BOB_094,2.67
TXN-0003018,ACC_NORM_2495,ACC_NORM_1377,13910.8,2026-07-24T08:20:11,,,0,,,
TXN-0003019,ACC_NORM_1919,ACC_NORM_1055,23982.69,2026-07-24T08:28:50,,,0,,,
TXN-0003020,ACC_NORM_0626,ACC_NORM_0284,17252.28,2026-07-24T08:37:28,,,0,,,
TXN-0003021,ACC_VIC_0345,ACC_MULE_0222,123549.14,2026-07-24T08:46:07,28.539127,77.200688,1,2026-07-24T08:53:33,ATM_HDFC_086,2.98
TXN-0003022,ACC_NORM_2751,ACC_NORM_0104,14190.01,2026-07-24T08:54:45,,,0,,,
TXN-0003023,ACC_NORM_0217,ACC_NORM_0423,18063.34,2026-07-24T09:03:23,,,0,,,
TXN-0003024,ACC_VIC_0529,ACC_MULE_0396,212379.71,2026-07-24T09:12:02,28.556401,77.232736,1,,,
TXN-0003025,ACC_MULE_0194,ACC_MULE_0358,194057.06,2026-07-24T09:20:40,28.570589,77.05818,2,2026-07-24T09:48:51,ATM_PNB_102,6.11
TXN-0003026,ACC_NORM_2184,ACC_NORM_1855,1709.05,2026-07-24T09:29:19,,,0,,,
TXN-0003027,ACC_NORM_2821,ACC_NORM_1563,3434.55,2026-07-24T09:37:57,,,0,,,
TXN-0003028,ACC_VIC_0891,ACC_MULE_0288,93081.06,2026-07-24T09:46:35,28.548084,77.258085,1,2026-07-24T10:00:08,ATM_UBI_067,2.48
TXN-0003029,ACC_VIC_0701,ACC_MULE_0115,211722.49,2026-07-24T09:55:14,28.671372,77.272802,1,2026-07-24T10:16:15,ATM_HDFC_170,4.43
TXN-0003030,ACC_VIC_1077,ACC_MULE_0520,109587.47,2026-07-24T10:03:52,28.634593,77.310632,1,2026-07-24T10:18:12,ATM_UBI_150,4.45
TXN-0003031,ACC_NORM_1818,ACC_NORM_0893,23755.39,2026-07-24T10:12:31,,,0,,,
TXN-0003032,ACC_VIC_0435,ACC_MULE_0328,215234.42,2026-07-24T10:21:09,28.689404,77.299376,1,2026-07-24T10:44:16,ATM_AXIS_169,9.41
TXN-0003033,ACC_NORM_0372,ACC_NORM_0834,17594.57,2026-07-24T10:29:47,,,0,,,
TXN-0003034,ACC_VIC_1007,ACC_MULE_0161,207932.96,2026-07-24T10:38:26,28.726696,77.148605,1,,,
TXN-0003035,ACC_NORM_2328,ACC_NORM_0842,21193.1,2026-07-24T10:47:04,,,0,,,
TXN-0003036,ACC_NORM_0626,ACC_NORM_0286,20888.84,2026-07-24T10:55:43,,,0,,,
TXN-0003037,ACC_VIC_0040,ACC_MULE_0232,111568.14,2026-07-24T11:04:21,28.700281,77.118178,1,2026-07-24T11:29:21,ATM_ICICI_142,0.94
TXN-0003038,ACC_VIC_1413,ACC_MULE_0296,235669.94,2026-07-24T11:12:59,28.636403,77.317697,1,2026-07-24T11:29:25,ATM_BOB_146,6.3
TXN-0003039,ACC_VIC_0473,ACC_MULE_0339,134051.46,2026-07-24T11:21:38,28.701356,77.1234,1,2026-07-24T11:34:39,ATM_HDFC_130,0.25
TXN-0003040,ACC_VIC_0647,ACC_MULE_0117,134577.16,2026-07-24T11:30:16,28.519749,77.21164,1,2026-07-24T11:51:04,ATM_ICICI_087,5.64
TXN-0003041,ACC_NORM_1975,ACC_NORM_1115,6477.14,2026-07-24T11:38:55,,,0,,,
TXN-0003042,ACC_MULE_0410,ACC_MULE_0010,108572.03,2026-07-24T11:47:33,28.523741,77.139855,2,,,
TXN-0003043,ACC_NORM_2110,ACC_NORM_0694,15589.09,2026-07-24T11:56:11,,,0,,,
TXN-0003044,ACC_MULE_0363,ACC_MULE_0072,80596.53,2026-07-24T12:04:50,28.611247,77.285614,2,2026-07-24T12:43:30,ATM_HDFC_066,28.69
TXN-0003045,ACC_NORM_0720,ACC_NORM_1734,21412.41,2026-07-24T12:13:28,,,0,,,
TXN-0003046,ACC_VIC_0142,ACC_MULE_0598,116793.37,2026-07-24T12:22:07,28.60682,77.055404,1,2026-07-24T12:32:49,ATM_AXIS_101,5.39
TXN-0003047,ACC_VIC_0484,ACC_MULE_0272,138105.68,2026-07-24T12:30:45,28.527983,77.255174,1,2026-07-24T12:45:16,ATM_ICICI_068,4.36
TXN-0003048,ACC_NORM_2845,ACC_NORM_0384,5083.32,2026-07-24T12:39:23,,,0,,,
TXN-0003049,ACC_NORM_0194,ACC_NORM_2351,573.37,2026-07-24T12:48:02,,,0,,,
TXN-0003050,ACC_VIC_0901,ACC_MULE_0546,96648.89,2026-07-24T12:56:40,28.620492,77.285092,1,2026-07-24T13:09:32,ATM_BOB_152,5.88
TXN-0003051,ACC_NORM_2680,ACC_NORM_2378,10546.92,2026-07-24T13:05:19,,,0,,,
TXN-0003052,ACC_NORM_0197,ACC_NORM_0119,12503.79,2026-07-24T13:13:57,,,0,,,
TXN-0003053,ACC_VIC_0884,ACC_MULE_0562,161561.0,2026-07-24T13:22:35,28.646962,77.307581,1,2026-07-24T13:40:22,ATM_BOB_152,9.09
TXN-0003054,ACC_NORM_1993,ACC_NORM_1072,22979.62,2026-07-24T13:31:14,,,0,,,
TXN-0003055,ACC_VIC_1285,ACC_MULE_0478,189747.56,2026-07-24T13:39:52,28.620207,77.316685,1,2026-07-24T14:06:41,ATM_BOB_146,3.97
TXN-0003056,ACC_MULE_0364,ACC_MULE_0279,65822.22,2026-07-24T13:48:31,28.563536,77.228945,2,,,
TXN-0003057,ACC_NORM_2585,ACC_NORM_0757,885.81,2026-07-24T13:57:09,,,0,,,
TXN-0003058,ACC_NORM_2384,ACC_NORM_2970,15002.72,2026-07-24T14:05:47,,,0,,,
TXN-0003059,ACC_NORM_0396,ACC_NORM_0119,11050.16,2026-07-24T14:14:26,,,0,,,
TXN-0003060,ACC_MULE_0197,ACC_MULE_0142,109199.01,2026-07-24T14:23:04,28.537116,77.158638,2,2026-07-24T14:41:39,ATM_UBI_095,8.09
TXN-0003061,ACC_MULE_0172,ACC_MULE_0176,62254.28,2026-07-24T14:31:43,28.577166,77.251892,2,2026-07-24T14:52:38,ATM_PNB_052,3.63
TXN-0003062,ACC_NORM_2322,ACC_NORM_2347,16288.44,2026-07-24T14:40:21,,,0,,,
TXN-0003063,ACC_NORM_0247,ACC_NORM_0020,20861.51,2026-07-24T14:48:59,,,0,,,
TXN-0003064,ACC_NORM_1483,ACC_NORM_0162,19723.33,2026-07-24T14:57:38,,,0,,,
TXN-0003065,ACC_NORM_2846,ACC_NORM_0108,6526.16,2026-07-24T15:06:16,,,0,,,
TXN-0003066,ACC_VIC_1128,ACC_MULE_0129,238378.42,2026-07-24T15:14:55,28.641962,77.206697,1,2026-07-24T15:40:53,ATM_AXIS_010,6.03
TXN-0003067,ACC_MULE_0542,ACC_MULE_0176,59734.95,2026-07-24T15:23:33,28.577166,77.251892,2,2026-07-24T15:39:01,ATM_BOB_046,4.3
TXN-0003068,ACC_VIC_1165,ACC_MULE_0118,146091.63,2026-07-24T15:32:11,28.710969,77.10624,1,2026-07-24T15:47:36,ATM_UBI_135,2.92
TXN-0003069,ACC_NORM_2423,ACC_NORM_1483,12594.83,2026-07-24T15:40:50,,,0,,,
TXN-0003070,ACC_VIC_1329,ACC_MULE_0451,222526.79,2026-07-24T15:49:28,28.710895,77.118197,1,2026-07-24T15:59:17,ATM_ICICI_142,2.99
TXN-0003071,ACC_NORM_1699,ACC_NORM_1711,3185.99,2026-07-24T15:58:07,,,0,,,
TXN-0003072,ACC_NORM_0101,ACC_NORM_1635,16198.17,2026-07-24T16:06:45,,,0,,,
TXN-0003073,ACC_NORM_0639,ACC_NORM_2181,17620.58,2026-07-24T16:15:23,,,0,,,
TXN-0003074,ACC_NORM_0861,ACC_NORM_2897,22723.78,2026-07-24T16:24:02,,,0,,,
TXN-0003075,ACC_NORM_0434,ACC_NORM_0039,22629.29,2026-07-24T16:32:40,,,0,,,
TXN-0003076,ACC_NORM_2419,ACC_NORM_2919,1908.33,2026-07-24T16:41:19,,,0,,,
TXN-0003077,ACC_VIC_0935,ACC_MULE_0576,211808.47,2026-07-24T16:49:57,28.702423,77.125698,1,2026-07-24T17:02:58,ATM_AXIS_140,3.53
TXN-0003078,ACC_NORM_2997,ACC_NORM_1985,16444.77,2026-07-24T16:58:35,,,0,,,
TXN-0003079,ACC_VIC_1446,ACC_MULE_0509,79825.28,2026-07-24T17:07:14,28.567136,77.252322,1,2026-07-24T17:33:54,ATM_KOTAK_048,2.75
TXN-0003080,ACC_NORM_0621,ACC_NORM_0547,17310.84,2026-07-24T17:15:52,,,0,,,
TXN-0003081,ACC_VIC_0673,ACC_MULE_0016,191301.39,2026-07-24T17:24:31,28.584076,77.227153,1,2026-07-24T17:45:25,ATM_PNB_056,5.88
TXN-0003082,ACC_NORM_2947,ACC_NORM_0276,10925.46,2026-07-24T17:33:09,,,0,,,
TXN-0003083,ACC_NORM_0424,ACC_NORM_1456,21009.08,2026-07-24T17:41:47,,,0,,,
TXN-0003084,ACC_NORM_1319,ACC_NORM_1603,23307.72,2026-07-24T17:50:26,,,0,,,
TXN-0003085,ACC_MULE_0214,ACC_MULE_0325,62882.06,2026-07-24T17:59:04,28.640025,77.300016,2,2026-07-24T18:20:21,ATM_BOB_155,4.56
TXN-0003086,ACC_MULE_0398,ACC_MULE_0356,248161.67,2026-07-24T18:07:43,28.706895,77.124282,2,2026-07-24T18:26:43,ATM_ICICI_142,1.86
TXN-0003087,ACC_VIC_1083,ACC_MULE_0480,218178.36,2026-07-24T18:16:21,28.595802,77.063709,1,,,
TXN-0003088,ACC_VIC_0362,ACC_MULE_0172,144483.46,2026-07-24T18:24:59,28.656416,77.271975,1,2026-07-24T18:44:22,ATM_BOB_163,9.49
TXN-0003089,ACC_NORM_0612,ACC_NORM_1858,4382.89,2026-07-24T18:33:38,,,0,,,
TXN-0003090,ACC_NORM_0253,ACC_NORM_1055,7723.06,2026-07-24T18:42:16,,,0,,,
TXN-0003091,ACC_NORM_0878,ACC_NORM_1797,20834.36,2026-07-24T18:50:55,,,0,,,
TXN-0003092,ACC_NORM_2924,ACC_NORM_0601,10296.63,2026-07-24T18:59:33,,,0,,,
TXN-0003093,ACC_VIC_1040,ACC_MULE_0290,77456.6,2026-07-24T19:08:11,28.632126,77.205782,1,2026-07-24T19:16:00,ATM_ICICI_004,1.53
TXN-0003094,ACC_VIC_0602,ACC_MULE_0077,97475.17,2026-07-24T19:16:50,28.630225,77.224223,1,,,
TXN-0003095,ACC_VIC_0657,ACC_MULE_0361,131919.34,2026-07-24T19:25:28,28.581471,77.039621,1,2026-07-24T19:46:15,ATM_AXIS_101,6.96
TXN-0003096,ACC_MULE_0228,ACC_MULE_0465,215370.35,2026-07-24T19:34:07,28.63428,77.230542,2,,,
TXN-0003097,ACC_NORM_1591,ACC_NORM_1130,14473.73,2026-07-24T19:42:45,,,0,,,
TXN-0003098,ACC_VIC_0522,ACC_MULE_0209,192033.31,2026-07-24T19:51:23,28.633132,77.323579,1,2026-07-24T20:11:03,ATM_UBI_150,7.1
TXN-0003099,ACC_MULE_0590,ACC_MULE_0196,200020.95,2026-07-24T20:00:02,28.547758,77.220439,2,,,
TXN-0003100,ACC_NORM_2273,ACC_NORM_2762,10536.02,2026-07-24T20:08:40,,,0,,,
TXN-0003101,ACC_VIC_1333,ACC_MULE_0393,84349.34,2026-07-24T20:17:19,28.540055,77.228029,1,2026-07-24T20:48:40,ATM_HDFC_082,8.89
TXN-0003102,ACC_VIC_0677,ACC_MULE_0465,107531.89,2026-07-24T20:25:57,28.63428,77.230542,1,2026-07-24T20:48:31,ATM_HDFC_007,2.07
TXN-0003103,ACC_NORM_1056,ACC_NORM_0669,19608.77,2026-07-24T20:34:35,,,0,,,
TXN-0003104,ACC_NORM_0665,ACC_NORM_0538,17823.36,2026-07-24T20:43:14,,,0,,,
TXN-0003105,ACC_NORM_1158,ACC_NORM_1672,7000.12,2026-07-24T20:51:52,,,0,,,
TXN-0003106,ACC_VIC_0457,ACC_MULE_0115,67847.51,2026-07-24T21:00:31,28.671372,77.272802,1,,,
TXN-0003107,ACC_NORM_0024,ACC_NORM_1726,2790.58,2026-07-24T21:09:09,,,0,,,
TXN-0003108,ACC_NORM_2626,ACC_NORM_0044,19242.68,2026-07-24T21:17:47,,,0,,,
TXN-0003109,ACC_NORM_2429,ACC_NORM_0527,7112.6,2026-07-24T21:26:26,,,0,,,
TXN-0003110,ACC_NORM_2597,ACC_NORM_2626,17649.05,2026-07-24T21:35:04,,,0,,,
TXN-0003111,ACC_NORM_2255,ACC_NORM_0580,16010.68,2026-07-24T21:43:43,,,0,,,
TXN-0003112,ACC_VIC_0366,ACC_MULE_0269,148171.6,2026-07-24T21:52:21,28.720909,77.1124,1,2026-07-24T22:35:46,ATM_ICICI_142,6.57
TXN-0003113,ACC_NORM_2048,ACC_NORM_0396,9559.65,2026-07-24T22:00:59,,,0,,,
TXN-0003114,ACC_NORM_0113,ACC_NORM_0333,13516.6,2026-07-24T22:09:38,,,0,,,
TXN-0003115,ACC_NORM_0601,ACC_NORM_0930,14873.13,2026-07-24T22:18:16,,,0,,,
TXN-0003116,ACC_VIC_0244,ACC_MULE_0012,117524.18,2026-07-24T22:26:55,28.626871,77.324184,1,2026-07-24T22:40:20,ATM_BOB_146,6.27
TXN-0003117,ACC_NORM_1143,ACC_NORM_1724,8189.29,2026-07-24T22:35:33,,,0,,,
TXN-0003118,ACC_NORM_0668,ACC_NORM_1777,20120.18,2026-07-24T22:44:11,,,0,,,
TXN-0003119,ACC_VIC_0556,ACC_MULE_0129,227689.18,2026-07-24T22:52:50,28.641962,77.206697,1,2026-07-24T23:21:38,ATM_AXIS_010,6.03
TXN-0003120,ACC_NORM_0165,ACC_NORM_2492,24490.63,2026-07-24T23:01:28,,,0,,,
TXN-0003121,ACC_NORM_2938,ACC_NORM_2711,13204.74,2026-07-24T23:10:07,,,0,,,
TXN-0003122,ACC_NORM_2545,ACC_NORM_1436,16275.09,2026-07-24T23:18:45,,,0,,,
TXN-0003123,ACC_NORM_0564,ACC_NORM_2293,16072.68,2026-07-24T23:27:23,,,0,,,
TXN-0003124,ACC_NORM_2945,ACC_NORM_2937,18721.6,2026-07-24T23:36:02,,,0,,,
TXN-0003125,ACC_MULE_0072,ACC_MULE_0266,141020.49,2026-07-24T23:44:40,28.637716,77.177033,2,2026-07-24T23:59:11,ATM_AXIS_010,3.59
TXN-0003126,ACC_NORM_1691,ACC_NORM_2169,18844.83,2026-07-24T23:53:19,,,0,,,
TXN-0003127,ACC_NORM_2837,ACC_NORM_0941,24512.24,2026-07-25T00:01:57,,,0,,,
TXN-0003128,ACC_VIC_0895,ACC_MULE_0554,52176.91,2026-07-25T00:10:35,28.63617,77.308748,1,2026-07-25T00:50:05,ATM_UBI_150,4.58
TXN-0003129,ACC_VIC_0640,ACC_MULE_0396,77517.49,2026-07-25T00:19:14,28.556401,77.232736,1,2026-07-25T00:39:05,ATM_PNB_062,6.23
TXN-0003130,ACC_VIC_1154,ACC_MULE_0177,59057.63,2026-07-25T00:27:52,28.675887,77.293202,1,2026-07-25T00:38:19,ATM_BOB_163,1.75
TXN-0003131,ACC_NORM_2417,ACC_NORM_0089,3981.93,2026-07-25T00:36:31,,,0,,,
TXN-0003132,ACC_NORM_0266,ACC_NORM_0278,20838.17,2026-07-25T00:45:09,,,0,,,
TXN-0003133,ACC_NORM_0796,ACC_NORM_1489,19660.22,2026-07-25T00:53:47,,,0,,,
TXN-0003134,ACC_NORM_2674,ACC_NORM_0582,10252.08,2026-07-25T01:02:26,,,0,,,
TXN-0003135,ACC_MULE_0064,ACC_MULE_0212,230231.93,2026-07-25T01:11:04,28.589933,77.057502,2,2026-07-25T01:25:39,ATM_AXIS_103,2.95
TXN-0003136,ACC_NORM_1472,ACC_NORM_0784,24227.82,2026-07-25T01:19:43,,,0,,,
TXN-0003137,ACC_NORM_1235,ACC_NORM_1449,7393.29,2026-07-25T01:28:21,,,0,,,
TXN-0003138,ACC_NORM_0645,ACC_NORM_0749,9442.05,2026-07-25T01:36:59,,,0,,,
TXN-0003139,ACC_NORM_1707,ACC_NORM_1650,20958.02,2026-07-25T01:45:38,,,0,,,
TXN-0003140,ACC_NORM_1975,ACC_NORM_2166,16524.1,2026-07-25T01:54:16,,,0,,,
TXN-0003141,ACC_NORM_0134,ACC_NORM_0372,22425.91,2026-07-25T02:02:55,,,0,,,
TXN-0003142,ACC_NORM_1927,ACC_NORM_0343,3099.14,2026-07-25T02:11:33,,,0,,,
TXN-0003143,ACC_NORM_1158,ACC_NORM_2672,15563.89,2026-07-25T02:20:11,,,0,,,
TXN-0003144,ACC_MULE_0323,ACC_MULE_0301,124379.62,2026-07-25T02:28:50,28.637479,77.213017,2,2026-07-25T02:43:20,ATM_HDFC_007,2.99
TXN-0003145,ACC_MULE_0015,ACC_MULE_0436,90669.0,2026-07-25T02:37:28,28.727817,77.129517,2,2026-07-25T02:59:42,ATM_SBI_141,8.46
TXN-0003146,ACC_NORM_2614,ACC_NORM_0321,10963.23,2026-07-25T02:46:07,,,0,,,
TXN-0003147,ACC_NORM_1551,ACC_NORM_1197,15027.35,2026-07-25T02:54:45,,,0,,,
TXN-0003148,ACC_NORM_1287,ACC_NORM_1629,998.31,2026-07-25T03:03:23,,,0,,,
TXN-0003149,ACC_VIC_1063,ACC_MULE_0190,191006.59,2026-07-25T03:12:02,28.572739,77.031343,1,2026-07-25T03:23:20,ATM_AXIS_103,8.6
TXN-0003150,ACC_NORM_0324,ACC_NORM_2244,4396.9,2026-07-25T03:20:40,,,0,,,
TXN-0003151,ACC_NORM_1165,ACC_NORM_2911,21671.5,2026-07-25T03:29:19,,,0,,,
TXN-0003152,ACC_NORM_1030,ACC_NORM_2535,4824.5,2026-07-25T03:37:57,,,0,,,
TXN-0003153,ACC_NORM_0993,ACC_NORM_0787,4403.78,2026-07-25T03:46:35,,,0,,,
TXN-0003154,ACC_NORM_0501,ACC_NORM_1886,15336.18,2026-07-25T03:55:14,,,0,,,
TXN-0003155,ACC_NORM_2008,ACC_NORM_1586,4897.18,2026-07-25T04:03:52,,,0,,,
TXN-0003156,ACC_NORM_2303,ACC_NORM_2584,18407.2,2026-07-25T04:12:31,,,0,,,
TXN-0003157,ACC_NORM_2889,ACC_NORM_0064,22627.25,2026-07-25T04:21:09,,,0,,,
TXN-0003158,ACC_NORM_0409,ACC_NORM_1972,14568.65,2026-07-25T04:29:47,,,0,,,
TXN-0003159,ACC_NORM_1311,ACC_NORM_2062,2670.87,2026-07-25T04:38:26,,,0,,,
TXN-0003160,ACC_NORM_2387,ACC_NORM_2648,14594.8,2026-07-25T04:47:04,,,0,,,
TXN-0003161,ACC_NORM_0155,ACC_NORM_1171,11769.3,2026-07-25T04:55:43,,,0,,,
TXN-0003162,ACC_NORM_1366,ACC_NORM_0626,11738.37,2026-07-25T05:04:21,,,0,,,
TXN-0003163,ACC_NORM_0598,ACC_NORM_2847,12632.58,2026-07-25T05:12:59,,,0,,,
TXN-0003164,ACC_MULE_0135,ACC_MULE_0434,68625.55,2026-07-25T05:21:38,28.715924,77.099592,2,2026-07-25T05:33:57,ATM_BOB_144,3.58
TXN-0003165,ACC_NORM_2619,ACC_NORM_2033,5111.19,2026-07-25T05:30:16,,,0,,,
TXN-0003166,ACC_NORM_1195,ACC_NORM_0752,15661.78,2026-07-25T05:38:55,,,0,,,
TXN-0003167,ACC_NORM_0840,ACC_NORM_2509,22743.54,2026-07-25T05:47:33,,,0,,,
TXN-0003168,ACC_NORM_0571,ACC_NORM_2332,2799.84,2026-07-25T05:56:11,,,0,,,
TXN-0003169,ACC_VIC_0814,ACC_MULE_0420,146452.97,2026-07-25T06:04:50,28.695728,77.098577,1,2026-07-25T06:23:26,ATM_AXIS_128,3.99
TXN-0003170,ACC_NORM_0197,ACC_NORM_2343,15094.72,2026-07-25T06:13:28,,,0,,,
TXN-0003171,ACC_NORM_2804,ACC_NORM_1393,21560.86,2026-07-25T06:22:07,,,0,,,
TXN-0003172,ACC_NORM_1674,ACC_NORM_0693,5559.49,2026-07-25T06:30:45,,,0,,,
TXN-0003173,ACC_NORM_2127,ACC_NORM_0293,7088.39,2026-07-25T06:39:23,,,0,,,
TXN-0003174,ACC_NORM_2055,ACC_NORM_2629,9447.11,2026-07-25T06:48:02,,,0,,,
TXN-0003175,ACC_NORM_2082,ACC_NORM_2003,5746.19,2026-07-25T06:56:40,,,0,,,
TXN-0003176,ACC_NORM_0214,ACC_NORM_0018,13479.77,2026-07-25T07:05:19,,,0,,,
TXN-0003177,ACC_VIC_1420,ACC_MULE_0102,156773.95,2026-07-25T07:13:57,28.71338,77.123223,1,2026-07-25T07:30:08,ATM_ICICI_142,3.75
TXN-0003178,ACC_NORM_1632,ACC_NORM_2015,5562.88,2026-07-25T07:22:35,,,0,,,
TXN-0003179,ACC_NORM_0806,ACC_NORM_0059,5951.72,2026-07-25T07:31:14,,,0,,,
TXN-0003180,ACC_VIC_0846,ACC_MULE_0517,173756.55,2026-07-25T07:39:52,28.639274,77.313685,1,2026-07-25T07:58:20,ATM_BOB_152,6.96
TXN-0003181,ACC_VIC_0228,ACC_MULE_0371,153252.55,2026-07-25T07:48:31,28.520659,77.211817,1,2026-07-25T08:04:47,ATM_AXIS_084,3.41
TXN-0003182,ACC_NORM_0845,ACC_NORM_0355,16531.57,2026-07-25T07:57:09,,,0,,,
TXN-0003183,ACC_NORM_0500,ACC_NORM_0595,1251.34,2026-07-25T08:05:47,,,0,,,
TXN-0003184,ACC_NORM_2286,ACC_NORM_1293,12221.08,2026-07-25T08:14:26,,,0,,,
TXN-0003185,ACC_NORM_2050,ACC_NORM_2995,20181.37,2026-07-25T08:23:04,,,0,,,
TXN-0003186,ACC_VIC_1354,ACC_MULE_0439,131962.62,2026-07-25T08:31:43,28.547624,77.151443,1,2026-07-25T08:55:21,ATM_BOB_094,8.63
TXN-0003187,ACC_MULE_0295,ACC_MULE_0376,101384.74,2026-07-25T08:40:21,28.628703,77.305683,2,2026-07-25T08:48:30,ATM_BOB_153,2.04
TXN-0003188,ACC_NORM_0927,ACC_NORM_0554,11042.9,2026-07-25T08:48:59,,,0,,,
TXN-0003189,ACC_NORM_1233,ACC_NORM_2866,3545.81,2026-07-25T08:57:38,,,0,,,
TXN-0003190,ACC_VIC_0420,ACC_MULE_0181,155208.57,2026-07-25T09:06:16,28.593034,77.065414,1,2026-07-25T09:25:22,ATM_ICICI_112,12.47
TXN-0003191,ACC_NORM_2065,ACC_NORM_2500,18833.39,2026-07-25T09:14:55,,,0,,,
TXN-0003192,ACC_MULE_0164,ACC_MULE_0477,222074.62,2026-07-25T09:23:33,28.635079,77.206753,2,2026-07-25T09:31:20,ATM_ICICI_004,2.33
TXN-0003193,ACC_VIC_1002,ACC_MULE_0316,124584.67,2026-07-25T09:32:11,28.64934,77.213955,1,2026-07-25T10:04:41,ATM_ICICI_004,7.04
TXN-0003194,ACC_VIC_1133,ACC_MULE_0036,227748.25,2026-07-25T09:40:50,28.610238,77.303453,1,2026-07-25T09:47:44,ATM_KOTAK_145,2.23
TXN-0003195,ACC_NORM_1228,ACC_NORM_2158,20976.53,2026-07-25T09:49:28,,,0,,,
TXN-0003196,ACC_NORM_2335,ACC_NORM_2553,23344.77,2026-07-25T09:58:07,,,0,,,
TXN-0003197,ACC_NORM_0121,ACC_NORM_2835,3239.78,2026-07-25T10:06:45,,,0,,,
TXN-0003198,ACC_NORM_0365,ACC_NORM_0627,18270.27,2026-07-25T10:15:23,,,0,,,
TXN-0003199,ACC_NORM_2037,ACC_NORM_2501,21706.58,2026-07-25T10:24:02,,,0,,,
TXN-0003200,ACC_VIC_0747,ACC_MULE_0430,75657.73,2026-07-25T10:32:40,28.58049,77.25331,1,2026-07-25T11:00:36,ATM_PNB_064,13.88
TXN-0003201,ACC_VIC_0238,ACC_MULE_0136,82700.98,2026-07-25T10:41:19,28.534737,77.212677,1,2026-07-25T10:56:48,ATM_HDFC_086,0.8
TXN-0003202,ACC_NORM_0367,ACC_NORM_0107,1092.04,2026-07-25T10:49:57,,,0,,,
TXN-0003203,ACC_NORM_2064,ACC_NORM_0101,13998.49,2026-07-25T10:58:35,,,0,,,
TXN-0003204,ACC_NORM_1922,ACC_NORM_0701,2291.21,2026-07-25T11:07:14,,,0,,,
TXN-0003205,ACC_NORM_1273,ACC_NORM_1452,16820.97,2026-07-25T11:15:52,,,0,,,
TXN-0003206,ACC_MULE_0411,ACC_MULE_0391,114542.57,2026-07-25T11:24:31,28.613544,77.289368,2,2026-07-25T11:35:59,ATM_PNB_160,2.59
TXN-0003207,ACC_NORM_1423,ACC_NORM_0722,20639.36,2026-07-25T11:33:09,,,0,,,
TXN-0003208,ACC_NORM_0354,ACC_NORM_1680,24697.53,2026-07-25T11:41:47,,,0,,,
TXN-0003209,ACC_VIC_0412,ACC_MULE_0594,160374.66,2026-07-25T11:50:26,28.577339,77.035151,1,2026-07-25T12:20:24,ATM_PNB_102,7.02
TXN-0003210,ACC_NORM_0466,ACC_NORM_0024,9985.93,2026-07-25T11:59:04,,,0,,,
TXN-0003211,ACC_NORM_1454,ACC_NORM_0226,15726.05,2026-07-25T12:07:43,,,0,,,
TXN-0003212,ACC_NORM_0277,ACC_NORM_2059,19141.69,2026-07-25T12:16:21,,,0,,,
TXN-0003213,ACC_NORM_1493,ACC_NORM_0053,5656.84,2026-07-25T12:24:59,,,0,,,
TXN-0003214,ACC_VIC_0541,ACC_MULE_0283,182291.46,2026-07-25T12:33:38,28.680518,77.273289,1,2026-07-25T13:03:51,ATM_BOB_163,4.92
TXN-0003215,ACC_NORM_1042,ACC_NORM_2587,23572.13,2026-07-25T12:42:16,,,0,,,
TXN-0003216,ACC_NORM_2130,ACC_NORM_0138,4866.94,2026-07-25T12:50:55,,,0,,,
TXN-0003217,ACC_NORM_2331,ACC_NORM_1022,15078.67,2026-07-25T12:59:33,,,0,,,
TXN-0003218,ACC_NORM_0251,ACC_NORM_0199,4439.41,2026-07-25T13:08:11,,,0,,,
TXN-0003219,ACC_NORM_2392,ACC_NORM_0639,18765.8,2026-07-25T13:16:50,,,0,,,
TXN-0003220,ACC_MULE_0266,ACC_MULE_0414,161848.24,2026-07-25T13:25:28,28.595983,77.061147,2,2026-07-25T13:38:54,ATM_PNB_102,2.58
TXN-0003221,ACC_VIC_0112,ACC_MULE_0433,115109.32,2026-07-25T13:34:07,28.557173,77.230782,1,2026-07-25T13:50:25,ATM_PNB_052,5.85
TXN-0003222,ACC_NORM_0035,ACC_NORM_1314,13857.83,2026-07-25T13:42:45,,,0,,,
TXN-0003223,ACC_NORM_1108,ACC_NORM_1624,7352.93,2026-07-25T13:51:23,,,0,,,
TXN-0003224,ACC_NORM_1331,ACC_NORM_0741,14396.85,2026-07-25T14:00:02,,,0,,,
TXN-0003225,ACC_VIC_0534,ACC_MULE_0057,149280.62,2026-07-25T14:08:40,28.71068,77.107052,1,2026-07-25T14:23:31,ATM_SBI_141,1.65
TXN-0003226,ACC_MULE_0204,ACC_MULE_0455,72433.85,2026-07-25T14:17:19,28.571705,77.039501,2,2026-07-25T14:31:43,ATM_AXIS_108,4.99
TXN-0003227,ACC_NORM_1396,ACC_NORM_0594,4237.98,2026-07-25T14:25:57,,,0,,,
TXN-0003228,ACC_VIC_1474,ACC_MULE_0141,57780.12,2026-07-25T14:34:35,28.53605,77.214754,1,2026-07-25T14:47:11,ATM_ICICI_087,3.89
TXN-0003229,ACC_VIC_1293,ACC_MULE_0083,62649.89,2026-07-25T14:43:14,28.527368,77.242008,1,,,
TXN-0003230,ACC_NORM_2638,ACC_NORM_2646,13211.24,2026-07-25T14:51:52,,,0,,,
TXN-0003231,ACC_NORM_1123,ACC_NORM_1477,17618.9,2026-07-25T15:00:31,,,0,,,
TXN-0003232,ACC_NORM_2559,ACC_NORM_2251,2174.22,2026-07-25T15:09:09,,,0,,,
TXN-0003233,ACC_VIC_0049,ACC_MULE_0349,220673.83,2026-07-25T15:17:47,28.73,77.111048,1,2026-07-25T15:36:20,ATM_UBI_139,4.54
TXN-0003234,ACC_VIC_0151,ACC_MULE_0351,217392.07,2026-07-25T15:26:26,28.710216,77.14338,1,2026-07-25T15:57:32,ATM_KOTAK_138,5.44
TXN-0003235,ACC_MULE_0345,ACC_MULE_0434,155959.31,2026-07-25T15:35:04,28.715924,77.099592,2,2026-07-25T15:51:27,ATM_SBI_141,4.34
TXN-0003236,ACC_NORM_0287,ACC_NORM_2444,10472.44,2026-07-25T15:43:43,,,0,,,
TXN-0003237,ACC_MULE_0463,ACC_MULE_0092,98487.34,2026-07-25T15:52:21,28.582136,77.232581,2,,,
TXN-0003238,ACC_VIC_0802,ACC_MULE_0481,70620.13,2026-07-25T16:00:59,28.713822,77.124297,1,2026-07-25T16:24:14,ATM_SBI_141,4.3
TXN-0003239,ACC_NORM_1217,ACC_NORM_2634,7920.1,2026-07-25T16:09:38,,,0,,,
TXN-0003240,ACC_NORM_2842,ACC_NORM_1370,4432.69,2026-07-25T16:18:16,,,0,,,
TXN-0003241,ACC_VIC_1123,ACC_MULE_0017,110810.95,2026-07-25T16:26:55,28.6384,77.204881,1,2026-07-25T16:41:15,ATM_UBI_016,4.65
TXN-0003242,ACC_NORM_0871,ACC_NORM_1054,22776.98,2026-07-25T16:35:33,,,0,,,
TXN-0003243,ACC_NORM_2095,ACC_NORM_2825,10267.68,2026-07-25T16:44:11,,,0,,,
TXN-0003244,ACC_NORM_0539,ACC_NORM_0855,9554.65,2026-07-25T16:52:50,,,0,,,
TXN-0003245,ACC_NORM_0662,ACC_NORM_1939,21281.91,2026-07-25T17:01:28,,,0,,,
TXN-0003246,ACC_NORM_1105,ACC_NORM_0560,17368.39,2026-07-25T17:10:07,,,0,,,
TXN-0003247,ACC_NORM_2139,ACC_NORM_1238,4204.85,2026-07-25T17:18:45,,,0,,,
TXN-0003248,ACC_VIC_1463,ACC_MULE_0015,112964.44,2026-07-25T17:27:23,28.54994,77.13289,1,2026-07-25T17:43:11,ATM_BOB_091,9.31
TXN-0003249,ACC_NORM_2884,ACC_NORM_1423,10151.61,2026-07-25T17:36:02,,,0,,,
TXN-0003250,ACC_NORM_1219,ACC_NORM_0502,13053.84,2026-07-25T17:44:40,,,0,,,
TXN-0003251,ACC_NORM_1123,ACC_NORM_0227,12904.74,2026-07-25T17:53:19,,,0,,,
TXN-0003252,ACC_NORM_0256,ACC_NORM_2117,2773.58,2026-07-25T18:01:57,,,0,,,
TXN-0003253,ACC_NORM_0389,ACC_NORM_0915,7762.18,2026-07-25T18:10:35,,,0,,,
TXN-0003254,ACC_MULE_0105,ACC_MULE_0116,176017.75,2026-07-25T18:19:14,28.527634,77.162972,2,2026-07-25T18:32:02,ATM_BOB_094,5.16
TXN-0003255,ACC_NORM_0597,ACC_NORM_2895,1616.66,2026-07-25T18:27:52,,,0,,,
TXN-0003256,ACC_NORM_1473,ACC_NORM_1912,17563.77,2026-07-25T18:36:31,,,0,,,
TXN-0003257,ACC_VIC_0322,ACC_MULE_0416,57836.01,2026-07-25T18:45:09,28.557808,77.140332,1,2026-07-25T19:10:08,ATM_BOB_094,11.9
TXN-0003258,ACC_NORM_1072,ACC_NORM_0115,6101.23,2026-07-25T18:53:47,,,0,,,
TXN-0003259,ACC_NORM_0513,ACC_NORM_2943,9068.36,2026-07-25T19:02:26,,,0,,,
TXN-0003260,ACC_NORM_2169,ACC_NORM_0300,2858.61,2026-07-25T19:11:04,,,0,,,
TXN-0003261,ACC_NORM_2508,ACC_NORM_1329,15463.19,2026-07-25T19:19:43,,,0,,,
TXN-0003262,ACC_NORM_0086,ACC_NORM_1883,4569.53,2026-07-25T19:28:21,,,0,,,
TXN-0003263,ACC_NORM_0667,ACC_NORM_1426,1222.16,2026-07-25T19:36:59,,,0,,,
TXN-0003264,ACC_VIC_1254,ACC_MULE_0043,187339.5,2026-07-25T19:45:38,28.556183,77.167374,1,,,
TXN-0003265,ACC_NORM_1080,ACC_NORM_0292,21408.84,2026-07-25T19:54:16,,,0,,,
TXN-0003266,ACC_NORM_2752,ACC_NORM_2115,6956.81,2026-07-25T20:02:55,,,0,,,
TXN-0003267,ACC_VIC_0060,ACC_MULE_0239,86261.89,2026-07-25T20:11:33,28.568324,77.263944,1,,,
TXN-0003268,ACC_NORM_1614,ACC_NORM_1080,17539.47,2026-07-25T20:20:11,,,0,,,
TXN-0003269,ACC_NORM_1971,ACC_NORM_1145,8517.42,2026-07-25T20:28:50,,,0,,,
TXN-0003270,ACC_NORM_1170,ACC_NORM_1587,23969.79,2026-07-25T20:37:28,,,0,,,
TXN-0003271,ACC_NORM_2218,ACC_NORM_2170,24652.83,2026-07-25T20:46:07,,,0,,,
TXN-0003272,ACC_NORM_1901,ACC_NORM_2187,23534.93,2026-07-25T20:54:45,,,0,,,
TXN-0003273,ACC_NORM_1588,ACC_NORM_2060,4441.15,2026-07-25T21:03:23,,,0,,,
TXN-0003274,ACC_VIC_1063,ACC_MULE_0365,191789.9,2026-07-25T21:12:02,28.689727,77.274274,1,,,
TXN-0003275,ACC_NORM_2042,ACC_NORM_1879,15063.14,2026-07-25T21:20:40,,,0,,,
TXN-0003276,ACC_VIC_1016,ACC_MULE_0257,79562.18,2026-07-25T21:29:19,28.708939,77.114045,1,2026-07-25T21:45:50,ATM_SBI_141,1.02
TXN-0003277,ACC_MULE_0537,ACC_MULE_0406,54625.41,2026-07-25T21:37:57,28.641219,77.286214,2,,,
TXN-0003278,ACC_NORM_2579,ACC_NORM_1878,19945.15,2026-07-25T21:46:35,,,0,,,
TXN-0003279,ACC_VIC_0081,ACC_MULE_0149,161013.6,2026-07-25T21:55:14,28.647496,77.20884,1,2026-07-25T22:24:41,ATM_UBI_033,8.68
TXN-0003280,ACC_NORM_1284,ACC_NORM_1418,4101.05,2026-07-25T22:03:52,,,0,,,
TXN-0003281,ACC_NORM_1921,ACC_NORM_2930,3763.61,2026-07-25T22:12:31,,,0,,,
TXN-0003282,ACC_NORM_0780,ACC_NORM_2010,23668.16,2026-07-25T22:21:09,,,0,,,
TXN-0003283,ACC_MULE_0131,ACC_MULE_0531,143459.76,2026-07-25T22:29:47,28.570136,77.064649,2,2026-07-25T22:42:03,ATM_AXIS_108,5.94
TXN-0003284,ACC_NORM_1621,ACC_NORM_0037,11459.37,2026-07-25T22:38:26,,,0,,,
TXN-0003285,ACC_NORM_2110,ACC_NORM_0783,5285.8,2026-07-25T22:47:04,,,0,,,
TXN-0003286,ACC_NORM_0901,ACC_NORM_1301,17932.55,2026-07-25T22:55:43,,,0,,,
TXN-0003287,ACC_VIC_0369,ACC_MULE_0228,83947.34,2026-07-25T23:04:21,28.643098,77.214977,1,2026-07-25T23:28:16,ATM_ICICI_004,5.2
TXN-0003288,ACC_MULE_0301,ACC_MULE_0355,213168.16,2026-07-25T23:12:59,28.537536,77.256148,2,2026-07-25T23:32:49,ATM_ICICI_068,2.89
TXN-0003289,ACC_NORM_2063,ACC_NORM_1017,22784.54,2026-07-25T23:21:38,,,0,,,
TXN-0003290,ACC_NORM_0131,ACC_NORM_0781,16457.0,2026-07-25T23:30:16,,,0,,,
TXN-0003291,ACC_NORM_2356,ACC_NORM_1193,12894.02,2026-07-25T23:38:55,,,0,,,
TXN-0003292,ACC_MULE_0135,ACC_MULE_0012,129690.0,2026-07-25T23:47:33,28.626871,77.324184,2,2026-07-26T00:15:19,ATM_BOB_146,6.27
TXN-0003293,ACC_VIC_0057,ACC_MULE_0394,184137.52,2026-07-25T23:56:11,28.531384,77.222509,1,2026-07-26T00:12:12,ATM_PNB_064,4.19
TXN-0003294,ACC_NORM_2048,ACC_NORM_2379,19983.34,2026-07-26T00:04:50,,,0,,,
TXN-0003295,ACC_NORM_2099,ACC_NORM_1102,19890.46,2026-07-26T00:13:28,,,0,,,
TXN-0003296,ACC_NORM_0604,ACC_NORM_0307,12526.41,2026-07-26T00:22:07,,,0,,,
TXN-0003297,ACC_MULE_0446,ACC_MULE_0475,225544.77,2026-07-26T00:30:45,28.56481,77.257589,2,2026-07-26T00:52:55,ATM_PNB_052,2.54
TXN-0003298,ACC_VIC_1193,ACC_MULE_0425,116532.45,2026-07-26T00:39:23,28.561104,77.255495,1,,,
TXN-0003299,ACC_NORM_2077,ACC_NORM_0728,4617.07,2026-07-26T00:48:02,,,0,,,
TXN-0003300,ACC_MULE_0589,ACC_MULE_0363,111820.22,2026-07-26T00:56:40,28.707736,77.11631,2,2026-07-26T01:04:27,ATM_ICICI_142,2.29
TXN-0003301,ACC_MULE_0303,ACC_MULE_0035,89302.6,2026-07-26T01:05:19,28.630198,77.226643,2,2026-07-26T01:18:59,ATM_HDFC_002,6.0
TXN-0003302,ACC_NORM_0836,ACC_NORM_2882,21386.82,2026-07-26T01:13:57,,,0,,,
TXN-0003303,ACC_VIC_0172,ACC_MULE_0450,117870.42,2026-07-26T01:22:35,28.699299,77.103691,1,2026-07-26T01:36:16,ATM_HDFC_130,5.78
TXN-0003304,ACC_NORM_2870,ACC_NORM_1920,16478.3,2026-07-26T01:31:14,,,0,,,
TXN-0003305,ACC_NORM_0678,ACC_NORM_2837,11217.09,2026-07-26T01:39:52,,,0,,,
TXN-0003306,ACC_NORM_1266,ACC_NORM_0292,24550.76,2026-07-26T01:48:31,,,0,,,
TXN-0003307,ACC_VIC_0660,ACC_MULE_0490,162995.41,2026-07-26T01:57:09,28.659976,77.176184,1,2026-07-26T02:11:36,ATM_SBI_011,3.4
TXN-0003308,ACC_NORM_1201,ACC_NORM_0184,15201.67,2026-07-26T02:05:47,,,0,,,
TXN-0003309,ACC_NORM_0613,ACC_NORM_2554,3334.86,2026-07-26T02:14:26,,,0,,,
TXN-0003310,ACC_VIC_0175,ACC_MULE_0020,222895.93,2026-07-26T02:23:04,28.532344,77.152884,1,2026-07-26T02:39:50,ATM_BOB_094,4.05
TXN-0003311,ACC_VIC_0002,ACC_MULE_0427,173525.23,2026-07-26T02:31:43,28.648238,77.219555,1,2026-07-26T02:50:52,ATM_ICICI_004,7.23
TXN-0003312,ACC_NORM_1039,ACC_NORM_2104,17397.76,2026-07-26T02:40:21,,,0,,,
TXN-0003313,ACC_NORM_2519,ACC_NORM_0132,24058.51,2026-07-26T02:48:59,,,0,,,
TXN-0003314,ACC_NORM_0954,ACC_NORM_1949,10501.4,2026-07-26T02:57:38,,,0,,,
TXN-0003315,ACC_MULE_0226,ACC_MULE_0066,189438.54,2026-07-26T03:06:16,28.590834,77.331629,2,2026-07-26T03:28:43,ATM_UBI_150,13.7
TXN-0003316,ACC_NORM_1623,ACC_NORM_0606,19538.58,2026-07-26T03:14:55,,,0,,,
TXN-0003317,ACC_NORM_1388,ACC_NORM_1192,23320.88,2026-07-26T03:23:33,,,0,,,
TXN-0003318,ACC_NORM_2765,ACC_NORM_0473,717.08,2026-07-26T03:32:11,,,0,,,
TXN-0003319,ACC_MULE_0107,ACC_MULE_0511,159988.39,2026-07-26T03:40:50,28.62191,77.321329,2,2026-07-26T03:53:56,ATM_BOB_152,4.5
TXN-0003320,ACC_NORM_2845,ACC_NORM_1423,21411.68,2026-07-26T03:49:28,,,0,,,
TXN-0003321,ACC_NORM_2348,ACC_NORM_0346,12406.0,2026-07-26T03:58:07,,,0,,,
TXN-0003322,ACC_VIC_0287,ACC_MULE_0336,177754.24,2026-07-26T04:06:45,28.624148,77.293549,1,,,
TXN-0003323,ACC_NORM_1360,ACC_NORM_0097,19341.41,2026-07-26T04:15:23,,,0,,,
TXN-0003324,ACC_MULE_0007,ACC_MULE_0158,78405.75,2026-07-26T04:24:02,28.546806,77.142704,2,,,
TXN-0003325,ACC_NORM_2622,ACC_NORM_0460,2598.5,2026-07-26T04:32:40,,,0,,,
TXN-0003326,ACC_NORM_0624,ACC_NORM_2424,9673.07,2026-07-26T04:41:19,,,0,,,
TXN-0003327,ACC_MULE_0220,ACC_MULE_0340,183605.54,2026-07-26T04:49:57,28.53437,77.208411,2,2026-07-26T05:03:41,ATM_PNB_062,8.36
TXN-0003328,ACC_NORM_0849,ACC_NORM_2711,4993.59,2026-07-26T04:58:35,,,0,,,
TXN-0003329,ACC_VIC_0995,ACC_MULE_0236,137198.25,2026-07-26T05:07:14,28.69102,77.130705,1,2026-07-26T05:24:18,ATM_AXIS_143,4.46
TXN-0003330,ACC_NORM_2073,ACC_NORM_2373,4183.77,2026-07-26T05:15:52,,,0,,,
TXN-0003331,ACC_NORM_2927,ACC_NORM_0741,8492.27,2026-07-26T05:24:31,,,0,,,
TXN-0003332,ACC_VIC_1349,ACC_MULE_0551,90285.34,2026-07-26T05:33:09,28.674802,77.288003,1,,,
TXN-0003333,ACC_NORM_1502,ACC_NORM_0516,1375.57,2026-07-26T05:41:47,,,0,,,
TXN-0003334,ACC_NORM_2205,ACC_NORM_2260,20142.88,2026-07-26T05:50:26,,,0,,,
TXN-0003335,ACC_NORM_1579,ACC_NORM_2939,15310.23,2026-07-26T05:59:04,,,0,,,
TXN-0003336,ACC_VIC_0850,ACC_MULE_0205,203490.75,2026-07-26T06:07:43,28.601069,77.335143,1,,,
TXN-0003337,ACC_VIC_0032,ACC_MULE_0516,96224.4,2026-07-26T06:16:21,28.678121,77.305743,1,,,
TXN-0003338,ACC_VIC_0998,ACC_MULE_0370,231919.4,2026-07-26T06:24:59,28.616595,77.311886,1,2026-07-26T06:36:28,ATM_PNB_160,8.0
TXN-0003339,ACC_NORM_1443,ACC_NORM_1640,3261.93,2026-07-26T06:33:38,,,0,,,
TXN-0003340,ACC_NORM_1412,ACC_NORM_1270,7009.46,2026-07-26T06:42:16,,,0,,,
TXN-0003341,ACC_VIC_0789,ACC_MULE_0294,109663.27,2026-07-26T06:50:55,28.595291,77.308885,1,2026-07-26T07:17:01,ATM_UBI_150,9.43
TXN-0003342,ACC_NORM_2862,ACC_NORM_1025,19987.36,2026-07-26T06:59:33,,,0,,,
TXN-0003343,ACC_VIC_0140,ACC_MULE_0405,138837.59,2026-07-26T07:08:11,28.535843,77.142127,1,2026-07-26T07:35:06,ATM_UBI_095,6.48
TXN-0003344,ACC_NORM_0592,ACC_NORM_1210,1874.68,2026-07-26T07:16:50,,,0,,,
TXN-0003345,ACC_NORM_0054,ACC_NORM_2326,12001.73,2026-07-26T07:25:28,,,0,,,
TXN-0003346,ACC_VIC_1483,ACC_MULE_0592,205638.49,2026-07-26T07:34:07,28.52389,77.155182,1,2026-07-26T07:44:11,ATM_BOB_094,2.67
TXN-0003347,ACC_NORM_0813,ACC_NORM_1676,3408.32,2026-07-26T07:42:45,,,0,,,
TXN-0003348,ACC_NORM_1812,ACC_NORM_2533,7948.65,2026-07-26T07:51:23,,,0,,,
TXN-0003349,ACC_NORM_2378,ACC_NORM_0397,13342.31,2026-07-26T08:00:02,,,0,,,
TXN-0003350,ACC_NORM_0412,ACC_NORM_1935,13781.85,2026-07-26T08:08:40,,,0,,,
TXN-0003351,ACC_NORM_2948,ACC_NORM_0836,18143.2,2026-07-26T08:17:19,,,0,,,
TXN-0003352,ACC_NORM_2872,ACC_NORM_2760,20993.36,2026-07-26T08:25:57,,,0,,,
TXN-0003353,ACC_VIC_0642,ACC_MULE_0129,235364.05,2026-07-26T08:34:35,28.641962,77.206697,1,2026-07-26T08:51:29,ATM_UBI_016,4.59
TXN-0003354,ACC_MULE_0207,ACC_MULE_0200,238497.39,2026-07-26T08:43:14,28.729906,77.131523,2,2026-07-26T08:55:44,ATM_UBI_139,6.75
TXN-0003355,ACC_NORM_2751,ACC_NORM_1506,19361.81,2026-07-26T08:51:52,,,0,,,
TXN-0003356,ACC_NORM_2324,ACC_NORM_0594,17718.5,2026-07-26T09:00:31,,,0,,,
TXN-0003357,ACC_NORM_1452,ACC_NORM_2414,20033.34,2026-07-26T09:09:09,,,0,,,
TXN-0003358,ACC_NORM_1276,ACC_NORM_0093,16705.46,2026-07-26T09:17:47,,,0,,,
TXN-0003359,ACC_VIC_1097,ACC_MULE_0085,168999.83,2026-07-26T09:26:26,28.590882,77.066664,1,2026-07-26T09:36:01,ATM_PNB_102,3.1
TXN-0003360,ACC_NORM_1602,ACC_NORM_1939,17867.56,2026-07-26T09:35:04,,,0,,,
TXN-0003361,ACC_NORM_2964,ACC_NORM_0620,7501.77,2026-07-26T09:43:43,,,0,,,
TXN-0003362,ACC_NORM_1356,ACC_NORM_2060,2023.84,2026-07-26T09:52:21,,,0,,,
TXN-0003363,ACC_NORM_1361,ACC_NORM_2731,10943.38,2026-07-26T10:00:59,,,0,,,
TXN-0003364,ACC_NORM_0677,ACC_NORM_1955,6256.69,2026-07-26T10:09:38,,,0,,,
TXN-0003365,ACC_NORM_0295,ACC_NORM_0383,24619.49,2026-07-26T10:18:16,,,0,,,
TXN-0003366,ACC_NORM_0961,ACC_NORM_0495,5393.99,2026-07-26T10:26:55,,,0,,,
TXN-0003367,ACC_MULE_0229,ACC_MULE_0343,137861.58,2026-07-26T10:35:33,28.641875,77.323013,2,2026-07-26T10:52:55,ATM_UBI_150,8.56
TXN-0003368,ACC_NORM_1946,ACC_NORM_2818,3476.77,2026-07-26T10:44:11,,,0,,,
TXN-0003369,ACC_NORM_1357,ACC_NORM_0118,11956.11,2026-07-26T10:52:50,,,0,,,
TXN-0003370,ACC_NORM_0422,ACC_NORM_1796,15617.39,2026-07-26T11:01:28,,,0,,,
TXN-0003371,ACC_NORM_0124,ACC_NORM_0373,19175.99,2026-07-26T11:10:07,,,0,,,
TXN-0003372,ACC_VIC_0754,ACC_MULE_0587,107400.73,2026-07-26T11:18:45,28.713739,77.137598,1,2026-07-26T11:51:34,ATM_ICICI_142,6.05
TXN-0003373,ACC_VIC_0159,ACC_MULE_0001,217477.58,2026-07-26T11:27:23,28.556021,77.158395,1,2026-07-26T11:54:22,ATM_PNB_080,10.09
TXN-0003374,ACC_NORM_1727,ACC_NORM_2705,23257.04,2026-07-26T11:36:02,,,0,,,
TXN-0003375,ACC_NORM_1317,ACC_NORM_0465,16260.58,2026-07-26T11:44:40,,,0,,,
TXN-0003376,ACC_VIC_1381,ACC_MULE_0128,98549.81,2026-07-26T11:53:19,28.611213,77.326477,1,,,
TXN-0003377,ACC_VIC_0862,ACC_MULE_0586,73563.07,2026-07-26T12:01:57,28.590442,77.321896,1,2026-07-26T12:31:46,ATM_UBI_150,12.25
TXN-0003378,ACC_NORM_2863,ACC_NORM_0297,1684.1,2026-07-26T12:10:35,,,0,,,
TXN-0003379,ACC_NORM_0661,ACC_NORM_0831,20133.48,2026-07-26T12:19:14,,,0,,,
TXN-0003380,ACC_VIC_1170,ACC_MULE_0115,138114.05,2026-07-26T12:27:52,28.671372,77.272802,1,2026-07-26T12:48:51,ATM_BOB_163,5.91
TXN-0003381,ACC_NORM_0591,ACC_NORM_1649,11969.88,2026-07-26T12:36:31,,,0,,,
TXN-0003382,ACC_NORM_0446,ACC_NORM_0039,5489.84,2026-07-26T12:45:09,,,0,,,
TXN-0003383,ACC_NORM_1294,ACC_NORM_0037,2579.84,2026-07-26T12:53:47,,,0,,,
TXN-0003384,ACC_VIC_1176,ACC_MULE_0266,157814.05,2026-07-26T13:02:26,28.637716,77.177033,1,2026-07-26T13:24:41,ATM_HDFC_015,7.88
TXN-0003385,ACC_VIC_0721,ACC_MULE_0207,243026.17,2026-07-26T13:11:04,28.61187,77.290621,1,2026-07-26T13:27:52,ATM_KOTAK_145,3.61
TXN-0003386,ACC_VIC_0725,ACC_MULE_0487,183743.15,2026-07-26T13:19:43,28.658733,77.207911,1,2026-07-26T13:36:09,ATM_BOB_034,5.93
TXN-0003387,ACC_NORM_0478,ACC_NORM_2479,16524.07,2026-07-26T13:28:21,,,0,,,
TXN-0003388,ACC_NORM_0960,ACC_NORM_1500,17255.32,2026-07-26T13:36:59,,,0,,,
TXN-0003389,ACC_MULE_0149,ACC_MULE_0147,97999.91,2026-07-26T13:45:38,28.61323,77.312138,2,2026-07-26T14:05:51,ATM_BOB_146,3.84
TXN-0003390,ACC_VIC_0336,ACC_MULE_0462,246974.51,2026-07-26T13:54:16,28.710721,77.124013,1,2026-07-26T14:05:37,ATM_ICICI_142,2.96
TXN-0003391,ACC_VIC_0941,ACC_MULE_0312,218994.07,2026-07-26T14:02:55,28.531185,77.209685,1,2026-07-26T14:18:33,ATM_ICICI_087,2.67
TXN-0003392,ACC_NORM_0648,ACC_NORM_1051,1462.5,2026-07-26T14:11:33,,,0,,,
TXN-0003393,ACC_VIC_1270,ACC_MULE_0210,68701.83,2026-07-26T14:20:11,28.66205,77.270957,1,2026-07-26T14:44:34,ATM_HDFC_170,6.71
TXN-0003394,ACC_NORM_1680,ACC_NORM_2198,8035.62,2026-07-26T14:28:50,,,0,,,
TXN-0003395,ACC_NORM_1331,ACC_NORM_2138,21650.3,2026-07-26T14:37:28,,,0,,,
TXN-0003396,ACC_NORM_1857,ACC_NORM_1696,19899.21,2026-07-26T14:46:07,,,0,,,
TXN-0003397,ACC_NORM_2849,ACC_NORM_1765,3019.6,2026-07-26T14:54:45,,,0,,,
TXN-0003398,ACC_NORM_1625,ACC_NORM_0184,18036.25,2026-07-26T15:03:23,,,0,,,
TXN-0003399,ACC_NORM_1423,ACC_NORM_1518,16194.57,2026-07-26T15:12:02,,,0,,,
TXN-0003400,ACC_NORM_2597,ACC_NORM_0742,5668.17,2026-07-26T15:20:40,,,0,,,
TXN-0003401,ACC_VIC_0735,ACC_MULE_0215,243730.43,2026-07-26T15:29:19,28.642308,77.202765,1,,,
TXN-0003402,ACC_NORM_1000,ACC_NORM_1118,11318.84,2026-07-26T15:37:57,,,0,,,
TXN-0003403,ACC_NORM_1282,ACC_NORM_0450,17671.81,2026-07-26T15:46:35,,,0,,,
TXN-0003404,ACC_NORM_2308,ACC_NORM_2275,5792.08,2026-07-26T15:55:14,,,0,,,
TXN-0003405,ACC_NORM_2832,ACC_NORM_2107,1979.11,2026-07-26T16:03:52,,,0,,,
TXN-0003406,ACC_VIC_1365,ACC_MULE_0336,89904.53,2026-07-26T16:12:31,28.624148,77.293549,1,,,
TXN-0003407,ACC_NORM_2672,ACC_NORM_1844,10570.92,2026-07-26T16:21:09,,,0,,,
TXN-0003408,ACC_VIC_0478,ACC_MULE_0428,134654.08,2026-07-26T16:29:47,28.616919,77.230895,1,2026-07-26T16:46:31,ATM_ICICI_004,7.27
TXN-0003409,ACC_MULE_0594,ACC_MULE_0014,226923.79,2026-07-26T16:38:26,28.709534,77.133779,2,2026-07-26T16:50:52,ATM_ICICI_142,4.37
TXN-0003410,ACC_NORM_1569,ACC_NORM_0047,19819.26,2026-07-26T16:47:04,,,0,,,
TXN-0003411,ACC_NORM_2464,ACC_NORM_1889,23300.15,2026-07-26T16:55:43,,,0,,,
TXN-0003412,ACC_NORM_2905,ACC_NORM_1061,16665.23,2026-07-26T17:04:21,,,0,,,
TXN-0003413,ACC_VIC_0448,ACC_MULE_0353,150216.19,2026-07-26T17:12:59,28.540534,77.22555,1,2026-07-26T17:28:20,ATM_PNB_062,7.54
TXN-0003414,ACC_NORM_2248,ACC_NORM_0773,12295.38,2026-07-26T17:21:38,,,0,,,
TXN-0003415,ACC_NORM_0142,ACC_NORM_0934,6981.29,2026-07-26T17:30:16,,,0,,,
TXN-0003416,ACC_VIC_1432,ACC_MULE_0050,143346.64,2026-07-26T17:38:55,28.657763,77.302814,1,2026-07-26T18:03:17,ATM_UBI_147,11.33
TXN-0003417,ACC_NORM_0734,ACC_NORM_2091,9490.09,2026-07-26T17:47:33,,,0,,,
TXN-0003418,ACC_VIC_0542,ACC_MULE_0388,211860.01,2026-07-26T17:56:11,28.613218,77.216849,1,,,
TXN-0003419,ACC_VIC_0850,ACC_MULE_0540,196303.91,2026-07-26T18:04:50,28.593462,77.062903,1,2026-07-26T18:18:47,ATM_PNB_102,2.38
TXN-0003420,ACC_NORM_2753,ACC_NORM_2420,24751.37,2026-07-26T18:13:28,,,0,,,
TXN-0003421,ACC_NORM_0570,ACC_NORM_0109,3041.38,2026-07-26T18:22:07,,,0,,,
TXN-0003422,ACC_NORM_1483,ACC_NORM_1106,24186.22,2026-07-26T18:30:45,,,0,,,
TXN-0003423,ACC_NORM_2948,ACC_NORM_2237,14583.82,2026-07-26T18:39:23,,,0,,,
TXN-0003424,ACC_MULE_0492,ACC_MULE_0544,138700.01,2026-07-26T18:48:02,28.669115,77.290643,2,2026-07-26T18:56:20,ATM_HDFC_170,2.93
TXN-0003425,ACC_NORM_1605,ACC_NORM_1670,9150.72,2026-07-26T18:56:40,,,0,,,
TXN-0003426,ACC_VIC_0158,ACC_MULE_0477,133728.95,2026-07-26T19:05:19,28.635079,77.206753,1,2026-07-26T19:48:53,ATM_BOB_012,8.51
TXN-0003427,ACC_NORM_2175,ACC_NORM_1669,17006.19,2026-07-26T19:13:57,,,0,,,
TXN-0003428,ACC_NORM_2588,ACC_NORM_1224,14087.79,2026-07-26T19:22:35,,,0,,,
TXN-0003429,ACC_NORM_0704,ACC_NORM_2239,23777.64,2026-07-26T19:31:14,,,0,,,
TXN-0003430,ACC_VIC_0079,ACC_MULE_0458,202595.73,2026-07-26T19:39:52,28.650784,77.215449,1,2026-07-26T19:55:35,ATM_HDFC_007,5.52
TXN-0003431,ACC_MULE_0217,ACC_MULE_0341,92508.56,2026-07-26T19:48:31,28.613924,77.221086,2,2026-07-26T20:06:35,ATM_HDFC_007,6.82
TXN-0003432,ACC_NORM_2773,ACC_NORM_1138,21130.37,2026-07-26T19:57:09,,,0,,,
TXN-0003433,ACC_NORM_0648,ACC_NORM_2445,17501.45,2026-07-26T20:05:47,,,0,,,
TXN-0003434,ACC_NORM_1273,ACC_NORM_1938,10409.18,2026-07-26T20:14:26,,,0,,,
TXN-0003435,ACC_NORM_1818,ACC_NORM_0922,24422.81,2026-07-26T20:23:04,,,0,,,
TXN-0003436,ACC_NORM_0971,ACC_NORM_2304,18719.7,2026-07-26T20:31:43,,,0,,,
TXN-0003437,ACC_VIC_1329,ACC_MULE_0037,198951.36,2026-07-26T20:40:21,28.654736,77.284097,1,,,
TXN-0003438,ACC_MULE_0100,ACC_MULE_0598,53496.94,2026-07-26T20:48:59,28.60682,77.055404,2,2026-07-26T21:00:48,ATM_AXIS_101,5.39
TXN-0003439,ACC_MULE_0153,ACC_MULE_0447,114215.56,2026-07-26T20:57:38,28.673019,77.29684,2,2026-07-26T21:05:47,ATM_HDFC_170,3.19
TXN-0003440,ACC_VIC_1408,ACC_MULE_0143,127652.67,2026-07-26T21:06:16,28.623659,77.314846,1,,,
TXN-0003441,ACC_NORM_0192,ACC_NORM_0389,2141.85,2026-07-26T21:14:55,,,0,,,
TXN-0003442,ACC_VIC_1207,ACC_MULE_0101,166146.22,2026-07-26T21:23:33,28.723092,77.12303,1,2026-07-26T21:43:18,ATM_UBI_139,3.51
TXN-0003443,ACC_NORM_2224,ACC_NORM_1885,11577.69,2026-07-26T21:32:11,,,0,,,
TXN-0003444,ACC_NORM_1677,ACC_NORM_0268,6701.92,2026-07-26T21:40:50,,,0,,,
TXN-0003445,ACC_NORM_1462,ACC_NORM_2043,15934.99,2026-07-26T21:49:28,,,0,,,
TXN-0003446,ACC_NORM_2501,ACC_NORM_2375,13465.64,2026-07-26T21:58:07,,,0,,,
TXN-0003447,ACC_MULE_0479,ACC_MULE_0265,82464.56,2026-07-26T22:06:45,28.590451,77.046193,2,2026-07-26T22:14:52,ATM_AXIS_103,1.55
TXN-0003448,ACC_VIC_1084,ACC_MULE_0195,174281.17,2026-07-26T22:15:23,28.645333,77.202553,1,,,
TXN-0003449,ACC_NORM_2810,ACC_NORM_0269,11211.42,2026-07-26T22:24:02,,,0,,,
TXN-0003450,ACC_NORM_0432,ACC_NORM_0146,3578.49,2026-07-26T22:32:40,,,0,,,
TXN-0003451,ACC_NORM_1480,ACC_NORM_2179,3605.94,2026-07-26T22:41:19,,,0,,,
TXN-0003452,ACC_VIC_0740,ACC_MULE_0325,198063.32,2026-07-26T22:49:57,28.640025,77.300016,1,2026-07-26T23:06:23,ATM_UBI_150,5.24
TXN-0003453,ACC_NORM_2799,ACC_NORM_0548,12791.42,2026-07-26T22:58:35,,,0,,,
TXN-0003454,ACC_VIC_0340,ACC_MULE_0539,58157.85,2026-07-26T23:07:14,28.628311,77.297556,1,2026-07-26T23:13:14,ATM_UBI_150,1.73
TXN-0003455,ACC_NORM_0785,ACC_NORM_0455,22106.15,2026-07-26T23:15:52,,,0,,,
TXN-0003456,ACC_MULE_0371,ACC_MULE_0519,171263.0,2026-07-26T23:24:31,28.523996,77.169312,2,2026-07-26T23:50:45,ATM_BOB_094,6.58
TXN-0003457,ACC_NORM_2531,ACC_NORM_1433,16622.88,2026-07-26T23:33:09,,,0,,,
TXN-0003458,ACC_MULE_0432,ACC_MULE_0387,188439.51,2026-07-26T23:41:47,28.623283,77.231737,2,2026-07-26T23:57:30,ATM_HDFC_007,4.48
TXN-0003459,ACC_VIC_1303,ACC_MULE_0551,245975.62,2026-07-26T23:50:26,28.674802,77.288003,1,2026-07-27T00:00:39,ATM_HDFC_170,0.96
TXN-0003460,ACC_NORM_2550,ACC_NORM_1160,20307.47,2026-07-26T23:59:04,,,0,,,
TXN-0003461,ACC_NORM_0567,ACC_NORM_0807,2491.94,2026-07-27T00:07:43,,,0,,,
TXN-0003462,ACC_NORM_0149,ACC_NORM_1459,5104.53,2026-07-27T00:16:21,,,0,,,
TXN-0003463,ACC_NORM_1364,ACC_NORM_1680,9639.31,2026-07-27T00:24:59,,,0,,,
TXN-0003464,ACC_NORM_1007,ACC_NORM_1654,16634.57,2026-07-27T00:33:38,,,0,,,
TXN-0003465,ACC_NORM_1602,ACC_NORM_2777,14566.13,2026-07-27T00:42:16,,,0,,,
TXN-0003466,ACC_VIC_0154,ACC_MULE_0436,65938.96,2026-07-27T00:50:55,28.727817,77.129517,1,2026-07-27T01:17:01,ATM_ICICI_142,8.68
TXN-0003467,ACC_NORM_2616,ACC_NORM_2706,13628.43,2026-07-27T00:59:33,,,0,,,
TXN-0003468,ACC_NORM_1440,ACC_NORM_0100,10430.43,2026-07-27T01:08:11,,,0,,,
TXN-0003469,ACC_VIC_1313,ACC_MULE_0371,116618.96,2026-07-27T01:16:50,28.520659,77.211817,1,,,
TXN-0003470,ACC_NORM_2658,ACC_NORM_0206,20014.92,2026-07-27T01:25:28,,,0,,,
TXN-0003471,ACC_NORM_0637,ACC_NORM_2213,14699.41,2026-07-27T01:34:07,,,0,,,
TXN-0003472,ACC_VIC_1166,ACC_MULE_0013,196154.64,2026-07-27T01:42:45,28.529594,77.138039,1,2026-07-27T02:05:15,ATM_BOB_094,3.57
TXN-0003473,ACC_NORM_2259,ACC_NORM_0831,7206.17,2026-07-27T01:51:23,,,0,,,
TXN-0003474,ACC_NORM_2139,ACC_NORM_0523,2542.75,2026-07-27T02:00:02,,,0,,,
TXN-0003475,ACC_NORM_1430,ACC_NORM_1856,20241.65,2026-07-27T02:08:40,,,0,,,
TXN-0003476,ACC_VIC_0116,ACC_MULE_0090,215629.29,2026-07-27T02:17:19,28.722036,77.134927,1,,,
TXN-0003477,ACC_NORM_1829,ACC_NORM_0086,8433.86,2026-07-27T02:25:57,,,0,,,
TXN-0003478,ACC_NORM_2719,ACC_NORM_2764,23196.06,2026-07-27T02:34:35,,,0,,,
TXN-0003479,ACC_NORM_0631,ACC_NORM_2901,2471.6,2026-07-27T02:43:14,,,0,,,
TXN-0003480,ACC_VIC_1346,ACC_MULE_0129,175548.36,2026-07-27T02:51:52,28.641962,77.206697,1,2026-07-27T03:07:32,ATM_BOB_012,6.94
TXN-0003481,ACC_NORM_2915,ACC_NORM_1483,8773.73,2026-07-27T03:00:31,,,0,,,
TXN-0003482,ACC_VIC_0941,ACC_MULE_0455,210922.81,2026-07-27T03:09:09,28.571705,77.039501,1,2026-07-27T03:25:35,ATM_AXIS_108,4.99
TXN-0003483,ACC_MULE_0085,ACC_MULE_0143,201866.05,2026-07-27T03:17:47,28.623659,77.314846,2,2026-07-27T03:40:22,ATM_UBI_150,3.96
TXN-0003484,ACC_NORM_0854,ACC_NORM_0344,3635.86,2026-07-27T03:26:26,,,0,,,
TXN-0003485,ACC_MULE_0212,ACC_MULE_0135,158938.6,2026-07-27T03:35:04,28.650398,77.214128,2,2026-07-27T03:53:38,ATM_ICICI_004,7.39
TXN-0003486,ACC_VIC_0631,ACC_MULE_0506,246233.19,2026-07-27T03:43:43,28.62333,77.226669,1,2026-07-27T04:04:09,ATM_HDFC_007,3.89
TXN-0003487,ACC_NORM_1522,ACC_NORM_0720,4317.18,2026-07-27T03:52:21,,,0,,,
TXN-0003488,ACC_VIC_1393,ACC_MULE_0055,193446.53,2026-07-27T04:00:59,28.609486,77.32273,1,,,
TXN-0003489,ACC_VIC_0472,ACC_MULE_0033,199739.63,2026-07-27T04:09:38,28.635181,77.214082,1,2026-07-27T04:30:45,ATM_ICICI_004,2.81
TXN-0003490,ACC_NORM_1399,ACC_NORM_0676,18547.33,2026-07-27T04:18:16,,,0,,,
TXN-0003491,ACC_NORM_1700,ACC_NORM_1061,2982.29,2026-07-27T04:26:55,,,0,,,
TXN-0003492,ACC_NORM_0284,ACC_NORM_0602,9555.04,2026-07-27T04:35:33,,,0,,,
TXN-0003493,ACC_NORM_0722,ACC_NORM_1913,10679.87,2026-07-27T04:44:11,,,0,,,
TXN-0003494,ACC_VIC_0827,ACC_MULE_0435,133477.03,2026-07-27T04:52:50,28.627355,77.322151,1,2026-07-27T05:10:53,ATM_UBI_150,6.13
TXN-0003495,ACC_NORM_1152,ACC_NORM_1575,14888.04,2026-07-27T05:01:28,,,0,,,
TXN-0003496,ACC_NORM_1072,ACC_NORM_2799,22901.71,2026-07-27T05:10:07,,,0,,,
TXN-0003497,ACC_NORM_2018,ACC_NORM_0409,21764.37,2026-07-27T05:18:45,,,0,,,
TXN-0003498,ACC_NORM_0048,ACC_NORM_1153,20256.36,2026-07-27T05:27:23,,,0,,,
TXN-0003499,ACC_NORM_0273,ACC_NORM_0095,15915.41,2026-07-27T05:36:02,,,0,,,
TXN-0003500,ACC_NORM_2192,ACC_NORM_2225,13564.77,2026-07-27T05:44:40,,,0,,,
TXN-0003501,ACC_MULE_0312,ACC_MULE_0368,58545.69,2026-07-27T05:53:19,28.648347,77.226941,2,2026-07-27T06:20:28,ATM_HDFC_007,4.4
TXN-0003502,ACC_MULE_0466,ACC_MULE_0008,179888.68,2026-07-27T06:01:57,28.668135,77.299502,2,2026-07-27T06:14:38,ATM_HDFC_170,4.7
TXN-0003503,ACC_NORM_2993,ACC_NORM_2317,16492.66,2026-07-27T06:10:35,,,0,,,
TXN-0003504,ACC_NORM_1575,ACC_NORM_1801,24687.35,2026-07-27T06:19:14,,,0,,,
TXN-0003505,ACC_NORM_1588,ACC_NORM_0258,18560.52,2026-07-27T06:27:52,,,0,,,
TXN-0003506,ACC_NORM_0741,ACC_NORM_1256,10276.67,2026-07-27T06:36:31,,,0,,,
TXN-0003507,ACC_VIC_1205,ACC_MULE_0280,161060.21,2026-07-27T06:45:09,28.719697,77.122138,1,,,
TXN-0003508,ACC_NORM_2012,ACC_NORM_2057,14570.47,2026-07-27T06:53:47,,,0,,,
TXN-0003509,ACC_MULE_0279,ACC_MULE_0530,128646.66,2026-07-27T07:02:26,28.673459,77.274678,2,2026-07-27T07:21:45,ATM_HDFC_170,3.68
TXN-0003510,ACC_NORM_2758,ACC_NORM_0900,20703.91,2026-07-27T07:11:04,,,0,,,
TXN-0003511,ACC_NORM_2445,ACC_NORM_0986,13989.7,2026-07-27T07:19:43,,,0,,,
TXN-0003512,ACC_MULE_0109,ACC_MULE_0571,146257.64,2026-07-27T07:28:21,28.573181,77.042964,2,2026-07-27T07:42:00,ATM_PNB_102,6.37
TXN-0003513,ACC_MULE_0281,ACC_MULE_0107,154289.99,2026-07-27T07:36:59,28.572584,77.242361,2,2026-07-27T07:47:39,ATM_KOTAK_053,4.37
TXN-0003514,ACC_VIC_0575,ACC_MULE_0599,72220.82,2026-07-27T07:45:38,28.644857,77.174157,1,,,
TXN-0003515,ACC_NORM_1040,ACC_NORM_0525,4196.68,2026-07-27T07:54:16,,,0,,,
TXN-0003516,ACC_NORM_0729,ACC_NORM_0202,2337.46,2026-07-27T08:02:55,,,0,,,
TXN-0003517,ACC_NORM_1997,ACC_NORM_1280,13022.14,2026-07-27T08:11:33,,,0,,,
TXN-0003518,ACC_MULE_0299,ACC_MULE_0095,249830.04,2026-07-27T08:20:11,28.660883,77.294119,2,2026-07-27T08:36:16,ATM_HDFC_170,5.76
TXN-0003519,ACC_NORM_2136,ACC_NORM_2179,16293.19,2026-07-27T08:28:50,,,0,,,
TXN-0003520,ACC_NORM_2431,ACC_NORM_2949,21450.09,2026-07-27T08:37:28,,,0,,,
TXN-0003521,ACC_NORM_2600,ACC_NORM_2299,18061.59,2026-07-27T08:46:07,,,0,,,
TXN-0003522,ACC_NORM_1910,ACC_NORM_0772,5093.6,2026-07-27T08:54:45,,,0,,,
TXN-0003523,ACC_VIC_0437,ACC_MULE_0268,202593.91,2026-07-27T09:03:23,28.671192,77.170786,1,2026-07-27T09:22:48,ATM_AXIS_010,9.19
TXN-0003524,ACC_NORM_0224,ACC_NORM_2374,12105.07,2026-07-27T09:12:02,,,0,,,
TXN-0003525,ACC_NORM_2947,ACC_NORM_1532,23929.37,2026-07-27T09:20:40,,,0,,,
TXN-0003526,ACC_NORM_1329,ACC_NORM_2573,11277.42,2026-07-27T09:29:19,,,0,,,
TXN-0003527,ACC_VIC_1159,ACC_MULE_0578,73731.56,2026-07-27T09:37:57,28.653891,77.189816,1,2026-07-27T09:53:24,ATM_UBI_016,2.4
TXN-0003528,ACC_NORM_1975,ACC_NORM_0243,6457.28,2026-07-27T09:46:35,,,0,,,
TXN-0003529,ACC_NORM_1062,ACC_NORM_2659,7530.14,2026-07-27T09:55:14,,,0,,,
TXN-0003530,ACC_VIC_1378,ACC_MULE_0283,132166.8,2026-07-27T10:03:52,28.680518,77.273289,1,2026-07-27T10:21:29,ATM_BOB_163,4.92
TXN-0003531,ACC_VIC_1355,ACC_MULE_0524,176323.43,2026-07-27T10:12:31,28.630137,77.233788,1,2026-07-27T10:32:14,ATM_ICICI_004,7.19
TXN-0003532,ACC_NORM_0112,ACC_NORM_2284,19048.72,2026-07-27T10:21:09,,,0,,,
TXN-0003533,ACC_NORM_0573,ACC_NORM_0232,4778.61,2026-07-27T10:29:47,,,0,,,
TXN-0003534,ACC_NORM_1556,ACC_NORM_0222,9222.87,2026-07-27T10:38:26,,,0,,,
TXN-0003535,ACC_NORM_1540,ACC_NORM_1600,973.84,2026-07-27T10:47:04,,,0,,,
TXN-0003536,ACC_NORM_2739,ACC_NORM_2456,4757.73,2026-07-27T10:55:43,,,0,,,
TXN-0003537,ACC_NORM_0466,ACC_NORM_1109,21417.71,2026-07-27T11:04:21,,,0,,,
TXN-0003538,ACC_VIC_0275,ACC_MULE_0499,249062.44,2026-07-27T11:12:59,28.671895,77.195626,1,2026-07-27T11:24:36,ATM_HDFC_035,5.38
TXN-0003539,ACC_NORM_1078,ACC_NORM_2166,14143.3,2026-07-27T11:21:38,,,0,,,
TXN-0003540,ACC_VIC_1045,ACC_MULE_0039,178924.22,2026-07-27T11:30:16,28.532661,77.239363,1,2026-07-27T11:51:40,ATM_PNB_064,4.7
TXN-0003541,ACC_NORM_0875,ACC_NORM_0009,21200.51,2026-07-27T11:38:55,,,0,,,
TXN-0003542,ACC_MULE_0254,ACC_MULE_0052,147437.95,2026-07-27T11:47:33,28.702431,77.095115,2,2026-07-27T12:06:44,ATM_ICICI_142,7.29
TXN-0003543,ACC_NORM_2035,ACC_NORM_1899,19586.57,2026-07-27T11:56:11,,,0,,,
TXN-0003544,ACC_NORM_2852,ACC_NORM_2733,12786.74,2026-07-27T12:04:50,,,0,,,
TXN-0003545,ACC_VIC_0366,ACC_MULE_0487,172034.2,2026-07-27T12:13:28,28.658733,77.207911,1,2026-07-27T12:28:44,ATM_UBI_016,6.12
TXN-0003546,ACC_NORM_0258,ACC_NORM_0465,24085.12,2026-07-27T12:22:07,,,0,,,
TXN-0003547,ACC_NORM_2291,ACC_NORM_2391,3476.82,2026-07-27T12:30:45,,,0,,,
TXN-0003548,ACC_VIC_0558,ACC_MULE_0102,189188.35,2026-07-27T12:39:23,28.71338,77.123223,1,2026-07-27T13:01:35,ATM_ICICI_142,3.75
TXN-0003549,ACC_NORM_0426,ACC_NORM_1843,7713.3,2026-07-27T12:48:02,,,0,,,
TXN-0003550,ACC_VIC_0107,ACC_MULE_0145,127592.22,2026-07-27T12:56:40,28.595729,77.040826,1,,,
TXN-0003551,ACC_NORM_0115,ACC_NORM_1545,12949.04,2026-07-27T13:05:19,,,0,,,
TXN-0003552,ACC_NORM_1488,ACC_NORM_2092,4898.39,2026-07-27T13:13:57,,,0,,,
TXN-0003553,ACC_NORM_0672,ACC_NORM_2309,15779.84,2026-07-27T13:22:35,,,0,,,
TXN-0003554,ACC_NORM_1848,ACC_NORM_1038,16361.17,2026-07-27T13:31:14,,,0,,,
TXN-0003555,ACC_NORM_2193,ACC_NORM_2959,15135.53,2026-07-27T13:39:52,,,0,,,
TXN-0003556,ACC_NORM_2659,ACC_NORM_2461,15610.46,2026-07-27T13:48:31,,,0,,,
TXN-0003557,ACC_NORM_2932,ACC_NORM_1934,16557.19,2026-07-27T13:57:09,,,0,,,
TXN-0003558,ACC_NORM_2320,ACC_NORM_1806,2907.55,2026-07-27T14:05:47,,,0,,,
TXN-0003559,ACC_NORM_0336,ACC_NORM_2071,8091.67,2026-07-27T14:14:26,,,0,,,
TXN-0003560,ACC_VIC_0533,ACC_MULE_0108,112578.82,2026-07-27T14:23:04,28.512296,77.202855,1,2026-07-27T14:45:40,ATM_HDFC_086,7.42
TXN-0003561,ACC_NORM_2851,ACC_NORM_2512,6216.51,2026-07-27T14:31:43,,,0,,,
TXN-0003562,ACC_NORM_0365,ACC_NORM_0778,20521.45,2026-07-27T14:40:21,,,0,,,
TXN-0003563,ACC_NORM_0214,ACC_NORM_2012,20017.71,2026-07-27T14:48:59,,,0,,,
TXN-0003564,ACC_NORM_2926,ACC_NORM_2068,18530.41,2026-07-27T14:57:38,,,0,,,
TXN-0003565,ACC_VIC_1066,ACC_MULE_0427,201598.66,2026-07-27T15:06:16,28.648238,77.219555,1,2026-07-27T15:40:18,ATM_ICICI_004,7.23
TXN-0003566,ACC_VIC_0178,ACC_MULE_0544,168248.34,2026-07-27T15:14:55,28.669115,77.290643,1,2026-07-27T15:24:27,ATM_AXIS_169,2.52
TXN-0003567,ACC_NORM_2653,ACC_NORM_1130,10330.04,2026-07-27T15:23:33,,,0,,,
TXN-0003568,ACC_NORM_1691,ACC_NORM_1008,1025.54,2026-07-27T15:32:11,,,0,,,
TXN-0003569,ACC_NORM_1229,ACC_NORM_0680,21014.14,2026-07-27T15:40:50,,,0,,,
TXN-0003570,ACC_NORM_2080,ACC_NORM_2569,6682.41,2026-07-27T15:49:28,,,0,,,
TXN-0003571,ACC_VIC_0431,ACC_MULE_0256,157770.12,2026-07-27T15:58:07,28.658249,77.173416,1,2026-07-27T16:10:47,ATM_AXIS_010,5.3
TXN-0003572,ACC_NORM_0297,ACC_NORM_2726,14237.25,2026-07-27T16:06:45,,,0,,,
TXN-0003573,ACC_VIC_1088,ACC_MULE_0383,183200.74,2026-07-27T16:15:23,28.534033,77.207564,1,2026-07-27T16:40:57,ATM_ICICI_087,1.84
TXN-0003574,ACC_VIC_0588,ACC_MULE_0114,117614.59,2026-07-27T16:24:02,28.616054,77.317915,1,2026-07-27T16:58:16,ATM_UBI_150,5.42
TXN-0003575,ACC_NORM_0652,ACC_NORM_0602,15165.01,2026-07-27T16:32:40,,,0,,,
TXN-0003576,ACC_NORM_1913,ACC_NORM_2526,14030.71,2026-07-27T16:41:19,,,0,,,
TXN-0003577,ACC_NORM_1448,ACC_NORM_0717,5077.18,2026-07-27T16:49:57,,,0,,,
TXN-0003578,ACC_NORM_0490,ACC_NORM_2034,22436.82,2026-07-27T16:58:35,,,0,,,
TXN-0003579,ACC_NORM_2027,ACC_NORM_1168,19357.11,2026-07-27T17:07:14,,,0,,,
TXN-0003580,ACC_NORM_0129,ACC_NORM_0769,12947.11,2026-07-27T17:15:52,,,0,,,
TXN-0003581,ACC_NORM_1266,ACC_NORM_2056,9054.75,2026-07-27T17:24:31,,,0,,,
TXN-0003582,ACC_NORM_0686,ACC_NORM_2233,9506.44,2026-07-27T17:33:09,,,0,,,
TXN-0003583,ACC_MULE_0349,ACC_MULE_0148,190158.06,2026-07-27T17:41:47,28.628464,77.3112,2,2026-07-27T17:56:08,ATM_UBI_150,3.3
TXN-0003584,ACC_NORM_1080,ACC_NORM_0228,14509.48,2026-07-27T17:50:26,,,0,,,
TXN-0003585,ACC_VIC_1017,ACC_MULE_0083,51074.82,2026-07-27T17:59:04,28.527368,77.242008,1,2026-07-27T18:22:30,ATM_PNB_052,12.64
TXN-0003586,ACC_NORM_2758,ACC_NORM_0291,17533.82,2026-07-27T18:07:43,,,0,,,
TXN-0003587,ACC_VIC_0478,ACC_MULE_0198,72263.18,2026-07-27T18:16:21,28.521018,77.132706,1,2026-07-27T18:35:30,ATM_BOB_094,3.83
TXN-0003588,ACC_NORM_0797,ACC_NORM_1189,8407.52,2026-07-27T18:24:59,,,0,,,
TXN-0003589,ACC_VIC_0398,ACC_MULE_0096,91699.05,2026-07-27T18:33:38,28.722267,77.115058,1,2026-07-27T18:48:06,ATM_UBI_139,2.04
TXN-0003590,ACC_NORM_0053,ACC_NORM_1771,7748.23,2026-07-27T18:42:16,,,0,,,
TXN-0003591,ACC_NORM_0837,ACC_NORM_0897,3749.95,2026-07-27T18:50:55,,,0,,,
TXN-0003592,ACC_VIC_0108,ACC_MULE_0032,174546.08,2026-07-27T18:59:33,28.547107,77.223341,1,2026-07-27T19:13:57,ATM_PNB_062,5.46
TXN-0003593,ACC_NORM_1612,ACC_NORM_0322,17539.01,2026-07-27T19:08:11,,,0,,,
TXN-0003594,ACC_NORM_1458,ACC_NORM_2273,16918.51,2026-07-27T19:16:50,,,0,,,
TXN-0003595,ACC_NORM_2581,ACC_NORM_0169,5899.74,2026-07-27T19:25:28,,,0,,,
TXN-0003596,ACC_MULE_0257,ACC_MULE_0569,225031.37,2026-07-27T19:34:07,28.654506,77.295014,2,2026-07-27T19:48:59,ATM_HDFC_170,7.78
TXN-0003597,ACC_MULE_0474,ACC_MULE_0169,240705.73,2026-07-27T19:42:45,28.610787,77.306418,2,2026-07-27T20:04:38,ATM_PNB_160,7.04
TXN-0003598,ACC_NORM_0729,ACC_NORM_2679,1655.35,2026-07-27T19:51:23,,,0,,,
TXN-0003599,ACC_NORM_1499,ACC_NORM_1955,15144.75,2026-07-27T20:00:02,,,0,,,
TXN-0003600,ACC_MULE_0146,ACC_MULE_0172,191689.64,2026-07-27T20:08:40,28.656416,77.271975,2,2026-07-27T20:33:40,ATM_HDFC_170,8.0
TXN-0003601,ACC_MULE_0503,ACC_MULE_0398,151406.53,2026-07-27T20:17:19,28.597446,77.314515,2,2026-07-27T20:44:50,ATM_KOTAK_176,8.13
TXN-0003602,ACC_MULE_0177,ACC_MULE_0325,143894.25,2026-07-27T20:25:57,28.640025,77.300016,2,2026-07-27T20:38:34,ATM_UBI_150,5.24
TXN-0003603,ACC_NORM_0163,ACC_NORM_2626,16456.35,2026-07-27T20:34:35,,,0,,,
TXN-0003604,ACC_NORM_0381,ACC_NORM_0820,16228.51,2026-07-27T20:43:14,,,0,,,
TXN-0003605,ACC_NORM_1994,ACC_NORM_2248,8909.51,2026-07-27T20:51:52,,,0,,,
TXN-0003606,ACC_NORM_0451,ACC_NORM_0204,12611.34,2026-07-27T21:00:31,,,0,,,
TXN-0003607,ACC_VIC_0407,ACC_MULE_0048,111332.19,2026-07-27T21:09:09,28.699004,77.122211,1,2026-07-27T21:22:47,ATM_KOTAK_138,1.85
TXN-0003608,ACC_NORM_1928,ACC_NORM_0918,21141.12,2026-07-27T21:17:47,,,0,,,
TXN-0003609,ACC_NORM_1573,ACC_NORM_2012,20107.39,2026-07-27T21:26:26,,,0,,,
TXN-0003610,ACC_NORM_2349,ACC_NORM_2167,5250.65,2026-07-27T21:35:04,,,0,,,
TXN-0003611,ACC_VIC_0618,ACC_MULE_0463,238392.69,2026-07-27T21:43:43,28.608117,77.061555,1,2026-07-27T22:10:05,ATM_PNB_102,6.21
TXN-0003612,ACC_NORM_2140,ACC_NORM_1984,5505.17,2026-07-27T21:52:21,,,0,,,
TXN-0003613,ACC_NORM_2017,ACC_NORM_0200,9247.99,2026-07-27T22:00:59,,,0,,,
TXN-0003614,ACC_NORM_0736,ACC_NORM_2145,12816.04,2026-07-27T22:09:38,,,0,,,
TXN-0003615,ACC_MULE_0592,ACC_MULE_0138,174062.65,2026-07-27T22:18:16,28.548841,77.227947,2,,,
TXN-0003616,ACC_MULE_0440,ACC_MULE_0498,143501.58,2026-07-27T22:26:55,28.597738,77.326248,2,2026-07-27T22:49:20,ATM_KOTAK_177,10.47
TXN-0003617,ACC_NORM_1551,ACC_NORM_2047,16980.95,2026-07-27T22:35:33,,,0,,,
TXN-0003618,ACC_NORM_0739,ACC_NORM_0059,4032.43,2026-07-27T22:44:11,,,0,,,
TXN-0003619,ACC_NORM_1886,ACC_NORM_1804,10409.7,2026-07-27T22:52:50,,,0,,,
TXN-0003620,ACC_NORM_2064,ACC_NORM_2384,24170.4,2026-07-27T23:01:28,,,0,,,
TXN-0003621,ACC_VIC_0235,ACC_MULE_0146,79544.11,2026-07-27T23:10:07,28.642019,77.174016,1,,,
TXN-0003622,ACC_NORM_1229,ACC_NORM_0823,13661.95,2026-07-27T23:18:45,,,0,,,
TXN-0003623,ACC_NORM_0179,ACC_NORM_2613,10082.04,2026-07-27T23:27:23,,,0,,,
TXN-0003624,ACC_NORM_2093,ACC_NORM_2292,11454.01,2026-07-27T23:36:02,,,0,,,
TXN-0003625,ACC_NORM_2720,ACC_NORM_0853,14787.53,2026-07-27T23:44:40,,,0,,,
TXN-0003626,ACC_NORM_1289,ACC_NORM_0036,7119.96,2026-07-27T23:53:19,,,0,,,
TXN-0003627,ACC_NORM_1087,ACC_NORM_0394,10200.21,2026-07-28T00:01:57,,,0,,,
TXN-0003628,ACC_MULE_0031,ACC_MULE_0416,156028.66,2026-07-28T00:10:35,28.557808,77.140332,2,2026-07-28T00:34:50,ATM_BOB_094,11.9
TXN-0003629,ACC_NORM_2664,ACC_NORM_0784,17545.75,2026-07-28T00:19:14,,,0,,,
TXN-0003630,ACC_NORM_1260,ACC_NORM_0984,14562.52,2026-07-28T00:27:52,,,0,,,
TXN-0003631,ACC_NORM_2222,ACC_NORM_0146,11496.84,2026-07-28T00:36:31,,,0,,,
TXN-0003632,ACC_VIC_0626,ACC_MULE_0376,94240.7,2026-07-28T00:45:09,28.628703,77.305683,1,2026-07-28T01:07:52,ATM_BOB_152,3.2
TXN-0003633,ACC_NORM_2495,ACC_NORM_2619,3768.95,2026-07-28T00:53:47,,,0,,,
TXN-0003634,ACC_NORM_0989,ACC_NORM_1660,2882.04,2026-07-28T01:02:26,,,0,,,
TXN-0003635,ACC_NORM_0351,ACC_NORM_1751,19272.25,2026-07-28T01:11:04,,,0,,,
TXN-0003636,ACC_VIC_0177,ACC_MULE_0088,102498.81,2026-07-28T01:19:43,28.560897,77.255243,1,2026-07-28T01:47:37,ATM_PNB_062,12.47
TXN-0003637,ACC_NORM_2508,ACC_NORM_0035,17132.64,2026-07-28T01:28:21,,,0,,,
TXN-0003638,ACC_VIC_0511,ACC_MULE_0382,77896.61,2026-07-28T01:36:59,28.652092,77.178336,1,2026-07-28T02:09:26,ATM_PNB_036,16.98
TXN-0003639,ACC_VIC_0810,ACC_MULE_0459,118758.35,2026-07-28T01:45:38,28.664538,77.270533,1,2026-07-28T02:00:44,ATM_BOB_167,6.45
TXN-0003640,ACC_VIC_0206,ACC_MULE_0019,85482.92,2026-07-28T01:54:16,28.531571,77.161816,1,2026-07-28T02:07:08,ATM_BOB_091,2.23
TXN-0003641,ACC_NORM_2798,ACC_NORM_0605,14379.8,2026-07-28T02:02:55,,,0,,,
TXN-0003642,ACC_MULE_0032,ACC_MULE_0557,91271.61,2026-07-28T02:11:33,28.565197,77.251381,2,2026-07-28T02:26:38,ATM_KOTAK_053,6.43
TXN-0003643,ACC_NORM_2595,ACC_NORM_0180,2704.69,2026-07-28T02:20:11,,,0,,,
TXN-0003644,ACC_VIC_1084,ACC_MULE_0084,55606.78,2026-07-28T02:28:50,28.717805,77.133938,1,2026-07-28T02:42:47,ATM_SBI_141,7.3
TXN-0003645,ACC_NORM_1437,ACC_NORM_1811,14136.51,2026-07-28T02:37:28,,,0,,,
TXN-0003646,ACC_NORM_1245,ACC_NORM_1785,2550.24,2026-07-28T02:46:07,,,0,,,
TXN-0003647,ACC_NORM_0149,ACC_NORM_0706,12614.97,2026-07-28T02:54:45,,,0,,,
TXN-0003648,ACC_NORM_0139,ACC_NORM_0761,6053.64,2026-07-28T03:03:23,,,0,,,
TXN-0003649,ACC_NORM_0843,ACC_NORM_1569,18965.84,2026-07-28T03:12:02,,,0,,,
TXN-0003650,ACC_NORM_2497,ACC_NORM_2244,12105.3,2026-07-28T03:20:40,,,0,,,
TXN-0003651,ACC_VIC_0381,ACC_MULE_0342,100569.54,2026-07-28T03:29:19,28.59598,77.066533,1,2026-07-28T03:44:11,ATM_PNB_102,3.68
TXN-0003652,ACC_NORM_2860,ACC_NORM_0225,22546.14,2026-07-28T03:37:57,,,0,,,
TXN-0003653,ACC_VIC_1403,ACC_MULE_0246,144173.76,2026-07-28T03:46:35,28.530541,77.163575,1,,,
TXN-0003654,ACC_VIC_0242,ACC_MULE_0101,66349.89,2026-07-28T03:55:14,28.723092,77.12303,1,2026-07-28T04:09:36,ATM_UBI_139,3.51
TXN-0003655,ACC_NORM_0926,ACC_NORM_0900,22075.16,2026-07-28T04:03:52,,,0,,,
TXN-0003656,ACC_VIC_0484,ACC_MULE_0414,239164.61,2026-07-28T04:12:31,28.595983,77.061147,1,2026-07-28T04:22:22,ATM_PNB_102,2.58
TXN-0003657,ACC_VIC_0492,ACC_MULE_0058,192424.88,2026-07-28T04:21:09,28.540632,77.198499,1,2026-07-28T04:38:24,ATM_ICICI_087,2.06
TXN-0003658,ACC_NORM_1265,ACC_NORM_1446,11394.99,2026-07-28T04:29:47,,,0,,,
TXN-0003659,ACC_NORM_2184,ACC_NORM_0218,20012.61,2026-07-28T04:38:26,,,0,,,
TXN-0003660,ACC_NORM_0913,ACC_NORM_2247,10759.7,2026-07-28T04:47:04,,,0,,,
TXN-0003661,ACC_NORM_2974,ACC_NORM_1211,719.49,2026-07-28T04:55:43,,,0,,,
TXN-0003662,ACC_NORM_0841,ACC_NORM_0140,1660.82,2026-07-28T05:04:21,,,0,,,
TXN-0003663,ACC_VIC_0142,ACC_MULE_0382,221014.77,2026-07-28T05:12:59,28.652092,77.178336,1,2026-07-28T05:23:54,ATM_UBI_016,4.07
TXN-0003664,ACC_MULE_0528,ACC_MULE_0173,84210.21,2026-07-28T05:21:38,28.644169,77.217228,2,2026-07-28T05:35:49,ATM_ICICI_004,5.77
TXN-0003665,ACC_NORM_2911,ACC_NORM_2168,8962.03,2026-07-28T05:30:16,,,0,,,
TXN-0003666,ACC_NORM_1529,ACC_NORM_0103,1560.11,2026-07-28T05:38:55,,,0,,,
TXN-0003667,ACC_NORM_0002,ACC_NORM_2071,5780.08,2026-07-28T05:47:33,,,0,,,
TXN-0003668,ACC_NORM_2668,ACC_NORM_0687,19527.21,2026-07-28T05:56:11,,,0,,,
TXN-0003669,ACC_NORM_2176,ACC_NORM_2618,23144.64,2026-07-28T06:04:50,,,0,,,
TXN-0003670,ACC_VIC_0714,ACC_MULE_0565,141922.18,2026-07-28T06:13:28,28.529488,77.238655,1,2026-07-28T06:42:15,ATM_PNB_052,12.16
TXN-0003671,ACC_NORM_2656,ACC_NORM_1657,14454.35,2026-07-28T06:22:07,,,0,,,
TXN-0003672,ACC_VIC_0248,ACC_MULE_0267,110129.17,2026-07-28T06:30:45,28.570518,77.060566,1,,,
TXN-0003673,ACC_NORM_0246,ACC_NORM_2929,10463.13,2026-07-28T06:39:23,,,0,,,
TXN-0003674,ACC_NORM_0962,ACC_NORM_2961,19577.14,2026-07-28T06:48:02,,,0,,,
TXN-0003675,ACC_VIC_1094,ACC_MULE_0552,117470.81,2026-07-28T06:56:40,28.664857,77.29072,1,2026-07-28T07:06:38,ATM_BOB_163,5.15
TXN-0003676,ACC_NORM_0075,ACC_NORM_1930,19403.03,2026-07-28T07:05:19,,,0,,,
TXN-0003677,ACC_NORM_2796,ACC_NORM_2896,16746.31,2026-07-28T07:13:57,,,0,,,
TXN-0003678,ACC_VIC_1431,ACC_MULE_0197,107047.79,2026-07-28T07:22:35,28.667701,77.189541,1,2026-07-28T07:42:36,ATM_ICICI_018,3.39
TXN-0003679,ACC_NORM_0038,ACC_NORM_1013,21643.99,2026-07-28T07:31:14,,,0,,,
TXN-0003680,ACC_VIC_0747,ACC_MULE_0042,167596.08,2026-07-28T07:39:52,28.676975,77.302079,1,2026-07-28T08:09:51,ATM_UBI_027,18.85
TXN-0003681,ACC_NORM_0134,ACC_NORM_0922,2244.93,2026-07-28T07:48:31,,,0,,,
TXN-0003682,ACC_NORM_1046,ACC_NORM_0620,11127.97,2026-07-28T07:57:09,,,0,,,
TXN-0003683,ACC_NORM_1382,ACC_NORM_2798,4572.44,2026-07-28T08:05:47,,,0,,,
TXN-0003684,ACC_MULE_0215,ACC_MULE_0388,214388.48,2026-07-28T08:14:26,28.613218,77.216849,2,2026-07-28T08:39:41,ATM_UBI_033,19.29
TXN-0003685,ACC_VIC_0539,ACC_MULE_0170,162374.49,2026-07-28T08:23:04,28.582543,77.031102,1,,,
TXN-0003686,ACC_NORM_0235,ACC_NORM_2337,22537.66,2026-07-28T08:31:43,,,0,,,
TXN-0003687,ACC_NORM_1771,ACC_NORM_1841,22589.88,2026-07-28T08:40:21,,,0,,,
TXN-0003688,ACC_NORM_1270,ACC_NORM_1705,8987.61,2026-07-28T08:48:59,,,0,,,
TXN-0003689,ACC_NORM_0934,ACC_NORM_1339,19031.78,2026-07-28T08:57:38,,,0,,,
TXN-0003690,ACC_NORM_0596,ACC_NORM_2805,11354.23,2026-07-28T09:06:16,,,0,,,
TXN-0003691,ACC_VIC_0226,ACC_MULE_0410,72394.54,2026-07-28T09:14:55,28.552688,77.223813,1,2026-07-28T09:32:27,ATM_ICICI_087,8.66
TXN-0003692,ACC_NORM_1988,ACC_NORM_1641,3618.81,2026-07-28T09:23:33,,,0,,,
TXN-0003693,ACC_NORM_0520,ACC_NORM_1339,8668.04,2026-07-28T09:32:11,,,0,,,
TXN-0003694,ACC_VIC_0801,ACC_MULE_0250,59333.38,2026-07-28T09:40:50,28.630999,77.210563,1,2026-07-28T09:47:46,ATM_ICICI_004,1.14
TXN-0003695,ACC_VIC_1142,ACC_MULE_0242,82368.51,2026-07-28T09:49:28,28.534828,77.257597,1,2026-07-28T10:32:31,ATM_PNB_064,8.77
TXN-0003696,ACC_NORM_0787,ACC_NORM_2960,21763.19,2026-07-28T09:58:07,,,0,,,
TXN-0003697,ACC_VIC_0420,ACC_MULE_0295,181630.91,2026-07-28T10:06:45,28.540035,77.229206,1,2026-07-28T10:32:11,ATM_SBI_076,11.43
TXN-0003698,ACC_VIC_0526,ACC_MULE_0396,68653.73,2026-07-28T10:15:23,28.556401,77.232736,1,2026-07-28T10:32:35,ATM_KOTAK_071,5.19
TXN-0003699,ACC_MULE_0500,ACC_MULE_0069,80119.94,2026-07-28T10:24:02,28.537504,77.206242,2,2026-07-28T10:43:23,ATM_KOTAK_073,5.76
TXN-0003700,ACC_NORM_2063,ACC_NORM_0874,7579.36,2026-07-28T10:32:40,,,0,,,
TXN-0003701,ACC_VIC_0767,ACC_MULE_0462,216501.7,2026-07-28T10:41:19,28.710721,77.124013,1,,,
TXN-0003702,ACC_NORM_1814,ACC_NORM_2538,19389.81,2026-07-28T10:49:57,,,0,,,
TXN-0003703,ACC_VIC_0263,ACC_MULE_0072,214815.4,2026-07-28T10:58:35,28.611247,77.285614,1,2026-07-28T11:09:48,ATM_PNB_160,2.85
TXN-0003704,ACC_NORM_1673,ACC_NORM_0607,11368.67,2026-07-28T11:07:14,,,0,,,
TXN-0003705,ACC_NORM_0367,ACC_NORM_1751,7486.39,2026-07-28T11:15:52,,,0,,,
TXN-0003706,ACC_NORM_1382,ACC_NORM_0963,4077.89,2026-07-28T11:24:31,,,0,,,
TXN-0003707,ACC_NORM_2779,ACC_NORM_2089,14583.76,2026-07-28T11:33:09,,,0,,,
TXN-0003708,ACC_NORM_0336,ACC_NORM_1677,12099.57,2026-07-28T11:41:47,,,0,,,
TXN-0003709,ACC_NORM_0147,ACC_NORM_2579,12350.31,2026-07-28T11:50:26,,,0,,,
TXN-0003710,ACC_NORM_0004,ACC_NORM_2599,8059.08,2026-07-28T11:59:04,,,0,,,
TXN-0003711,ACC_NORM_2492,ACC_NORM_0825,4784.42,2026-07-28T12:07:43,,,0,,,
TXN-0003712,ACC_NORM_2308,ACC_NORM_2753,13013.59,2026-07-28T12:16:21,,,0,,,
TXN-0003713,ACC_NORM_0353,ACC_NORM_0616,24599.75,2026-07-28T12:24:59,,,0,,,
TXN-0003714,ACC_VIC_1061,ACC_MULE_0450,184788.76,2026-07-28T12:33:38,28.699299,77.103691,1,,,
TXN-0003715,ACC_NORM_0233,ACC_NORM_1543,5873.1,2026-07-28T12:42:16,,,0,,,
TXN-0003716,ACC_NORM_1044,ACC_NORM_0616,18259.28,2026-07-28T12:50:55,,,0,,,
TXN-0003717,ACC_NORM_1308,ACC_NORM_2353,8587.1,2026-07-28T12:59:33,,,0,,,
TXN-0003718,ACC_VIC_0255,ACC_MULE_0545,167741.38,2026-07-28T13:08:11,28.53343,77.190123,1,2026-07-28T13:26:07,ATM_ICICI_087,3.12
TXN-0003719,ACC_NORM_2000,ACC_NORM_1404,5759.88,2026-07-28T13:16:50,,,0,,,
TXN-0003720,ACC_NORM_1917,ACC_NORM_1543,3555.86,2026-07-28T13:25:28,,,0,,,
TXN-0003721,ACC_NORM_0736,ACC_NORM_0718,18019.27,2026-07-28T13:34:07,,,0,,,
TXN-0003722,ACC_NORM_0293,ACC_NORM_1856,6989.9,2026-07-28T13:42:45,,,0,,,
TXN-0003723,ACC_MULE_0076,ACC_MULE_0102,214484.0,2026-07-28T13:51:23,28.71338,77.123223,2,2026-07-28T14:09:22,ATM_HDFC_130,4.03
TXN-0003724,ACC_NORM_2994,ACC_NORM_1961,4213.48,2026-07-28T14:00:02,,,0,,,
TXN-0003725,ACC_VIC_0368,ACC_MULE_0015,222112.24,2026-07-28T14:08:40,28.54994,77.13289,1,2026-07-28T14:32:18,ATM_BOB_094,9.99
TXN-0003726,ACC_VIC_0409,ACC_MULE_0071,54514.9,2026-07-28T14:17:19,28.666123,77.295209,1,2026-07-28T14:34:26,ATM_SBI_161,8.56
TXN-0003727,ACC_NORM_1717,ACC_NORM_0780,23884.39,2026-07-28T14:25:57,,,0,,,
TXN-0003728,ACC_VIC_1175,ACC_MULE_0262,230912.0,2026-07-28T14:34:35,28.55077,77.131248,1,2026-07-28T15:03:23,ATM_BOB_094,10.42
TXN-0003729,ACC_VIC_0664,ACC_MULE_0185,248763.87,2026-07-28T14:43:14,28.717267,77.149642,1,2026-07-28T15:09:13,ATM_HDFC_130,8.93
TXN-0003730,ACC_NORM_1187,ACC_NORM_0337,21138.4,2026-07-28T14:51:52,,,0,,,
TXN-0003731,ACC_VIC_0278,ACC_MULE_0425,66463.53,2026-07-28T15:00:31,28.561104,77.255495,1,2026-07-28T15:10:03,ATM_PNB_052,2.52
TXN-0003732,ACC_NORM_1887,ACC_NORM_2856,16871.66,2026-07-28T15:09:09,,,0,,,
TXN-0003733,ACC_NORM_0614,ACC_NORM_1058,16693.87,2026-07-28T15:17:47,,,0,,,
TXN-0003734,ACC_VIC_0295,ACC_MULE_0238,92175.07,2026-07-28T15:26:26,28.554033,77.261672,1,,,
TXN-0003735,ACC_VIC_1355,ACC_MULE_0459,76697.22,2026-07-28T15:35:04,28.664538,77.270533,1,2026-07-28T15:57:42,ATM_BOB_163,7.76
TXN-0003736,ACC_VIC_0041,ACC_MULE_0025,149021.86,2026-07-28T15:43:43,28.642855,77.225146,1,2026-07-28T15:54:30,ATM_HDFC_007,2.57
TXN-0003737,ACC_NORM_2500,ACC_NORM_2440,6826.07,2026-07-28T15:52:21,,,0,,,
TXN-0003738,ACC_MULE_0103,ACC_MULE_0581,229330.73,2026-07-28T16:00:59,28.664761,77.281279,2,2026-07-28T16:17:34,ATM_HDFC_170,4.42
TXN-0003739,ACC_NORM_2039,ACC_NORM_1872,13983.26,2026-07-28T16:09:38,,,0,,,
TXN-0003740,ACC_NORM_2729,ACC_NORM_1376,9217.25,2026-07-28T16:18:16,,,0,,,
TXN-0003741,ACC_NORM_0274,ACC_NORM_2695,24629.36,2026-07-28T16:26:55,,,0,,,
TXN-0003742,ACC_NORM_2801,ACC_NORM_2434,15172.04,2026-07-28T16:35:33,,,0,,,
TXN-0003743,ACC_NORM_1587,ACC_NORM_1017,10687.91,2026-07-28T16:44:11,,,0,,,
TXN-0003744,ACC_NORM_2133,ACC_NORM_1944,18495.7,2026-07-28T16:52:50,,,0,,,
TXN-0003745,ACC_NORM_1393,ACC_NORM_2457,14318.7,2026-07-28T17:01:28,,,0,,,
TXN-0003746,ACC_NORM_1927,ACC_NORM_1473,6595.49,2026-07-28T17:10:07,,,0,,,
TXN-0003747,ACC_NORM_0709,ACC_NORM_2285,3428.5,2026-07-28T17:18:45,,,0,,,
TXN-0003748,ACC_NORM_2952,ACC_NORM_1111,9799.31,2026-07-28T17:27:23,,,0,,,
TXN-0003749,ACC_NORM_1701,ACC_NORM_0228,24599.92,2026-07-28T17:36:02,,,0,,,
TXN-0003750,ACC_NORM_0974,ACC_NORM_0827,8287.48,2026-07-28T17:44:40,,,0,,,
TXN-0003751,ACC_NORM_1625,ACC_NORM_0297,6104.17,2026-07-28T17:53:19,,,0,,,
TXN-0003752,ACC_NORM_2572,ACC_NORM_1911,12220.8,2026-07-28T18:01:57,,,0,,,
TXN-0003753,ACC_NORM_2275,ACC_NORM_0032,21528.64,2026-07-28T18:10:35,,,0,,,
TXN-0003754,ACC_NORM_0066,ACC_NORM_0388,10133.25,2026-07-28T18:19:14,,,0,,,
TXN-0003755,ACC_VIC_1090,ACC_MULE_0481,196352.83,2026-07-28T18:27:52,28.713822,77.124297,1,2026-07-28T18:52:48,ATM_HDFC_131,5.71
TXN-0003756,ACC_NORM_1373,ACC_NORM_1992,22303.69,2026-07-28T18:36:31,,,0,,,
TXN-0003757,ACC_VIC_1330,ACC_MULE_0011,131054.78,2026-07-28T18:45:09,28.639829,77.297549,1,2026-07-28T19:06:12,ATM_BOB_146,5.96
TXN-0003758,ACC_NORM_2957,ACC_NORM_1153,18790.51,2026-07-28T18:53:47,,,0,,,
TXN-0003759,ACC_VIC_0755,ACC_MULE_0563,227318.9,2026-07-28T19:02:26,28.64675,77.220403,1,2026-07-28T19:22:42,ATM_ICICI_004,6.92
TXN-0003760,ACC_VIC_1093,ACC_MULE_0048,159156.55,2026-07-28T19:11:04,28.699004,77.122211,1,2026-07-28T19:19:55,ATM_HDFC_130,0.81
TXN-0003761,ACC_NORM_1787,ACC_NORM_2821,19248.03,2026-07-28T19:19:43,,,0,,,
TXN-0003762,ACC_MULE_0146,ACC_MULE_0539,167855.91,2026-07-28T19:28:21,28.628311,77.297556,2,2026-07-28T19:39:43,ATM_UBI_147,2.92
TXN-0003763,ACC_VIC_0931,ACC_MULE_0113,95260.31,2026-07-28T19:36:59,28.557089,77.236349,1,2026-07-28T19:49:24,ATM_PNB_056,3.19
TXN-0003764,ACC_VIC_0376,ACC_MULE_0490,236824.57,2026-07-28T19:45:38,28.659976,77.176184,1,2026-07-28T19:59:34,ATM_AXIS_010,5.3
TXN-0003765,ACC_NORM_0842,ACC_NORM_2123,3951.41,2026-07-28T19:54:16,,,0,,,
TXN-0003766,ACC_NORM_2133,ACC_NORM_0639,14400.35,2026-07-28T20:02:55,,,0,,,
TXN-0003767,ACC_NORM_1321,ACC_NORM_0130,11767.45,2026-07-28T20:11:33,,,0,,,
TXN-0003768,ACC_VIC_0117,ACC_MULE_0169,141750.23,2026-07-28T20:20:11,28.610787,77.306418,1,2026-07-28T20:39:06,ATM_PNB_160,7.04
TXN-0003769,ACC_NORM_0004,ACC_NORM_0905,11947.91,2026-07-28T20:28:50,,,0,,,
TXN-0003770,ACC_NORM_1335,ACC_NORM_2373,605.58,2026-07-28T20:37:28,,,0,,,
TXN-0003771,ACC_VIC_0050,ACC_MULE_0369,113304.56,2026-07-28T20:46:07,28.576713,77.23447,1,2026-07-28T21:10:45,ATM_KOTAK_053,3.73
TXN-0003772,ACC_NORM_0440,ACC_NORM_0636,15093.82,2026-07-28T20:54:45,,,0,,,
TXN-0003773,ACC_NORM_0662,ACC_NORM_0248,3820.54,2026-07-28T21:03:23,,,0,,,
TXN-0003774,ACC_MULE_0340,ACC_MULE_0230,214211.58,2026-07-28T21:12:02,28.727179,77.129184,2,2026-07-28T21:29:45,ATM_AXIS_140,4.62
TXN-0003775,ACC_NORM_2159,ACC_NORM_1953,5418.83,2026-07-28T21:20:40,,,0,,,
TXN-0003776,ACC_MULE_0239,ACC_MULE_0374,214521.4,2026-07-28T21:29:19,28.720815,77.129068,2,2026-07-28T21:48:21,ATM_HDFC_130,6.56
TXN-0003777,ACC_VIC_1322,ACC_MULE_0442,240911.36,2026-07-28T21:37:57,28.696744,77.110089,1,2026-07-28T21:54:27,ATM_UBI_135,2.06
TXN-0003778,ACC_MULE_0496,ACC_MULE_0249,111319.53,2026-07-28T21:46:35,28.52105,77.207071,2,2026-07-28T22:06:27,ATM_HDFC_086,4.41
TXN-0003779,ACC_NORM_1810,ACC_NORM_1975,21113.14,2026-07-28T21:55:14,,,0,,,
TXN-0003780,ACC_VIC_1104,ACC_MULE_0451,100521.78,2026-07-28T22:03:52,28.710895,77.118197,1,2026-07-28T22:15:50,ATM_ICICI_142,2.99
TXN-0003781,ACC_MULE_0372,ACC_MULE_0086,159752.8,2026-07-28T22:12:31,28.635581,77.285281,2,2026-07-28T22:28:00,ATM_HDFC_148,2.54
TXN-0003782,ACC_NORM_2707,ACC_NORM_2681,18630.81,2026-07-28T22:21:09,,,0,,,
TXN-0003783,ACC_NORM_2097,ACC_NORM_1413,12510.37,2026-07-28T22:29:47,,,0,,,
TXN-0003784,ACC_MULE_0198,ACC_MULE_0564,226984.96,2026-07-28T22:38:26,28.52182,77.15837,2,,,
TXN-0003785,ACC_VIC_0305,ACC_MULE_0375,131704.86,2026-07-28T22:47:04,28.529185,77.224222,1,2026-07-28T23:17:06,ATM_HDFC_086,4.41
TXN-0003786,ACC_NORM_2750,ACC_NORM_0216,10455.47,2026-07-28T22:55:43,,,0,,,
TXN-0003787,ACC_NORM_2689,ACC_NORM_1448,10797.34,2026-07-28T23:04:21,,,0,,,
TXN-0003788,ACC_NORM_0912,ACC_NORM_0374,22758.72,2026-07-28T23:12:59,,,0,,,
TXN-0003789,ACC_NORM_2188,ACC_NORM_1522,17963.02,2026-07-28T23:21:38,,,0,,,
TXN-0003790,ACC_NORM_1133,ACC_NORM_2311,15357.72,2026-07-28T23:30:16,,,0,,,
TXN-0003791,ACC_NORM_2445,ACC_NORM_1334,19340.67,2026-07-28T23:38:55,,,0,,,
TXN-0003792,ACC_NORM_0050,ACC_NORM_0563,17012.7,2026-07-28T23:47:33,,,0,,,
TXN-0003793,ACC_NORM_2265,ACC_NORM_1336,12520.51,2026-07-28T23:56:11,,,0,,,
TXN-0003794,ACC_VIC_0101,ACC_MULE_0568,140172.82,2026-07-29T00:04:50,28.526541,77.244943,1,2026-07-29T00:31:15,ATM_HDFC_070,2.87
TXN-0003795,ACC_VIC_1219,ACC_MULE_0026,144568.6,2026-07-29T00:13:28,28.537207,77.165952,1,,,
TXN-0003796,ACC_NORM_2171,ACC_NORM_0497,6850.46,2026-07-29T00:22:07,,,0,,,
TXN-0003797,ACC_MULE_0047,ACC_MULE_0309,113563.65,2026-07-29T00:30:45,28.668543,77.180372,2,2026-07-29T00:44:31,ATM_SBI_011,6.02
TXN-0003798,ACC_NORM_0168,ACC_NORM_1443,11074.71,2026-07-29T00:39:23,,,0,,,
TXN-0003799,ACC_NORM_0086,ACC_NORM_2646,20302.15,2026-07-29T00:48:02,,,0,,,
TXN-0003800,ACC_NORM_2586,ACC_NORM_0751,22374.4,2026-07-29T00:56:40,,,0,,,
TXN-0003801,ACC_NORM_1653,ACC_NORM_1561,22060.78,2026-07-29T01:05:19,,,0,,,
TXN-0003802,ACC_NORM_0852,ACC_NORM_1009,14723.55,2026-07-29T01:13:57,,,0,,,
TXN-0003803,ACC_NORM_0686,ACC_NORM_0261,1343.57,2026-07-29T01:22:35,,,0,,,
TXN-0003804,ACC_NORM_2874,ACC_NORM_0698,19442.93,2026-07-29T01:31:14,,,0,,,
TXN-0003805,ACC_VIC_0961,ACC_MULE_0246,127288.29,2026-07-29T01:39:52,28.530541,77.163575,1,2026-07-29T02:01:46,ATM_BOB_094,5.75
TXN-0003806,ACC_VIC_0864,ACC_MULE_0566,107378.93,2026-07-29T01:48:31,28.671747,77.286458,1,2026-07-29T01:57:14,ATM_BOB_167,1.59
TXN-0003807,ACC_NORM_2436,ACC_NORM_0145,18106.9,2026-07-29T01:57:09,,,0,,,
TXN-0003808,ACC_VIC_0921,ACC_MULE_0426,81377.98,2026-07-29T02:05:47,28.594972,77.313061,1,2026-07-29T02:34:09,ATM_UBI_150,9.88
TXN-0003809,ACC_NORM_0588,ACC_NORM_0918,9990.84,2026-07-29T02:14:26,,,0,,,
TXN-0003810,ACC_VIC_1450,ACC_MULE_0496,102851.35,2026-07-29T02:23:04,28.611098,77.312746,1,2026-07-29T02:37:21,ATM_PNB_160,8.66
TXN-0003811,ACC_NORM_0916,ACC_NORM_0258,12417.98,2026-07-29T02:31:43,,,0,,,
TXN-0003812,ACC_VIC_0861,ACC_MULE_0167,158487.25,2026-07-29T02:40:21,28.639343,77.180666,1,2026-07-29T02:54:54,ATM_AXIS_017,2.56
TXN-0003813,ACC_NORM_2148,ACC_NORM_1580,14178.15,2026-07-29T02:48:59,,,0,,,
TXN-0003814,ACC_VIC_0861,ACC_MULE_0193,234046.97,2026-07-29T02:57:38,28.545072,77.15726,1,,,
TXN-0003815,ACC_VIC_0162,ACC_MULE_0173,77496.12,2026-07-29T03:06:16,28.644169,77.217228,1,,,
TXN-0003816,ACC_NORM_1156,ACC_NORM_1615,13793.01,2026-07-29T03:14:55,,,0,,,
TXN-0003817,ACC_NORM_0214,ACC_NORM_0019,10314.48,2026-07-29T03:23:33,,,0,,,
TXN-0003818,ACC_NORM_1703,ACC_NORM_1811,17567.01,2026-07-29T03:32:11,,,0,,,
TXN-0003819,ACC_NORM_1070,ACC_NORM_0603,8408.35,2026-07-29T03:40:50,,,0,,,
TXN-0003820,ACC_VIC_1232,ACC_MULE_0096,53403.0,2026-07-29T03:49:28,28.722267,77.115058,1,2026-07-29T04:03:53,ATM_UBI_135,7.05
TXN-0003821,ACC_MULE_0220,ACC_MULE_0121,116804.48,2026-07-29T03:58:07,28.596525,77.301749,2,2026-07-29T04:10:22,ATM_BOB_152,7.24
TXN-0003822,ACC_NORM_2641,ACC_NORM_0759,3009.1,2026-07-29T04:06:45,,,0,,,
TXN-0003823,ACC_NORM_2328,ACC_NORM_2027,10553.89,2026-07-29T04:15:23,,,0,,,
TXN-0003824,ACC_VIC_1191,ACC_MULE_0203,82962.82,2026-07-29T04:24:02,28.574578,77.031617,1,2026-07-29T04:45:19,ATM_AXIS_101,9.25
TXN-0003825,ACC_VIC_0334,ACC_MULE_0065,76287.59,2026-07-29T04:32:40,28.538557,77.148302,1,2026-07-29T04:52:34,ATM_BOB_094,5.62
TXN-0003826,ACC_VIC_0040,ACC_MULE_0519,214208.32,2026-07-29T04:41:19,28.523996,77.169312,1,2026-07-29T04:55:27,ATM_BOB_094,6.58
TXN-0003827,ACC_VIC_1264,ACC_MULE_0128,232753.2,2026-07-29T04:49:57,28.611213,77.326477,1,2026-07-29T05:15:00,ATM_BOB_146,7.53
TXN-0003828,ACC_NORM_2708,ACC_NORM_2211,17864.86,2026-07-29T04:58:35,,,0,,,
TXN-0003829,ACC_NORM_0470,ACC_NORM_2497,2837.79,2026-07-29T05:07:14,,,0,,,
TXN-0003830,ACC_VIC_0916,ACC_MULE_0427,169530.0,2026-07-29T05:15:52,28.648238,77.219555,1,2026-07-29T05:38:31,ATM_HDFC_002,7.15
TXN-0003831,ACC_NORM_2972,ACC_NORM_0680,2601.32,2026-07-29T05:24:31,,,0,,,
TXN-0003832,ACC_VIC_0168,ACC_MULE_0209,140342.48,2026-07-29T05:33:09,28.633132,77.323579,1,,,
TXN-0003833,ACC_NORM_2784,ACC_NORM_0375,17633.26,2026-07-29T05:41:47,,,0,,,
TXN-0003834,ACC_MULE_0575,ACC_MULE_0218,198618.05,2026-07-29T05:50:26,28.514165,77.219838,2,2026-07-29T06:15:05,ATM_PNB_056,17.22
TXN-0003835,ACC_NORM_0176,ACC_NORM_2889,12445.49,2026-07-29T05:59:04,,,0,,,
TXN-0003836,ACC_VIC_0106,ACC_MULE_0262,112638.04,2026-07-29T06:07:43,28.55077,77.131248,1,2026-07-29T06:35:19,ATM_BOB_094,10.42
TXN-0003837,ACC_MULE_0541,ACC_MULE_0448,121702.21,2026-07-29T06:16:21,28.534318,77.238473,2,2026-07-29T06:43:25,ATM_PNB_052,10.67
TXN-0003838,ACC_NORM_0972,ACC_NORM_2397,14525.84,2026-07-29T06:24:59,,,0,,,
TXN-0003839,ACC_NORM_1269,ACC_NORM_0642,9185.11,2026-07-29T06:33:38,,,0,,,
TXN-0003840,ACC_NORM_0277,ACC_NORM_2307,21713.88,2026-07-29T06:42:16,,,0,,,
TXN-0003841,ACC_NORM_2546,ACC_NORM_2355,15032.36,2026-07-29T06:50:55,,,0,,,
TXN-0003842,ACC_NORM_0376,ACC_NORM_2627,4494.65,2026-07-29T06:59:33,,,0,,,
TXN-0003843,ACC_NORM_2668,ACC_NORM_2029,10721.44,2026-07-29T07:08:11,,,0,,,
TXN-0003844,ACC_VIC_1282,ACC_MULE_0309,140585.05,2026-07-29T07:16:50,28.668543,77.180372,1,,,
TXN-0003845,ACC_NORM_0540,ACC_NORM_1562,9720.88,2026-07-29T07:25:28,,,0,,,
TXN-0003846,ACC_VIC_0150,ACC_MULE_0129,199574.06,2026-07-29T07:34:07,28.641962,77.206697,1,2026-07-29T07:50:27,ATM_AXIS_010,6.03
TXN-0003847,ACC_NORM_2447,ACC_NORM_0091,7011.55,2026-07-29T07:42:45,,,0,,,
TXN-0003848,ACC_NORM_1057,ACC_NORM_0815,6396.57,2026-07-29T07:51:23,,,0,,,
TXN-0003849,ACC_VIC_1223,ACC_MULE_0023,95940.28,2026-07-29T08:00:02,28.549456,77.227232,1,2026-07-29T08:11:47,ATM_PNB_064,1.95
TXN-0003850,ACC_NORM_0131,ACC_NORM_1341,16808.61,2026-07-29T08:08:40,,,0,,,
TXN-0003851,ACC_VIC_0175,ACC_MULE_0253,238634.4,2026-07-29T08:17:19,28.600625,77.319051,1,2026-07-29T08:49:19,ATM_BOB_146,8.24
TXN-0003852,ACC_NORM_0992,ACC_NORM_0348,17542.13,2026-07-29T08:25:57,,,0,,,
TXN-0003853,ACC_VIC_0088,ACC_MULE_0474,248865.01,2026-07-29T08:34:35,28.710122,77.116817,1,2026-07-29T08:49:27,ATM_SBI_141,1.88
TXN-0003854,ACC_NORM_1070,ACC_NORM_1534,8464.26,2026-07-29T08:43:14,,,0,,,
TXN-0003855,ACC_NORM_0701,ACC_NORM_0301,13082.19,2026-07-29T08:51:52,,,0,,,
TXN-0003856,ACC_NORM_2254,ACC_NORM_0560,1455.13,2026-07-29T09:00:31,,,0,,,
TXN-0003857,ACC_NORM_1841,ACC_NORM_0427,21009.55,2026-07-29T09:09:09,,,0,,,
TXN-0003858,ACC_NORM_2197,ACC_NORM_1047,23422.86,2026-07-29T09:17:47,,,0,,,
TXN-0003859,ACC_NORM_2646,ACC_NORM_2322,18714.17,2026-07-29T09:26:26,,,0,,,
TXN-0003860,ACC_NORM_1895,ACC_NORM_0793,7863.28,2026-07-29T09:35:04,,,0,,,
TXN-0003861,ACC_NORM_0090,ACC_NORM_0931,23663.69,2026-07-29T09:43:43,,,0,,,
TXN-0003862,ACC_NORM_0016,ACC_NORM_0542,16254.06,2026-07-29T09:52:21,,,0,,,
TXN-0003863,ACC_NORM_2949,ACC_NORM_2552,23235.4,2026-07-29T10:00:59,,,0,,,
TXN-0003864,ACC_NORM_2121,ACC_NORM_1987,22831.09,2026-07-29T10:09:38,,,0,,,
TXN-0003865,ACC_NORM_2948,ACC_NORM_2728,4501.98,2026-07-29T10:18:16,,,0,,,
TXN-0003866,ACC_NORM_0232,ACC_NORM_2128,14136.68,2026-07-29T10:26:55,,,0,,,
TXN-0003867,ACC_MULE_0308,ACC_MULE_0104,213597.36,2026-07-29T10:35:33,28.640872,77.199477,2,,,
TXN-0003868,ACC_NORM_1861,ACC_NORM_2472,19142.06,2026-07-29T10:44:11,,,0,,,
TXN-0003869,ACC_NORM_0517,ACC_NORM_0909,10772.09,2026-07-29T10:52:50,,,0,,,
TXN-0003870,ACC_VIC_0605,ACC_MULE_0368,229787.93,2026-07-29T11:01:28,28.648347,77.226941,1,,,
TXN-0003871,ACC_NORM_0241,ACC_NORM_1070,6195.99,2026-07-29T11:10:07,,,0,,,
TXN-0003872,ACC_NORM_1436,ACC_NORM_2624,14614.6,2026-07-29T11:18:45,,,0,,,
TXN-0003873,ACC_NORM_0187,ACC_NORM_2563,9202.46,2026-07-29T11:27:23,,,0,,,
TXN-0003874,ACC_VIC_0763,ACC_MULE_0225,56911.17,2026-07-29T11:36:02,28.585154,77.052379,1,2026-07-29T11:53:06,ATM_PNB_102,1.69
TXN-0003875,ACC_VIC_1403,ACC_MULE_0194,186705.63,2026-07-29T11:44:40,28.718865,77.132984,1,2026-07-29T11:59:36,ATM_ICICI_142,6.43
TXN-0003876,ACC_NORM_0602,ACC_NORM_2692,1668.4,2026-07-29T11:53:19,,,0,,,
TXN-0003877,ACC_NORM_0908,ACC_NORM_2236,8589.45,2026-07-29T12:01:57,,,0,,,
TXN-0003878,ACC_VIC_0225,ACC_MULE_0219,238702.25,2026-07-29T12:10:35,28.536018,77.227644,1,2026-07-29T12:22:49,ATM_HDFC_086,5.05
TXN-0003879,ACC_VIC_0262,ACC_MULE_0086,162205.51,2026-07-29T12:19:14,28.635581,77.285281,1,2026-07-29T12:35:39,ATM_UBI_150,5.81
TXN-0003880,ACC_VIC_0141,ACC_MULE_0074,236041.4,2026-07-29T12:27:52,28.63537,77.289262,1,2026-07-29T12:42:13,ATM_PNB_160,5.19
TXN-0003881,ACC_VIC_1231,ACC_MULE_0057,240674.6,2026-07-29T12:36:31,28.71068,77.107052,1,2026-07-29T13:03:06,ATM_ICICI_142,4.83
TXN-0003882,ACC_NORM_1230,ACC_NORM_1516,700.66,2026-07-29T12:45:09,,,0,,,
TXN-0003883,ACC_NORM_0398,ACC_NORM_1856,3928.82,2026-07-29T12:53:47,,,0,,,
TXN-0003884,ACC_MULE_0034,ACC_MULE_0350,221013.63,2026-07-29T13:02:26,28.558774,77.252025,2,2026-07-29T13:15:46,ATM_PNB_052,2.57
TXN-0003885,ACC_VIC_1449,ACC_MULE_0157,226866.85,2026-07-29T13:11:04,28.557188,77.154614,1,2026-07-29T13:34:09,ATM_BOB_094,11.82
TXN-0003886,ACC_NORM_1094,ACC_NORM_1864,5324.49,2026-07-29T13:19:43,,,0,,,
TXN-0003887,ACC_MULE_0232,ACC_MULE_0174,108994.84,2026-07-29T13:28:21,28.593216,77.041293,2,2026-07-29T13:57:05,ATM_PNB_102,4.27
TXN-0003888,ACC_VIC_1111,ACC_MULE_0115,167024.33,2026-07-29T13:36:59,28.671372,77.272802,1,,,
TXN-0003889,ACC_NORM_2987,ACC_NORM_1823,10004.39,2026-07-29T13:45:38,,,0,,,
TXN-0003890,ACC_MULE_0297,ACC_MULE_0116,97044.86,2026-07-29T13:54:16,28.527634,77.162972,2,2026-07-29T14:07:25,ATM_HDFC_097,6.04
TXN-0003891,ACC_VIC_0474,ACC_MULE_0268,51274.88,2026-07-29T14:02:55,28.671192,77.170786,1,2026-07-29T14:30:14,ATM_ICICI_013,7.21
TXN-0003892,ACC_NORM_2355,ACC_NORM_2350,8078.49,2026-07-29T14:11:33,,,0,,,
TXN-0003893,ACC_NORM_1852,ACC_NORM_2267,2999.81,2026-07-29T14:20:11,,,0,,,
TXN-0003894,ACC_VIC_0876,ACC_MULE_0506,164593.65,2026-07-29T14:28:50,28.62333,77.226669,1,,,
TXN-0003895,ACC_MULE_0040,ACC_MULE_0147,118406.7,2026-07-29T14:37:28,28.61323,77.312138,2,2026-07-29T14:49:38,ATM_BOB_146,3.84
TXN-0003896,ACC_NORM_0362,ACC_NORM_2978,7142.59,2026-07-29T14:46:07,,,0,,,
TXN-0003897,ACC_VIC_1172,ACC_MULE_0348,189479.33,2026-07-29T14:54:45,28.551143,77.16178,1,,,
TXN-0003898,ACC_NORM_1022,ACC_NORM_1134,3047.55,2026-07-29T15:03:23,,,0,,,
TXN-0003899,ACC_NORM_1801,ACC_NORM_2458,23613.0,2026-07-29T15:12:02,,,0,,,
TXN-0003900,ACC_NORM_2285,ACC_NORM_1073,750.07,2026-07-29T15:20:40,,,0,,,
TXN-0003901,ACC_VIC_1119,ACC_MULE_0077,179265.88,2026-07-29T15:29:19,28.630225,77.224223,1,2026-07-29T15:49:09,ATM_HDFC_007,1.58
TXN-0003902,ACC_NORM_0057,ACC_NORM_2262,5255.52,2026-07-29T15:37:57,,,0,,,
TXN-0003903,ACC_VIC_1434,ACC_MULE_0358,158070.64,2026-07-29T15:46:35,28.570589,77.05818,1,2026-07-29T16:05:38,ATM_PNB_102,6.11
TXN-0003904,ACC_VIC_0343,ACC_MULE_0238,202619.98,2026-07-29T15:55:14,28.554033,77.261672,1,2026-07-29T16:08:03,ATM_UBI_067,4.15
TXN-0003905,ACC_MULE_0387,ACC_MULE_0497,190803.22,2026-07-29T16:03:52,28.572002,77.034111,2,2026-07-29T16:28:18,ATM_AXIS_108,6.0
TXN-0003906,ACC_VIC_0662,ACC_MULE_0251,200578.1,2026-07-29T16:12:31,28.683548,77.299162,1,2026-07-29T16:43:04,ATM_HDFC_170,3.97
TXN-0003907,ACC_VIC_0553,ACC_MULE_0128,113622.35,2026-07-29T16:21:09,28.611213,77.326477,1,2026-07-29T16:43:11,ATM_BOB_146,7.53
TXN-0003908,ACC_MULE_0499,ACC_MULE_0510,213297.03,2026-07-29T16:29:47,28.698115,77.105357,2,2026-07-29T16:55:26,ATM_ICICI_142,4.56
TXN-0003909,ACC_MULE_0012,ACC_MULE_0366,56998.21,2026-07-29T16:38:26,28.534772,77.150509,2,,,
TXN-0003910,ACC_VIC_0059,ACC_MULE_0176,207566.43,2026-07-29T16:47:04,28.577166,77.251892,1,2026-07-29T17:09:05,ATM_PNB_052,3.63
TXN-0003911,ACC_VIC_0172,ACC_MULE_0237,136076.2,2026-07-29T16:55:43,28.719482,77.123662,1,,,
TXN-0003912,ACC_NORM_2768,ACC_NORM_1021,6048.92,2026-07-29T17:04:21,,,0,,,
TXN-0003913,ACC_NORM_0266,ACC_NORM_2144,14883.8,2026-07-29T17:12:59,,,0,,,
TXN-0003914,ACC_VIC_0150,ACC_MULE_0496,140034.85,2026-07-29T17:21:38,28.611098,77.312746,1,,,
TXN-0003915,ACC_MULE_0430,ACC_MULE_0420,235323.92,2026-07-29T17:30:16,28.695728,77.098577,2,,,
TXN-0003916,ACC_MULE_0566,ACC_MULE_0250,151575.75,2026-07-29T17:38:55,28.630999,77.210563,2,,,
TXN-0003917,ACC_NORM_1975,ACC_NORM_2547,15149.51,2026-07-29T17:47:33,,,0,,,
TXN-0003918,ACC_NORM_1686,ACC_NORM_2056,8622.84,2026-07-29T17:56:11,,,0,,,
TXN-0003919,ACC_VIC_0571,ACC_MULE_0467,142928.26,2026-07-29T18:04:50,28.595233,77.040218,1,2026-07-29T18:15:33,ATM_UBI_100,1.59
TXN-0003920,ACC_VIC_0181,ACC_MULE_0286,175207.63,2026-07-29T18:13:28,28.596603,77.317959,1,,,
TXN-0003921,ACC_NORM_2025,ACC_NORM_1860,23684.27,2026-07-29T18:22:07,,,0,,,
TXN-0003922,ACC_VIC_0674,ACC_MULE_0080,213520.13,2026-07-29T18:30:45,28.71793,77.121454,1,2026-07-29T19:04:59,ATM_SBI_141,4.55
TXN-0003923,ACC_NORM_1333,ACC_NORM_1047,8228.5,2026-07-29T18:39:23,,,0,,,
TXN-0003924,ACC_MULE_0414,ACC_MULE_0336,230558.1,2026-07-29T18:48:02,28.624148,77.293549,2,2026-07-29T18:58:16,ATM_BOB_152,3.87
TXN-0003925,ACC_NORM_2748,ACC_NORM_2746,22334.33,2026-07-29T18:56:40,,,0,,,
TXN-0003926,ACC_VIC_0486,ACC_MULE_0347,86719.76,2026-07-29T19:05:19,28.572251,77.236353,1,2026-07-29T19:22:07,ATM_PNB_056,2.11
TXN-0003927,ACC_NORM_1197,ACC_NORM_0657,21491.51,2026-07-29T19:13:57,,,0,,,
TXN-0003928,ACC_NORM_1431,ACC_NORM_1714,5617.45,2026-07-29T19:22:35,,,0,,,
TXN-0003929,ACC_NORM_1300,ACC_NORM_0671,23659.56,2026-07-29T19:31:14,,,0,,,
TXN-0003930,ACC_VIC_0256,ACC_MULE_0537,120447.74,2026-07-29T19:39:52,28.549832,77.230026,1,2026-07-29T19:51:38,ATM_PNB_064,2.13
TXN-0003931,ACC_NORM_0636,ACC_NORM_1664,2956.37,2026-07-29T19:48:31,,,0,,,
TXN-0003932,ACC_VIC_1442,ACC_MULE_0485,76509.07,2026-07-29T19:57:09,28.711827,77.112972,1,2026-07-29T20:07:38,ATM_HDFC_130,4.72
TXN-0003933,ACC_NORM_2493,ACC_NORM_1950,24668.29,2026-07-29T20:05:47,,,0,,,
TXN-0003934,ACC_NORM_2182,ACC_NORM_2339,15587.85,2026-07-29T20:14:26,,,0,,,
TXN-0003935,ACC_NORM_0641,ACC_NORM_0805,4710.45,2026-07-29T20:23:04,,,0,,,
TXN-0003936,ACC_NORM_0896,ACC_NORM_0170,7319.1,2026-07-29T20:31:43,,,0,,,
TXN-0003937,ACC_NORM_1453,ACC_NORM_1307,3333.84,2026-07-29T20:40:21,,,0,,,
TXN-0003938,ACC_NORM_2513,ACC_NORM_0629,22854.0,2026-07-29T20:48:59,,,0,,,
TXN-0003939,ACC_NORM_0317,ACC_NORM_1748,15915.58,2026-07-29T20:57:38,,,0,,,
TXN-0003940,ACC_MULE_0431,ACC_MULE_0510,103286.5,2026-07-29T21:06:16,28.698115,77.105357,2,,,
TXN-0003941,ACC_NORM_2738,ACC_NORM_2263,15789.76,2026-07-29T21:14:55,,,0,,,
TXN-0003942,ACC_NORM_0276,ACC_NORM_0310,3492.54,2026-07-29T21:23:33,,,0,,,
TXN-0003943,ACC_VIC_1261,ACC_MULE_0457,184761.74,2026-07-29T21:32:11,28.722961,77.11012,1,2026-07-29T21:46:00,ATM_UBI_139,2.42
TXN-0003944,ACC_NORM_1018,ACC_NORM_0648,20763.47,2026-07-29T21:40:50,,,0,,,
TXN-0003945,ACC_NORM_0034,ACC_NORM_0054,19633.17,2026-07-29T21:49:28,,,0,,,
TXN-0003946,ACC_NORM_0042,ACC_NORM_1222,20815.4,2026-07-29T21:58:07,,,0,,,
TXN-0003947,ACC_NORM_1978,ACC_NORM_2046,2782.87,2026-07-29T22:06:45,,,0,,,
TXN-0003948,ACC_MULE_0403,ACC_MULE_0302,172865.76,2026-07-29T22:15:23,28.71834,77.120332,2,2026-07-29T22:29:27,ATM_ICICI_142,5.29
TXN-0003949,ACC_NORM_0243,ACC_NORM_1323,5617.5,2026-07-29T22:24:02,,,0,,,
TXN-0003950,ACC_VIC_0740,ACC_MULE_0446,159869.43,2026-07-29T22:32:40,28.557889,77.252555,1,2026-07-29T22:44:09,ATM_PNB_052,2.89
TXN-0003951,ACC_NORM_1897,ACC_NORM_2865,22937.93,2026-07-29T22:41:19,,,0,,,
TXN-0003952,ACC_NORM_1601,ACC_NORM_2312,11192.34,2026-07-29T22:49:57,,,0,,,
TXN-0003953,ACC_MULE_0282,ACC_MULE_0346,241065.45,2026-07-29T22:58:35,28.613147,77.329567,2,2026-07-29T23:19:02,ATM_UBI_150,8.8
TXN-0003954,ACC_NORM_2525,ACC_NORM_2028,16753.46,2026-07-29T23:07:14,,,0,,,
TXN-0003955,ACC_NORM_2768,ACC_NORM_2469,6033.37,2026-07-29T23:15:52,,,0,,,
TXN-0003956,ACC_VIC_1494,ACC_MULE_0507,75677.21,2026-07-29T23:24:31,28.565333,77.249784,1,2026-07-29T23:53:29,ATM_PNB_052,0.41
TXN-0003957,ACC_NORM_1988,ACC_NORM_1367,17589.46,2026-07-29T23:33:09,,,0,,,
TXN-0003958,ACC_VIC_1265,ACC_MULE_0025,176466.41,2026-07-29T23:41:47,28.642855,77.225146,1,2026-07-30T00:06:35,ATM_ICICI_019,6.36
TXN-0003959,ACC_NORM_0748,ACC_NORM_2193,14580.46,2026-07-29T23:50:26,,,0,,,
TXN-0003960,ACC_NORM_0670,ACC_NORM_1533,13367.88,2026-07-29T23:59:04,,,0,,,
TXN-0003961,ACC_VIC_0573,ACC_MULE_0225,177032.26,2026-07-30T00:07:43,28.585154,77.052379,1,2026-07-30T00:24:46,ATM_PNB_102,1.69
TXN-0003962,ACC_NORM_0269,ACC_NORM_0526,6629.51,2026-07-30T00:16:21,,,0,,,
TXN-0003963,ACC_NORM_2925,ACC_NORM_2095,23063.37,2026-07-30T00:24:59,,,0,,,
TXN-0003964,ACC_VIC_0244,ACC_MULE_0113,183562.17,2026-07-30T00:33:38,28.557089,77.236349,1,2026-07-30T00:50:15,ATM_HDFC_070,7.97
TXN-0003965,ACC_NORM_0788,ACC_NORM_1152,21749.0,2026-07-30T00:42:16,,,0,,,
TXN-0003966,ACC_NORM_1786,ACC_NORM_2291,20788.96,2026-07-30T00:50:55,,,0,,,
TXN-0003967,ACC_NORM_0017,ACC_NORM_0329,6629.6,2026-07-30T00:59:33,,,0,,,
TXN-0003968,ACC_NORM_1320,ACC_NORM_1051,14933.87,2026-07-30T01:08:11,,,0,,,
TXN-0003969,ACC_NORM_2454,ACC_NORM_1128,6119.09,2026-07-30T01:16:50,,,0,,,
TXN-0003970,ACC_NORM_1564,ACC_NORM_2462,875.39,2026-07-30T01:25:28,,,0,,,
TXN-0003971,ACC_NORM_0726,ACC_NORM_0836,2464.99,2026-07-30T01:34:07,,,0,,,
TXN-0003972,ACC_NORM_2324,ACC_NORM_2220,22596.61,2026-07-30T01:42:45,,,0,,,
TXN-0003973,ACC_NORM_1795,ACC_NORM_0834,12284.2,2026-07-30T01:51:23,,,0,,,
TXN-0003974,ACC_NORM_1606,ACC_NORM_0760,10338.71,2026-07-30T02:00:02,,,0,,,
TXN-0003975,ACC_NORM_1384,ACC_NORM_2996,3464.49,2026-07-30T02:08:40,,,0,,,
TXN-0003976,ACC_NORM_1455,ACC_NORM_0334,4927.78,2026-07-30T02:17:19,,,0,,,
TXN-0003977,ACC_VIC_1119,ACC_MULE_0297,207622.67,2026-07-30T02:25:57,28.635371,77.294753,1,2026-07-30T02:44:00,ATM_SBI_149,2.91
TXN-0003978,ACC_NORM_1909,ACC_NORM_1160,24649.11,2026-07-30T02:34:35,,,0,,,
TXN-0003979,ACC_MULE_0026,ACC_MULE_0201,169475.3,2026-07-30T02:43:14,28.582507,77.063214,2,2026-07-30T02:57:34,ATM_PNB_102,3.07
TXN-0003980,ACC_NORM_2429,ACC_NORM_1731,20367.38,2026-07-30T02:51:52,,,0,,,
TXN-0003981,ACC_NORM_1999,ACC_NORM_1280,10667.16,2026-07-30T03:00:31,,,0,,,
TXN-0003982,ACC_NORM_1664,ACC_NORM_0314,7498.29,2026-07-30T03:09:09,,,0,,,
TXN-0003983,ACC_MULE_0442,ACC_MULE_0524,78037.0,2026-07-30T03:17:47,28.630137,77.233788,2,2026-07-30T03:38:36,ATM_BOB_020,5.31
TXN-0003984,ACC_NORM_2927,ACC_NORM_1533,4353.36,2026-07-30T03:26:26,,,0,,,
TXN-0003985,ACC_NORM_2184,ACC_NORM_2934,9029.08,2026-07-30T03:35:04,,,0,,,
TXN-0003986,ACC_NORM_1304,ACC_NORM_1794,15108.28,2026-07-30T03:43:43,,,0,,,
TXN-0003987,ACC_NORM_2215,ACC_NORM_0482,6834.97,2026-07-30T03:52:21,,,0,,,
TXN-0003988,ACC_NORM_0148,ACC_NORM_1330,15453.82,2026-07-30T04:00:59,,,0,,,
TXN-0003989,ACC_VIC_1438,ACC_MULE_0564,68639.25,2026-07-30T04:09:38,28.52182,77.15837,1,2026-07-30T04:18:06,ATM_BOB_094,3.43
TXN-0003990,ACC_NORM_0475,ACC_NORM_1435,23051.22,2026-07-30T04:18:16,,,0,,,
TXN-0003991,ACC_NORM_1686,ACC_NORM_1046,24462.37,2026-07-30T04:26:55,,,0,,,
TXN-0003992,ACC_NORM_0988,ACC_NORM_2691,20950.81,2026-07-30T04:35:33,,,0,,,
TXN-0003993,ACC_VIC_0157,ACC_MULE_0161,205345.55,2026-07-30T04:44:11,28.726696,77.148605,1,2026-07-30T05:12:57,ATM_KOTAK_138,10.47
TXN-0003994,ACC_VIC_1134,ACC_MULE_0379,196426.31,2026-07-30T04:52:50,28.688001,77.103054,1,2026-07-30T05:06:45,ATM_SBI_141,6.53
TXN-0003995,ACC_NORM_2698,ACC_NORM_0437,3682.12,2026-07-30T05:01:28,,,0,,,
TXN-0003996,ACC_MULE_0254,ACC_MULE_0121,91593.49,2026-07-30T05:10:07,28.596525,77.301749,2,2026-07-30T05:39:22,ATM_UBI_150,8.76
TXN-0003997,ACC_NORM_2091,ACC_NORM_0542,1819.16,2026-07-30T05:18:45,,,0,,,
TXN-0003998,ACC_NORM_0635,ACC_NORM_1074,19029.53,2026-07-30T05:27:23,,,0,,,
TXN-0003999,ACC_VIC_0377,ACC_MULE_0075,70230.77,2026-07-30T05:36:02,28.630002,77.321481,1,2026-07-30T06:05:33,ATM_UBI_150,6.17
TXN-0004000,ACC_VIC_0481,ACC_MULE_0042,50314.74,2026-07-30T05:44:40,28.676975,77.302079,1,,,
TXN-0004001,ACC_VIC_0349,ACC_MULE_0321,166678.68,2026-07-30T05:53:19,28.625132,77.330194,1,2026-07-30T06:14:44,ATM_BOB_146,7.82
TXN-0004002,ACC_NORM_2717,ACC_NORM_2052,20315.83,2026-07-30T06:01:57,,,0,,,
TXN-0004003,ACC_VIC_0622,ACC_MULE_0409,112458.73,2026-07-30T06:10:35,28.65197,77.202056,1,2026-07-30T06:35:55,ATM_PNB_003,8.1
TXN-0004004,ACC_VIC_1496,ACC_MULE_0442,218175.36,2026-07-30T06:19:14,28.696744,77.110089,1,2026-07-30T06:36:17,ATM_SBI_141,3.32
TXN-0004005,ACC_VIC_0163,ACC_MULE_0582,224970.88,2026-07-30T06:27:52,28.534738,77.25854,1,2026-07-30T06:51:39,ATM_ICICI_087,16.24
TXN-0004006,ACC_NORM_1219,ACC_NORM_0904,10121.01,2026-07-30T06:36:31,,,0,,,
TXN-0004007,ACC_MULE_0129,ACC_MULE_0010,241908.99,2026-07-30T06:45:09,28.523741,77.139855,2,2026-07-30T06:57:41,ATM_UBI_093,0.88
TXN-0004008,ACC_NORM_0923,ACC_NORM_1341,4198.82,2026-07-30T06:53:47,,,0,,,
TXN-0004009,ACC_VIC_0811,ACC_MULE_0090,89346.87,2026-07-30T07:02:26,28.722036,77.134927,1,2026-07-30T07:30:09,ATM_ICICI_142,7.58
TXN-0004010,ACC_NORM_2714,ACC_NORM_2139,7492.08,2026-07-30T07:11:04,,,0,,,
TXN-0004011,ACC_NORM_1247,ACC_NORM_2694,5252.38,2026-07-30T07:19:43,,,0,,,
TXN-0004012,ACC_NORM_0890,ACC_NORM_0673,9418.27,2026-07-30T07:28:21,,,0,,,
TXN-0004013,ACC_NORM_0288,ACC_NORM_1879,21710.75,2026-07-30T07:36:59,,,0,,,
TXN-0004014,ACC_NORM_1340,ACC_NORM_1909,13149.09,2026-07-30T07:45:38,,,0,,,
TXN-0004015,ACC_NORM_1157,ACC_NORM_2662,21214.89,2026-07-30T07:54:16,,,0,,,
TXN-0004016,ACC_VIC_0666,ACC_MULE_0443,89593.95,2026-07-30T08:02:55,28.68019,77.297611,1,2026-07-30T08:19:57,ATM_BOB_163,1.95
TXN-0004017,ACC_VIC_1357,ACC_MULE_0104,137556.2,2026-07-30T08:11:33,28.640872,77.199477,1,2026-07-30T08:26:04,ATM_ICICI_004,4.86
TXN-0004018,ACC_NORM_1610,ACC_NORM_0312,10385.47,2026-07-30T08:20:11,,,0,,,
TXN-0004019,ACC_VIC_0604,ACC_MULE_0596,151825.19,2026-07-30T08:28:50,28.637205,77.205394,1,2026-07-30T08:37:23,ATM_PNB_003,3.73
TXN-0004020,ACC_NORM_2365,ACC_NORM_1329,8585.36,2026-07-30T08:37:28,,,0,,,
TXN-0004021,ACC_NORM_1423,ACC_NORM_0708,11888.37,2026-07-30T08:46:07,,,0,,,
TXN-0004022,ACC_NORM_0110,ACC_NORM_0772,22671.39,2026-07-30T08:54:45,,,0,,,
TXN-0004023,ACC_MULE_0466,ACC_MULE_0483,247501.53,2026-07-30T09:03:23,28.701011,77.126097,2,,,
TXN-0004024,ACC_NORM_1848,ACC_NORM_1260,17462.53,2026-07-30T09:12:02,,,0,,,
TXN-0004025,ACC_VIC_1209,ACC_MULE_0047,149145.81,2026-07-30T09:20:40,28.644605,77.186096,1,2026-07-30T09:36:12,ATM_UBI_016,1.59
TXN-0004026,ACC_VIC_0446,ACC_MULE_0118,104987.45,2026-07-30T09:29:19,28.710969,77.10624,1,2026-07-30T09:51:07,ATM_UBI_135,2.92
TXN-0004027,ACC_VIC_1034,ACC_MULE_0134,97169.2,2026-07-30T09:37:57,28.571381,77.042904,1,2026-07-30T10:00:15,ATM_AXIS_104,4.44
TXN-0004028,ACC_NORM_1638,ACC_NORM_2653,5848.92,2026-07-30T09:46:35,,,0,,,
TXN-0004029,ACC_VIC_0053,ACC_MULE_0126,94103.12,2026-07-30T09:55:14,28.655625,77.302481,1,2026-07-30T10:18:27,ATM_BOB_163,8.78
TXN-0004030,ACC_NORM_2771,ACC_NORM_0403,15607.47,2026-07-30T10:03:52,,,0,,,
TXN-0004031,ACC_NORM_0925,ACC_NORM_0415,20054.34,2026-07-30T10:12:31,,,0,,,
TXN-0004032,ACC_NORM_0556,ACC_NORM_0320,3734.38,2026-07-30T10:21:09,,,0,,,
TXN-0004033,ACC_MULE_0332,ACC_MULE_0125,72891.68,2026-07-30T10:29:47,28.555925,77.15922,2,,,
TXN-0004034,ACC_NORM_0634,ACC_NORM_1233,12791.2,2026-07-30T10:38:26,,,0,,,
TXN-0004035,ACC_NORM_1991,ACC_NORM_1026,8379.25,2026-07-30T10:47:04,,,0,,,
TXN-0004036,ACC_NORM_2726,ACC_NORM_2221,17206.31,2026-07-30T10:55:43,,,0,,,
TXN-0004037,ACC_NORM_2786,ACC_NORM_1698,5855.04,2026-07-30T11:04:21,,,0,,,
TXN-0004038,ACC_NORM_0725,ACC_NORM_1432,1734.82,2026-07-30T11:12:59,,,0,,,
TXN-0004039,ACC_MULE_0291,ACC_MULE_0003,178738.75,2026-07-30T11:21:38,28.705348,77.141585,2,,,
TXN-0004040,ACC_VIC_0026,ACC_MULE_0365,197827.56,2026-07-30T11:30:16,28.689727,77.274274,1,2026-07-30T12:01:07,ATM_HDFC_170,5.27
TXN-0004041,ACC_NORM_2768,ACC_NORM_1287,5905.4,2026-07-30T11:38:55,,,0,,,
TXN-0004042,ACC_NORM_2171,ACC_NORM_2520,23413.96,2026-07-30T11:47:33,,,0,,,
TXN-0004043,ACC_VIC_0814,ACC_MULE_0091,125765.46,2026-07-30T11:56:11,28.670926,77.270481,1,,,
TXN-0004044,ACC_MULE_0413,ACC_MULE_0301,127395.52,2026-07-30T12:04:50,28.637479,77.213017,2,2026-07-30T12:24:16,ATM_HDFC_002,3.28
TXN-0004045,ACC_NORM_1285,ACC_NORM_1578,11097.28,2026-07-30T12:13:28,,,0,,,
TXN-0004046,ACC_MULE_0463,ACC_MULE_0346,60416.32,2026-07-30T12:22:07,28.613147,77.329567,2,2026-07-30T12:45:49,ATM_PNB_160,13.11
TXN-0004047,ACC_NORM_1878,ACC_NORM_2864,5290.25,2026-07-30T12:30:45,,,0,,,
TXN-0004048,ACC_MULE_0556,ACC_MULE_0446,244559.37,2026-07-30T12:39:23,28.557889,77.252555,2,,,
TXN-0004049,ACC_NORM_2710,ACC_NORM_1428,15854.51,2026-07-30T12:48:02,,,0,,,
TXN-0004050,ACC_VIC_0625,ACC_MULE_0406,227208.95,2026-07-30T12:56:40,28.641219,77.286214,1,2026-07-30T13:25:17,ATM_PNB_160,6.87
TXN-0004051,ACC_NORM_2501,ACC_NORM_0914,11701.43,2026-07-30T13:05:19,,,0,,,
TXN-0004052,ACC_NORM_2566,ACC_NORM_0742,7891.25,2026-07-30T13:13:57,,,0,,,
TXN-0004053,ACC_VIC_1488,ACC_MULE_0074,184726.2,2026-07-30T13:22:35,28.63537,77.289262,1,2026-07-30T13:30:15,ATM_BOB_155,2.3
TXN-0004054,ACC_VIC_1114,ACC_MULE_0454,144826.04,2026-07-30T13:31:14,28.608527,77.299857,1,2026-07-30T13:51:37,ATM_UBI_150,4.9
TXN-0004055,ACC_NORM_1659,ACC_NORM_1656,22422.65,2026-07-30T13:39:52,,,0,,,
TXN-0004056,ACC_NORM_2251,ACC_NORM_1808,7511.97,2026-07-30T13:48:31,,,0,,,
TXN-0004057,ACC_VIC_1167,ACC_MULE_0027,73360.68,2026-07-30T13:57:09,28.651503,77.200087,1,2026-07-30T14:12:32,ATM_UBI_016,2.96
TXN-0004058,ACC_VIC_0150,ACC_MULE_0354,192584.02,2026-07-30T14:05:47,28.720119,77.104607,1,2026-07-30T14:23:38,ATM_ICICI_142,7.45
TXN-0004059,ACC_VIC_0685,ACC_MULE_0508,94902.04,2026-07-30T14:14:26,28.704011,77.109571,1,2026-07-30T14:33:01,ATM_SBI_141,1.07
TXN-0004060,ACC_MULE_0332,ACC_MULE_0143,203770.19,2026-07-30T14:23:04,28.623659,77.314846,2,,,
TXN-0004061,ACC_NORM_0630,ACC_NORM_0977,1290.21,2026-07-30T14:31:43,,,0,,,
TXN-0004062,ACC_NORM_2497,ACC_NORM_0729,11816.91,2026-07-30T14:40:21,,,0,,,
TXN-0004063,ACC_NORM_0349,ACC_NORM_1536,1603.94,2026-07-30T14:48:59,,,0,,,
TXN-0004064,ACC_NORM_1286,ACC_NORM_1412,5003.87,2026-07-30T14:57:38,,,0,,,
TXN-0004065,ACC_VIC_0841,ACC_MULE_0443,208396.92,2026-07-30T15:06:16,28.68019,77.297611,1,2026-07-30T15:29:19,ATM_BOB_167,3.28
TXN-0004066,ACC_NORM_0928,ACC_NORM_0823,23829.74,2026-07-30T15:14:55,,,0,,,
TXN-0004067,ACC_NORM_1766,ACC_NORM_2428,9523.77,2026-07-30T15:23:33,,,0,,,
TXN-0004068,ACC_NORM_2209,ACC_NORM_0356,24643.38,2026-07-30T15:32:11,,,0,,,
TXN-0004069,ACC_VIC_1300,ACC_MULE_0430,230066.73,2026-07-30T15:40:50,28.58049,77.25331,1,2026-07-30T16:00:02,ATM_PNB_052,4.77
TXN-0004070,ACC_NORM_1318,ACC_NORM_1928,18398.35,2026-07-30T15:49:28,,,0,,,
TXN-0004071,ACC_VIC_0133,ACC_MULE_0188,219606.77,2026-07-30T15:58:07,28.576781,77.047736,1,2026-07-30T16:32:45,ATM_PNB_102,4.67
TXN-0004072,ACC_NORM_0764,ACC_NORM_0912,18766.16,2026-07-30T16:06:45,,,0,,,
TXN-0004073,ACC_NORM_2741,ACC_NORM_1245,8743.31,2026-07-30T16:15:23,,,0,,,
TXN-0004074,ACC_MULE_0188,ACC_MULE_0010,57373.76,2026-07-30T16:24:02,28.523741,77.139855,2,,,
TXN-0004075,ACC_NORM_0912,ACC_NORM_2940,6035.46,2026-07-30T16:32:40,,,0,,,
TXN-0004076,ACC_NORM_2233,ACC_NORM_2471,7496.02,2026-07-30T16:41:19,,,0,,,
TXN-0004077,ACC_NORM_0921,ACC_NORM_1635,13813.51,2026-07-30T16:49:57,,,0,,,
TXN-0004078,ACC_NORM_1937,ACC_NORM_1110,13577.89,2026-07-30T16:58:35,,,0,,,
TXN-0004079,ACC_NORM_2646,ACC_NORM_0082,15707.97,2026-07-30T17:07:14,,,0,,,
TXN-0004080,ACC_NORM_1418,ACC_NORM_0269,17841.12,2026-07-30T17:15:52,,,0,,,
TXN-0004081,ACC_NORM_0496,ACC_NORM_1114,2457.22,2026-07-30T17:24:31,,,0,,,
TXN-0004082,ACC_NORM_1343,ACC_NORM_0201,21872.74,2026-07-30T17:33:09,,,0,,,
TXN-0004083,ACC_NORM_2789,ACC_NORM_2026,15240.96,2026-07-30T17:41:47,,,0,,,
TXN-0004084,ACC_NORM_1811,ACC_NORM_1899,4223.5,2026-07-30T17:50:26,,,0,,,
TXN-0004085,ACC_MULE_0465,ACC_MULE_0010,63723.93,2026-07-30T17:59:04,28.523741,77.139855,2,2026-07-30T18:11:58,ATM_BOB_094,1.99
TXN-0004086,ACC_NORM_2951,ACC_NORM_1777,6573.8,2026-07-30T18:07:43,,,0,,,
TXN-0004087,ACC_NORM_0730,ACC_NORM_0889,19416.48,2026-07-30T18:16:21,,,0,,,
TXN-0004088,ACC_NORM_2144,ACC_NORM_2620,24424.53,2026-07-30T18:24:59,,,0,,,
TXN-0004089,ACC_NORM_2987,ACC_NORM_1839,10344.06,2026-07-30T18:33:38,,,0,,,
TXN-0004090,ACC_NORM_1392,ACC_NORM_2724,12084.5,2026-07-30T18:42:16,,,0,,,
TXN-0004091,ACC_VIC_0562,ACC_MULE_0371,86508.77,2026-07-30T18:50:55,28.520659,77.211817,1,2026-07-30T19:09:04,ATM_HDFC_086,4.5
TXN-0004092,ACC_NORM_2879,ACC_NORM_1144,1584.51,2026-07-30T18:59:33,,,0,,,
TXN-0004093,ACC_MULE_0258,ACC_MULE_0563,242912.25,2026-07-30T19:08:11,28.64675,77.220403,2,2026-07-30T19:24:40,ATM_ICICI_004,6.92
TXN-0004094,ACC_VIC_1430,ACC_MULE_0537,242864.06,2026-07-30T19:16:50,28.549832,77.230026,1,2026-07-30T19:34:00,ATM_PNB_064,2.13
TXN-0004095,ACC_NORM_0935,ACC_NORM_1569,19377.04,2026-07-30T19:25:28,,,0,,,
TXN-0004096,ACC_MULE_0034,ACC_MULE_0318,184305.52,2026-07-30T19:34:07,28.551186,77.232912,2,2026-07-30T20:00:02,ATM_UBI_067,4.86
TXN-0004097,ACC_NORM_1333,ACC_NORM_1634,19775.29,2026-07-30T19:42:45,,,0,,,
TXN-0004098,ACC_NORM_1813,ACC_NORM_0401,20476.91,2026-07-30T19:51:23,,,0,,,
TXN-0004099,ACC_NORM_1541,ACC_NORM_1922,2310.19,2026-07-30T20:00:02,,,0,,,
TXN-0004100,ACC_MULE_0269,ACC_MULE_0118,195751.34,2026-07-30T20:08:40,28.710969,77.10624,2,2026-07-30T20:26:40,ATM_ICICI_133,7.1
TXN-0004101,ACC_NORM_2598,ACC_NORM_1948,14101.91,2026-07-30T20:17:19,,,0,,,
TXN-0004102,ACC_NORM_1953,ACC_NORM_0547,10767.09,2026-07-30T20:25:57,,,0,,,
TXN-0004103,ACC_VIC_1176,ACC_MULE_0497,216358.33,2026-07-30T20:34:35,28.572002,77.034111,1,2026-07-30T20:54:10,ATM_AXIS_101,9.99
TXN-0004104,ACC_VIC_0112,ACC_MULE_0075,92450.49,2026-07-30T20:43:14,28.630002,77.321481,1,2026-07-30T21:11:17,ATM_UBI_150,6.17
TXN-0004105,ACC_VIC_1474,ACC_MULE_0226,128881.61,2026-07-30T20:51:52,28.641207,77.298371,1,2026-07-30T21:10:11,ATM_PNB_160,7.98
TXN-0004106,ACC_NORM_2530,ACC_NORM_0414,21054.76,2026-07-30T21:00:31,,,0,,,
TXN-0004107,ACC_VIC_0506,ACC_MULE_0391,64783.64,2026-07-30T21:09:09,28.613544,77.289368,1,2026-07-30T21:22:27,ATM_PNB_160,2.59
TXN-0004108,ACC_NORM_2511,ACC_NORM_2447,2039.04,2026-07-30T21:17:47,,,0,,,
TXN-0004109,ACC_NORM_0313,ACC_NORM_1232,3512.86,2026-07-30T21:26:26,,,0,,,
TXN-0004110,ACC_NORM_1452,ACC_NORM_1932,5938.14,2026-07-30T21:35:04,,,0,,,
TXN-0004111,ACC_VIC_1198,ACC_MULE_0261,225359.98,2026-07-30T21:43:43,28.635448,77.189217,1,2026-07-30T22:05:53,ATM_UBI_016,3.61
TXN-0004112,ACC_VIC_0423,ACC_MULE_0027,223539.77,2026-07-30T21:52:21,28.651503,77.200087,1,2026-07-30T21:59:55,ATM_UBI_016,2.96
TXN-0004113,ACC_NORM_2382,ACC_NORM_2492,20063.0,2026-07-30T22:00:59,,,0,,,
TXN-0004114,ACC_NORM_0488,ACC_NORM_0748,5929.46,2026-07-30T22:09:38,,,0,,,
TXN-0004115,ACC_NORM_2363,ACC_NORM_2897,15900.51,2026-07-30T22:18:16,,,0,,,
TXN-0004116,ACC_NORM_1637,ACC_NORM_1148,21074.97,2026-07-30T22:26:55,,,0,,,
TXN-0004117,ACC_NORM_2860,ACC_NORM_0268,24119.75,2026-07-30T22:35:33,,,0,,,
TXN-0004118,ACC_NORM_1306,ACC_NORM_1375,19673.2,2026-07-30T22:44:11,,,0,,,
TXN-0004119,ACC_MULE_0385,ACC_MULE_0185,222921.46,2026-07-30T22:52:50,28.717267,77.149642,2,,,
TXN-0004120,ACC_MULE_0100,ACC_MULE_0345,97675.73,2026-07-30T23:01:28,28.695081,77.130814,2,2026-07-30T23:13:43,ATM_ICICI_142,3.55
TXN-0004121,ACC_NORM_1830,ACC_NORM_2113,14378.9,2026-07-30T23:10:07,,,0,,,
TXN-0004122,ACC_VIC_1239,ACC_MULE_0178,227835.15,2026-07-30T23:18:45,28.550068,77.252257,1,2026-07-30T23:40:43,ATM_ICICI_068,4.0
TXN-0004123,ACC_VIC_1365,ACC_MULE_0228,193941.56,2026-07-30T23:27:23,28.643098,77.214977,1,2026-07-30T23:37:52,ATM_HDFC_007,3.49
TXN-0004124,ACC_VIC_1357,ACC_MULE_0138,90698.15,2026-07-30T23:36:02,28.548841,77.227947,1,2026-07-30T23:59:17,ATM_PNB_062,6.01
TXN-0004125,ACC_MULE_0370,ACC_MULE_0035,121368.76,2026-07-30T23:44:40,28.630198,77.226643,2,2026-07-31T00:05:58,ATM_HDFC_006,4.93
TXN-0004126,ACC_NORM_2152,ACC_NORM_2803,22585.56,2026-07-30T23:53:19,,,0,,,
TXN-0004127,ACC_NORM_1565,ACC_NORM_2185,2800.65,2026-07-31T00:01:57,,,0,,,
TXN-0004128,ACC_VIC_0491,ACC_MULE_0209,151952.6,2026-07-31T00:10:35,28.633132,77.323579,1,2026-07-31T00:29:16,ATM_UBI_150,7.1
TXN-0004129,ACC_NORM_0803,ACC_NORM_2692,22028.58,2026-07-31T00:19:14,,,0,,,
TXN-0004130,ACC_VIC_1415,ACC_MULE_0070,157159.61,2026-07-31T00:27:52,28.600094,77.031002,1,,,
TXN-0004131,ACC_MULE_0239,ACC_MULE_0437,136426.39,2026-07-31T00:36:31,28.584929,77.249474,2,,,
TXN-0004132,ACC_MULE_0183,ACC_MULE_0271,187800.95,2026-07-31T00:45:09,28.60341,77.322026,2,2026-07-31T00:57:40,ATM_KOTAK_145,7.16
TXN-0004133,ACC_NORM_0123,ACC_NORM_1538,10356.38,2026-07-31T00:53:47,,,0,,,
TXN-0004134,ACC_NORM_1095,ACC_NORM_2091,11809.7,2026-07-31T01:02:26,,,0,,,
TXN-0004135,ACC_NORM_1047,ACC_NORM_2800,1393.09,2026-07-31T01:11:04,,,0,,,
TXN-0004136,ACC_MULE_0544,ACC_MULE_0274,156353.16,2026-07-31T01:19:43,28.722622,77.133846,2,2026-07-31T01:35:13,ATM_HDFC_130,7.51
TXN-0004137,ACC_VIC_0177,ACC_MULE_0325,143038.89,2026-07-31T01:28:21,28.640025,77.300016,1,2026-07-31T02:03:37,ATM_UBI_150,5.24
TXN-0004138,ACC_NORM_2227,ACC_NORM_0129,11681.22,2026-07-31T01:36:59,,,0,,,
TXN-0004139,ACC_VIC_1435,ACC_MULE_0571,188717.8,2026-07-31T01:45:38,28.573181,77.042964,1,2026-07-31T02:12:42,ATM_PNB_102,6.37
TXN-0004140,ACC_NORM_0652,ACC_NORM_1432,6573.04,2026-07-31T01:54:16,,,0,,,
TXN-0004141,ACC_VIC_0586,ACC_MULE_0400,101674.71,2026-07-31T02:02:55,28.637563,77.319463,1,,,
TXN-0004142,ACC_VIC_1116,ACC_MULE_0232,237848.83,2026-07-31T02:11:33,28.700281,77.118178,1,2026-07-31T02:27:44,ATM_SBI_132,2.39
TXN-0004143,ACC_NORM_1528,ACC_NORM_2065,10308.64,2026-07-31T02:20:11,,,0,,,
TXN-0004144,ACC_NORM_0651,ACC_NORM_1631,2997.04,2026-07-31T02:28:50,,,0,,,
TXN-0004145,ACC_VIC_0016,ACC_MULE_0225,78957.56,2026-07-31T02:37:28,28.585154,77.052379,1,2026-07-31T02:52:36,ATM_PNB_102,1.69
TXN-0004146,ACC_NORM_0260,ACC_NORM_2200,24574.41,2026-07-31T02:46:07,,,0,,,
TXN-0004147,ACC_VIC_0017,ACC_MULE_0271,81044.99,2026-07-31T02:54:45,28.60341,77.322026,1,2026-07-31T03:12:55,ATM_UBI_150,8.87
TXN-0004148,ACC_MULE_0343,ACC_MULE_0154,151619.68,2026-07-31T03:03:23,28.617262,77.287712,2,2026-07-31T03:17:15,ATM_UBI_150,4.25
TXN-0004149,ACC_MULE_0493,ACC_MULE_0578,181980.75,2026-07-31T03:12:02,28.653891,77.189816,2,2026-07-31T03:24:36,ATM_UBI_016,2.4
TXN-0004150,ACC_NORM_1560,ACC_NORM_2214,16915.46,2026-07-31T03:20:40,,,0,,,
TXN-0004151,ACC_NORM_1598,ACC_NORM_2190,7384.77,2026-07-31T03:29:19,,,0,,,
TXN-0004152,ACC_NORM_0022,ACC_NORM_0509,9309.99,2026-07-31T03:37:57,,,0,,,
TXN-0004153,ACC_VIC_0143,ACC_MULE_0480,74556.05,2026-07-31T03:46:35,28.595802,77.063709,1,,,
TXN-0004154,ACC_NORM_1683,ACC_NORM_0289,5940.12,2026-07-31T03:55:14,,,0,,,
TXN-0004155,ACC_NORM_0478,ACC_NORM_1559,18535.22,2026-07-31T04:03:52,,,0,,,
TXN-0004156,ACC_NORM_1624,ACC_NORM_2337,11265.1,2026-07-31T04:12:31,,,0,,,
TXN-0004157,ACC_NORM_0880,ACC_NORM_1278,3932.83,2026-07-31T04:21:09,,,0,,,
TXN-0004158,ACC_NORM_2249,ACC_NORM_1923,20292.04,2026-07-31T04:29:47,,,0,,,
TXN-0004159,ACC_NORM_2846,ACC_NORM_1544,22709.24,2026-07-31T04:38:26,,,0,,,
TXN-0004160,ACC_NORM_1919,ACC_NORM_0622,21066.69,2026-07-31T04:47:04,,,0,,,
TXN-0004161,ACC_MULE_0049,ACC_MULE_0385,199531.52,2026-07-31T04:55:43,28.626159,77.301673,2,2026-07-31T05:15:26,ATM_UBI_150,0.81
TXN-0004162,ACC_NORM_2259,ACC_NORM_0990,11758.68,2026-07-31T05:04:21,,,0,,,
TXN-0004163,ACC_MULE_0498,ACC_MULE_0430,131553.07,2026-07-31T05:12:59,28.58049,77.25331,2,2026-07-31T05:30:18,ATM_PNB_052,4.77
TXN-0004164,ACC_NORM_0641,ACC_NORM_0615,18829.22,2026-07-31T05:21:38,,,0,,,
TXN-0004165,ACC_VIC_0596,ACC_MULE_0144,88536.13,2026-07-31T05:30:16,28.61105,77.298229,1,,,
TXN-0004166,ACC_NORM_0201,ACC_NORM_2453,13496.31,2026-07-31T05:38:55,,,0,,,
TXN-0004167,ACC_VIC_0216,ACC_MULE_0131,249007.66,2026-07-31T05:47:33,28.606603,77.040184,1,2026-07-31T06:07:17,ATM_AXIS_103,4.49
TXN-0004168,ACC_VIC_1478,ACC_MULE_0442,246269.75,2026-07-31T05:56:11,28.696744,77.110089,1,,,
TXN-0004169,ACC_VIC_0794,ACC_MULE_0189,242601.27,2026-07-31T06:04:50,28.558852,77.224302,1,,,
TXN-0004170,ACC_NORM_0708,ACC_NORM_2987,18713.0,2026-07-31T06:13:28,,,0,,,
TXN-0004171,ACC_NORM_2131,ACC_NORM_2425,18234.79,2026-07-31T06:22:07,,,0,,,
TXN-0004172,ACC_NORM_1468,ACC_NORM_0268,17712.89,2026-07-31T06:30:45,,,0,,,
TXN-0004173,ACC_NORM_2083,ACC_NORM_0256,13274.2,2026-07-31T06:39:23,,,0,,,
TXN-0004174,ACC_NORM_0710,ACC_NORM_2780,2586.86,2026-07-31T06:48:02,,,0,,,
TXN-0004175,ACC_NORM_0782,ACC_NORM_0261,7933.72,2026-07-31T06:56:40,,,0,,,
TXN-0004176,ACC_NORM_1809,ACC_NORM_0623,11196.77,2026-07-31T07:05:19,,,0,,,
TXN-0004177,ACC_MULE_0272,ACC_MULE_0282,174705.72,2026-07-31T07:13:57,28.718405,77.12842,2,2026-07-31T07:31:22,ATM_BOB_144,6.01
TXN-0004178,ACC_MULE_0148,ACC_MULE_0125,93091.11,2026-07-31T07:22:35,28.555925,77.15922,2,2026-07-31T07:39:41,ATM_BOB_094,11.76
TXN-0004179,ACC_NORM_1222,ACC_NORM_1290,20680.51,2026-07-31T07:31:14,,,0,,,
TXN-0004180,ACC_VIC_0925,ACC_MULE_0267,210235.41,2026-07-31T07:39:52,28.570518,77.060566,1,,,
TXN-0004181,ACC_NORM_0046,ACC_NORM_0278,18950.2,2026-07-31T07:48:31,,,0,,,
TXN-0004182,ACC_VIC_0313,ACC_MULE_0558,64303.48,2026-07-31T07:57:09,28.696024,77.114174,1,2026-07-31T08:10:07,ATM_AXIS_128,1.68
TXN-0004183,ACC_MULE_0396,ACC_MULE_0241,185070.74,2026-07-31T08:05:47,28.646924,77.17685,2,2026-07-31T08:14:01,ATM_SBI_011,1.21
TXN-0004184,ACC_VIC_0870,ACC_MULE_0467,141175.21,2026-07-31T08:14:26,28.595233,77.040218,1,2026-07-31T08:29:15,ATM_PNB_102,4.78
TXN-0004185,ACC_NORM_1083,ACC_NORM_1449,19705.9,2026-07-31T08:23:04,,,0,,,
TXN-0004186,ACC_NORM_2495,ACC_NORM_0295,3299.29,2026-07-31T08:31:43,,,0,,,
TXN-0004187,ACC_NORM_0976,ACC_NORM_0842,3274.57,2026-07-31T08:40:21,,,0,,,
TXN-0004188,ACC_VIC_1226,ACC_MULE_0308,228847.62,2026-07-31T08:48:59,28.628876,77.309839,1,2026-07-31T09:09:20,ATM_UBI_150,3.03
TXN-0004189,ACC_NORM_0932,ACC_NORM_0503,13605.78,2026-07-31T08:57:38,,,0,,,
TXN-0004190,ACC_MULE_0207,ACC_MULE_0484,234059.16,2026-07-31T09:06:16,28.563689,77.237685,2,2026-07-31T09:26:49,ATM_ICICI_068,8.32
TXN-0004191,ACC_NORM_2593,ACC_NORM_2888,15202.48,2026-07-31T09:14:55,,,0,,,
TXN-0004192,ACC_MULE_0562,ACC_MULE_0299,68137.38,2026-07-31T09:23:33,28.582516,77.058304,2,,,
TXN-0004193,ACC_MULE_0387,ACC_MULE_0420,194402.1,2026-07-31T09:32:11,28.695728,77.098577,2,2026-07-31T09:48:41,ATM_SBI_141,5.08
TXN-0004194,ACC_NORM_0317,ACC_NORM_0634,24411.47,2026-07-31T09:40:50,,,0,,,
TXN-0004195,ACC_NORM_2236,ACC_NORM_1420,11248.82,2026-07-31T09:49:28,,,0,,,
TXN-0004196,ACC_VIC_0521,ACC_MULE_0297,189840.11,2026-07-31T09:58:07,28.635371,77.294753,1,2026-07-31T10:08:50,ATM_UBI_150,4.11
TXN-0004197,ACC_MULE_0403,ACC_MULE_0012,190836.26,2026-07-31T10:06:45,28.626871,77.324184,2,2026-07-31T10:23:23,ATM_BOB_146,6.27
TXN-0004198,ACC_MULE_0485,ACC_MULE_0277,55464.47,2026-07-31T10:15:23,28.556758,77.2502,2,2026-07-31T10:33:32,ATM_ICICI_068,5.86
TXN-0004199,ACC_NORM_1112,ACC_NORM_2111,9265.94,2026-07-31T10:24:02,,,0,,,
TXN-0004200,ACC_VIC_0547,ACC_MULE_0110,68061.91,2026-07-31T10:32:40,28.52858,77.259297,1,2026-07-31T11:06:54,ATM_UBI_067,6.53
TXN-0004201,ACC_NORM_1928,ACC_NORM_0878,12532.79,2026-07-31T10:41:19,,,0,,,
TXN-0004202,ACC_NORM_2306,ACC_NORM_0985,19050.16,2026-07-31T10:49:57,,,0,,,
TXN-0004203,ACC_VIC_1490,ACC_MULE_0105,202098.61,2026-07-31T10:58:35,28.611145,77.339163,1,,,
TXN-0004204,ACC_NORM_2755,ACC_NORM_1041,3536.21,2026-07-31T11:07:14,,,0,,,
TXN-0004205,ACC_VIC_0246,ACC_MULE_0088,160246.48,2026-07-31T11:15:52,28.560897,77.255243,1,,,
TXN-0004206,ACC_NORM_1054,ACC_NORM_1056,5084.15,2026-07-31T11:24:31,,,0,,,
TXN-0004207,ACC_NORM_0576,ACC_NORM_0301,4977.52,2026-07-31T11:33:09,,,0,,,
TXN-0004208,ACC_NORM_0120,ACC_NORM_1339,18301.49,2026-07-31T11:41:47,,,0,,,
TXN-0004209,ACC_NORM_0940,ACC_NORM_2480,8915.16,2026-07-31T11:50:26,,,0,,,
TXN-0004210,ACC_NORM_0969,ACC_NORM_2338,23451.92,2026-07-31T11:59:04,,,0,,,
TXN-0004211,ACC_VIC_0252,ACC_MULE_0552,147259.44,2026-07-31T12:07:43,28.664857,77.29072,1,2026-07-31T12:18:56,ATM_HDFC_170,4.24
TXN-0004212,ACC_NORM_0623,ACC_NORM_2289,21052.48,2026-07-31T12:16:21,,,0,,,
TXN-0004213,ACC_MULE_0117,ACC_MULE_0002,245358.67,2026-07-31T12:24:59,28.542431,77.136627,2,2026-07-31T12:46:06,ATM_BOB_094,7.36
TXN-0004214,ACC_NORM_2978,ACC_NORM_0005,23871.06,2026-07-31T12:33:38,,,0,,,
TXN-0004215,ACC_NORM_0685,ACC_NORM_1034,5348.71,2026-07-31T12:42:16,,,0,,,
TXN-0004216,ACC_NORM_0278,ACC_NORM_2682,11667.57,2026-07-31T12:50:55,,,0,,,
TXN-0004217,ACC_MULE_0125,ACC_MULE_0408,184295.77,2026-07-31T12:59:33,28.686306,77.106749,2,,,
TXN-0004218,ACC_NORM_0766,ACC_NORM_2582,20193.53,2026-07-31T13:08:11,,,0,,,
TXN-0004219,ACC_NORM_1567,ACC_NORM_1266,19994.4,2026-07-31T13:16:50,,,0,,,
TXN-0004220,ACC_NORM_0489,ACC_NORM_0106,20916.01,2026-07-31T13:25:28,,,0,,,
TXN-0004221,ACC_VIC_0299,ACC_MULE_0034,226158.67,2026-07-31T13:34:07,28.547679,77.166269,1,2026-07-31T14:06:26,ATM_ICICI_087,10.69
TXN-0004222,ACC_VIC_0236,ACC_MULE_0404,136410.87,2026-07-31T13:42:45,28.620004,77.319259,1,,,
TXN-0004223,ACC_NORM_2475,ACC_NORM_2013,19053.46,2026-07-31T13:51:23,,,0,,,
TXN-0004224,ACC_NORM_0296,ACC_NORM_0222,23222.94,2026-07-31T14:00:02,,,0,,,
TXN-0004225,ACC_NORM_1341,ACC_NORM_1731,14752.81,2026-07-31T14:08:40,,,0,,,
TXN-0004226,ACC_NORM_1617,ACC_NORM_0820,1247.25,2026-07-31T14:17:19,,,0,,,
TXN-0004227,ACC_NORM_2582,ACC_NORM_2190,19913.2,2026-07-31T14:25:57,,,0,,,
TXN-0004228,ACC_VIC_0553,ACC_MULE_0146,146274.26,2026-07-31T14:34:35,28.642019,77.174016,1,,,
TXN-0004229,ACC_NORM_1845,ACC_NORM_0141,15929.87,2026-07-31T14:43:14,,,0,,,
TXN-0004230,ACC_NORM_1660,ACC_NORM_1457,1293.07,2026-07-31T14:51:52,,,0,,,
TXN-0004231,ACC_MULE_0016,ACC_MULE_0527,181409.26,2026-07-31T15:00:31,28.713956,77.140458,2,,,
TXN-0004232,ACC_VIC_1478,ACC_MULE_0117,196636.47,2026-07-31T15:09:09,28.519749,77.21164,1,2026-07-31T15:30:33,ATM_ICICI_087,5.64
TXN-0004233,ACC_NORM_0937,ACC_NORM_2730,12407.69,2026-07-31T15:17:47,,,0,,,
TXN-0004234,ACC_MULE_0046,ACC_MULE_0164,99132.1,2026-07-31T15:26:26,28.688414,77.287486,2,2026-07-31T15:37:31,ATM_HDFC_170,3.48
TXN-0004235,ACC_NORM_0324,ACC_NORM_0231,871.91,2026-07-31T15:35:04,,,0,,,
TXN-0004236,ACC_VIC_0691,ACC_MULE_0297,221691.02,2026-07-31T15:43:43,28.635371,77.294753,1,2026-07-31T15:56:40,ATM_PNB_160,5.84
TXN-0004237,ACC_MULE_0051,ACC_MULE_0095,178380.78,2026-07-31T15:52:21,28.660883,77.294119,2,2026-07-31T16:09:01,ATM_HDFC_170,5.76
TXN-0004238,ACC_NORM_0737,ACC_NORM_1749,22839.14,2026-07-31T16:00:59,,,0,,,
TXN-0004239,ACC_MULE_0363,ACC_MULE_0585,107804.54,2026-07-31T16:09:38,28.720563,77.11882,2,2026-07-31T16:26:37,ATM_ICICI_142,6.03
TXN-0004240,ACC_VIC_0627,ACC_MULE_0310,68578.06,2026-07-31T16:18:16,28.583326,77.064633,1,,,
TXN-0004241,ACC_NORM_0758,ACC_NORM_0515,18805.01,2026-07-31T16:26:55,,,0,,,
TXN-0004242,ACC_VIC_1323,ACC_MULE_0153,60809.79,2026-07-31T16:35:33,28.686499,77.117832,1,2026-07-31T16:57:32,ATM_ICICI_142,5.03
TXN-0004243,ACC_VIC_0324,ACC_MULE_0037,161615.03,2026-07-31T16:44:11,28.654736,77.284097,1,2026-07-31T16:59:28,ATM_BOB_155,4.5
TXN-0004244,ACC_MULE_0248,ACC_MULE_0331,132953.95,2026-07-31T16:52:50,28.700707,77.149733,2,2026-07-31T17:07:48,ATM_KOTAK_138,5.94
TXN-0004245,ACC_VIC_0480,ACC_MULE_0204,130368.46,2026-07-31T17:01:28,28.564804,77.248221,1,2026-07-31T17:11:45,ATM_PNB_052,0.48
TXN-0004246,ACC_NORM_1485,ACC_NORM_2755,13955.55,2026-07-31T17:10:07,,,0,,,
TXN-0004247,ACC_VIC_1394,ACC_MULE_0439,103067.04,2026-07-31T17:18:45,28.547624,77.151443,1,2026-07-31T17:44:13,ATM_BOB_094,8.63
TXN-0004248,ACC_VIC_0404,ACC_MULE_0048,165516.01,2026-07-31T17:27:23,28.699004,77.122211,1,2026-07-31T17:39:36,ATM_UBI_139,6.01
TXN-0004249,ACC_NORM_0698,ACC_NORM_1264,22232.95,2026-07-31T17:36:02,,,0,,,
TXN-0004250,ACC_NORM_2404,ACC_NORM_2792,5313.56,2026-07-31T17:44:40,,,0,,,
TXN-0004251,ACC_NORM_1015,ACC_NORM_2918,23538.59,2026-07-31T17:53:19,,,0,,,
TXN-0004252,ACC_MULE_0476,ACC_MULE_0369,209184.1,2026-07-31T18:01:57,28.576713,77.23447,2,2026-07-31T18:18:36,ATM_PNB_052,5.26
TXN-0004253,ACC_NORM_2606,ACC_NORM_1256,12126.55,2026-07-31T18:10:35,,,0,,,
TXN-0004254,ACC_VIC_1350,ACC_MULE_0001,218398.92,2026-07-31T18:19:14,28.556021,77.158395,1,,,
TXN-0004255,ACC_VIC_0706,ACC_MULE_0046,240729.51,2026-07-31T18:27:52,28.550652,77.232278,1,2026-07-31T18:48:10,ATM_ICICI_068,5.42
TXN-0004256,ACC_VIC_0825,ACC_MULE_0591,126139.01,2026-07-31T18:36:31,28.554119,77.25891,1,,,
TXN-0004257,ACC_NORM_0891,ACC_NORM_2605,4763.18,2026-07-31T18:45:09,,,0,,,
TXN-0004258,ACC_VIC_0195,ACC_MULE_0021,203987.12,2026-07-31T18:53:47,28.546984,77.25104,1,,,
TXN-0004259,ACC_NORM_0307,ACC_NORM_1597,9007.25,2026-07-31T19:02:26,,,0,,,
TXN-0004260,ACC_NORM_1920,ACC_NORM_1040,20893.41,2026-07-31T19:11:04,,,0,,,
TXN-0004261,ACC_VIC_1055,ACC_MULE_0599,193466.48,2026-07-31T19:19:43,28.644857,77.174157,1,2026-07-31T19:47:30,ATM_SBI_011,2.21
TXN-0004262,ACC_VIC_0692,ACC_MULE_0474,171245.75,2026-07-31T19:28:21,28.710122,77.116817,1,2026-07-31T19:40:37,ATM_SBI_141,1.88
TXN-0004263,ACC_NORM_0779,ACC_NORM_1171,17663.89,2026-07-31T19:36:59,,,0,,,
TXN-0004264,ACC_NORM_2551,ACC_NORM_1981,21238.14,2026-07-31T19:45:38,,,0,,,
TXN-0004265,ACC_VIC_1288,ACC_MULE_0409,98655.69,2026-07-31T19:54:16,28.65197,77.202056,1,2026-07-31T20:18:05,ATM_UBI_016,3.51
TXN-0004266,ACC_VIC_0312,ACC_MULE_0061,62202.66,2026-07-31T20:02:55,28.628233,77.308638,1,2026-07-31T20:26:46,ATM_BOB_152,3.15
TXN-0004267,ACC_NORM_0831,ACC_NORM_1785,9893.25,2026-07-31T20:11:33,,,0,,,
TXN-0004268,ACC_NORM_2782,ACC_NORM_1044,21832.8,2026-07-31T20:20:11,,,0,,,
TXN-0004269,ACC_MULE_0366,ACC_MULE_0497,109955.99,2026-07-31T20:28:50,28.572002,77.034111,2,2026-07-31T20:45:55,ATM_AXIS_108,6.0
TXN-0004270,ACC_NORM_2417,ACC_NORM_0917,24692.29,2026-07-31T20:37:28,,,0,,,
TXN-0004271,ACC_NORM_2596,ACC_NORM_2779,21661.19,2026-07-31T20:46:07,,,0,,,
TXN-0004272,ACC_NORM_2465,ACC_NORM_2156,17232.18,2026-07-31T20:54:45,,,0,,,
TXN-0004273,ACC_NORM_1216,ACC_NORM_0586,13753.58,2026-07-31T21:03:23,,,0,,,
TXN-0004274,ACC_NORM_2193,ACC_NORM_2513,2627.43,2026-07-31T21:12:02,,,0,,,
TXN-0004275,ACC_NORM_1835,ACC_NORM_0786,5914.17,2026-07-31T21:20:40,,,0,,,
TXN-0004276,ACC_VIC_1157,ACC_MULE_0249,100692.07,2026-07-31T21:29:19,28.52105,77.207071,1,2026-07-31T21:49:14,ATM_HDFC_086,4.41
TXN-0004277,ACC_NORM_1542,ACC_NORM_0751,3436.24,2026-07-31T21:37:57,,,0,,,
TXN-0004278,ACC_VIC_1370,ACC_MULE_0165,135599.53,2026-07-31T21:46:35,28.661172,77.300555,1,2026-07-31T22:05:22,ATM_HDFC_170,6.55
TXN-0004279,ACC_VIC_1386,ACC_MULE_0341,66255.75,2026-07-31T21:55:14,28.613924,77.221086,1,2026-07-31T22:15:59,ATM_ICICI_004,5.76
TXN-0004280,ACC_NORM_0491,ACC_NORM_0361,17147.8,2026-07-31T22:03:52,,,0,,,
TXN-0004281,ACC_NORM_2151,ACC_NORM_2183,17650.6,2026-07-31T22:12:31,,,0,,,
TXN-0004282,ACC_MULE_0267,ACC_MULE_0271,127924.33,2026-07-31T22:21:09,28.60341,77.322026,2,2026-07-31T22:44:46,ATM_UBI_150,8.87
TXN-0004283,ACC_MULE_0399,ACC_MULE_0146,205659.04,2026-07-31T22:29:47,28.642019,77.174016,2,2026-07-31T22:49:30,ATM_ICICI_013,6.87
TXN-0004284,ACC_NORM_2735,ACC_NORM_1702,5830.66,2026-07-31T22:38:26,,,0,,,
TXN-0004285,ACC_VIC_1346,ACC_MULE_0323,104478.11,2026-07-31T22:47:04,28.652306,77.218858,1,2026-07-31T23:12:35,ATM_ICICI_004,8.36
TXN-0004286,ACC_VIC_1062,ACC_MULE_0217,115155.13,2026-07-31T22:55:43,28.543055,77.229509,1,,,
TXN-0004287,ACC_NORM_0308,ACC_NORM_2989,13334.55,2026-07-31T23:04:21,,,0,,,
TXN-0004288,ACC_NORM_0025,ACC_NORM_1708,19326.1,2026-07-31T23:12:59,,,0,,,
TXN-0004289,ACC_NORM_0158,ACC_NORM_2648,10094.89,2026-07-31T23:21:38,,,0,,,
TXN-0004290,ACC_MULE_0426,ACC_MULE_0399,178617.16,2026-07-31T23:30:16,28.558712,77.244798,2,,,
TXN-0004291,ACC_MULE_0587,ACC_MULE_0379,123131.27,2026-07-31T23:38:55,28.688001,77.103054,2,2026-07-31T23:53:40,ATM_HDFC_131,5.23
TXN-0004292,ACC_NORM_0706,ACC_NORM_0946,2228.06,2026-07-31T23:47:33,,,0,,,
TXN-0004293,ACC_VIC_0733,ACC_MULE_0277,170844.06,2026-07-31T23:56:11,28.556758,77.2502,1,2026-08-01T00:10:08,ATM_PNB_052,3.07
TXN-0004294,ACC_MULE_0593,ACC_MULE_0100,184411.14,2026-08-01T00:04:50,28.652871,77.232094,2,2026-08-01T00:20:39,ATM_PNB_025,3.61
TXN-0004295,ACC_MULE_0016,ACC_MULE_0429,193730.59,2026-08-01T00:13:28,28.584213,77.049455,2,,,
TXN-0004296,ACC_VIC_0058,ACC_MULE_0299,207796.97,2026-08-01T00:22:07,28.582516,77.058304,1,2026-08-01T00:45:58,ATM_AXIS_108,2.24
TXN-0004297,ACC_NORM_0641,ACC_NORM_1778,12058.03,2026-08-01T00:30:45,,,0,,,
TXN-0004298,ACC_NORM_0976,ACC_NORM_0101,6413.0,2026-08-01T00:39:23,,,0,,,
TXN-0004299,ACC_NORM_1774,ACC_NORM_2903,1744.34,2026-08-01T00:48:02,,,0,,,
TXN-0004300,ACC_NORM_1736,ACC_NORM_0809,4633.89,2026-08-01T00:56:40,,,0,,,
TXN-0004301,ACC_VIC_1473,ACC_MULE_0033,201508.23,2026-08-01T01:05:19,28.635181,77.214082,1,2026-08-01T01:28:06,ATM_ICICI_004,2.81
TXN-0004302,ACC_NORM_2090,ACC_NORM_1879,22630.88,2026-08-01T01:13:57,,,0,,,
TXN-0004303,ACC_NORM_0572,ACC_NORM_1340,19117.12,2026-08-01T01:22:35,,,0,,,
TXN-0004304,ACC_NORM_1635,ACC_NORM_2889,1579.25,2026-08-01T01:31:14,,,0,,,
TXN-0004305,ACC_NORM_0310,ACC_NORM_2413,24894.06,2026-08-01T01:39:52,,,0,,,
TXN-0004306,ACC_VIC_1297,ACC_MULE_0159,97702.01,2026-08-01T01:48:31,28.63267,77.298735,1,2026-08-01T01:57:52,ATM_UBI_150,2.93
TXN-0004307,ACC_NORM_0237,ACC_NORM_2908,8512.95,2026-08-01T01:57:09,,,0,,,
TXN-0004308,ACC_NORM_0020,ACC_NORM_1633,11763.13,2026-08-01T02:05:47,,,0,,,
TXN-0004309,ACC_VIC_0618,ACC_MULE_0116,248211.66,2026-08-01T02:14:26,28.527634,77.162972,1,2026-08-01T02:30:20,ATM_HDFC_097,6.04
TXN-0004310,ACC_NORM_2152,ACC_NORM_2867,22487.25,2026-08-01T02:23:04,,,0,,,
TXN-0004311,ACC_VIC_1339,ACC_MULE_0070,225013.35,2026-08-01T02:31:43,28.600094,77.031002,1,2026-08-01T02:49:29,ATM_AXIS_101,1.89
TXN-0004312,ACC_NORM_0266,ACC_NORM_2778,13745.32,2026-08-01T02:40:21,,,0,,,
TXN-0004313,ACC_NORM_1974,ACC_NORM_2434,16301.07,2026-08-01T02:48:59,,,0,,,
TXN-0004314,ACC_NORM_0803,ACC_NORM_0002,15724.76,2026-08-01T02:57:38,,,0,,,
TXN-0004315,ACC_VIC_0570,ACC_MULE_0048,185753.03,2026-08-01T03:06:16,28.699004,77.122211,1,2026-08-01T03:21:32,ATM_UBI_139,6.01
TXN-0004316,ACC_NORM_1350,ACC_NORM_1450,12279.1,2026-08-01T03:14:55,,,0,,,
TXN-0004317,ACC_NORM_1376,ACC_NORM_2763,6233.8,2026-08-01T03:23:33,,,0,,,
TXN-0004318,ACC_NORM_2952,ACC_NORM_2317,4349.65,2026-08-01T03:32:11,,,0,,,
TXN-0004319,ACC_NORM_0736,ACC_NORM_1262,11599.76,2026-08-01T03:40:50,,,0,,,
TXN-0004320,ACC_NORM_2640,ACC_NORM_0493,15276.23,2026-08-01T03:49:28,,,0,,,
TXN-0004321,ACC_NORM_2135,ACC_NORM_2531,15191.48,2026-08-01T03:58:07,,,0,,,
TXN-0004322,ACC_NORM_0600,ACC_NORM_2890,9107.27,2026-08-01T04:06:45,,,0,,,
TXN-0004323,ACC_NORM_1025,ACC_NORM_1998,17340.79,2026-08-01T04:15:23,,,0,,,
TXN-0004324,ACC_NORM_2931,ACC_NORM_1789,23460.79,2026-08-01T04:24:02,,,0,,,
TXN-0004325,ACC_NORM_1329,ACC_NORM_1820,9470.65,2026-08-01T04:32:40,,,0,,,
TXN-0004326,ACC_MULE_0557,ACC_MULE_0380,55983.62,2026-08-01T04:41:19,28.664816,77.303257,2,2026-08-01T05:07:20,ATM_AXIS_169,3.86
TXN-0004327,ACC_NORM_1927,ACC_NORM_2790,4424.99,2026-08-01T04:49:57,,,0,,,
TXN-0004328,ACC_NORM_1540,ACC_NORM_0109,12924.51,2026-08-01T04:58:35,,,0,,,
TXN-0004329,ACC_VIC_0970,ACC_MULE_0594,171608.82,2026-08-01T05:07:14,28.577339,77.035151,1,2026-08-01T05:39:32,ATM_PNB_102,7.02
TXN-0004330,ACC_NORM_0187,ACC_NORM_2732,18156.7,2026-08-01T05:15:52,,,0,,,
TXN-0004331,ACC_NORM_2309,ACC_NORM_1748,23765.02,2026-08-01T05:24:31,,,0,,,
TXN-0004332,ACC_VIC_0275,ACC_MULE_0099,190106.97,2026-08-01T05:33:09,28.626976,77.312856,1,,,
TXN-0004333,ACC_NORM_2144,ACC_NORM_0919,7066.1,2026-08-01T05:41:47,,,0,,,
TXN-0004334,ACC_NORM_0051,ACC_NORM_1196,24019.28,2026-08-01T05:50:26,,,0,,,
TXN-0004335,ACC_NORM_0752,ACC_NORM_1946,8127.68,2026-08-01T05:59:04,,,0,,,
TXN-0004336,ACC_VIC_0250,ACC_MULE_0415,126689.36,2026-08-01T06:07:43,28.585531,77.256799,1,,,
TXN-0004337,ACC_NORM_2788,ACC_NORM_1563,2340.94,2026-08-01T06:16:21,,,0,,,
TXN-0004338,ACC_VIC_1271,ACC_MULE_0555,61658.14,2026-08-01T06:24:59,28.644331,77.213885,1,2026-08-01T06:57:16,ATM_UBI_016,6.42
TXN-0004339,ACC_NORM_1793,ACC_NORM_1649,17755.35,2026-08-01T06:33:38,,,0,,,
TXN-0004340,ACC_NORM_2066,ACC_NORM_1989,17432.02,2026-08-01T06:42:16,,,0,,,
TXN-0004341,ACC_VIC_0119,ACC_MULE_0440,198120.06,2026-08-01T06:50:55,28.689197,77.28974,1,2026-08-01T07:15:17,ATM_HDFC_170,3.82
TXN-0004342,ACC_NORM_1101,ACC_NORM_2939,4956.74,2026-08-01T06:59:33,,,0,,,
TXN-0004343,ACC_MULE_0171,ACC_MULE_0392,78528.51,2026-08-01T07:08:11,28.531446,77.24032,2,2026-08-01T07:15:30,ATM_ICICI_068,2.89
TXN-0004344,ACC_NORM_0675,ACC_NORM_0204,1768.84,2026-08-01T07:16:50,,,0,,,
TXN-0004345,ACC_NORM_2404,ACC_NORM_0488,18683.95,2026-08-01T07:25:28,,,0,,,
TXN-0004346,ACC_NORM_0919,ACC_NORM_2279,13230.99,2026-08-01T07:34:07,,,0,,,
TXN-0004347,ACC_NORM_0548,ACC_NORM_1208,15338.81,2026-08-01T07:42:45,,,0,,,
TXN-0004348,ACC_VIC_0512,ACC_MULE_0132,244385.23,2026-08-01T07:51:23,28.703613,77.113556,1,,,
TXN-0004349,ACC_NORM_2595,ACC_NORM_0678,12327.29,2026-08-01T08:00:02,,,0,,,
TXN-0004350,ACC_MULE_0553,ACC_MULE_0546,183564.85,2026-08-01T08:08:40,28.620492,77.285092,2,,,
TXN-0004351,ACC_VIC_1271,ACC_MULE_0445,130935.71,2026-08-01T08:17:19,28.63453,77.202872,1,2026-08-01T08:24:31,ATM_ICICI_004,2.63
TXN-0004352,ACC_NORM_2297,ACC_NORM_2143,20771.05,2026-08-01T08:25:57,,,0,,,
TXN-0004353,ACC_VIC_1197,ACC_MULE_0035,135568.5,2026-08-01T08:34:35,28.630198,77.226643,1,2026-08-01T09:01:42,ATM_HDFC_006,4.93
TXN-0004354,ACC_VIC_1386,ACC_MULE_0096,221313.37,2026-08-01T08:43:14,28.722267,77.115058,1,2026-08-01T08:52:49,ATM_UBI_139,2.04
TXN-0004355,ACC_NORM_1755,ACC_NORM_2220,13440.6,2026-08-01T08:51:52,,,0,,,
TXN-0004356,ACC_NORM_1448,ACC_NORM_1521,6182.37,2026-08-01T09:00:31,,,0,,,
TXN-0004357,ACC_NORM_2930,ACC_NORM_1246,21834.07,2026-08-01T09:09:09,,,0,,,
TXN-0004358,ACC_NORM_1650,ACC_NORM_1796,3534.68,2026-08-01T09:17:47,,,0,,,
TXN-0004359,ACC_NORM_2516,ACC_NORM_2088,13281.09,2026-08-01T09:26:26,,,0,,,
TXN-0004360,ACC_NORM_1794,ACC_NORM_0946,16482.29,2026-08-01T09:35:04,,,0,,,
TXN-0004361,ACC_NORM_1133,ACC_NORM_0236,1395.35,2026-08-01T09:43:43,,,0,,,
TXN-0004362,ACC_MULE_0130,ACC_MULE_0260,86397.19,2026-08-01T09:52:21,28.537935,77.231422,2,2026-08-01T10:05:43,ATM_PNB_062,9.19
TXN-0004363,ACC_NORM_2952,ACC_NORM_1365,18440.33,2026-08-01T10:00:59,,,0,,,
TXN-0004364,ACC_NORM_0443,ACC_NORM_0508,22561.53,2026-08-01T10:09:38,,,0,,,
TXN-0004365,ACC_NORM_2925,ACC_NORM_1728,21734.9,2026-08-01T10:18:16,,,0,,,
TXN-0004366,ACC_VIC_1122,ACC_MULE_0379,153692.72,2026-08-01T10:26:55,28.688001,77.103054,1,2026-08-01T10:39:28,ATM_ICICI_142,6.75
TXN-0004367,ACC_NORM_2477,ACC_NORM_2794,13480.98,2026-08-01T10:35:33,,,0,,,
TXN-0004368,ACC_NORM_2279,ACC_NORM_0326,24605.83,2026-08-01T10:44:11,,,0,,,
TXN-0004369,ACC_NORM_2897,ACC_NORM_0490,20395.75,2026-08-01T10:52:50,,,0,,,
TXN-0004370,ACC_NORM_0329,ACC_NORM_1602,23437.17,2026-08-01T11:01:28,,,0,,,
TXN-0004371,ACC_VIC_0189,ACC_MULE_0226,168622.52,2026-08-01T11:10:07,28.641207,77.298371,1,2026-08-01T11:24:38,ATM_PNB_160,7.98
TXN-0004372,ACC_NORM_2387,ACC_NORM_1388,15767.8,2026-08-01T11:18:45,,,0,,,
TXN-0004373,ACC_NORM_0886,ACC_NORM_0338,7967.95,2026-08-01T11:27:23,,,0,,,
TXN-0004374,ACC_MULE_0014,ACC_MULE_0240,155354.59,2026-08-01T11:36:02,28.516606,77.229962,2,2026-08-01T12:11:02,ATM_PNB_062,15.01
TXN-0004375,ACC_NORM_2565,ACC_NORM_0066,14179.6,2026-08-01T11:44:40,,,0,,,
TXN-0004376,ACC_NORM_2923,ACC_NORM_0575,18567.19,2026-08-01T11:53:19,,,0,,,
TXN-0004377,ACC_VIC_0630,ACC_MULE_0258,223463.76,2026-08-01T12:01:57,28.690594,77.305966,1,,,
TXN-0004378,ACC_VIC_0164,ACC_MULE_0211,163251.66,2026-08-01T12:10:35,28.625751,77.334841,1,2026-08-01T12:35:53,ATM_BOB_146,9.15
TXN-0004379,ACC_NORM_2026,ACC_NORM_0641,2744.53,2026-08-01T12:19:14,,,0,,,
TXN-0004380,ACC_NORM_1710,ACC_NORM_1157,7186.51,2026-08-01T12:27:52,,,0,,,
TXN-0004381,ACC_NORM_0703,ACC_NORM_2218,6393.96,2026-08-01T12:36:31,,,0,,,
TXN-0004382,ACC_NORM_1981,ACC_NORM_0385,21078.22,2026-08-01T12:45:09,,,0,,,
TXN-0004383,ACC_NORM_2402,ACC_NORM_0213,13499.75,2026-08-01T12:53:47,,,0,,,
TXN-0004384,ACC_NORM_2269,ACC_NORM_0512,12633.06,2026-08-01T13:02:26,,,0,,,
TXN-0004385,ACC_NORM_2937,ACC_NORM_0256,14849.24,2026-08-01T13:11:04,,,0,,,
TXN-0004386,ACC_NORM_1304,ACC_NORM_2403,8652.32,2026-08-01T13:19:43,,,0,,,
TXN-0004387,ACC_MULE_0242,ACC_MULE_0431,115337.21,2026-08-01T13:28:21,28.666653,77.199754,2,,,
TXN-0004388,ACC_MULE_0517,ACC_MULE_0560,163628.88,2026-08-01T13:36:59,28.514896,77.217075,2,2026-08-01T13:54:40,ATM_KOTAK_085,1.96
TXN-0004389,ACC_NORM_0108,ACC_NORM_0397,4668.01,2026-08-01T13:45:38,,,0,,,
TXN-0004390,ACC_VIC_1001,ACC_MULE_0411,72414.53,2026-08-01T13:54:16,28.530139,77.222592,1,2026-08-01T14:07:41,ATM_ICICI_068,7.2
TXN-0004391,ACC_NORM_0876,ACC_NORM_0298,15699.73,2026-08-01T14:02:55,,,0,,,
TXN-0004392,ACC_VIC_0845,ACC_MULE_0379,55989.52,2026-08-01T14:11:33,28.688001,77.103054,1,2026-08-01T14:32:45,ATM_ICICI_142,6.75
TXN-0004393,ACC_NORM_2396,ACC_NORM_1902,16877.27,2026-08-01T14:20:11,,,0,,,
TXN-0004394,ACC_NORM_1299,ACC_NORM_0677,23017.11,2026-08-01T14:28:50,,,0,,,
TXN-0004395,ACC_NORM_1039,ACC_NORM_2975,4864.98,2026-08-01T14:37:28,,,0,,,
TXN-0004396,ACC_NORM_0364,ACC_NORM_2779,552.54,2026-08-01T14:46:07,,,0,,,
TXN-0004397,ACC_NORM_0830,ACC_NORM_0831,19653.55,2026-08-01T14:54:45,,,0,,,
TXN-0004398,ACC_VIC_0948,ACC_MULE_0544,68869.17,2026-08-01T15:03:23,28.669115,77.290643,1,2026-08-01T15:21:37,ATM_HDFC_170,2.93
TXN-0004399,ACC_NORM_0690,ACC_NORM_2538,22197.38,2026-08-01T15:12:02,,,0,,,
TXN-0004400,ACC_NORM_0680,ACC_NORM_2171,20901.23,2026-08-01T15:20:40,,,0,,,
TXN-0004401,ACC_NORM_0508,ACC_NORM_1547,23118.24,2026-08-01T15:29:19,,,0,,,
TXN-0004402,ACC_NORM_2613,ACC_NORM_0581,23193.03,2026-08-01T15:37:57,,,0,,,
TXN-0004403,ACC_NORM_2642,ACC_NORM_0996,17902.97,2026-08-01T15:46:35,,,0,,,
TXN-0004404,ACC_VIC_0395,ACC_MULE_0154,109843.44,2026-08-01T15:55:14,28.617262,77.287712,1,2026-08-01T16:06:41,ATM_PNB_160,1.4
TXN-0004405,ACC_VIC_0067,ACC_MULE_0588,130012.41,2026-08-01T16:03:52,28.593453,77.03263,1,2026-08-01T16:26:55,ATM_PNB_102,6.67
TXN-0004406,ACC_NORM_0475,ACC_NORM_1677,9707.18,2026-08-01T16:12:31,,,0,,,
TXN-0004407,ACC_VIC_0730,ACC_MULE_0331,164613.07,2026-08-01T16:21:09,28.700707,77.149733,1,,,
TXN-0004408,ACC_NORM_0323,ACC_NORM_0149,1246.74,2026-08-01T16:29:47,,,0,,,
TXN-0004409,ACC_NORM_1167,ACC_NORM_0888,6844.01,2026-08-01T16:38:26,,,0,,,
TXN-0004410,ACC_NORM_0013,ACC_NORM_2600,13038.59,2026-08-01T16:47:04,,,0,,,
TXN-0004411,ACC_NORM_0281,ACC_NORM_0264,22021.37,2026-08-01T16:55:43,,,0,,,
TXN-0004412,ACC_VIC_0962,ACC_MULE_0470,206155.8,2026-08-01T17:04:21,28.549505,77.168189,1,2026-08-01T17:24:13,ATM_ICICI_087,10.45
TXN-0004413,ACC_VIC_0364,ACC_MULE_0084,73271.69,2026-08-01T17:12:59,28.717805,77.133938,1,2026-08-01T17:37:42,ATM_SBI_041,17.36
TXN-0004414,ACC_VIC_0527,ACC_MULE_0438,153650.34,2026-08-01T17:21:38,28.642882,77.17967,1,2026-08-01T17:36:42,ATM_SBI_011,2.23
TXN-0004415,ACC_VIC_0034,ACC_MULE_0324,243988.71,2026-08-01T17:30:16,28.707488,77.101887,1,2026-08-01T17:45:45,ATM_HDFC_131,5.86
TXN-0004416,ACC_NORM_1472,ACC_NORM_1339,2433.09,2026-08-01T17:38:55,,,0,,,
TXN-0004417,ACC_VIC_0383,ACC_MULE_0259,102834.68,2026-08-01T17:47:33,28.629945,77.334516,1,2026-08-01T18:23:56,ATM_UBI_150,9.72
TXN-0004418,ACC_NORM_2623,ACC_NORM_0217,6242.6,2026-08-01T17:56:11,,,0,,,
TXN-0004419,ACC_NORM_1410,ACC_NORM_2951,19975.51,2026-08-01T18:04:50,,,0,,,
TXN-0004420,ACC_VIC_1319,ACC_MULE_0580,182577.05,2026-08-01T18:13:28,28.69757,77.118788,1,2026-08-01T18:24:17,ATM_AXIS_140,5.79
TXN-0004421,ACC_VIC_0421,ACC_MULE_0574,99190.53,2026-08-01T18:22:07,28.70072,77.13057,1,2026-08-01T18:52:44,ATM_ICICI_142,2.74
TXN-0004422,ACC_NORM_1579,ACC_NORM_1612,5121.56,2026-08-01T18:30:45,,,0,,,
TXN-0004423,ACC_NORM_0216,ACC_NORM_1604,4522.52,2026-08-01T18:39:23,,,0,,,
TXN-0004424,ACC_NORM_1840,ACC_NORM_0860,24531.67,2026-08-01T18:48:02,,,0,,,
TXN-0004425,ACC_NORM_1440,ACC_NORM_2691,8588.2,2026-08-01T18:56:40,,,0,,,
TXN-0004426,ACC_MULE_0408,ACC_MULE_0091,224418.17,2026-08-01T19:05:19,28.670926,77.270481,2,2026-08-01T19:17:18,ATM_AXIS_169,6.37
TXN-0004427,ACC_NORM_1288,ACC_NORM_2384,15336.01,2026-08-01T19:13:57,,,0,,,
TXN-0004428,ACC_NORM_2058,ACC_NORM_2137,5819.32,2026-08-01T19:22:35,,,0,,,
TXN-0004429,ACC_NORM_0047,ACC_NORM_1870,11215.08,2026-08-01T19:31:14,,,0,,,
TXN-0004430,ACC_NORM_0874,ACC_NORM_2715,13230.72,2026-08-01T19:39:52,,,0,,,
TXN-0004431,ACC_VIC_0590,ACC_MULE_0579,70231.93,2026-08-01T19:48:31,28.641588,77.197249,1,2026-08-01T19:58:29,ATM_ICICI_004,5.4
TXN-0004432,ACC_MULE_0306,ACC_MULE_0307,178642.4,2026-08-01T19:57:09,28.533081,77.253527,2,,,
TXN-0004433,ACC_NORM_0769,ACC_NORM_1144,24235.45,2026-08-01T20:05:47,,,0,,,
TXN-0004434,ACC_VIC_0937,ACC_MULE_0523,197098.13,2026-08-01T20:14:26,28.533695,77.217872,1,,,
TXN-0004435,ACC_NORM_1972,ACC_NORM_1354,11083.32,2026-08-01T20:23:04,,,0,,,
TXN-0004436,ACC_NORM_1101,ACC_NORM_2739,1152.16,2026-08-01T20:31:43,,,0,,,
TXN-0004437,ACC_NORM_2510,ACC_NORM_0384,20100.19,2026-08-01T20:40:21,,,0,,,
TXN-0004438,ACC_VIC_0945,ACC_MULE_0140,126518.2,2026-08-01T20:48:59,28.602415,77.331769,1,2026-08-01T21:17:51,ATM_UBI_150,11.11
TXN-0004439,ACC_NORM_2898,ACC_NORM_0909,16676.92,2026-08-01T20:57:38,,,0,,,
TXN-0004440,ACC_VIC_0406,ACC_MULE_0395,238992.82,2026-08-01T21:06:16,28.57649,77.24057,1,2026-08-01T21:37:35,ATM_SBI_047,4.54
TXN-0004441,ACC_VIC_0671,ACC_MULE_0140,182395.83,2026-08-01T21:14:55,28.602415,77.331769,1,,,
TXN-0004442,ACC_NORM_0556,ACC_NORM_2097,10251.31,2026-08-01T21:23:33,,,0,,,
TXN-0004443,ACC_NORM_1786,ACC_NORM_2323,15254.32,2026-08-01T21:32:11,,,0,,,
TXN-0004444,ACC_NORM_1927,ACC_NORM_0728,18207.08,2026-08-01T21:40:50,,,0,,,
TXN-0004445,ACC_MULE_0078,ACC_MULE_0437,154629.82,2026-08-01T21:49:28,28.584929,77.249474,2,,,
TXN-0004446,ACC_VIC_0891,ACC_MULE_0570,98794.72,2026-08-01T21:58:07,28.651917,77.207641,1,2026-08-01T22:14:56,ATM_UBI_016,4.93
TXN-0004447,ACC_VIC_0147,ACC_MULE_0031,218611.33,2026-08-01T22:06:45,28.620642,77.288137,1,2026-08-01T22:27:22,ATM_UBI_150,3.72
TXN-0004448,ACC_VIC_1186,ACC_MULE_0047,143539.46,2026-08-01T22:15:23,28.644605,77.186096,1,,,
TXN-0004449,ACC_NORM_2390,ACC_NORM_0961,1041.35,2026-08-01T22:24:02,,,0,,,
TXN-0004450,ACC_NORM_0633,ACC_NORM_0388,8693.11,2026-08-01T22:32:40,,,0,,,
TXN-0004451,ACC_VIC_1166,ACC_MULE_0005,85070.83,2026-08-01T22:41:19,28.582553,77.239595,1,2026-08-01T23:02:32,ATM_PNB_052,5.85
TXN-0004452,ACC_NORM_0358,ACC_NORM_2786,12524.13,2026-08-01T22:49:57,,,0,,,
TXN-0004453,ACC_NORM_2819,ACC_NORM_1550,15447.37,2026-08-01T22:58:35,,,0,,,
TXN-0004454,ACC_MULE_0463,ACC_MULE_0577,105419.15,2026-08-01T23:07:14,28.644012,77.218891,2,2026-08-01T23:38:48,ATM_BOB_020,6.07
TXN-0004455,ACC_MULE_0013,ACC_MULE_0229,232069.07,2026-08-01T23:15:52,28.559434,77.245621,2,,,
TXN-0004456,ACC_NORM_2398,ACC_NORM_0277,16289.47,2026-08-01T23:24:31,,,0,,,
TXN-0004457,ACC_VIC_0855,ACC_MULE_0134,141145.45,2026-08-01T23:33:09,28.571381,77.042904,1,2026-08-01T23:59:40,ATM_PNB_102,6.86
TXN-0004458,ACC_NORM_1722,ACC_NORM_2750,20267.32,2026-08-01T23:41:47,,,0,,,
TXN-0004459,ACC_NORM_0186,ACC_NORM_1753,18658.05,2026-08-01T23:50:26,,,0,,,
TXN-0004460,ACC_NORM_2455,ACC_NORM_1303,634.0,2026-08-01T23:59:04,,,0,,,
TXN-0004461,ACC_NORM_0547,ACC_NORM_0807,2727.62,2026-08-02T00:07:43,,,0,,,
TXN-0004462,ACC_NORM_1950,ACC_NORM_1515,8907.26,2026-08-02T00:16:21,,,0,,,
TXN-0004463,ACC_NORM_0148,ACC_NORM_1918,17621.3,2026-08-02T00:24:59,,,0,,,
TXN-0004464,ACC_NORM_2344,ACC_NORM_1936,8328.19,2026-08-02T00:33:38,,,0,,,
TXN-0004465,ACC_NORM_0955,ACC_NORM_2137,8432.93,2026-08-02T00:42:16,,,0,,,
TXN-0004466,ACC_MULE_0479,ACC_MULE_0040,217886.02,2026-08-02T00:50:55,28.536184,77.140115,2,2026-08-02T01:06:40,ATM_BOB_094,5.13
TXN-0004467,ACC_VIC_0256,ACC_MULE_0525,200458.18,2026-08-02T00:59:33,28.707854,77.11485,1,2026-08-02T01:07:37,ATM_UBI_139,2.67
TXN-0004468,ACC_VIC_1334,ACC_MULE_0455,110673.7,2026-08-02T01:08:11,28.571705,77.039501,1,2026-08-02T01:27:45,ATM_AXIS_108,4.99
TXN-0004469,ACC_NORM_0738,ACC_NORM_0432,18257.17,2026-08-02T01:16:50,,,0,,,
TXN-0004470,ACC_NORM_2078,ACC_NORM_1389,14500.28,2026-08-02T01:25:28,,,0,,,
TXN-0004471,ACC_VIC_0527,ACC_MULE_0274,235480.08,2026-08-02T01:34:07,28.722622,77.133846,1,2026-08-02T01:59:19,ATM_UBI_139,6.11
TXN-0004472,ACC_MULE_0027,ACC_MULE_0012,199434.61,2026-08-02T01:42:45,28.626871,77.324184,2,,,
TXN-0004473,ACC_NORM_0835,ACC_NORM_0213,10280.04,2026-08-02T01:51:23,,,0,,,
TXN-0004474,ACC_NORM_1285,ACC_NORM_2210,6687.16,2026-08-02T02:00:02,,,0,,,
TXN-0004475,ACC_VIC_1370,ACC_MULE_0470,89174.54,2026-08-02T02:08:40,28.549505,77.168189,1,,,
TXN-0004476,ACC_MULE_0421,ACC_MULE_0110,202308.35,2026-08-02T02:17:19,28.52858,77.259297,2,2026-08-02T02:29:29,ATM_ICICI_068,5.01
TXN-0004477,ACC_VIC_0373,ACC_MULE_0532,201208.21,2026-08-02T02:25:57,28.51466,77.219559,1,,,
TXN-0004478,ACC_VIC_0712,ACC_MULE_0102,199725.8,2026-08-02T02:34:35,28.71338,77.123223,1,2026-08-02T02:54:59,ATM_BOB_144,4.01
TXN-0004479,ACC_NORM_0038,ACC_NORM_1217,6881.3,2026-08-02T02:43:14,,,0,,,
TXN-0004480,ACC_NORM_0980,ACC_NORM_0760,24922.61,2026-08-02T02:51:52,,,0,,,
TXN-0004481,ACC_MULE_0582,ACC_MULE_0381,240781.43,2026-08-02T03:00:31,28.715625,77.126471,2,2026-08-02T03:21:48,ATM_SBI_141,5.13
TXN-0004482,ACC_VIC_0156,ACC_MULE_0470,63501.35,2026-08-02T03:09:09,28.549505,77.168189,1,2026-08-02T03:31:43,ATM_BOB_094,11.02
TXN-0004483,ACC_NORM_0924,ACC_NORM_0038,3630.38,2026-08-02T03:17:47,,,0,,,
TXN-0004484,ACC_NORM_1330,ACC_NORM_1255,10415.35,2026-08-02T03:26:26,,,0,,,
TXN-0004485,ACC_NORM_2516,ACC_NORM_2726,9064.77,2026-08-02T03:35:04,,,0,,,
TXN-0004486,ACC_VIC_0009,ACC_MULE_0200,244841.11,2026-08-02T03:43:43,28.729906,77.131523,1,2026-08-02T04:02:11,ATM_UBI_139,6.75
TXN-0004487,ACC_MULE_0164,ACC_MULE_0147,74204.71,2026-08-02T03:52:21,28.61323,77.312138,2,2026-08-02T04:05:48,ATM_BOB_146,3.84
TXN-0004488,ACC_NORM_2386,ACC_NORM_0455,14499.83,2026-08-02T04:00:59,,,0,,,
TXN-0004489,ACC_NORM_1667,ACC_NORM_0028,4559.75,2026-08-02T04:09:38,,,0,,,
TXN-0004490,ACC_VIC_1344,ACC_MULE_0556,186580.8,2026-08-02T04:18:16,28.678295,77.304574,1,2026-08-02T04:33:54,ATM_HDFC_170,5.02
TXN-0004491,ACC_MULE_0024,ACC_MULE_0117,114088.29,2026-08-02T04:26:55,28.519749,77.21164,2,2026-08-02T04:48:51,ATM_HDFC_086,4.78
TXN-0004492,ACC_NORM_1558,ACC_NORM_0520,23673.56,2026-08-02T04:35:33,,,0,,,
TXN-0004493,ACC_MULE_0093,ACC_MULE_0006,73266.08,2026-08-02T04:44:11,28.684818,77.28595,2,2026-08-02T04:52:38,ATM_HDFC_170,2.34
TXN-0004494,ACC_NORM_1828,ACC_NORM_1199,4937.68,2026-08-02T04:52:50,,,0,,,
TXN-0004495,ACC_NORM_2951,ACC_NORM_0311,4684.44,2026-08-02T05:01:28,,,0,,,
TXN-0004496,ACC_NORM_0658,ACC_NORM_2991,24907.84,2026-08-02T05:10:07,,,0,,,
TXN-0004497,ACC_NORM_1472,ACC_NORM_2089,23316.61,2026-08-02T05:18:45,,,0,,,
TXN-0004498,ACC_NORM_0547,ACC_NORM_1259,4458.58,2026-08-02T05:27:23,,,0,,,
TXN-0004499,ACC_NORM_0927,ACC_NORM_2839,6862.07,2026-08-02T05:36:02,,,0,,,
TXN-0004500,ACC_NORM_2021,ACC_NORM_1393,5255.61,2026-08-02T05:44:40,,,0,,,
TXN-0004501,ACC_NORM_0492,ACC_NORM_1523,12853.97,2026-08-02T05:53:19,,,0,,,
TXN-0004502,ACC_VIC_0990,ACC_MULE_0165,57768.73,2026-08-02T06:01:57,28.661172,77.300555,1,2026-08-02T06:15:20,ATM_HDFC_170,6.55
TXN-0004503,ACC_NORM_2249,ACC_NORM_2319,21144.78,2026-08-02T06:10:35,,,0,,,
TXN-0004504,ACC_NORM_0693,ACC_NORM_0233,8340.26,2026-08-02T06:19:14,,,0,,,
TXN-0004505,ACC_VIC_1280,ACC_MULE_0523,157024.78,2026-08-02T06:27:52,28.533695,77.217872,1,2026-08-02T06:37:02,ATM_ICICI_087,4.75
TXN-0004506,ACC_VIC_0380,ACC_MULE_0441,191902.83,2026-08-02T06:36:31,28.544226,77.131951,1,2026-08-02T06:51:48,ATM_BOB_094,8.44
TXN-0004507,ACC_NORM_1314,ACC_NORM_2519,16854.44,2026-08-02T06:45:09,,,0,,,
TXN-0004508,ACC_NORM_0708,ACC_NORM_1580,6461.46,2026-08-02T06:53:47,,,0,,,
TXN-0004509,ACC_VIC_1062,ACC_MULE_0358,177478.31,2026-08-02T07:02:26,28.570589,77.05818,1,2026-08-02T07:20:07,ATM_PNB_102,6.11
TXN-0004510,ACC_MULE_0010,ACC_MULE_0096,133404.67,2026-08-02T07:11:04,28.722267,77.115058,2,2026-08-02T07:31:43,ATM_UBI_139,2.04
TXN-0004511,ACC_VIC_1070,ACC_MULE_0051,66239.95,2026-08-02T07:19:43,28.599468,77.332524,1,2026-08-02T07:42:26,ATM_BOB_146,11.07
TXN-0004512,ACC_VIC_0797,ACC_MULE_0511,60991.48,2026-08-02T07:28:21,28.62191,77.321329,1,2026-08-02T07:50:15,ATM_BOB_152,4.5
TXN-0004513,ACC_NORM_0279,ACC_NORM_2133,2175.6,2026-08-02T07:36:59,,,0,,,
TXN-0004514,ACC_VIC_1114,ACC_MULE_0287,113714.26,2026-08-02T07:45:38,28.525337,77.201046,1,2026-08-02T08:07:03,ATM_ICICI_087,2.99
TXN-0004515,ACC_VIC_1078,ACC_MULE_0362,93217.21,2026-08-02T07:54:16,28.581699,77.055344,1,2026-08-02T08:12:59,ATM_AXIS_101,8.61
TXN-0004516,ACC_NORM_0053,ACC_NORM_0125,6144.1,2026-08-02T08:02:55,,,0,,,
TXN-0004517,ACC_NORM_0669,ACC_NORM_1049,6739.42,2026-08-02T08:11:33,,,0,,,
TXN-0004518,ACC_NORM_2180,ACC_NORM_1857,13596.88,2026-08-02T08:20:11,,,0,,,
TXN-0004519,ACC_NORM_2830,ACC_NORM_0832,2458.24,2026-08-02T08:28:50,,,0,,,
TXN-0004520,ACC_MULE_0146,ACC_MULE_0481,55658.89,2026-08-02T08:37:28,28.713822,77.124297,2,2026-08-02T09:08:47,ATM_ICICI_142,3.95
TXN-0004521,ACC_NORM_1527,ACC_NORM_0575,6390.34,2026-08-02T08:46:07,,,0,,,
TXN-0004522,ACC_NORM_2764,ACC_NORM_0440,1400.44,2026-08-02T08:54:45,,,0,,,
TXN-0004523,ACC_VIC_0819,ACC_MULE_0295,156735.33,2026-08-02T09:03:23,28.540035,77.229206,1,,,
TXN-0004524,ACC_NORM_2772,ACC_NORM_2347,6432.89,2026-08-02T09:12:02,,,0,,,
TXN-0004525,ACC_NORM_2769,ACC_NORM_2785,8190.54,2026-08-02T09:20:40,,,0,,,
TXN-0004526,ACC_NORM_0407,ACC_NORM_1211,4359.95,2026-08-02T09:29:19,,,0,,,
TXN-0004527,ACC_NORM_0693,ACC_NORM_2824,24534.78,2026-08-02T09:37:57,,,0,,,
TXN-0004528,ACC_NORM_2766,ACC_NORM_2040,23133.57,2026-08-02T09:46:35,,,0,,,
TXN-0004529,ACC_NORM_2655,ACC_NORM_2773,12395.72,2026-08-02T09:55:14,,,0,,,
TXN-0004530,ACC_NORM_1093,ACC_NORM_2582,975.92,2026-08-02T10:03:52,,,0,,,
TXN-0004531,ACC_NORM_2788,ACC_NORM_1700,7631.34,2026-08-02T10:12:31,,,0,,,
TXN-0004532,ACC_MULE_0034,ACC_MULE_0209,124215.48,2026-08-02T10:21:09,28.633132,77.323579,2,2026-08-02T10:40:20,ATM_UBI_150,7.1
TXN-0004533,ACC_MULE_0415,ACC_MULE_0055,235871.51,2026-08-02T10:29:47,28.609486,77.32273,2,2026-08-02T10:51:14,ATM_UBI_150,7.7
TXN-0004534,ACC_NORM_0383,ACC_NORM_2305,14305.48,2026-08-02T10:38:26,,,0,,,
TXN-0004535,ACC_NORM_0210,ACC_NORM_2434,20674.35,2026-08-02T10:47:04,,,0,,,
TXN-0004536,ACC_MULE_0128,ACC_MULE_0348,95300.14,2026-08-02T10:55:43,28.551143,77.16178,2,2026-08-02T11:21:49,ATM_BOB_091,7.59
TXN-0004537,ACC_NORM_0062,ACC_NORM_2460,907.72,2026-08-02T11:04:21,,,0,,,
TXN-0004538,ACC_NORM_1768,ACC_NORM_1274,7567.85,2026-08-02T11:12:59,,,0,,,
TXN-0004539,ACC_NORM_2192,ACC_NORM_0764,8034.41,2026-08-02T11:21:38,,,0,,,
TXN-0004540,ACC_VIC_0719,ACC_MULE_0166,234008.14,2026-08-02T11:30:16,28.693343,77.123259,1,2026-08-02T11:46:02,ATM_HDFC_130,2.44
TXN-0004541,ACC_NORM_1564,ACC_NORM_0688,24576.72,2026-08-02T11:38:55,,,0,,,
TXN-0004542,ACC_VIC_0737,ACC_MULE_0002,204657.57,2026-08-02T11:47:33,28.542431,77.136627,1,,,
TXN-0004543,ACC_NORM_0901,ACC_NORM_1043,8769.31,2026-08-02T11:56:11,,,0,,,
TXN-0004544,ACC_VIC_1440,ACC_MULE_0108,68827.52,2026-08-02T12:04:50,28.512296,77.202855,1,2026-08-02T12:25:14,ATM_AXIS_084,6.79
TXN-0004545,ACC_NORM_0533,ACC_NORM_2843,1483.22,2026-08-02T12:13:28,,,0,,,
TXN-0004546,ACC_NORM_1028,ACC_NORM_1545,3466.42,2026-08-02T12:22:07,,,0,,,
TXN-0004547,ACC_VIC_0123,ACC_MULE_0199,201678.91,2026-08-02T12:30:45,28.645002,77.190037,1,2026-08-02T12:46:18,ATM_SBI_011,3.33
TXN-0004548,ACC_VIC_1307,ACC_MULE_0127,66019.22,2026-08-02T12:39:23,28.623299,77.328534,1,,,
TXN-0004549,ACC_NORM_1981,ACC_NORM_0784,22323.0,2026-08-02T12:48:02,,,0,,,
TXN-0004550,ACC_NORM_1149,ACC_NORM_0046,5206.69,2026-08-02T12:56:40,,,0,,,
TXN-0004551,ACC_NORM_0783,ACC_NORM_1135,23953.95,2026-08-02T13:05:19,,,0,,,
TXN-0004552,ACC_VIC_1129,ACC_MULE_0161,222360.24,2026-08-02T13:13:57,28.726696,77.148605,1,2026-08-02T13:31:50,ATM_ICICI_142,11.16
TXN-0004553,ACC_NORM_2361,ACC_NORM_1837,9726.43,2026-08-02T13:22:35,,,0,,,
TXN-0004554,ACC_NORM_2631,ACC_NORM_1146,12967.46,2026-08-02T13:31:14,,,0,,,
TXN-0004555,ACC_NORM_2279,ACC_NORM_0260,2385.62,2026-08-02T13:39:52,,,0,,,
TXN-0004556,ACC_NORM_1628,ACC_NORM_1375,22156.91,2026-08-02T13:48:31,,,0,,,
TXN-0004557,ACC_NORM_0072,ACC_NORM_1627,19093.66,2026-08-02T13:57:09,,,0,,,
TXN-0004558,ACC_NORM_1864,ACC_NORM_1660,17181.62,2026-08-02T14:05:47,,,0,,,
TXN-0004559,ACC_NORM_2736,ACC_NORM_2598,13059.73,2026-08-02T14:14:26,,,0,,,
TXN-0004560,ACC_NORM_0597,ACC_NORM_1515,9287.93,2026-08-02T14:23:04,,,0,,,
TXN-0004561,ACC_VIC_0639,ACC_MULE_0392,53239.33,2026-08-02T14:31:43,28.531446,77.24032,1,2026-08-02T14:46:39,ATM_ICICI_068,2.89
TXN-0004562,ACC_VIC_1010,ACC_MULE_0252,105268.52,2026-08-02T14:40:21,28.708789,77.112756,1,2026-08-02T14:50:24,ATM_AXIS_128,2.62
TXN-0004563,ACC_MULE_0147,ACC_MULE_0032,80600.8,2026-08-02T14:48:59,28.547107,77.223341,2,2026-08-02T15:06:18,ATM_ICICI_087,7.46
TXN-0004564,ACC_VIC_1180,ACC_MULE_0022,188190.17,2026-08-02T14:57:38,28.661062,77.182292,1,2026-08-02T15:09:50,ATM_UBI_016,5.32
TXN-0004565,ACC_NORM_0164,ACC_NORM_2038,6395.7,2026-08-02T15:06:16,,,0,,,
TXN-0004566,ACC_NORM_2795,ACC_NORM_2998,12732.18,2026-08-02T15:14:55,,,0,,,
TXN-0004567,ACC_MULE_0175,ACC_MULE_0392,211643.21,2026-08-02T15:23:33,28.531446,77.24032,2,2026-08-02T15:45:54,ATM_AXIS_074,13.38
TXN-0004568,ACC_VIC_0858,ACC_MULE_0080,245468.5,2026-08-02T15:32:11,28.71793,77.121454,1,,,
TXN-0004569,ACC_MULE_0108,ACC_MULE_0527,131902.42,2026-08-02T15:40:50,28.713956,77.140458,2,2026-08-02T15:56:53,ATM_ICICI_142,6.73
TXN-0004570,ACC_NORM_1994,ACC_NORM_1582,15714.25,2026-08-02T15:49:28,,,0,,,
TXN-0004571,ACC_NORM_2273,ACC_NORM_1487,20692.19,2026-08-02T15:58:07,,,0,,,
TXN-0004572,ACC_VIC_1420,ACC_MULE_0437,55057.26,2026-08-02T16:06:45,28.584929,77.249474,1,,,
TXN-0004573,ACC_VIC_1072,ACC_MULE_0190,154512.14,2026-08-02T16:15:23,28.572739,77.031343,1,2026-08-02T16:46:01,ATM_AXIS_103,8.6
TXN-0004574,ACC_NORM_0589,ACC_NORM_1077,23636.33,2026-08-02T16:24:02,,,0,,,
TXN-0004575,ACC_NORM_0636,ACC_NORM_0617,658.31,2026-08-02T16:32:40,,,0,,,
TXN-0004576,ACC_VIC_0403,ACC_MULE_0239,61918.0,2026-08-02T16:41:19,28.568324,77.263944,1,2026-08-02T17:02:05,ATM_UBI_067,8.01
TXN-0004577,ACC_VIC_0144,ACC_MULE_0506,193892.42,2026-08-02T16:49:57,28.62333,77.226669,1,2026-08-02T17:00:38,ATM_HDFC_006,4.23
TXN-0004578,ACC_NORM_2905,ACC_NORM_2936,17883.89,2026-08-02T16:58:35,,,0,,,
TXN-0004579,ACC_VIC_0076,ACC_MULE_0283,128425.18,2026-08-02T17:07:14,28.680518,77.273289,1,2026-08-02T17:23:19,ATM_HDFC_170,3.93
TXN-0004580,ACC_VIC_0784,ACC_MULE_0168,132436.45,2026-08-02T17:15:52,28.542533,77.140238,1,,,
TXN-0004581,ACC_NORM_1360,ACC_NORM_0894,6435.22,2026-08-02T17:24:31,,,0,,,
TXN-0004582,ACC_NORM_0053,ACC_NORM_2130,4923.46,2026-08-02T17:33:09,,,0,,,
TXN-0004583,ACC_MULE_0538,ACC_MULE_0185,232187.34,2026-08-02T17:41:47,28.717267,77.149642,2,2026-08-02T18:11:14,ATM_UBI_139,10.2
TXN-0004584,ACC_NORM_2850,ACC_NORM_1401,21471.85,2026-08-02T17:50:26,,,0,,,
TXN-0004585,ACC_NORM_2113,ACC_NORM_2690,24458.24,2026-08-02T17:59:04,,,0,,,
TXN-0004586,ACC_VIC_0309,ACC_MULE_0389,206666.49,2026-08-02T18:07:43,28.583693,77.0543,1,2026-08-02T18:21:53,ATM_AXIS_104,4.56
TXN-0004587,ACC_MULE_0344,ACC_MULE_0345,142622.38,2026-08-02T18:16:21,28.695081,77.130814,2,2026-08-02T18:33:38,ATM_KOTAK_138,1.44
TXN-0004588,ACC_VIC_0666,ACC_MULE_0261,219742.54,2026-08-02T18:24:59,28.635448,77.189217,1,2026-08-02T18:47:30,ATM_UBI_016,3.61
TXN-0004589,ACC_NORM_1689,ACC_NORM_2869,24235.8,2026-08-02T18:33:38,,,0,,,
TXN-0004590,ACC_NORM_1576,ACC_NORM_1047,20177.74,2026-08-02T18:42:16,,,0,,,
TXN-0004591,ACC_VIC_0837,ACC_MULE_0338,83914.43,2026-08-02T18:50:55,28.660678,77.300695,1,2026-08-02T19:06:43,ATM_HDFC_170,6.7
TXN-0004592,ACC_MULE_0422,ACC_MULE_0049,229529.95,2026-08-02T18:59:33,28.532206,77.228628,2,2026-08-02T19:13:54,ATM_AXIS_084,4.23
TXN-0004593,ACC_NORM_0730,ACC_NORM_1758,13781.96,2026-08-02T19:08:11,,,0,,,
TXN-0004594,ACC_NORM_1170,ACC_NORM_1315,549.29,2026-08-02T19:16:50,,,0,,,
TXN-0004595,ACC_NORM_0632,ACC_NORM_2661,12142.4,2026-08-02T19:25:28,,,0,,,
TXN-0004596,ACC_NORM_0349,ACC_NORM_1766,11047.53,2026-08-02T19:34:07,,,0,,,
TXN-0004597,ACC_VIC_0824,ACC_MULE_0126,216949.55,2026-08-02T19:42:45,28.655625,77.302481,1,2026-08-02T20:02:00,ATM_BOB_155,7.1
TXN-0004598,ACC_NORM_2750,ACC_NORM_1953,20627.82,2026-08-02T19:51:23,,,0,,,
TXN-0004599,ACC_NORM_1123,ACC_NORM_0373,4998.36,2026-08-02T20:00:02,,,0,,,
TXN-0004600,ACC_NORM_1626,ACC_NORM_1530,16633.6,2026-08-02T20:08:40,,,0,,,
TXN-0004601,ACC_NORM_0777,ACC_NORM_0024,8396.22,2026-08-02T20:17:19,,,0,,,
TXN-0004602,ACC_NORM_0697,ACC_NORM_0681,21857.73,2026-08-02T20:25:57,,,0,,,
TXN-0004603,ACC_NORM_2946,ACC_NORM_2644,9349.77,2026-08-02T20:34:35,,,0,,,
TXN-0004604,ACC_VIC_0194,ACC_MULE_0368,146900.17,2026-08-02T20:43:14,28.648347,77.226941,1,2026-08-02T21:05:52,ATM_BOB_020,3.87
TXN-0004605,ACC_NORM_1205,ACC_NORM_2706,5052.38,2026-08-02T20:51:52,,,0,,,
TXN-0004606,ACC_VIC_0971,ACC_MULE_0205,164921.44,2026-08-02T21:00:31,28.601069,77.335143,1,,,
TXN-0004607,ACC_NORM_1867,ACC_NORM_2785,12345.06,2026-08-02T21:09:09,,,0,,,
TXN-0004608,ACC_NORM_1940,ACC_NORM_2848,22416.14,2026-08-02T21:17:47,,,0,,,
TXN-0004609,ACC_NORM_1202,ACC_NORM_2982,8766.13,2026-08-02T21:26:26,,,0,,,
TXN-0004610,ACC_NORM_0445,ACC_NORM_2160,3316.48,2026-08-02T21:35:04,,,0,,,
TXN-0004611,ACC_MULE_0429,ACC_MULE_0391,70565.88,2026-08-02T21:43:43,28.613544,77.289368,2,2026-08-02T21:52:42,ATM_PNB_160,2.59
TXN-0004612,ACC_NORM_1238,ACC_NORM_1082,5358.91,2026-08-02T21:52:21,,,0,,,
TXN-0004613,ACC_NORM_0798,ACC_NORM_2114,15938.13,2026-08-02T22:00:59,,,0,,,
TXN-0004614,ACC_NORM_0833,ACC_NORM_2142,20271.14,2026-08-02T22:09:38,,,0,,,
TXN-0004615,ACC_NORM_0222,ACC_NORM_1720,1151.01,2026-08-02T22:18:16,,,0,,,
TXN-0004616,ACC_NORM_1803,ACC_NORM_0101,6527.0,2026-08-02T22:26:55,,,0,,,
TXN-0004617,ACC_MULE_0087,ACC_MULE_0084,249924.71,2026-08-02T22:35:33,28.717805,77.133938,2,2026-08-02T22:51:14,ATM_AXIS_140,2.0
TXN-0004618,ACC_NORM_1453,ACC_NORM_0638,15713.2,2026-08-02T22:44:11,,,0,,,
TXN-0004619,ACC_VIC_0135,ACC_MULE_0105,99068.87,2026-08-02T22:52:50,28.611145,77.339163,1,2026-08-02T23:17:55,ATM_BOB_146,10.85
TXN-0004620,ACC_MULE_0132,ACC_MULE_0453,57349.47,2026-08-02T23:01:28,28.581104,77.069827,2,,,
TXN-0004621,ACC_NORM_1164,ACC_NORM_0037,817.75,2026-08-02T23:10:07,,,0,,,
TXN-0004622,ACC_NORM_1826,ACC_NORM_0187,4044.37,2026-08-02T23:18:45,,,0,,,
TXN-0004623,ACC_VIC_0676,ACC_MULE_0043,104492.09,2026-08-02T23:27:23,28.556183,77.167374,1,2026-08-02T23:51:04,ATM_BOB_094,12.75
TXN-0004624,ACC_NORM_1941,ACC_NORM_2911,21876.12,2026-08-02T23:36:02,,,0,,,
TXN-0004625,ACC_NORM_1185,ACC_NORM_1772,22883.67,2026-08-02T23:44:40,,,0,,,
TXN-0004626,ACC_NORM_1781,ACC_NORM_1480,15214.12,2026-08-02T23:53:19,,,0,,,
TXN-0004627,ACC_NORM_2068,ACC_NORM_2714,16141.85,2026-08-03T00:01:57,,,0,,,
TXN-0004628,ACC_NORM_2076,ACC_NORM_1262,5193.3,2026-08-03T00:10:35,,,0,,,
TXN-0004629,ACC_NORM_0883,ACC_NORM_2613,9207.45,2026-08-03T00:19:14,,,0,,,
TXN-0004630,ACC_NORM_1209,ACC_NORM_2976,7035.0,2026-08-03T00:27:52,,,0,,,
TXN-0004631,ACC_NORM_2550,ACC_NORM_2470,1311.98,2026-08-03T00:36:31,,,0,,,
TXN-0004632,ACC_NORM_2440,ACC_NORM_1913,7180.99,2026-08-03T00:45:09,,,0,,,
TXN-0004633,ACC_VIC_0242,ACC_MULE_0182,200176.32,2026-08-03T00:53:47,28.66639,77.203843,1,2026-08-03T01:15:48,ATM_PNB_021,4.58
TXN-0004634,ACC_MULE_0302,ACC_MULE_0187,224262.12,2026-08-03T01:02:26,28.669442,77.179095,2,2026-08-03T01:21:58,ATM_BOB_012,5.1
TXN-0004635,ACC_VIC_1053,ACC_MULE_0317,164760.11,2026-08-03T01:11:04,28.67538,77.285525,1,2026-08-03T01:22:23,ATM_KOTAK_168,4.35
TXN-0004636,ACC_VIC_1431,ACC_MULE_0546,205167.28,2026-08-03T01:19:43,28.620492,77.285092,1,2026-08-03T01:29:49,ATM_PNB_160,0.4
TXN-0004637,ACC_NORM_1377,ACC_NORM_0153,11176.98,2026-08-03T01:28:21,,,0,,,
TXN-0004638,ACC_NORM_2611,ACC_NORM_0836,23675.83,2026-08-03T01:36:59,,,0,,,
TXN-0004639,ACC_NORM_0615,ACC_NORM_1141,5472.0,2026-08-03T01:45:38,,,0,,,
TXN-0004640,ACC_NORM_2902,ACC_NORM_2156,9718.97,2026-08-03T01:54:16,,,0,,,
TXN-0004641,ACC_NORM_0162,ACC_NORM_2454,10913.46,2026-08-03T02:02:55,,,0,,,
TXN-0004642,ACC_NORM_0895,ACC_NORM_1632,1551.78,2026-08-03T02:11:33,,,0,,,
TXN-0004643,ACC_NORM_0741,ACC_NORM_0836,9078.29,2026-08-03T02:20:11,,,0,,,
TXN-0004644,ACC_VIC_0128,ACC_MULE_0191,204415.03,2026-08-03T02:28:50,28.692562,77.122989,1,2026-08-03T02:39:50,ATM_HDFC_130,2.7
TXN-0004645,ACC_NORM_0283,ACC_NORM_2137,14897.92,2026-08-03T02:37:28,,,0,,,
TXN-0004646,ACC_VIC_1091,ACC_MULE_0149,224958.39,2026-08-03T02:46:07,28.647496,77.20884,1,2026-08-03T03:11:37,ATM_UBI_016,4.97
TXN-0004647,ACC_NORM_1203,ACC_NORM_2957,1829.5,2026-08-03T02:54:45,,,0,,,
TXN-0004648,ACC_NORM_2142,ACC_NORM_1021,7573.68,2026-08-03T03:03:23,,,0,,,
TXN-0004649,ACC_NORM_2622,ACC_NORM_1067,9935.37,2026-08-03T03:12:02,,,0,,,
TXN-0004650,ACC_NORM_2816,ACC_NORM_1737,4114.24,2026-08-03T03:20:40,,,0,,,
TXN-0004651,ACC_NORM_2741,ACC_NORM_0860,12915.27,2026-08-03T03:29:19,,,0,,,
TXN-0004652,ACC_NORM_0140,ACC_NORM_1082,2661.16,2026-08-03T03:37:57,,,0,,,
TXN-0004653,ACC_VIC_1401,ACC_MULE_0354,241904.34,2026-08-03T03:46:35,28.720119,77.104607,1,,,
TXN-0004654,ACC_NORM_2136,ACC_NORM_1537,3534.89,2026-08-03T03:55:14,,,0,,,
TXN-0004655,ACC_NORM_0652,ACC_NORM_1661,10506.17,2026-08-03T04:03:52,,,0,,,
TXN-0004656,ACC_NORM_0271,ACC_NORM_1467,21965.49,2026-08-03T04:12:31,,,0,,,
TXN-0004657,ACC_NORM_1104,ACC_NORM_0808,15888.75,2026-08-03T04:21:09,,,0,,,
TXN-0004658,ACC_NORM_1229,ACC_NORM_1662,10299.96,2026-08-03T04:29:47,,,0,,,
TXN-0004659,ACC_NORM_2952,ACC_NORM_2455,24966.61,2026-08-03T04:38:26,,,0,,,
TXN-0004660,ACC_NORM_1224,ACC_NORM_2256,12873.09,2026-08-03T04:47:04,,,0,,,
TXN-0004661,ACC_MULE_0211,ACC_MULE_0413,193275.16,2026-08-03T04:55:43,28.624014,77.300456,2,2026-08-03T05:08:51,ATM_UBI_150,0.14
TXN-0004662,ACC_VIC_0099,ACC_MULE_0058,143741.41,2026-08-03T05:04:21,28.540632,77.198499,1,2026-08-03T05:22:53,ATM_ICICI_087,2.06
TXN-0004663,ACC_MULE_0164,ACC_MULE_0152,238403.85,2026-08-03T05:12:59,28.539539,77.160688,2,2026-08-03T05:38:36,ATM_BOB_091,3.96
TXN-0004664,ACC_NORM_2992,ACC_NORM_1533,20270.42,2026-08-03T05:21:38,,,0,,,
TXN-0004665,ACC_NORM_0444,ACC_NORM_2107,14252.61,2026-08-03T05:30:16,,,0,,,
TXN-0004666,ACC_NORM_2154,ACC_NORM_0723,14061.77,2026-08-03T05:38:55,,,0,,,
TXN-0004667,ACC_NORM_0723,ACC_NORM_0930,21396.84,2026-08-03T05:47:33,,,0,,,
TXN-0004668,ACC_NORM_2171,ACC_NORM_1633,15676.52,2026-08-03T05:56:11,,,0,,,
TXN-0004669,ACC_VIC_1374,ACC_MULE_0585,69858.71,2026-08-03T06:04:50,28.720563,77.11882,1,2026-08-03T06:20:19,ATM_SBI_141,4.86
TXN-0004670,ACC_VIC_0105,ACC_MULE_0591,200720.72,2026-08-03T06:13:28,28.554119,77.25891,1,2026-08-03T06:38:17,ATM_PNB_062,13.65
TXN-0004671,ACC_NORM_2222,ACC_NORM_0358,4529.01,2026-08-03T06:22:07,,,0,,,
TXN-0004672,ACC_NORM_1083,ACC_NORM_0671,17800.43,2026-08-03T06:30:45,,,0,,,
TXN-0004673,ACC_VIC_0940,ACC_MULE_0277,103270.09,2026-08-03T06:39:23,28.556758,77.2502,1,2026-08-03T06:58:26,ATM_KOTAK_053,6.81
TXN-0004674,ACC_NORM_2757,ACC_NORM_0421,17899.68,2026-08-03T06:48:02,,,0,,,
TXN-0004675,ACC_NORM_2015,ACC_NORM_1790,7783.67,2026-08-03T06:56:40,,,0,,,
TXN-0004676,ACC_NORM_0117,ACC_NORM_2557,15148.96,2026-08-03T07:05:19,,,0,,,
TXN-0004677,ACC_NORM_1061,ACC_NORM_1529,10334.2,2026-08-03T07:13:57,,,0,,,
TXN-0004678,ACC_NORM_1405,ACC_NORM_2276,21527.18,2026-08-03T07:22:35,,,0,,,
TXN-0004679,ACC_NORM_2782,ACC_NORM_0418,14516.7,2026-08-03T07:31:14,,,0,,,
TXN-0004680,ACC_NORM_2561,ACC_NORM_2629,5079.59,2026-08-03T07:39:52,,,0,,,
TXN-0004681,ACC_VIC_1027,ACC_MULE_0333,184395.53,2026-08-03T07:48:31,28.602643,77.321707,1,2026-08-03T08:03:56,ATM_BOB_152,6.86
TXN-0004682,ACC_NORM_0958,ACC_NORM_0969,6371.4,2026-08-03T07:57:09,,,0,,,
TXN-0004683,ACC_VIC_0408,ACC_MULE_0179,116872.61,2026-08-03T08:05:47,28.534464,77.211713,1,2026-08-03T08:18:44,ATM_PNB_064,5.46
TXN-0004684,ACC_NORM_2832,ACC_NORM_1947,19112.12,2026-08-03T08:14:26,,,0,,,
TXN-0004685,ACC_NORM_0402,ACC_NORM_2072,24698.11,2026-08-03T08:23:04,,,0,,,
TXN-0004686,ACC_NORM_2534,ACC_NORM_0904,22328.35,2026-08-03T08:31:43,,,0,,,
TXN-0004687,ACC_NORM_0418,ACC_NORM_1513,11073.84,2026-08-03T08:40:21,,,0,,,
TXN-0004688,ACC_NORM_2816,ACC_NORM_1173,10451.92,2026-08-03T08:48:59,,,0,,,
TXN-0004689,ACC_NORM_1464,ACC_NORM_0531,24855.81,2026-08-03T08:57:38,,,0,,,
TXN-0004690,ACC_NORM_1024,ACC_NORM_2462,20040.81,2026-08-03T09:06:16,,,0,,,
TXN-0004691,ACC_NORM_0854,ACC_NORM_0213,4102.39,2026-08-03T09:14:55,,,0,,,
TXN-0004692,ACC_NORM_2959,ACC_NORM_0561,13965.74,2026-08-03T09:23:33,,,0,,,
TXN-0004693,ACC_VIC_0182,ACC_MULE_0153,82069.35,2026-08-03T09:32:11,28.686499,77.117832,1,2026-08-03T09:48:37,ATM_HDFC_130,4.95
TXN-0004694,ACC_VIC_0738,ACC_MULE_0356,135334.91,2026-08-03T09:40:50,28.706895,77.124282,1,2026-08-03T09:53:20,ATM_UBI_139,4.23
TXN-0004695,ACC_NORM_1567,ACC_NORM_2868,6839.61,2026-08-03T09:49:28,,,0,,,
TXN-0004696,ACC_NORM_0191,ACC_NORM_0714,5916.05,2026-08-03T09:58:07,,,0,,,
TXN-0004697,ACC_NORM_2471,ACC_NORM_2136,12437.9,2026-08-03T10:06:45,,,0,,,
TXN-0004698,ACC_VIC_0124,ACC_MULE_0466,67341.88,2026-08-03T10:15:23,28.642823,77.208144,1,2026-08-03T10:43:46,ATM_UBI_016,4.91
TXN-0004699,ACC_NORM_2870,ACC_NORM_2758,23973.69,2026-08-03T10:24:02,,,0,,,
TXN-0004700,ACC_NORM_2169,ACC_NORM_0884,8881.35,2026-08-03T10:32:40,,,0,,,
TXN-0004701,ACC_VIC_0794,ACC_MULE_0335,118269.21,2026-08-03T10:41:19,28.533166,77.242232,1,2026-08-03T11:04:02,ATM_PNB_062,12.38
TXN-0004702,ACC_NORM_0831,ACC_NORM_1335,22518.74,2026-08-03T10:49:57,,,0,,,
TXN-0004703,ACC_VIC_1461,ACC_MULE_0009,127356.83,2026-08-03T10:58:35,28.59655,77.0633,1,2026-08-03T11:21:42,ATM_AXIS_103,4.18
TXN-0004704,ACC_VIC_0023,ACC_MULE_0359,83776.18,2026-08-03T11:07:14,28.603829,77.03151,1,2026-08-03T11:15:56,ATM_AXIS_101,1.53
TXN-0004705,ACC_NORM_0511,ACC_NORM_2337,2463.06,2026-08-03T11:15:52,,,0,,,
TXN-0004706,ACC_MULE_0300,ACC_MULE_0371,228276.82,2026-08-03T11:24:31,28.520659,77.211817,2,2026-08-03T11:38:17,ATM_HDFC_086,4.5
TXN-0004707,ACC_NORM_2648,ACC_NORM_0345,14868.82,2026-08-03T11:33:09,,,0,,,
TXN-0004708,ACC_MULE_0002,ACC_MULE_0386,222745.0,2026-08-03T11:41:47,28.509158,77.229527,2,2026-08-03T11:58:25,ATM_KOTAK_071,10.5
TXN-0004709,ACC_VIC_0376,ACC_MULE_0437,70480.94,2026-08-03T11:50:26,28.584929,77.249474,1,2026-08-03T12:12:47,ATM_PNB_056,7.58
TXN-0004710,ACC_NORM_1270,ACC_NORM_1427,23373.09,2026-08-03T11:59:04,,,0,,,
TXN-0004711,ACC_VIC_1234,ACC_MULE_0461,244999.32,2026-08-03T12:07:43,28.689614,77.308003,1,,,
TXN-0004712,ACC_NORM_0367,ACC_NORM_0432,24775.34,2026-08-03T12:16:21,,,0,,,
TXN-0004713,ACC_NORM_1177,ACC_NORM_1724,6755.26,2026-08-03T12:24:59,,,0,,,
TXN-0004714,ACC_NORM_0489,ACC_NORM_1740,13997.5,2026-08-03T12:33:38,,,0,,,
TXN-0004715,ACC_VIC_0519,ACC_MULE_0069,174236.84,2026-08-03T12:42:16,28.537504,77.206242,1,2026-08-03T12:51:59,ATM_HDFC_086,1.4
TXN-0004716,ACC_NORM_0993,ACC_NORM_2829,5370.21,2026-08-03T12:50:55,,,0,,,
TXN-0004717,ACC_VIC_0582,ACC_MULE_0194,64068.53,2026-08-03T12:59:33,28.718865,77.132984,1,2026-08-03T13:22:05,ATM_ICICI_142,6.43
TXN-0004718,ACC_NORM_1639,ACC_NORM_0876,18456.72,2026-08-03T13:08:11,,,0,,,
TXN-0004719,ACC_NORM_2986,ACC_NORM_1498,13472.15,2026-08-03T13:16:50,,,0,,,
TXN-0004720,ACC_NORM_1429,ACC_NORM_0809,6869.44,2026-08-03T13:25:28,,,0,,,
TXN-0004721,ACC_VIC_0079,ACC_MULE_0503,180623.09,2026-08-03T13:34:07,28.722124,77.142255,1,2026-08-03T13:57:56,ATM_KOTAK_138,8.3
TXN-0004722,ACC_NORM_0540,ACC_NORM_0058,11904.68,2026-08-03T13:42:45,,,0,,,
TXN-0004723,ACC_VIC_0315,ACC_MULE_0288,180413.1,2026-08-03T13:51:23,28.548084,77.258085,1,2026-08-03T14:07:23,ATM_PNB_052,6.4
TXN-0004724,ACC_MULE_0467,ACC_MULE_0444,92234.57,2026-08-03T14:00:02,28.591843,77.050184,2,2026-08-03T14:09:23,ATM_PNB_102,1.76
TXN-0004725,ACC_VIC_0288,ACC_MULE_0515,187137.68,2026-08-03T14:08:40,28.538331,77.212319,1,,,
TXN-0004726,ACC_NORM_2554,ACC_NORM_0341,11620.64,2026-08-03T14:17:19,,,0,,,
TXN-0004727,ACC_NORM_1224,ACC_NORM_2397,18253.25,2026-08-03T14:25:57,,,0,,,
TXN-0004728,ACC_NORM_2313,ACC_NORM_1298,11033.43,2026-08-03T14:34:35,,,0,,,
TXN-0004729,ACC_VIC_0530,ACC_MULE_0314,231530.37,2026-08-03T14:43:14,28.670647,77.306933,1,2026-08-03T15:07:58,ATM_HDFC_170,6.1
TXN-0004730,ACC_MULE_0179,ACC_MULE_0182,200960.1,2026-08-03T14:51:52,28.66639,77.203843,2,2026-08-03T15:06:26,ATM_UBI_016,7.31
TXN-0004731,ACC_NORM_2939,ACC_NORM_1693,22271.88,2026-08-03T15:00:31,,,0,,,
TXN-0004732,ACC_NORM_1804,ACC_NORM_0956,20089.04,2026-08-03T15:09:09,,,0,,,
TXN-0004733,ACC_NORM_0838,ACC_NORM_0854,11771.34,2026-08-03T15:17:47,,,0,,,
TXN-0004734,ACC_NORM_1213,ACC_NORM_2627,5651.64,2026-08-03T15:26:26,,,0,,,
TXN-0004735,ACC_NORM_2110,ACC_NORM_0260,7744.52,2026-08-03T15:35:04,,,0,,,
TXN-0004736,ACC_MULE_0013,ACC_MULE_0375,163331.95,2026-08-03T15:43:43,28.529185,77.224222,2,2026-08-03T15:56:47,ATM_ICICI_087,6.77
TXN-0004737,ACC_NORM_2158,ACC_NORM_0685,24509.74,2026-08-03T15:52:21,,,0,,,
TXN-0004738,ACC_NORM_1032,ACC_NORM_2634,20012.05,2026-08-03T16:00:59,,,0,,,
TXN-0004739,ACC_NORM_2766,ACC_NORM_2986,12485.4,2026-08-03T16:09:38,,,0,,,
TXN-0004740,ACC_MULE_0265,ACC_MULE_0300,166301.83,2026-08-03T16:18:16,28.583371,77.262183,2,2026-08-03T16:37:04,ATM_PNB_052,6.7
TXN-0004741,ACC_NORM_2082,ACC_NORM_0260,2103.43,2026-08-03T16:26:55,,,0,,,
TXN-0004742,ACC_VIC_1038,ACC_MULE_0513,134506.09,2026-08-03T16:35:33,28.554758,77.140102,1,2026-08-03T17:06:17,ATM_ICICI_096,13.46
TXN-0004743,ACC_NORM_1297,ACC_NORM_0624,11351.13,2026-08-03T16:44:11,,,0,,,
TXN-0004744,ACC_VIC_0950,ACC_MULE_0463,74174.64,2026-08-03T16:52:50,28.608117,77.061555,1,2026-08-03T17:02:43,ATM_PNB_102,6.21
TXN-0004745,ACC_NORM_1188,ACC_NORM_0904,4186.9,2026-08-03T17:01:28,,,0,,,
TXN-0004746,ACC_NORM_2418,ACC_NORM_2950,11616.44,2026-08-03T17:10:07,,,0,,,
TXN-0004747,ACC_NORM_0985,ACC_NORM_2112,18103.39,2026-08-03T17:18:45,,,0,,,
TXN-0004748,ACC_VIC_0950,ACC_MULE_0532,178982.59,2026-08-03T17:27:23,28.51466,77.219559,1,2026-08-03T18:14:32,ATM_KOTAK_178,30.17
TXN-0004749,ACC_VIC_1072,ACC_MULE_0096,155474.77,2026-08-03T17:36:02,28.722267,77.115058,1,2026-08-03T18:04:02,ATM_HDFC_130,7.34
TXN-0004750,ACC_NORM_1070,ACC_NORM_1126,12737.71,2026-08-03T17:44:40,,,0,,,
TXN-0004751,ACC_NORM_1271,ACC_NORM_1352,12994.75,2026-08-03T17:53:19,,,0,,,
TXN-0004752,ACC_VIC_1029,ACC_MULE_0276,56837.28,2026-08-03T18:01:57,28.620835,77.213399,1,2026-08-03T18:20:51,ATM_HDFC_002,3.66
TXN-0004753,ACC_NORM_0537,ACC_NORM_0090,24401.44,2026-08-03T18:10:35,,,0,,,
TXN-0004754,ACC_NORM_1706,ACC_NORM_1806,14030.14,2026-08-03T18:19:14,,,0,,,
TXN-0004755,ACC_NORM_0257,ACC_NORM_0310,24576.18,2026-08-03T18:27:52,,,0,,,
TXN-0004756,ACC_NORM_2112,ACC_NORM_0152,18466.41,2026-08-03T18:36:31,,,0,,,
TXN-0004757,ACC_NORM_2793,ACC_NORM_1644,16191.28,2026-08-03T18:45:09,,,0,,,
TXN-0004758,ACC_VIC_0744,ACC_MULE_0317,81642.14,2026-08-03T18:53:47,28.67538,77.285525,1,2026-08-03T19:09:46,ATM_BOB_163,2.3
TXN-0004759,ACC_NORM_0774,ACC_NORM_0672,6381.09,2026-08-03T19:02:26,,,0,,,
TXN-0004760,ACC_NORM_1949,ACC_NORM_1978,18766.44,2026-08-03T19:11:04,,,0,,,
TXN-0004761,ACC_NORM_0313,ACC_NORM_0679,10932.77,2026-08-03T19:19:43,,,0,,,
TXN-0004762,ACC_MULE_0060,ACC_MULE_0032,221926.4,2026-08-03T19:28:21,28.547107,77.223341,2,2026-08-03T20:09:50,ATM_UBI_075,7.57
TXN-0004763,ACC_NORM_0687,ACC_NORM_1894,16991.98,2026-08-03T19:36:59,,,0,,,
TXN-0004764,ACC_MULE_0523,ACC_MULE_0462,92867.96,2026-08-03T19:45:38,28.710721,77.124013,2,2026-08-03T20:03:31,ATM_ICICI_142,2.96
TXN-0004765,ACC_NORM_0096,ACC_NORM_2603,4404.66,2026-08-03T19:54:16,,,0,,,
TXN-0004766,ACC_NORM_1166,ACC_NORM_1931,13481.52,2026-08-03T20:02:55,,,0,,,
TXN-0004767,ACC_NORM_2639,ACC_NORM_1876,16919.0,2026-08-03T20:11:33,,,0,,,
TXN-0004768,ACC_NORM_0971,ACC_NORM_2067,20345.18,2026-08-03T20:20:11,,,0,,,
TXN-0004769,ACC_MULE_0440,ACC_MULE_0143,50017.6,2026-08-03T20:28:50,28.623659,77.314846,2,2026-08-03T20:37:37,ATM_UBI_150,3.96
TXN-0004770,ACC_NORM_0497,ACC_NORM_1187,22653.89,2026-08-03T20:37:28,,,0,,,
TXN-0004771,ACC_VIC_1027,ACC_MULE_0411,51860.94,2026-08-03T20:46:07,28.530139,77.222592,1,2026-08-03T20:58:38,ATM_SBI_072,2.8
TXN-0004772,ACC_VIC_0247,ACC_MULE_0446,185385.12,2026-08-03T20:54:45,28.557889,77.252555,1,2026-08-03T21:16:22,ATM_PNB_052,2.89
TXN-0004773,ACC_VIC_0756,ACC_MULE_0370,55042.11,2026-08-03T21:03:23,28.616595,77.311886,1,2026-08-03T21:26:11,ATM_PNB_156,12.63
TXN-0004774,ACC_NORM_0813,ACC_NORM_1070,22192.63,2026-08-03T21:12:02,,,0,,,
TXN-0004775,ACC_NORM_2095,ACC_NORM_2649,21946.01,2026-08-03T21:20:40,,,0,,,
TXN-0004776,ACC_NORM_2645,ACC_NORM_1216,2110.62,2026-08-03T21:29:19,,,0,,,
TXN-0004777,ACC_VIC_0593,ACC_MULE_0361,106487.76,2026-08-03T21:37:57,28.581471,77.039621,1,,,
TXN-0004778,ACC_NORM_1251,ACC_NORM_0063,5328.46,2026-08-03T21:46:35,,,0,,,
TXN-0004779,ACC_NORM_2747,ACC_NORM_1871,11750.17,2026-08-03T21:55:14,,,0,,,
TXN-0004780,ACC_NORM_0747,ACC_NORM_1940,18803.49,2026-08-03T22:03:52,,,0,,,
TXN-0004781,ACC_NORM_2397,ACC_NORM_2728,9624.39,2026-08-03T22:12:31,,,0,,,
TXN-0004782,ACC_NORM_1340,ACC_NORM_0959,8795.4,2026-08-03T22:21:09,,,0,,,
TXN-0004783,ACC_NORM_0967,ACC_NORM_2960,7419.79,2026-08-03T22:29:47,,,0,,,
TXN-0004784,ACC_VIC_1216,ACC_MULE_0106,193442.36,2026-08-03T22:38:26,28.652005,77.295761,1,,,
TXN-0004785,ACC_NORM_0475,ACC_NORM_1659,6885.96,2026-08-03T22:47:04,,,0,,,
TXN-0004786,ACC_VIC_0817,ACC_MULE_0001,61720.75,2026-08-03T22:55:43,28.556021,77.158395,1,2026-08-03T23:49:54,ATM_HDFC_066,24.1
TXN-0004787,ACC_NORM_2310,ACC_NORM_0266,24591.3,2026-08-03T23:04:21,,,0,,,
TXN-0004788,ACC_NORM_1332,ACC_NORM_2453,22257.03,2026-08-03T23:12:59,,,0,,,
TXN-0004789,ACC_NORM_2481,ACC_NORM_2290,6849.29,2026-08-03T23:21:38,,,0,,,
TXN-0004790,ACC_NORM_1662,ACC_NORM_1520,9146.43,2026-08-03T23:30:16,,,0,,,
TXN-0004791,ACC_NORM_2194,ACC_NORM_1867,5873.85,2026-08-03T23:38:55,,,0,,,
TXN-0004792,ACC_VIC_1434,ACC_MULE_0512,73047.29,2026-08-03T23:47:33,28.590833,77.035335,1,2026-08-04T00:03:35,ATM_PNB_102,5.8
TXN-0004793,ACC_NORM_0526,ACC_NORM_2144,1949.77,2026-08-03T23:56:11,,,0,,,
TXN-0004794,ACC_NORM_2239,ACC_NORM_2824,23522.14,2026-08-04T00:04:50,,,0,,,
TXN-0004795,ACC_NORM_2310,ACC_NORM_2373,8148.0,2026-08-04T00:13:28,,,0,,,
TXN-0004796,ACC_NORM_1396,ACC_NORM_0438,12234.87,2026-08-04T00:22:07,,,0,,,
TXN-0004797,ACC_NORM_1144,ACC_NORM_1039,3257.82,2026-08-04T00:30:45,,,0,,,
TXN-0004798,ACC_VIC_0505,ACC_MULE_0297,76772.9,2026-08-04T00:39:23,28.635371,77.294753,1,2026-08-04T00:55:09,ATM_UBI_150,4.11
TXN-0004799,ACC_VIC_1001,ACC_MULE_0233,68719.59,2026-08-04T00:48:02,28.55998,77.247353,1,2026-08-04T01:08:09,ATM_PNB_052,2.05
TXN-0004800,ACC_VIC_0231,ACC_MULE_0282,169814.55,2026-08-04T00:56:40,28.718405,77.12842,1,2026-08-04T01:19:37,ATM_ICICI_142,5.71
TXN-0004801,ACC_VIC_1073,ACC_MULE_0435,243535.69,2026-08-04T01:05:19,28.627355,77.322151,1,2026-08-04T01:22:22,ATM_UBI_150,6.13
TXN-0004802,ACC_NORM_0202,ACC_NORM_2259,11368.78,2026-08-04T01:13:57,,,0,,,
TXN-0004803,ACC_NORM_0642,ACC_NORM_1193,17975.81,2026-08-04T01:22:35,,,0,,,
TXN-0004804,ACC_MULE_0546,ACC_MULE_0412,85173.74,2026-08-04T01:31:14,28.509739,77.222115,2,,,
TXN-0004805,ACC_NORM_0074,ACC_NORM_1983,8839.8,2026-08-04T01:39:52,,,0,,,
TXN-0004806,ACC_VIC_0416,ACC_MULE_0599,105374.72,2026-08-04T01:48:31,28.644857,77.174157,1,2026-08-04T02:06:42,ATM_AXIS_010,3.3
TXN-0004807,ACC_MULE_0593,ACC_MULE_0556,231513.74,2026-08-04T01:57:09,28.678295,77.304574,2,2026-08-04T02:09:51,ATM_BOB_163,3.99
TXN-0004808,ACC_NORM_2661,ACC_NORM_0816,7687.55,2026-08-04T02:05:47,,,0,,,
TXN-0004809,ACC_NORM_2124,ACC_NORM_1305,7133.07,2026-08-04T02:14:26,,,0,,,
TXN-0004810,ACC_NORM_1594,ACC_NORM_2338,12580.21,2026-08-04T02:23:04,,,0,,,
TXN-0004811,ACC_NORM_1145,ACC_NORM_0112,24170.72,2026-08-04T02:31:43,,,0,,,
TXN-0004812,ACC_VIC_0385,ACC_MULE_0444,83748.88,2026-08-04T02:40:21,28.591843,77.050184,1,2026-08-04T03:03:10,ATM_PNB_102,1.76
TXN-0004813,ACC_NORM_1669,ACC_NORM_1899,13007.23,2026-08-04T02:48:59,,,0,,,
TXN-0004814,ACC_NORM_2392,ACC_NORM_2866,15370.65,2026-08-04T02:57:38,,,0,,,
TXN-0004815,ACC_NORM_0953,ACC_NORM_1755,16875.23,2026-08-04T03:06:16,,,0,,,
TXN-0004816,ACC_NORM_1811,ACC_NORM_0603,6252.85,2026-08-04T03:14:55,,,0,,,
TXN-0004817,ACC_NORM_2861,ACC_NORM_1143,1361.44,2026-08-04T03:23:33,,,0,,,
TXN-0004818,ACC_NORM_1864,ACC_NORM_1322,7662.09,2026-08-04T03:32:11,,,0,,,
TXN-0004819,ACC_NORM_1664,ACC_NORM_0349,19520.14,2026-08-04T03:40:50,,,0,,,
TXN-0004820,ACC_VIC_0144,ACC_MULE_0201,61989.51,2026-08-04T03:49:28,28.582507,77.063214,1,2026-08-04T04:01:26,ATM_PNB_102,3.07
TXN-0004821,ACC_NORM_1286,ACC_NORM_1067,23711.88,2026-08-04T03:58:07,,,0,,,
TXN-0004822,ACC_NORM_2800,ACC_NORM_2268,19209.63,2026-08-04T04:06:45,,,0,,,
TXN-0004823,ACC_VIC_1193,ACC_MULE_0426,62314.36,2026-08-04T04:15:23,28.594972,77.313061,1,2026-08-04T04:38:18,ATM_BOB_146,9.13
TXN-0004824,ACC_NORM_0807,ACC_NORM_1269,13537.77,2026-08-04T04:24:02,,,0,,,
TXN-0004825,ACC_MULE_0058,ACC_MULE_0356,94635.22,2026-08-04T04:32:40,28.706895,77.124282,2,,,
TXN-0004826,ACC_NORM_1758,ACC_NORM_2502,5469.54,2026-08-04T04:41:19,,,0,,,
TXN-0004827,ACC_MULE_0448,ACC_MULE_0270,230384.72,2026-08-04T04:49:57,28.712035,77.132388,2,2026-08-04T05:07:09,ATM_HDFC_130,4.28
TXN-0004828,ACC_VIC_0470,ACC_MULE_0247,117692.54,2026-08-04T04:58:35,28.520006,77.20675,1,2026-08-04T05:13:40,ATM_HDFC_089,4.48
TXN-0004829,ACC_NORM_1879,ACC_NORM_1864,23277.02,2026-08-04T05:07:14,,,0,,,
TXN-0004830,ACC_NORM_2458,ACC_NORM_1644,6344.22,2026-08-04T05:15:52,,,0,,,
TXN-0004831,ACC_NORM_0990,ACC_NORM_0157,20553.65,2026-08-04T05:24:31,,,0,,,
TXN-0004832,ACC_MULE_0056,ACC_MULE_0457,248868.31,2026-08-04T05:33:09,28.722961,77.11012,2,2026-08-04T05:42:44,ATM_UBI_139,2.42
TXN-0004833,ACC_NORM_2113,ACC_NORM_0198,18331.52,2026-08-04T05:41:47,,,0,,,
TXN-0004834,ACC_NORM_2028,ACC_NORM_2679,7610.11,2026-08-04T05:50:26,,,0,,,
TXN-0004835,ACC_NORM_2769,ACC_NORM_1788,5547.22,2026-08-04T05:59:04,,,0,,,
TXN-0004836,ACC_MULE_0309,ACC_MULE_0535,249123.95,2026-08-04T06:07:43,28.530584,77.154526,2,2026-08-04T06:19:44,ATM_BOB_094,3.82
TXN-0004837,ACC_NORM_1905,ACC_NORM_0095,3807.51,2026-08-04T06:16:21,,,0,,,
TXN-0004838,ACC_VIC_1414,ACC_MULE_0430,113741.14,2026-08-04T06:24:59,28.58049,77.25331,1,2026-08-04T06:53:43,ATM_SBI_149,18.63
TXN-0004839,ACC_VIC_0835,ACC_MULE_0430,136948.87,2026-08-04T06:33:38,28.58049,77.25331,1,2026-08-04T06:54:18,ATM_PNB_052,4.77
TXN-0004840,ACC_VIC_1256,ACC_MULE_0564,190445.38,2026-08-04T06:42:16,28.52182,77.15837,1,2026-08-04T07:02:05,ATM_BOB_094,3.43
TXN-0004841,ACC_VIC_0953,ACC_MULE_0542,85733.1,2026-08-04T06:50:55,28.619675,77.302753,1,2026-08-04T07:09:07,ATM_UBI_150,1.42
TXN-0004842,ACC_NORM_0516,ACC_NORM_0130,15960.28,2026-08-04T06:59:33,,,0,,,
TXN-0004843,ACC_NORM_1191,ACC_NORM_0212,9742.94,2026-08-04T07:08:11,,,0,,,
TXN-0004844,ACC_NORM_2795,ACC_NORM_1527,13709.77,2026-08-04T07:16:50,,,0,,,
TXN-0004845,ACC_NORM_0320,ACC_NORM_2829,3872.49,2026-08-04T07:25:28,,,0,,,
TXN-0004846,ACC_NORM_2694,ACC_NORM_0667,1235.57,2026-08-04T07:34:07,,,0,,,
TXN-0004847,ACC_NORM_2570,ACC_NORM_0532,18785.48,2026-08-04T07:42:45,,,0,,,
TXN-0004848,ACC_NORM_0488,ACC_NORM_2600,9483.48,2026-08-04T07:51:23,,,0,,,
TXN-0004849,ACC_MULE_0503,ACC_MULE_0554,115306.72,2026-08-04T08:00:02,28.63617,77.308748,2,2026-08-04T08:20:50,ATM_UBI_150,4.58
TXN-0004850,ACC_NORM_1272,ACC_NORM_0375,3569.72,2026-08-04T08:08:40,,,0,,,
TXN-0004851,ACC_NORM_2881,ACC_NORM_2476,6869.48,2026-08-04T08:17:19,,,0,,,
TXN-0004852,ACC_VIC_0271,ACC_MULE_0040,76006.07,2026-08-04T08:25:57,28.536184,77.140115,1,2026-08-04T08:49:18,ATM_BOB_094,5.13
TXN-0004853,ACC_VIC_0153,ACC_MULE_0563,65685.46,2026-08-04T08:34:35,28.64675,77.220403,1,2026-08-04T08:46:13,ATM_PNB_003,5.65
TXN-0004854,ACC_NORM_2245,ACC_NORM_1742,20691.96,2026-08-04T08:43:14,,,0,,,
TXN-0004855,ACC_VIC_0990,ACC_MULE_0491,196428.95,2026-08-04T08:51:52,28.68935,77.098271,1,2026-08-04T09:30:13,ATM_SBI_122,14.27
TXN-0004856,ACC_VIC_1110,ACC_MULE_0251,132759.36,2026-08-04T09:00:31,28.683548,77.299162,1,2026-08-04T09:14:09,ATM_HDFC_170,3.97
TXN-0004857,ACC_NORM_2763,ACC_NORM_2273,4927.62,2026-08-04T09:09:09,,,0,,,
TXN-0004858,ACC_NORM_0457,ACC_NORM_0194,7933.81,2026-08-04T09:17:47,,,0,,,
TXN-0004859,ACC_VIC_0671,ACC_MULE_0138,106416.87,2026-08-04T09:26:26,28.548841,77.227947,1,2026-08-04T09:48:09,ATM_UBI_069,4.47
TXN-0004860,ACC_VIC_0170,ACC_MULE_0377,182450.86,2026-08-04T09:35:04,28.702835,77.110877,1,2026-08-04T09:53:38,ATM_SBI_141,1.35
TXN-0004861,ACC_NORM_0658,ACC_NORM_1203,8332.72,2026-08-04T09:43:43,,,0,,,
TXN-0004862,ACC_MULE_0245,ACC_MULE_0176,121510.7,2026-08-04T09:52:21,28.577166,77.251892,2,2026-08-04T10:05:14,ATM_PNB_052,3.63
TXN-0004863,ACC_NORM_0774,ACC_NORM_2555,21664.52,2026-08-04T10:00:59,,,0,,,
TXN-0004864,ACC_NORM_2663,ACC_NORM_0136,15059.57,2026-08-04T10:09:38,,,0,,,
TXN-0004865,ACC_NORM_0071,ACC_NORM_2052,16242.04,2026-08-04T10:18:16,,,0,,,
TXN-0004866,ACC_NORM_0010,ACC_NORM_0402,15425.29,2026-08-04T10:26:55,,,0,,,
TXN-0004867,ACC_VIC_0293,ACC_MULE_0387,156255.6,2026-08-04T10:35:33,28.623283,77.231737,1,2026-08-04T10:49:29,ATM_HDFC_007,4.48
TXN-0004868,ACC_VIC_1316,ACC_MULE_0266,177933.37,2026-08-04T10:44:11,28.637716,77.177033,1,2026-08-04T11:01:50,ATM_BOB_012,6.42
TXN-0004869,ACC_MULE_0236,ACC_MULE_0381,105377.82,2026-08-04T10:52:50,28.715625,77.126471,2,2026-08-04T11:06:35,ATM_SBI_141,5.13
TXN-0004870,ACC_NORM_1244,ACC_NORM_2212,6391.53,2026-08-04T11:01:28,,,0,,,
TXN-0004871,ACC_MULE_0425,ACC_MULE_0488,169038.23,2026-08-04T11:10:07,28.598523,77.049541,2,2026-08-04T11:21:12,ATM_PNB_102,3.41
TXN-0004872,ACC_NORM_1254,ACC_NORM_2953,21596.19,2026-08-04T11:18:45,,,0,,,
TXN-0004873,ACC_NORM_0232,ACC_NORM_1927,23200.98,2026-08-04T11:27:23,,,0,,,
TXN-0004874,ACC_NORM_0241,ACC_NORM_0477,10138.12,2026-08-04T11:36:02,,,0,,,
TXN-0004875,ACC_NORM_1030,ACC_NORM_0060,22748.93,2026-08-04T11:44:40,,,0,,,
TXN-0004876,ACC_VIC_0714,ACC_MULE_0593,177393.33,2026-08-04T11:53:19,28.68636,77.12063,1,2026-08-04T12:15:16,ATM_UBI_127,5.87
TXN-0004877,ACC_MULE_0538,ACC_MULE_0185,90969.06,2026-08-04T12:01:57,28.717267,77.149642,2,2026-08-04T12:14:45,ATM_HDFC_130,8.93
TXN-0004878,ACC_NORM_2964,ACC_NORM_2474,13874.66,2026-08-04T12:10:35,,,0,,,
TXN-0004879,ACC_VIC_1316,ACC_MULE_0227,67190.27,2026-08-04T12:19:14,28.724322,77.131403,1,2026-08-04T12:37:06,ATM_SBI_141,7.97
TXN-0004880,ACC_NORM_0998,ACC_NORM_2448,4943.01,2026-08-04T12:27:52,,,0,,,
TXN-0004881,ACC_NORM_1202,ACC_NORM_2609,4729.94,2026-08-04T12:36:31,,,0,,,
TXN-0004882,ACC_MULE_0575,ACC_MULE_0350,165057.85,2026-08-04T12:45:09,28.558774,77.252025,2,2026-08-04T12:56:42,ATM_PNB_052,2.57
TXN-0004883,ACC_NORM_1581,ACC_NORM_2721,6337.53,2026-08-04T12:53:47,,,0,,,
TXN-0004884,ACC_NORM_2073,ACC_NORM_2698,1466.97,2026-08-04T13:02:26,,,0,,,
TXN-0004885,ACC_VIC_0120,ACC_MULE_0395,149528.56,2026-08-04T13:11:04,28.57649,77.24057,1,2026-08-04T13:31:09,ATM_PNB_052,4.03
TXN-0004886,ACC_MULE_0210,ACC_MULE_0407,174062.22,2026-08-04T13:19:43,28.660113,77.301329,2,,,
TXN-0004887,ACC_MULE_0276,ACC_MULE_0251,184229.75,2026-08-04T13:28:21,28.683548,77.299162,2,2026-08-04T13:50:51,ATM_BOB_163,2.53
TXN-0004888,ACC_NORM_1154,ACC_NORM_0347,2180.63,2026-08-04T13:36:59,,,0,,,
TXN-0004889,ACC_NORM_1479,ACC_NORM_0532,14917.78,2026-08-04T13:45:38,,,0,,,
TXN-0004890,ACC_VIC_0324,ACC_MULE_0089,83185.39,2026-08-04T13:54:16,28.616568,77.228669,1,2026-08-04T14:11:40,ATM_HDFC_007,6.14
TXN-0004891,ACC_NORM_2960,ACC_NORM_2147,15828.79,2026-08-04T14:02:55,,,0,,,
TXN-0004892,ACC_NORM_1032,ACC_NORM_2998,6413.36,2026-08-04T14:11:33,,,0,,,
TXN-0004893,ACC_NORM_1402,ACC_NORM_2361,17020.31,2026-08-04T14:20:11,,,0,,,
TXN-0004894,ACC_NORM_1246,ACC_NORM_1509,3100.09,2026-08-04T14:28:50,,,0,,,
TXN-0004895,ACC_NORM_1575,ACC_NORM_1103,15777.13,2026-08-04T14:37:28,,,0,,,
TXN-0004896,ACC_NORM_0275,ACC_NORM_0415,23527.97,2026-08-04T14:46:07,,,0,,,
TXN-0004897,ACC_VIC_1468,ACC_MULE_0200,156665.36,2026-08-04T14:54:45,28.729906,77.131523,1,2026-08-04T15:11:48,ATM_UBI_139,6.75
TXN-0004898,ACC_VIC_1094,ACC_MULE_0207,85914.84,2026-08-04T15:03:23,28.61187,77.290621,1,2026-08-04T15:18:39,ATM_PNB_160,3.24
TXN-0004899,ACC_NORM_2312,ACC_NORM_0984,16367.21,2026-08-04T15:12:02,,,0,,,
TXN-0004900,ACC_NORM_1592,ACC_NORM_2005,3381.88,2026-08-04T15:20:40,,,0,,,
TXN-0004901,ACC_NORM_1983,ACC_NORM_1232,21924.88,2026-08-04T15:29:19,,,0,,,
TXN-0004902,ACC_VIC_1144,ACC_MULE_0425,178388.57,2026-08-04T15:37:57,28.561104,77.255495,1,2026-08-04T15:49:33,ATM_ICICI_049,2.82
TXN-0004903,ACC_NORM_0553,ACC_NORM_2131,22820.97,2026-08-04T15:46:35,,,0,,,
TXN-0004904,ACC_NORM_1821,ACC_NORM_1960,6593.82,2026-08-04T15:55:14,,,0,,,
TXN-0004905,ACC_VIC_1428,ACC_MULE_0475,245338.83,2026-08-04T16:03:52,28.56481,77.257589,1,2026-08-04T16:20:43,ATM_PNB_052,2.54
TXN-0004906,ACC_NORM_0370,ACC_NORM_1312,22602.51,2026-08-04T16:12:31,,,0,,,
TXN-0004907,ACC_NORM_2296,ACC_NORM_2855,19148.37,2026-08-04T16:21:09,,,0,,,
TXN-0004908,ACC_VIC_1371,ACC_MULE_0349,54133.03,2026-08-04T16:29:47,28.73,77.111048,1,2026-08-04T16:42:12,ATM_UBI_139,4.54
TXN-0004909,ACC_NORM_2613,ACC_NORM_0379,22368.51,2026-08-04T16:38:26,,,0,,,
TXN-0004910,ACC_NORM_1902,ACC_NORM_1805,19333.08,2026-08-04T16:47:04,,,0,,,
TXN-0004911,ACC_NORM_2984,ACC_NORM_1851,4780.51,2026-08-04T16:55:43,,,0,,,
TXN-0004912,ACC_NORM_0248,ACC_NORM_1637,19287.85,2026-08-04T17:04:21,,,0,,,
TXN-0004913,ACC_NORM_1793,ACC_NORM_0719,21655.16,2026-08-04T17:12:59,,,0,,,
TXN-0004914,ACC_VIC_1343,ACC_MULE_0047,95012.09,2026-08-04T17:21:38,28.644605,77.186096,1,2026-08-04T17:40:42,ATM_UBI_016,1.59
TXN-0004915,ACC_NORM_0554,ACC_NORM_0256,17008.76,2026-08-04T17:30:16,,,0,,,
TXN-0004916,ACC_NORM_1356,ACC_NORM_0667,6534.11,2026-08-04T17:38:55,,,0,,,
TXN-0004917,ACC_MULE_0550,ACC_MULE_0191,198151.33,2026-08-04T17:47:33,28.692562,77.122989,2,,,
TXN-0004918,ACC_VIC_0642,ACC_MULE_0192,178031.2,2026-08-04T17:56:11,28.532698,77.251487,1,2026-08-04T18:27:27,ATM_PNB_056,12.09
TXN-0004919,ACC_MULE_0583,ACC_MULE_0252,76228.12,2026-08-04T18:04:50,28.708789,77.112756,2,,,
TXN-0004920,ACC_NORM_0795,ACC_NORM_2178,22124.35,2026-08-04T18:13:28,,,0,,,
TXN-0004921,ACC_NORM_0529,ACC_NORM_2211,23704.8,2026-08-04T18:22:07,,,0,,,
TXN-0004922,ACC_MULE_0371,ACC_MULE_0266,73726.78,2026-08-04T18:30:45,28.637716,77.177033,2,2026-08-04T18:46:53,ATM_BOB_012,6.42
TXN-0004923,ACC_NORM_2560,ACC_NORM_0113,16063.79,2026-08-04T18:39:23,,,0,,,
TXN-0004924,ACC_NORM_0310,ACC_NORM_2007,3138.07,2026-08-04T18:48:02,,,0,,,
TXN-0004925,ACC_MULE_0453,ACC_MULE_0010,148281.92,2026-08-04T18:56:40,28.523741,77.139855,2,2026-08-04T19:20:50,ATM_BOB_094,1.99
TXN-0004926,ACC_NORM_1331,ACC_NORM_1791,22221.77,2026-08-04T19:05:19,,,0,,,
TXN-0004927,ACC_MULE_0427,ACC_MULE_0427,237536.61,2026-08-04T19:13:57,28.648238,77.219555,2,2026-08-04T19:28:14,ATM_HDFC_007,4.37
TXN-0004928,ACC_NORM_0015,ACC_NORM_2083,5204.7,2026-08-04T19:22:35,,,0,,,
TXN-0004929,ACC_NORM_1648,ACC_NORM_2756,20692.43,2026-08-04T19:31:14,,,0,,,
TXN-0004930,ACC_NORM_0260,ACC_NORM_1491,1360.12,2026-08-04T19:39:52,,,0,,,
TXN-0004931,ACC_NORM_1393,ACC_NORM_1529,1419.58,2026-08-04T19:48:31,,,0,,,
TXN-0004932,ACC_NORM_0681,ACC_NORM_1680,1526.91,2026-08-04T19:57:09,,,0,,,
TXN-0004933,ACC_NORM_2386,ACC_NORM_2757,4487.39,2026-08-04T20:05:47,,,0,,,
TXN-0004934,ACC_VIC_0136,ACC_MULE_0448,133650.04,2026-08-04T20:14:26,28.534318,77.238473,1,2026-08-04T20:32:33,ATM_PNB_052,10.67
TXN-0004935,ACC_NORM_0272,ACC_NORM_0756,1017.59,2026-08-04T20:23:04,,,0,,,
TXN-0004936,ACC_NORM_0834,ACC_NORM_2986,24894.89,2026-08-04T20:31:43,,,0,,,
TXN-0004937,ACC_NORM_0245,ACC_NORM_2948,7184.84,2026-08-04T20:40:21,,,0,,,
TXN-0004938,ACC_VIC_0645,ACC_MULE_0338,154297.9,2026-08-04T20:48:59,28.660678,77.300695,1,2026-08-04T21:15:07,ATM_AXIS_169,2.97
TXN-0004939,ACC_VIC_0263,ACC_MULE_0521,159407.83,2026-08-04T20:57:38,28.559429,77.251699,1,2026-08-04T21:13:16,ATM_KOTAK_048,5.18
TXN-0004940,ACC_NORM_0321,ACC_NORM_2093,21100.71,2026-08-04T21:06:16,,,0,,,
TXN-0004941,ACC_NORM_2546,ACC_NORM_1315,16196.31,2026-08-04T21:14:55,,,0,,,
TXN-0004942,ACC_MULE_0457,ACC_MULE_0315,152530.55,2026-08-04T21:23:33,28.654859,77.284695,2,2026-08-04T21:41:33,ATM_HDFC_170,7.34
TXN-0004943,ACC_NORM_1197,ACC_NORM_1803,6037.39,2026-08-04T21:32:11,,,0,,,
TXN-0004944,ACC_VIC_0531,ACC_MULE_0529,228866.28,2026-08-04T21:40:50,28.591663,77.042561,1,2026-08-04T21:56:41,ATM_AXIS_101,3.98
TXN-0004945,ACC_VIC_0600,ACC_MULE_0239,152078.19,2026-08-04T21:49:28,28.568324,77.263944,1,2026-08-04T22:19:24,ATM_PNB_062,15.15
TXN-0004946,ACC_NORM_1552,ACC_NORM_1180,3017.92,2026-08-04T21:58:07,,,0,,,
TXN-0004947,ACC_MULE_0599,ACC_MULE_0456,111584.1,2026-08-04T22:06:45,28.585269,77.242582,2,2026-08-04T22:25:17,ATM_PNB_052,6.37
TXN-0004948,ACC_VIC_0458,ACC_MULE_0589,145349.79,2026-08-04T22:15:23,28.639613,77.199065,1,2026-08-04T22:50:16,ATM_ICICI_004,4.58
TXN-0004949,ACC_NORM_0507,ACC_NORM_0810,8900.68,2026-08-04T22:24:02,,,0,,,
TXN-0004950,ACC_VIC_1489,ACC_MULE_0136,113290.92,2026-08-04T22:32:40,28.534737,77.212677,1,,,
TXN-0004951,ACC_NORM_0520,ACC_NORM_1493,4919.03,2026-08-04T22:41:19,,,0,,,
TXN-0004952,ACC_NORM_0619,ACC_NORM_2803,11945.95,2026-08-04T22:49:57,,,0,,,
TXN-0004953,ACC_NORM_0782,ACC_NORM_2377,10478.96,2026-08-04T22:58:35,,,0,,,
TXN-0004954,ACC_NORM_0417,ACC_NORM_2012,6895.96,2026-08-04T23:07:14,,,0,,,
TXN-0004955,ACC_NORM_0866,ACC_NORM_1126,16303.47,2026-08-04T23:15:52,,,0,,,
TXN-0004956,ACC_VIC_0987,ACC_MULE_0003,93793.14,2026-08-04T23:24:31,28.705348,77.141585,1,2026-08-04T23:40:01,ATM_ICICI_142,5.93
TXN-0004957,ACC_NORM_1103,ACC_NORM_2215,11613.32,2026-08-04T23:33:09,,,0,,,
TXN-0004958,ACC_NORM_1853,ACC_NORM_0671,11538.15,2026-08-04T23:41:47,,,0,,,
TXN-0004959,ACC_NORM_1724,ACC_NORM_0177,11721.68,2026-08-04T23:50:26,,,0,,,
TXN-0004960,ACC_NORM_0481,ACC_NORM_2815,24331.46,2026-08-04T23:59:04,,,0,,,
TXN-0004961,ACC_MULE_0188,ACC_MULE_0019,94570.33,2026-08-05T00:07:43,28.531571,77.161816,2,2026-08-05T00:18:38,ATM_BOB_094,5.53
TXN-0004962,ACC_NORM_0563,ACC_NORM_1462,15988.53,2026-08-05T00:16:21,,,0,,,
TXN-0004963,ACC_VIC_0474,ACC_MULE_0191,55764.43,2026-08-05T00:24:59,28.692562,77.122989,1,2026-08-05T00:36:08,ATM_HDFC_130,2.7
TXN-0004964,ACC_NORM_1690,ACC_NORM_2895,15895.96,2026-08-05T00:33:38,,,0,,,
TXN-0004965,ACC_NORM_0616,ACC_NORM_1237,22353.19,2026-08-05T00:42:16,,,0,,,
TXN-0004966,ACC_NORM_1305,ACC_NORM_0193,4645.92,2026-08-05T00:50:55,,,0,,,
TXN-0004967,ACC_MULE_0452,ACC_MULE_0158,75348.11,2026-08-05T00:59:33,28.546806,77.142704,2,2026-08-05T01:16:40,ATM_BOB_094,8.31
TXN-0004968,ACC_MULE_0576,ACC_MULE_0353,114206.06,2026-08-05T01:08:11,28.540534,77.22555,2,2026-08-05T01:24:36,ATM_ICICI_068,5.81
TXN-0004969,ACC_VIC_1168,ACC_MULE_0245,176217.04,2026-08-05T01:16:50,28.712419,77.099419,1,2026-08-05T01:38:21,ATM_UBI_139,4.15
TXN-0004970,ACC_NORM_1855,ACC_NORM_0662,20231.18,2026-08-05T01:25:28,,,0,,,
TXN-0004971,ACC_NORM_0708,ACC_NORM_1195,8944.2,2026-08-05T01:34:07,,,0,,,
TXN-0004972,ACC_NORM_2332,ACC_NORM_2697,11746.41,2026-08-05T01:42:45,,,0,,,
TXN-0004973,ACC_NORM_1929,ACC_NORM_1329,9867.98,2026-08-05T01:51:23,,,0,,,
TXN-0004974,ACC_NORM_2021,ACC_NORM_0492,13021.26,2026-08-05T02:00:02,,,0,,,
TXN-0004975,ACC_VIC_0248,ACC_MULE_0479,228925.28,2026-08-05T02:08:40,28.712485,77.12036,1,2026-08-05T02:34:46,ATM_SBI_141,3.13
TXN-0004976,ACC_MULE_0068,ACC_MULE_0533,89345.59,2026-08-05T02:17:19,28.561287,77.238473,2,,,
TXN-0004977,ACC_NORM_1945,ACC_NORM_1596,24018.21,2026-08-05T02:25:57,,,0,,,
TXN-0004978,ACC_MULE_0466,ACC_MULE_0047,86569.66,2026-08-05T02:34:35,28.644605,77.186096,2,2026-08-05T02:54:48,ATM_UBI_016,1.59
TXN-0004979,ACC_VIC_1374,ACC_MULE_0161,224014.02,2026-08-05T02:43:14,28.726696,77.148605,1,2026-08-05T03:02:51,ATM_ICICI_142,11.16
TXN-0004980,ACC_VIC_1285,ACC_MULE_0509,54229.47,2026-08-05T02:51:52,28.567136,77.252322,1,2026-08-05T03:17:35,ATM_PNB_056,5.53
TXN-0004981,ACC_NORM_2216,ACC_NORM_0499,9111.11,2026-08-05T03:00:31,,,0,,,
TXN-0004982,ACC_VIC_0539,ACC_MULE_0237,242056.36,2026-08-05T03:09:09,28.719482,77.123662,1,2026-08-05T03:26:19,ATM_AXIS_140,2.73
TXN-0004983,ACC_NORM_2263,ACC_NORM_0508,7329.95,2026-08-05T03:17:47,,,0,,,
TXN-0004984,ACC_NORM_2208,ACC_NORM_2192,22226.28,2026-08-05T03:26:26,,,0,,,
TXN-0004985,ACC_NORM_2248,ACC_NORM_2084,22973.19,2026-08-05T03:35:04,,,0,,,
TXN-0004986,ACC_NORM_1892,ACC_NORM_0150,7783.27,2026-08-05T03:43:43,,,0,,,
TXN-0004987,ACC_NORM_0593,ACC_NORM_2712,2562.67,2026-08-05T03:52:21,,,0,,,
TXN-0004988,ACC_NORM_2814,ACC_NORM_1649,11070.9,2026-08-05T04:00:59,,,0,,,
TXN-0004989,ACC_MULE_0060,ACC_MULE_0403,238149.14,2026-08-05T04:09:38,28.592128,77.033882,2,2026-08-05T04:18:23,ATM_AXIS_101,3.59
TXN-0004990,ACC_NORM_2995,ACC_NORM_1788,17476.84,2026-08-05T04:18:16,,,0,,,
TXN-0004991,ACC_VIC_0948,ACC_MULE_0356,127925.86,2026-08-05T04:26:55,28.706895,77.124282,1,2026-08-05T04:33:22,ATM_ICICI_142,1.86
TXN-0004992,ACC_NORM_0530,ACC_NORM_2091,20330.19,2026-08-05T04:35:33,,,0,,,
TXN-0004993,ACC_NORM_0650,ACC_NORM_0722,10225.33,2026-08-05T04:44:11,,,0,,,
TXN-0004994,ACC_NORM_1682,ACC_NORM_0977,11890.24,2026-08-05T04:52:50,,,0,,,
TXN-0004995,ACC_NORM_1807,ACC_NORM_0784,16315.98,2026-08-05T05:01:28,,,0,,,
TXN-0004996,ACC_MULE_0062,ACC_MULE_0114,144343.62,2026-08-05T05:10:07,28.616054,77.317915,2,2026-08-05T05:23:34,ATM_KOTAK_145,4.51
TXN-0004997,ACC_NORM_1009,ACC_NORM_2344,14060.48,2026-08-05T05:18:45,,,0,,,
TXN-0004998,ACC_NORM_0055,ACC_NORM_2966,4431.46,2026-08-05T05:27:23,,,0,,,
TXN-0004999,ACC_NORM_2738,ACC_NORM_0550,4586.84,2026-08-05T05:36:02,,,0,,,
TXN-0005000,ACC_NORM_0718,ACC_NORM_2231,16323.39,2026-08-05T05:44:40,,,0,,,
TXN-0005001,ACC_VIC_0409,ACC_MULE_0143,235920.13,2026-08-05T05:53:19,28.623659,77.314846,1,2026-08-05T06:08:44,ATM_UBI_150,3.96
TXN-0005002,ACC_NORM_2572,ACC_NORM_1442,21373.81,2026-08-05T06:01:57,,,0,,,
TXN-0005003,ACC_NORM_0957,ACC_NORM_2567,5106.11,2026-08-05T06:10:35,,,0,,,
TXN-0005004,ACC_NORM_0036,ACC_NORM_0128,11783.43,2026-08-05T06:19:14,,,0,,,
TXN-0005005,ACC_NORM_1492,ACC_NORM_2977,9380.96,2026-08-05T06:27:52,,,0,,,
TXN-0005006,ACC_NORM_2005,ACC_NORM_2931,7229.37,2026-08-05T06:36:31,,,0,,,
TXN-0005007,ACC_NORM_0745,ACC_NORM_1649,17666.14,2026-08-05T06:45:09,,,0,,,
TXN-0005008,ACC_NORM_2309,ACC_NORM_0096,1949.49,2026-08-05T06:53:47,,,0,,,
TXN-0005009,ACC_NORM_2292,ACC_NORM_0035,21618.56,2026-08-05T07:02:26,,,0,,,
TXN-0005010,ACC_VIC_1196,ACC_MULE_0456,214588.9,2026-08-05T07:11:04,28.585269,77.242582,1,2026-08-05T07:31:56,ATM_PNB_052,6.37
TXN-0005011,ACC_VIC_1424,ACC_MULE_0009,153786.46,2026-08-05T07:19:43,28.59655,77.0633,1,2026-08-05T07:46:59,ATM_PNB_102,3.11
TXN-0005012,ACC_VIC_1188,ACC_MULE_0499,112147.47,2026-08-05T07:28:21,28.671895,77.195626,1,2026-08-05T07:52:33,ATM_ICICI_019,10.47
TXN-0005013,ACC_VIC_0601,ACC_MULE_0150,138937.2,2026-08-05T07:36:59,28.716756,77.132043,1,2026-08-05T07:51:11,ATM_HDFC_131,7.46
TXN-0005014,ACC_MULE_0161,ACC_MULE_0157,223970.86,2026-08-05T07:45:38,28.557188,77.154614,2,2026-08-05T08:15:08,ATM_BOB_094,11.82
TXN-0005015,ACC_VIC_0203,ACC_MULE_0057,189544.14,2026-08-05T07:54:16,28.71068,77.107052,1,2026-08-05T08:10:57,ATM_ICICI_142,4.83
TXN-0005016,ACC_NORM_2042,ACC_NORM_0049,21131.23,2026-08-05T08:02:55,,,0,,,
TXN-0005017,ACC_NORM_2398,ACC_NORM_2705,11544.0,2026-08-05T08:11:33,,,0,,,
TXN-0005018,ACC_VIC_0938,ACC_MULE_0481,111979.19,2026-08-05T08:20:11,28.713822,77.124297,1,2026-08-05T08:51:12,ATM_ICICI_142,3.95
TXN-0005019,ACC_MULE_0083,ACC_MULE_0161,234820.32,2026-08-05T08:28:50,28.726696,77.148605,2,2026-08-05T08:52:42,ATM_ICICI_142,11.16
TXN-0005020,ACC_VIC_0484,ACC_MULE_0221,181625.76,2026-08-05T08:37:28,28.638591,77.221445,1,2026-08-05T08:52:17,ATM_HDFC_007,1.25
TXN-0005021,ACC_NORM_0778,ACC_NORM_0475,19424.39,2026-08-05T08:46:07,,,0,,,
TXN-0005022,ACC_VIC_0465,ACC_MULE_0300,203157.38,2026-08-05T08:54:45,28.583371,77.262183,1,2026-08-05T09:32:52,ATM_PNB_052,6.7
TXN-0005023,ACC_VIC_1074,ACC_MULE_0237,223446.31,2026-08-05T09:03:23,28.719482,77.123662,1,,,
TXN-0005024,ACC_MULE_0423,ACC_MULE_0290,59317.46,2026-08-05T09:12:02,28.632126,77.205782,2,2026-08-05T09:34:54,ATM_HDFC_007,5.02
TXN-0005025,ACC_VIC_1212,ACC_MULE_0594,249663.26,2026-08-05T09:20:40,28.577339,77.035151,1,2026-08-05T09:52:25,ATM_AXIS_104,2.47
TXN-0005026,ACC_NORM_2725,ACC_NORM_2385,21493.23,2026-08-05T09:29:19,,,0,,,
TXN-0005027,ACC_VIC_1451,ACC_MULE_0409,137750.99,2026-08-05T09:37:57,28.65197,77.202056,1,2026-08-05T09:57:01,ATM_AXIS_010,5.0
TXN-0005028,ACC_VIC_0392,ACC_MULE_0099,127765.52,2026-08-05T09:46:35,28.626976,77.312856,1,2026-08-05T10:02:50,ATM_UBI_150,3.55
TXN-0005029,ACC_VIC_0782,ACC_MULE_0526,54054.12,2026-08-05T09:55:14,28.62133,77.320726,1,,,
TXN-0005030,ACC_NORM_1972,ACC_NORM_2508,3358.46,2026-08-05T10:03:52,,,0,,,
TXN-0005031,ACC_NORM_1171,ACC_NORM_0550,10946.62,2026-08-05T10:12:31,,,0,,,
TXN-0005032,ACC_VIC_0022,ACC_MULE_0143,157860.98,2026-08-05T10:21:09,28.623659,77.314846,1,,,
TXN-0005033,ACC_MULE_0446,ACC_MULE_0123,94806.05,2026-08-05T10:29:47,28.696397,77.121268,2,,,
TXN-0005034,ACC_NORM_0478,ACC_NORM_1834,2371.85,2026-08-05T10:38:26,,,0,,,
TXN-0005035,ACC_NORM_1363,ACC_NORM_0164,22889.18,2026-08-05T10:47:04,,,0,,,
TXN-0005036,ACC_NORM_1087,ACC_NORM_2617,14076.89,2026-08-05T10:55:43,,,0,,,
TXN-0005037,ACC_VIC_0623,ACC_MULE_0081,138500.13,2026-08-05T11:04:21,28.700921,77.125146,1,2026-08-05T11:20:11,ATM_ICICI_142,1.23
TXN-0005038,ACC_MULE_0355,ACC_MULE_0021,125688.15,2026-08-05T11:12:59,28.546984,77.25104,2,,,
TXN-0005039,ACC_NORM_1866,ACC_NORM_1769,22754.85,2026-08-05T11:21:38,,,0,,,
TXN-0005040,ACC_NORM_0615,ACC_NORM_1015,13520.06,2026-08-05T11:30:16,,,0,,,
TXN-0005041,ACC_MULE_0371,ACC_MULE_0308,56327.87,2026-08-05T11:38:55,28.628876,77.309839,2,2026-08-05T11:49:12,ATM_UBI_150,3.03
TXN-0005042,ACC_VIC_0745,ACC_MULE_0081,199030.87,2026-08-05T11:47:33,28.700921,77.125146,1,2026-08-05T11:55:39,ATM_ICICI_142,1.23
TXN-0005043,ACC_VIC_0835,ACC_MULE_0223,68250.4,2026-08-05T11:56:11,28.524674,77.142401,1,2026-08-05T12:08:28,ATM_BOB_094,1.57
TXN-0005044,ACC_VIC_0332,ACC_MULE_0406,123539.58,2026-08-05T12:04:50,28.641219,77.286214,1,2026-08-05T12:11:46,ATM_BOB_155,0.67
TXN-0005045,ACC_VIC_0821,ACC_MULE_0310,164402.72,2026-08-05T12:13:28,28.583326,77.064633,1,2026-08-05T12:31:35,ATM_PNB_102,3.18
TXN-0005046,ACC_NORM_0513,ACC_NORM_2487,20023.04,2026-08-05T12:22:07,,,0,,,
TXN-0005047,ACC_NORM_0472,ACC_NORM_0373,21766.12,2026-08-05T12:30:45,,,0,,,
TXN-0005048,ACC_NORM_2466,ACC_NORM_2616,7147.77,2026-08-05T12:39:23,,,0,,,
TXN-0005049,ACC_MULE_0295,ACC_MULE_0589,107760.97,2026-08-05T12:48:02,28.639613,77.199065,2,2026-08-05T13:27:01,ATM_UBI_033,12.08
TXN-0005050,ACC_VIC_0266,ACC_MULE_0462,186745.11,2026-08-05T12:56:40,28.710721,77.124013,1,2026-08-05T13:10:37,ATM_KOTAK_138,3.95
TXN-0005051,ACC_MULE_0253,ACC_MULE_0112,212550.21,2026-08-05T13:05:19,28.691292,77.115846,2,2026-08-05T13:23:56,ATM_AXIS_128,3.26
TXN-0005052,ACC_NORM_1914,ACC_NORM_1048,19204.38,2026-08-05T13:13:57,,,0,,,
TXN-0005053,ACC_NORM_2408,ACC_NORM_1892,3498.69,2026-08-05T13:22:35,,,0,,,
TXN-0005054,ACC_VIC_1086,ACC_MULE_0221,93571.37,2026-08-05T13:31:14,28.638591,77.221445,1,2026-08-05T13:46:22,ATM_HDFC_007,1.25
TXN-0005055,ACC_VIC_1305,ACC_MULE_0464,62359.8,2026-08-05T13:39:52,28.541859,77.196634,1,,,
TXN-0005056,ACC_NORM_0922,ACC_NORM_0059,15978.25,2026-08-05T13:48:31,,,0,,,
TXN-0005057,ACC_NORM_2217,ACC_NORM_0540,21911.23,2026-08-05T13:57:09,,,0,,,
TXN-0005058,ACC_NORM_1242,ACC_NORM_2102,3494.63,2026-08-05T14:05:47,,,0,,,
TXN-0005059,ACC_VIC_0968,ACC_MULE_0530,119567.03,2026-08-05T14:14:26,28.673459,77.274678,1,2026-08-05T14:31:07,ATM_HDFC_170,3.68
TXN-0005060,ACC_NORM_0641,ACC_NORM_0242,1343.63,2026-08-05T14:23:04,,,0,,,
TXN-0005061,ACC_NORM_0374,ACC_NORM_1271,22641.88,2026-08-05T14:31:43,,,0,,,
TXN-0005062,ACC_VIC_0402,ACC_MULE_0317,132217.96,2026-08-05T14:40:21,28.67538,77.285525,1,,,
TXN-0005063,ACC_NORM_2763,ACC_NORM_0675,24127.52,2026-08-05T14:48:59,,,0,,,
TXN-0005064,ACC_NORM_2166,ACC_NORM_0863,7048.26,2026-08-05T14:57:38,,,0,,,
TXN-0005065,ACC_MULE_0473,ACC_MULE_0455,71302.61,2026-08-05T15:06:16,28.571705,77.039501,2,,,
TXN-0005066,ACC_NORM_1549,ACC_NORM_1119,18380.21,2026-08-05T15:14:55,,,0,,,
TXN-0005067,ACC_NORM_2212,ACC_NORM_2793,21931.21,2026-08-05T15:23:33,,,0,,,
TXN-0005068,ACC_NORM_1013,ACC_NORM_2288,13857.17,2026-08-05T15:32:11,,,0,,,
TXN-0005069,ACC_VIC_1186,ACC_MULE_0598,68902.24,2026-08-05T15:40:50,28.60682,77.055404,1,2026-08-05T16:16:15,ATM_AXIS_101,5.39
TXN-0005070,ACC_NORM_2668,ACC_NORM_1949,3658.29,2026-08-05T15:49:28,,,0,,,
TXN-0005071,ACC_NORM_2475,ACC_NORM_0719,5305.08,2026-08-05T15:58:07,,,0,,,
TXN-0005072,ACC_NORM_2351,ACC_NORM_1630,23083.39,2026-08-05T16:06:45,,,0,,,
TXN-0005073,ACC_MULE_0326,ACC_MULE_0267,224895.77,2026-08-05T16:15:23,28.570518,77.060566,2,2026-08-05T16:29:47,ATM_PNB_102,6.24
TXN-0005074,ACC_NORM_2419,ACC_NORM_1784,12244.7,2026-08-05T16:24:02,,,0,,,
TXN-0005075,ACC_NORM_1402,ACC_NORM_1293,9926.63,2026-08-05T16:32:40,,,0,,,
TXN-0005076,ACC_VIC_1046,ACC_MULE_0476,203407.97,2026-08-05T16:41:19,28.639323,77.307183,1,2026-08-05T17:03:01,ATM_UBI_150,5.32
TXN-0005077,ACC_VIC_1418,ACC_MULE_0300,226246.62,2026-08-05T16:49:57,28.583371,77.262183,1,2026-08-05T17:09:20,ATM_PNB_052,6.7
TXN-0005078,ACC_VIC_0694,ACC_MULE_0536,193750.97,2026-08-05T16:58:35,28.6335,77.170266,1,,,
TXN-0005079,ACC_VIC_0663,ACC_MULE_0541,178465.89,2026-08-05T17:07:14,28.645199,77.323633,1,2026-08-05T17:29:39,ATM_UBI_150,9.44
TXN-0005080,ACC_NORM_2069,ACC_NORM_2300,983.96,2026-08-05T17:15:52,,,0,,,
TXN-0005081,ACC_NORM_1275,ACC_NORM_2775,19636.43,2026-08-05T17:24:31,,,0,,,
TXN-0005082,ACC_NORM_0001,ACC_NORM_2550,11554.19,2026-08-05T17:33:09,,,0,,,
TXN-0005083,ACC_NORM_1444,ACC_NORM_2842,15367.82,2026-08-05T17:41:47,,,0,,,
TXN-0005084,ACC_NORM_1007,ACC_NORM_2442,6503.51,2026-08-05T17:50:26,,,0,,,
TXN-0005085,ACC_NORM_1643,ACC_NORM_1838,24828.98,2026-08-05T17:59:04,,,0,,,
TXN-0005086,ACC_NORM_2364,ACC_NORM_1849,14352.18,2026-08-05T18:07:43,,,0,,,
TXN-0005087,ACC_NORM_2000,ACC_NORM_0215,4895.54,2026-08-05T18:16:21,,,0,,,
TXN-0005088,ACC_VIC_1125,ACC_MULE_0008,102445.15,2026-08-05T18:24:59,28.668135,77.299502,1,2026-08-05T18:39:05,ATM_HDFC_170,4.7
TXN-0005089,ACC_NORM_2957,ACC_NORM_2052,11577.16,2026-08-05T18:33:38,,,0,,,
TXN-0005090,ACC_NORM_0471,ACC_NORM_2254,24165.19,2026-08-05T18:42:16,,,0,,,
TXN-0005091,ACC_VIC_0987,ACC_MULE_0472,140615.27,2026-08-05T18:50:55,28.709062,77.099186,1,2026-08-05T19:01:13,ATM_SBI_141,3.44
TXN-0005092,ACC_NORM_0714,ACC_NORM_0760,11091.36,2026-08-05T18:59:33,,,0,,,
TXN-0005093,ACC_VIC_0038,ACC_MULE_0505,76624.68,2026-08-05T19:08:11,28.539326,77.211378,1,2026-08-05T19:24:27,ATM_ICICI_087,3.28
TXN-0005094,ACC_NORM_2686,ACC_NORM_1387,7670.75,2026-08-05T19:16:50,,,0,,,
TXN-0005095,ACC_VIC_1240,ACC_MULE_0110,55139.55,2026-08-05T19:25:28,28.52858,77.259297,1,2026-08-05T19:52:22,ATM_ICICI_087,16.57
TXN-0005096,ACC_NORM_0299,ACC_NORM_0335,23248.66,2026-08-05T19:34:07,,,0,,,
TXN-0005097,ACC_VIC_1383,ACC_MULE_0127,102560.68,2026-08-05T19:42:45,28.623299,77.328534,1,2026-08-05T20:14:38,ATM_SBI_149,12.32
TXN-0005098,ACC_NORM_1592,ACC_NORM_2370,13974.75,2026-08-05T19:51:23,,,0,,,
TXN-0005099,ACC_NORM_1063,ACC_NORM_0586,8203.47,2026-08-05T20:00:02,,,0,,,
TXN-0005100,ACC_NORM_0421,ACC_NORM_1602,11659.43,2026-08-05T20:08:40,,,0,,,
TXN-0005101,ACC_VIC_0350,ACC_MULE_0276,86068.73,2026-08-05T20:17:19,28.620835,77.213399,1,2026-08-05T20:29:36,ATM_HDFC_002,3.66
TXN-0005102,ACC_NORM_0767,ACC_NORM_1389,22632.24,2026-08-05T20:25:57,,,0,,,
TXN-0005103,ACC_VIC_0800,ACC_MULE_0508,190014.6,2026-08-05T20:34:35,28.704011,77.109571,1,2026-08-05T20:53:34,ATM_SBI_141,1.07
TXN-0005104,ACC_NORM_2009,ACC_NORM_1022,21862.52,2026-08-05T20:43:14,,,0,,,
TXN-0005105,ACC_NORM_1127,ACC_NORM_0380,7896.61,2026-08-05T20:51:52,,,0,,,
TXN-0005106,ACC_NORM_2571,ACC_NORM_1434,17377.86,2026-08-05T21:00:31,,,0,,,
TXN-0005107,ACC_NORM_0135,ACC_NORM_0124,12482.73,2026-08-05T21:09:09,,,0,,,
TXN-0005108,ACC_NORM_1036,ACC_NORM_0420,915.2,2026-08-05T21:17:47,,,0,,,
TXN-0005109,ACC_NORM_1979,ACC_NORM_0981,19192.87,2026-08-05T21:26:26,,,0,,,
TXN-0005110,ACC_NORM_2759,ACC_NORM_2484,24444.92,2026-08-05T21:35:04,,,0,,,
TXN-0005111,ACC_VIC_0122,ACC_MULE_0147,99965.05,2026-08-05T21:43:43,28.61323,77.312138,1,2026-08-05T21:55:17,ATM_UBI_150,4.65
TXN-0005112,ACC_NORM_0435,ACC_NORM_1343,5676.51,2026-08-05T21:52:21,,,0,,,
TXN-0005113,ACC_NORM_1093,ACC_NORM_2714,12822.72,2026-08-05T22:00:59,,,0,,,
TXN-0005114,ACC_NORM_0845,ACC_NORM_1796,19832.91,2026-08-05T22:09:38,,,0,,,
TXN-0005115,ACC_NORM_1677,ACC_NORM_2239,3959.62,2026-08-05T22:18:16,,,0,,,
TXN-0005116,ACC_MULE_0203,ACC_MULE_0436,79433.31,2026-08-05T22:26:55,28.727817,77.129517,2,2026-08-05T22:42:03,ATM_ICICI_142,8.68
TXN-0005117,ACC_NORM_2569,ACC_NORM_1133,20382.13,2026-08-05T22:35:33,,,0,,,
TXN-0005118,ACC_VIC_0024,ACC_MULE_0570,154664.25,2026-08-05T22:44:11,28.651917,77.207641,1,2026-08-05T23:12:27,ATM_UBI_016,4.93
TXN-0005119,ACC_VIC_0966,ACC_MULE_0369,188863.25,2026-08-05T22:52:50,28.576713,77.23447,1,,,
TXN-0005120,ACC_VIC_0032,ACC_MULE_0359,179417.36,2026-08-05T23:01:28,28.603829,77.03151,1,2026-08-05T23:08:47,ATM_AXIS_101,1.53
TXN-0005121,ACC_NORM_0135,ACC_NORM_0581,24135.04,2026-08-05T23:10:07,,,0,,,
TXN-0005122,ACC_VIC_1343,ACC_MULE_0217,86223.26,2026-08-05T23:18:45,28.543055,77.229509,1,2026-08-05T23:44:02,ATM_HDFC_066,4.5
TXN-0005123,ACC_VIC_0985,ACC_MULE_0302,50332.8,2026-08-05T23:27:23,28.71834,77.120332,1,2026-08-05T23:45:28,ATM_SBI_141,4.47
TXN-0005124,ACC_NORM_1713,ACC_NORM_0148,6298.15,2026-08-05T23:36:02,,,0,,,
TXN-0005125,ACC_VIC_0108,ACC_MULE_0235,194357.86,2026-08-05T23:44:40,28.62328,77.208833,1,2026-08-05T23:59:54,ATM_ICICI_004,1.52
TXN-0005126,ACC_NORM_1459,ACC_NORM_2087,6525.34,2026-08-05T23:53:19,,,0,,,
TXN-0005127,ACC_MULE_0010,ACC_MULE_0332,145694.78,2026-08-06T00:01:57,28.577982,77.035446,2,2026-08-06T00:22:05,ATM_PNB_102,6.84
TXN-0005128,ACC_VIC_0800,ACC_MULE_0592,209303.37,2026-08-06T00:10:35,28.52389,77.155182,1,2026-08-06T00:22:41,ATM_BOB_094,2.67
TXN-0005129,ACC_MULE_0136,ACC_MULE_0276,186057.82,2026-08-06T00:19:14,28.620835,77.213399,2,2026-08-06T00:32:03,ATM_ICICI_004,2.69
TXN-0005130,ACC_NORM_2754,ACC_NORM_1132,24291.02,2026-08-06T00:27:52,,,0,,,
TXN-0005131,ACC_NORM_1267,ACC_NORM_0810,24627.06,2026-08-06T00:36:31,,,0,,,
TXN-0005132,ACC_NORM_2338,ACC_NORM_0422,5233.18,2026-08-06T00:45:09,,,0,,,
TXN-0005133,ACC_NORM_0350,ACC_NORM_2452,19648.18,2026-08-06T00:53:47,,,0,,,
TXN-0005134,ACC_NORM_0230,ACC_NORM_1049,23256.12,2026-08-06T01:02:26,,,0,,,
TXN-0005135,ACC_NORM_0948,ACC_NORM_1895,8953.36,2026-08-06T01:11:04,,,0,,,
TXN-0005136,ACC_NORM_2119,ACC_NORM_2056,21593.05,2026-08-06T01:19:43,,,0,,,
TXN-0005137,ACC_VIC_0868,ACC_MULE_0472,182278.48,2026-08-06T01:28:21,28.709062,77.099186,1,2026-08-06T01:48:59,ATM_HDFC_131,6.77
TXN-0005138,ACC_NORM_2943,ACC_NORM_0656,12503.67,2026-08-06T01:36:59,,,0,,,
TXN-0005139,ACC_NORM_2710,ACC_NORM_0751,3362.99,2026-08-06T01:45:38,,,0,,,
TXN-0005140,ACC_NORM_0781,ACC_NORM_1203,15161.64,2026-08-06T01:54:16,,,0,,,
TXN-0005141,ACC_NORM_2480,ACC_NORM_0574,14607.82,2026-08-06T02:02:55,,,0,,,
TXN-0005142,ACC_VIC_0064,ACC_MULE_0011,129706.16,2026-08-06T02:11:33,28.639829,77.297549,1,2026-08-06T02:33:55,ATM_UBI_150,5.25
TXN-0005143,ACC_VIC_0726,ACC_MULE_0175,249170.44,2026-08-06T02:20:11,28.516377,77.217225,1,,,
TXN-0005144,ACC_VIC_1194,ACC_MULE_0207,63911.49,2026-08-06T02:28:50,28.61187,77.290621,1,2026-08-06T02:43:53,ATM_PNB_160,3.24
TXN-0005145,ACC_NORM_2959,ACC_NORM_2013,21576.13,2026-08-06T02:37:28,,,0,,,
TXN-0005146,ACC_NORM_0209,ACC_NORM_2711,22400.96,2026-08-06T02:46:07,,,0,,,
TXN-0005147,ACC_VIC_0003,ACC_MULE_0093,106987.07,2026-08-06T02:54:45,28.659563,77.308654,1,2026-08-06T03:11:33,ATM_HDFC_170,8.46
TXN-0005148,ACC_NORM_2794,ACC_NORM_1708,16338.37,2026-08-06T03:03:23,,,0,,,
TXN-0005149,ACC_VIC_1166,ACC_MULE_0049,106929.19,2026-08-06T03:12:02,28.532206,77.228628,1,2026-08-06T03:43:11,ATM_SBI_072,1.67
TXN-0005150,ACC_NORM_1712,ACC_NORM_1842,3016.92,2026-08-06T03:20:40,,,0,,,
TXN-0005151,ACC_VIC_0677,ACC_MULE_0078,122915.95,2026-08-06T03:29:19,28.665132,77.292064,1,2026-08-06T04:00:29,ATM_HDFC_170,4.27
TXN-0005152,ACC_NORM_0216,ACC_NORM_2248,14471.06,2026-08-06T03:37:57,,,0,,,
TXN-0005153,ACC_NORM_0040,ACC_NORM_2164,19828.67,2026-08-06T03:46:35,,,0,,,
TXN-0005154,ACC_NORM_1680,ACC_NORM_1855,15355.71,2026-08-06T03:55:14,,,0,,,
TXN-0005155,ACC_NORM_2802,ACC_NORM_2476,3452.1,2026-08-06T04:03:52,,,0,,,
TXN-0005156,ACC_VIC_0626,ACC_MULE_0142,183088.46,2026-08-06T04:12:31,28.537116,77.158638,1,2026-08-06T04:31:13,ATM_BOB_094,6.21
TXN-0005157,ACC_NORM_0912,ACC_NORM_1899,16945.47,2026-08-06T04:21:09,,,0,,,
TXN-0005158,ACC_NORM_1041,ACC_NORM_1648,17510.16,2026-08-06T04:29:47,,,0,,,
TXN-0005159,ACC_VIC_1195,ACC_MULE_0018,160048.27,2026-08-06T04:38:26,28.577863,77.059964,1,2026-08-06T04:52:55,ATM_PNB_102,3.91
TXN-0005160,ACC_VIC_1232,ACC_MULE_0097,66701.62,2026-08-06T04:47:04,28.652815,77.308392,1,2026-08-06T05:08:00,ATM_BOB_155,7.93
TXN-0005161,ACC_VIC_0229,ACC_MULE_0047,201033.31,2026-08-06T04:55:43,28.644605,77.186096,1,2026-08-06T05:06:53,ATM_UBI_016,1.59
TXN-0005162,ACC_NORM_2527,ACC_NORM_1692,21684.47,2026-08-06T05:04:21,,,0,,,
TXN-0005163,ACC_NORM_2781,ACC_NORM_2798,10522.05,2026-08-06T05:12:59,,,0,,,
TXN-0005164,ACC_VIC_0949,ACC_MULE_0325,152127.36,2026-08-06T05:21:38,28.640025,77.300016,1,2026-08-06T05:43:59,ATM_UBI_150,5.24
TXN-0005165,ACC_NORM_1686,ACC_NORM_0689,13188.3,2026-08-06T05:30:16,,,0,,,
TXN-0005166,ACC_NORM_2538,ACC_NORM_1933,8741.47,2026-08-06T05:38:55,,,0,,,
TXN-0005167,ACC_MULE_0110,ACC_MULE_0551,224638.67,2026-08-06T05:47:33,28.674802,77.288003,2,2026-08-06T05:53:33,ATM_HDFC_170,0.96
TXN-0005168,ACC_MULE_0390,ACC_MULE_0116,161311.21,2026-08-06T05:56:11,28.527634,77.162972,2,2026-08-06T06:09:27,ATM_BOB_094,5.16
TXN-0005169,ACC_NORM_2794,ACC_NORM_1481,7637.32,2026-08-06T06:04:50,,,0,,,
TXN-0005170,ACC_NORM_0596,ACC_NORM_2493,24450.2,2026-08-06T06:13:28,,,0,,,
TXN-0005171,ACC_NORM_2886,ACC_NORM_2172,20062.13,2026-08-06T06:22:07,,,0,,,
TXN-0005172,ACC_MULE_0511,ACC_MULE_0321,162712.57,2026-08-06T06:30:45,28.625132,77.330194,2,2026-08-06T06:43:15,ATM_BOB_152,7.18
TXN-0005173,ACC_NORM_1765,ACC_NORM_2829,12692.39,2026-08-06T06:39:23,,,0,,,
TXN-0005174,ACC_NORM_1986,ACC_NORM_1756,19278.84,2026-08-06T06:48:02,,,0,,,
TXN-0005175,ACC_NORM_0671,ACC_NORM_2867,10422.73,2026-08-06T06:56:40,,,0,,,
TXN-0005176,ACC_NORM_0678,ACC_NORM_2981,16145.36,2026-08-06T07:05:19,,,0,,,
TXN-0005177,ACC_MULE_0512,ACC_MULE_0440,218299.14,2026-08-06T07:13:57,28.689197,77.28974,2,2026-08-06T07:27:26,ATM_HDFC_170,3.82
TXN-0005178,ACC_VIC_0860,ACC_MULE_0348,54306.89,2026-08-06T07:22:35,28.551143,77.16178,1,2026-08-06T07:49:27,ATM_UBI_088,14.71
TXN-0005179,ACC_NORM_0629,ACC_NORM_0709,14142.27,2026-08-06T07:31:14,,,0,,,
TXN-0005180,ACC_VIC_0937,ACC_MULE_0503,238264.98,2026-08-06T07:39:52,28.722124,77.142255,1,,,
TXN-0005181,ACC_NORM_1619,ACC_NORM_0541,23742.11,2026-08-06T07:48:31,,,0,,,
TXN-0005182,ACC_NORM_0234,ACC_NORM_1547,14548.68,2026-08-06T07:57:09,,,0,,,
TXN-0005183,ACC_NORM_2431,ACC_NORM_0835,13824.36,2026-08-06T08:05:47,,,0,,,
TXN-0005184,ACC_MULE_0186,ACC_MULE_0121,234692.77,2026-08-06T08:14:26,28.596525,77.301749,2,2026-08-06T08:35:30,ATM_PNB_174,9.97
TXN-0005185,ACC_NORM_2756,ACC_NORM_0956,11030.17,2026-08-06T08:23:04,,,0,,,
TXN-0005186,ACC_NORM_2198,ACC_NORM_1995,1202.72,2026-08-06T08:31:43,,,0,,,
TXN-0005187,ACC_NORM_1001,ACC_NORM_2797,10646.77,2026-08-06T08:40:21,,,0,,,
TXN-0005188,ACC_VIC_0455,ACC_MULE_0108,209965.14,2026-08-06T08:48:59,28.512296,77.202855,1,2026-08-06T09:13:24,ATM_ICICI_087,7.2
TXN-0005189,ACC_VIC_0072,ACC_MULE_0122,209023.05,2026-08-06T08:57:38,28.615224,77.228496,1,2026-08-06T09:20:00,ATM_ICICI_004,7.0
TXN-0005190,ACC_VIC_1079,ACC_MULE_0306,82546.35,2026-08-06T09:06:16,28.687317,77.304442,1,2026-08-06T09:36:38,ATM_BOB_163,4.39
TXN-0005191,ACC_NORM_1019,ACC_NORM_1679,20944.8,2026-08-06T09:14:55,,,0,,,
TXN-0005192,ACC_NORM_0203,ACC_NORM_0505,22938.26,2026-08-06T09:23:33,,,0,,,
TXN-0005193,ACC_VIC_0521,ACC_MULE_0304,124863.43,2026-08-06T09:32:11,28.623128,77.310877,1,2026-08-06T09:52:56,ATM_UBI_150,2.84
TXN-0005194,ACC_NORM_0509,ACC_NORM_1552,24834.97,2026-08-06T09:40:50,,,0,,,
TXN-0005195,ACC_VIC_0818,ACC_MULE_0195,243316.3,2026-08-06T09:49:28,28.645333,77.202553,1,2026-08-06T10:04:34,ATM_UBI_016,3.21
TXN-0005196,ACC_NORM_1071,ACC_NORM_2661,12185.89,2026-08-06T09:58:07,,,0,,,
TXN-0005197,ACC_NORM_2642,ACC_NORM_2509,14903.69,2026-08-06T10:06:45,,,0,,,
TXN-0005198,ACC_VIC_1368,ACC_MULE_0439,60437.15,2026-08-06T10:15:23,28.547624,77.151443,1,2026-08-06T10:37:36,ATM_BOB_094,8.63
TXN-0005199,ACC_NORM_1783,ACC_NORM_0376,1311.76,2026-08-06T10:24:02,,,0,,,
TXN-0005200,ACC_NORM_2740,ACC_NORM_1368,10477.61,2026-08-06T10:32:40,,,0,,,
TXN-0005201,ACC_NORM_0338,ACC_NORM_1960,22010.54,2026-08-06T10:41:19,,,0,,,
TXN-0005202,ACC_VIC_0957,ACC_MULE_0069,150892.07,2026-08-06T10:49:57,28.537504,77.206242,1,2026-08-06T11:22:45,ATM_HDFC_086,1.4
TXN-0005203,ACC_VIC_0436,ACC_MULE_0129,218305.57,2026-08-06T10:58:35,28.641962,77.206697,1,,,
TXN-0005204,ACC_VIC_0219,ACC_MULE_0327,208599.82,2026-08-06T11:07:14,28.707756,77.121879,1,2026-08-06T11:18:12,ATM_KOTAK_138,3.37
TXN-0005205,ACC_NORM_2653,ACC_NORM_2983,16149.11,2026-08-06T11:15:52,,,0,,,
TXN-0005206,ACC_NORM_0974,ACC_NORM_2416,8664.83,2026-08-06T11:24:31,,,0,,,
TXN-0005207,ACC_MULE_0180,ACC_MULE_0477,93103.79,2026-08-06T11:33:09,28.635079,77.206753,2,2026-08-06T11:53:51,ATM_HDFC_007,4.66
TXN-0005208,ACC_NORM_2832,ACC_NORM_0689,835.26,2026-08-06T11:41:47,,,0,,,
TXN-0005209,ACC_VIC_1441,ACC_MULE_0055,128389.01,2026-08-06T11:50:26,28.609486,77.32273,1,2026-08-06T12:18:52,ATM_UBI_150,7.7
TXN-0005210,ACC_VIC_0161,ACC_MULE_0184,155790.45,2026-08-06T11:59:04,28.648668,77.17126,1,2026-08-06T12:15:54,ATM_AXIS_010,4.2
TXN-0005211,ACC_NORM_0846,ACC_NORM_1353,9108.52,2026-08-06T12:07:43,,,0,,,
TXN-0005212,ACC_NORM_0162,ACC_NORM_1809,1825.68,2026-08-06T12:16:21,,,0,,,
TXN-0005213,ACC_VIC_0817,ACC_MULE_0058,189202.61,2026-08-06T12:24:59,28.540632,77.198499,1,2026-08-06T12:35:24,ATM_ICICI_087,2.06
TXN-0005214,ACC_VIC_1093,ACC_MULE_0515,82763.04,2026-08-06T12:33:38,28.538331,77.212319,1,2026-08-06T12:42:52,ATM_ICICI_087,3.39
TXN-0005215,ACC_MULE_0567,ACC_MULE_0450,205918.96,2026-08-06T12:42:16,28.699299,77.103691,2,2026-08-06T13:00:07,ATM_BOB_144,3.65
TXN-0005216,ACC_NORM_2223,ACC_NORM_2826,2650.74,2026-08-06T12:50:55,,,0,,,
TXN-0005217,ACC_MULE_0171,ACC_MULE_0547,238445.01,2026-08-06T12:59:33,28.614921,77.199985,2,2026-08-06T13:10:09,ATM_ICICI_004,4.83
TXN-0005218,ACC_NORM_1570,ACC_NORM_2105,11030.15,2026-08-06T13:08:11,,,0,,,
TXN-0005219,ACC_NORM_1675,ACC_NORM_2783,22064.2,2026-08-06T13:16:50,,,0,,,
TXN-0005220,ACC_VIC_1004,ACC_MULE_0599,176390.37,2026-08-06T13:25:28,28.644857,77.174157,1,2026-08-06T13:38:25,ATM_SBI_011,2.21
TXN-0005221,ACC_NORM_2374,ACC_NORM_1741,14027.73,2026-08-06T13:34:07,,,0,,,
TXN-0005222,ACC_NORM_2274,ACC_NORM_0426,2469.95,2026-08-06T13:42:45,,,0,,,
TXN-0005223,ACC_NORM_2429,ACC_NORM_0090,16246.89,2026-08-06T13:51:23,,,0,,,
TXN-0005224,ACC_VIC_0769,ACC_MULE_0050,127497.18,2026-08-06T14:00:02,28.657763,77.302814,1,2026-08-06T14:24:13,ATM_HDFC_170,7.82
TXN-0005225,ACC_NORM_1773,ACC_NORM_2926,804.71,2026-08-06T14:08:40,,,0,,,
TXN-0005226,ACC_NORM_1723,ACC_NORM_0902,19342.69,2026-08-06T14:17:19,,,0,,,
TXN-0005227,ACC_NORM_0290,ACC_NORM_1145,7151.99,2026-08-06T14:25:57,,,0,,,
TXN-0005228,ACC_NORM_0227,ACC_NORM_1691,10942.82,2026-08-06T14:34:35,,,0,,,
TXN-0005229,ACC_NORM_2565,ACC_NORM_1038,3166.46,2026-08-06T14:43:14,,,0,,,
TXN-0005230,ACC_VIC_0561,ACC_MULE_0236,135180.97,2026-08-06T14:51:52,28.69102,77.130705,1,2026-08-06T15:06:02,ATM_KOTAK_138,2.68
TXN-0005231,ACC_NORM_0485,ACC_NORM_1798,19936.18,2026-08-06T15:00:31,,,0,,,
TXN-0005232,ACC_VIC_0868,ACC_MULE_0539,118952.52,2026-08-06T15:09:09,28.628311,77.297556,1,2026-08-06T15:21:08,ATM_UBI_150,1.73
TXN-0005233,ACC_MULE_0052,ACC_MULE_0424,87524.54,2026-08-06T15:17:47,28.641373,77.20867,2,2026-08-06T15:30:02,ATM_UBI_016,5.18
TXN-0005234,ACC_NORM_1109,ACC_NORM_2072,3947.12,2026-08-06T15:26:26,,,0,,,
TXN-0005235,ACC_NORM_1999,ACC_NORM_1156,1599.64,2026-08-06T15:35:04,,,0,,,
TXN-0005236,ACC_NORM_2414,ACC_NORM_0516,16392.98,2026-08-06T15:43:43,,,0,,,
TXN-0005237,ACC_MULE_0183,ACC_MULE_0384,175555.3,2026-08-06T15:52:21,28.665219,77.286204,2,2026-08-06T16:02:57,ATM_AXIS_169,1.69
TXN-0005238,ACC_NORM_2127,ACC_NORM_1951,8820.6,2026-08-06T16:00:59,,,0,,,
TXN-0005239,ACC_NORM_1698,ACC_NORM_0079,20057.79,2026-08-06T16:09:38,,,0,,,
TXN-0005240,ACC_NORM_2417,ACC_NORM_0952,16250.26,2026-08-06T16:18:16,,,0,,,
TXN-0005241,ACC_NORM_1689,ACC_NORM_0971,3550.63,2026-08-06T16:26:55,,,0,,,
TXN-0005242,ACC_NORM_1437,ACC_NORM_1293,19827.92,2026-08-06T16:35:33,,,0,,,
TXN-0005243,ACC_NORM_2687,ACC_NORM_2770,2650.2,2026-08-06T16:44:11,,,0,,,
TXN-0005244,ACC_NORM_1011,ACC_NORM_0970,7864.45,2026-08-06T16:52:50,,,0,,,
TXN-0005245,ACC_NORM_0221,ACC_NORM_2002,10637.15,2026-08-06T17:01:28,,,0,,,
TXN-0005246,ACC_NORM_0555,ACC_NORM_1158,9856.17,2026-08-06T17:10:07,,,0,,,
TXN-0005247,ACC_NORM_1449,ACC_NORM_2417,6605.41,2026-08-06T17:18:45,,,0,,,
TXN-0005248,ACC_VIC_0419,ACC_MULE_0211,144214.93,2026-08-06T17:27:23,28.625751,77.334841,1,2026-08-06T17:45:33,ATM_BOB_146,9.15
TXN-0005249,ACC_VIC_0110,ACC_MULE_0549,239690.84,2026-08-06T17:36:02,28.537029,77.159688,1,2026-08-06T17:48:53,ATM_SBI_098,5.29
TXN-0005250,ACC_NORM_1126,ACC_NORM_0141,20751.35,2026-08-06T17:44:40,,,0,,,
TXN-0005251,ACC_VIC_0045,ACC_MULE_0376,60025.9,2026-08-06T17:53:19,28.628703,77.305683,1,2026-08-06T18:03:37,ATM_UBI_150,2.1
TXN-0005252,ACC_VIC_0373,ACC_MULE_0060,122464.41,2026-08-06T18:01:57,28.711229,77.121922,1,2026-08-06T18:20:18,ATM_ICICI_142,3.01
TXN-0005253,ACC_NORM_1982,ACC_NORM_0170,12021.81,2026-08-06T18:10:35,,,0,,,
TXN-0005254,ACC_NORM_1968,ACC_NORM_0757,16532.86,2026-08-06T18:19:14,,,0,,,
TXN-0005255,ACC_VIC_0854,ACC_MULE_0200,98744.31,2026-08-06T18:27:52,28.729906,77.131523,1,,,
TXN-0005256,ACC_VIC_0651,ACC_MULE_0178,75972.47,2026-08-06T18:36:31,28.550068,77.252257,1,,,
TXN-0005257,ACC_VIC_0230,ACC_MULE_0355,103083.31,2026-08-06T18:45:09,28.537536,77.256148,1,2026-08-06T18:55:57,ATM_ICICI_068,2.89
TXN-0005258,ACC_MULE_0099,ACC_MULE_0160,196591.91,2026-08-06T18:53:47,28.593766,77.042139,2,2026-08-06T19:05:12,ATM_PNB_102,4.1
TXN-0005259,ACC_VIC_0302,ACC_MULE_0440,135296.72,2026-08-06T19:02:26,28.689197,77.28974,1,2026-08-06T19:18:23,ATM_HDFC_170,3.82
TXN-0005260,ACC_NORM_0414,ACC_NORM_2677,23167.64,2026-08-06T19:11:04,,,0,,,
TXN-0005261,ACC_NORM_2290,ACC_NORM_0507,17440.51,2026-08-06T19:19:43,,,0,,,
TXN-0005262,ACC_NORM_0072,ACC_NORM_1527,19327.53,2026-08-06T19:28:21,,,0,,,
TXN-0005263,ACC_NORM_0777,ACC_NORM_1625,15406.26,2026-08-06T19:36:59,,,0,,,
TXN-0005264,ACC_NORM_0384,ACC_NORM_0229,10068.19,2026-08-06T19:45:38,,,0,,,
TXN-0005265,ACC_VIC_1389,ACC_MULE_0499,69405.85,2026-08-06T19:54:16,28.671895,77.195626,1,2026-08-06T20:22:22,ATM_BOB_012,5.78
TXN-0005266,ACC_VIC_0073,ACC_MULE_0429,70834.4,2026-08-06T20:02:55,28.584213,77.049455,1,2026-08-06T20:21:30,ATM_PNB_102,2.46
TXN-0005267,ACC_NORM_2135,ACC_NORM_2614,24535.4,2026-08-06T20:11:33,,,0,,,
TXN-0005268,ACC_NORM_0635,ACC_NORM_0022,8881.07,2026-08-06T20:20:11,,,0,,,
TXN-0005269,ACC_NORM_1267,ACC_NORM_1608,24631.49,2026-08-06T20:28:50,,,0,,,
TXN-0005270,ACC_NORM_2797,ACC_NORM_1817,21429.14,2026-08-06T20:37:28,,,0,,,
TXN-0005271,ACC_NORM_1239,ACC_NORM_0332,11338.21,2026-08-06T20:46:07,,,0,,,
TXN-0005272,ACC_NORM_1683,ACC_NORM_1670,19531.34,2026-08-06T20:54:45,,,0,,,
TXN-0005273,ACC_NORM_2675,ACC_NORM_2336,23772.73,2026-08-06T21:03:23,,,0,,,
TXN-0005274,ACC_MULE_0051,ACC_MULE_0154,87246.58,2026-08-06T21:12:02,28.617262,77.287712,2,2026-08-06T21:18:24,ATM_PNB_160,1.4
TXN-0005275,ACC_VIC_1375,ACC_MULE_0065,171783.68,2026-08-06T21:20:40,28.538557,77.148302,1,2026-08-06T21:40:06,ATM_AXIS_074,14.29
TXN-0005276,ACC_MULE_0262,ACC_MULE_0118,182580.01,2026-08-06T21:29:19,28.710969,77.10624,2,2026-08-06T21:44:39,ATM_SBI_141,1.88
TXN-0005277,ACC_VIC_1441,ACC_MULE_0236,70691.96,2026-08-06T21:37:57,28.69102,77.130705,1,2026-08-06T21:50:33,ATM_HDFC_130,3.68
TXN-0005278,ACC_NORM_2132,ACC_NORM_1569,21199.75,2026-08-06T21:46:35,,,0,,,
TXN-0005279,ACC_NORM_1525,ACC_NORM_2938,6036.58,2026-08-06T21:55:14,,,0,,,
TXN-0005280,ACC_VIC_1135,ACC_MULE_0471,85782.74,2026-08-06T22:03:52,28.667099,77.177243,1,2026-08-06T22:22:42,ATM_UBI_016,7.71
TXN-0005281,ACC_NORM_1845,ACC_NORM_0546,10029.6,2026-08-06T22:12:31,,,0,,,
TXN-0005282,ACC_MULE_0057,ACC_MULE_0078,195337.58,2026-08-06T22:21:09,28.665132,77.292064,2,,,
TXN-0005283,ACC_NORM_2089,ACC_NORM_1509,13691.24,2026-08-06T22:29:47,,,0,,,
TXN-0005284,ACC_NORM_0755,ACC_NORM_1711,3482.6,2026-08-06T22:38:26,,,0,,,
TXN-0005285,ACC_NORM_1329,ACC_NORM_0325,9859.19,2026-08-06T22:47:04,,,0,,,
TXN-0005286,ACC_NORM_0537,ACC_NORM_2888,5932.09,2026-08-06T22:55:43,,,0,,,
TXN-0005287,ACC_NORM_1219,ACC_NORM_0778,16244.12,2026-08-06T23:04:21,,,0,,,
TXN-0005288,ACC_VIC_0353,ACC_MULE_0147,114997.35,2026-08-06T23:12:59,28.61323,77.312138,1,2026-08-06T23:28:47,ATM_KOTAK_145,3.12
TXN-0005289,ACC_NORM_1144,ACC_NORM_2969,15207.39,2026-08-06T23:21:38,,,0,,,
TXN-0005290,ACC_NORM_0434,ACC_NORM_2603,8849.86,2026-08-06T23:30:16,,,0,,,
TXN-0005291,ACC_NORM_0273,ACC_NORM_0795,7262.97,2026-08-06T23:38:55,,,0,,,
TXN-0005292,ACC_MULE_0416,ACC_MULE_0171,223683.04,2026-08-06T23:47:33,28.592727,77.051001,2,2026-08-07T00:07:30,ATM_PNB_102,1.71
TXN-0005293,ACC_NORM_2411,ACC_NORM_1528,20870.19,2026-08-06T23:56:11,,,0,,,
TXN-0005294,ACC_NORM_0425,ACC_NORM_0769,6693.98,2026-08-07T00:04:50,,,0,,,
TXN-0005295,ACC_NORM_2129,ACC_NORM_2456,14200.48,2026-08-07T00:13:28,,,0,,,
TXN-0005296,ACC_MULE_0105,ACC_MULE_0328,137766.15,2026-08-07T00:22:07,28.689404,77.299376,2,,,
TXN-0005297,ACC_MULE_0191,ACC_MULE_0018,249713.75,2026-08-07T00:30:45,28.577863,77.059964,2,2026-08-07T00:43:37,ATM_PNB_102,3.91
TXN-0005298,ACC_VIC_1050,ACC_MULE_0587,141379.3,2026-08-07T00:39:23,28.713739,77.137598,1,2026-08-07T01:06:50,ATM_ICICI_142,6.05
TXN-0005299,ACC_NORM_2777,ACC_NORM_2320,4819.08,2026-08-07T00:48:02,,,0,,,
TXN-0005300,ACC_VIC_1489,ACC_MULE_0047,129321.42,2026-08-07T00:56:40,28.644605,77.186096,1,2026-08-07T01:19:07,ATM_UBI_016,1.59
TXN-0005301,ACC_NORM_0751,ACC_NORM_0182,3366.56,2026-08-07T01:05:19,,,0,,,
TXN-0005302,ACC_NORM_1314,ACC_NORM_1098,20129.67,2026-08-07T01:13:57,,,0,,,
TXN-0005303,ACC_VIC_0353,ACC_MULE_0055,145962.2,2026-08-07T01:22:35,28.609486,77.32273,1,2026-08-07T01:50:35,ATM_UBI_150,7.7
TXN-0005304,ACC_NORM_1077,ACC_NORM_1077,8487.11,2026-08-07T01:31:14,,,0,,,
TXN-0005305,ACC_NORM_0161,ACC_NORM_0951,725.4,2026-08-07T01:39:52,,,0,,,
TXN-0005306,ACC_VIC_0192,ACC_MULE_0285,128518.02,2026-08-07T01:48:31,28.570474,77.255829,1,2026-08-07T02:05:03,ATM_PNB_052,2.42
TXN-0005307,ACC_NORM_0390,ACC_NORM_2328,23124.89,2026-08-07T01:57:09,,,0,,,
TXN-0005308,ACC_MULE_0200,ACC_MULE_0461,109903.07,2026-08-07T02:05:47,28.689614,77.308003,2,2026-08-07T02:15:33,ATM_BOB_163,5.62
TXN-0005309,ACC_MULE_0330,ACC_MULE_0311,97704.69,2026-08-07T02:14:26,28.621302,77.339561,2,2026-08-07T02:37:12,ATM_BOB_146,10.4
TXN-0005310,ACC_NORM_2779,ACC_NORM_2457,5807.29,2026-08-07T02:23:04,,,0,,,
TXN-0005311,ACC_NORM_0321,ACC_NORM_2534,22475.73,2026-08-07T02:31:43,,,0,,,
TXN-0005312,ACC_NORM_1809,ACC_NORM_2585,3665.61,2026-08-07T02:40:21,,,0,,,
TXN-0005313,ACC_VIC_0617,ACC_MULE_0193,238164.37,2026-08-07T02:48:59,28.545072,77.15726,1,2026-08-07T03:14:10,ATM_BOB_094,8.29
TXN-0005314,ACC_NORM_0150,ACC_NORM_2143,23252.86,2026-08-07T02:57:38,,,0,,,
TXN-0005315,ACC_NORM_2644,ACC_NORM_0074,15699.88,2026-08-07T03:06:16,,,0,,,
TXN-0005316,ACC_VIC_0910,ACC_MULE_0205,236000.51,2026-08-07T03:14:55,28.601069,77.335143,1,2026-08-07T03:33:06,ATM_BOB_152,10.05
TXN-0005317,ACC_VIC_0243,ACC_MULE_0352,181503.05,2026-08-07T03:23:33,28.543881,77.135483,1,2026-08-07T03:40:41,ATM_BOB_094,7.91
TXN-0005318,ACC_VIC_0954,ACC_MULE_0152,53782.68,2026-08-07T03:32:11,28.539539,77.160688,1,2026-08-07T03:46:05,ATM_BOB_094,7.18
TXN-0005319,ACC_NORM_2000,ACC_NORM_2398,24032.46,2026-08-07T03:40:50,,,0,,,
TXN-0005320,ACC_NORM_1910,ACC_NORM_2593,14782.92,2026-08-07T03:49:28,,,0,,,
TXN-0005321,ACC_NORM_0721,ACC_NORM_0420,19086.01,2026-08-07T03:58:07,,,0,,,
TXN-0005322,ACC_NORM_1352,ACC_NORM_1867,1518.13,2026-08-07T04:06:45,,,0,,,
TXN-0005323,ACC_NORM_0591,ACC_NORM_0266,3476.95,2026-08-07T04:15:23,,,0,,,
TXN-0005324,ACC_NORM_2369,ACC_NORM_1019,21354.11,2026-08-07T04:24:02,,,0,,,
TXN-0005325,ACC_NORM_1168,ACC_NORM_0921,4592.23,2026-08-07T04:32:40,,,0,,,
TXN-0005326,ACC_MULE_0135,ACC_MULE_0313,198795.49,2026-08-07T04:41:19,28.611215,77.289128,2,,,
TXN-0005327,ACC_MULE_0422,ACC_MULE_0555,125826.02,2026-08-07T04:49:57,28.644331,77.213885,2,2026-08-07T05:06:56,ATM_HDFC_001,2.59
TXN-0005328,ACC_NORM_0803,ACC_NORM_1007,15157.56,2026-08-07T04:58:35,,,0,,,
TXN-0005329,ACC_NORM_1693,ACC_NORM_2972,11535.03,2026-08-07T05:07:14,,,0,,,
TXN-0005330,ACC_MULE_0462,ACC_MULE_0596,169665.79,2026-08-07T05:15:52,28.637205,77.205394,2,2026-08-07T05:34:07,ATM_PNB_003,3.73
TXN-0005331,ACC_NORM_1897,ACC_NORM_2006,24776.68,2026-08-07T05:24:31,,,0,,,
TXN-0005332,ACC_NORM_1959,ACC_NORM_0365,13913.64,2026-08-07T05:33:09,,,0,,,
TXN-0005333,ACC_NORM_2965,ACC_NORM_0576,18595.37,2026-08-07T05:41:47,,,0,,,
TXN-0005334,ACC_NORM_1128,ACC_NORM_2899,22758.12,2026-08-07T05:50:26,,,0,,,
TXN-0005335,ACC_VIC_0421,ACC_MULE_0193,198476.09,2026-08-07T05:59:04,28.545072,77.15726,1,2026-08-07T06:22:17,ATM_BOB_094,8.29
TXN-0005336,ACC_NORM_1267,ACC_NORM_2480,10195.32,2026-08-07T06:07:43,,,0,,,
TXN-0005337,ACC_NORM_1636,ACC_NORM_0507,18991.59,2026-08-07T06:16:21,,,0,,,
TXN-0005338,ACC_NORM_2679,ACC_NORM_0093,2961.04,2026-08-07T06:24:59,,,0,,,
TXN-0005339,ACC_NORM_0612,ACC_NORM_1198,23543.92,2026-08-07T06:33:38,,,0,,,
TXN-0005340,ACC_NORM_0387,ACC_NORM_2009,7945.73,2026-08-07T06:42:16,,,0,,,
TXN-0005341,ACC_NORM_0806,ACC_NORM_0415,22874.53,2026-08-07T06:50:55,,,0,,,
TXN-0005342,ACC_NORM_1635,ACC_NORM_0517,11972.68,2026-08-07T06:59:33,,,0,,,
TXN-0005343,ACC_NORM_1661,ACC_NORM_2579,3073.82,2026-08-07T07:08:11,,,0,,,
TXN-0005344,ACC_MULE_0018,ACC_MULE_0518,61192.07,2026-08-07T07:16:50,28.534459,77.192434,2,2026-08-07T07:26:01,ATM_ICICI_087,2.44
TXN-0005345,ACC_NORM_2647,ACC_NORM_2876,20467.62,2026-08-07T07:25:28,,,0,,,
TXN-0005346,ACC_NORM_2773,ACC_NORM_1821,3374.45,2026-08-07T07:34:07,,,0,,,
TXN-0005347,ACC_VIC_1333,ACC_MULE_0062,80672.1,2026-08-07T07:42:45,28.549729,77.247417,1,,,
TXN-0005348,ACC_NORM_2214,ACC_NORM_0431,12348.75,2026-08-07T07:51:23,,,0,,,
TXN-0005349,ACC_VIC_1369,ACC_MULE_0557,85887.78,2026-08-07T08:00:02,28.565197,77.251381,1,2026-08-07T08:22:03,ATM_KOTAK_053,6.43
TXN-0005350,ACC_NORM_0466,ACC_NORM_1247,13381.6,2026-08-07T08:08:40,,,0,,,
TXN-0005351,ACC_NORM_0481,ACC_NORM_0405,6418.81,2026-08-07T08:17:19,,,0,,,
TXN-0005352,ACC_NORM_0103,ACC_NORM_1852,8836.69,2026-08-07T08:25:57,,,0,,,
TXN-0005353,ACC_NORM_2109,ACC_NORM_1003,10334.12,2026-08-07T08:34:35,,,0,,,
TXN-0005354,ACC_MULE_0012,ACC_MULE_0586,74267.08,2026-08-07T08:43:14,28.590442,77.321896,2,2026-08-07T09:00:05,ATM_BOB_146,11.46
TXN-0005355,ACC_NORM_2287,ACC_NORM_1484,17361.36,2026-08-07T08:51:52,,,0,,,
TXN-0005356,ACC_VIC_0867,ACC_MULE_0203,97485.52,2026-08-07T09:00:31,28.574578,77.031617,1,2026-08-07T09:17:38,ATM_PNB_102,8.34
TXN-0005357,ACC_NORM_1909,ACC_NORM_1195,1485.67,2026-08-07T09:09:09,,,0,,,
TXN-0005358,ACC_VIC_1355,ACC_MULE_0538,189182.87,2026-08-07T09:17:47,28.633129,77.175305,1,2026-08-07T09:32:45,ATM_UBI_016,6.24
TXN-0005359,ACC_NORM_0447,ACC_NORM_2897,23578.46,2026-08-07T09:26:26,,,0,,,
TXN-0005360,ACC_VIC_0090,ACC_MULE_0085,153539.17,2026-08-07T09:35:04,28.590882,77.066664,1,,,
TXN-0005361,ACC_VIC_1208,ACC_MULE_0465,193762.32,2026-08-07T09:43:43,28.63428,77.230542,1,,,
TXN-0005362,ACC_MULE_0204,ACC_MULE_0514,174869.95,2026-08-07T09:52:21,28.519059,77.220631,2,2026-08-07T10:15:23,ATM_ICICI_068,9.61
TXN-0005363,ACC_MULE_0004,ACC_MULE_0365,243029.58,2026-08-07T10:00:59,28.689727,77.274274,2,2026-08-07T10:12:07,ATM_HDFC_170,5.27
TXN-0005364,ACC_MULE_0353,ACC_MULE_0276,184194.24,2026-08-07T10:09:38,28.620835,77.213399,2,2026-08-07T10:22:23,ATM_ICICI_004,2.69
TXN-0005365,ACC_VIC_0869,ACC_MULE_0586,173655.95,2026-08-07T10:18:16,28.590442,77.321896,1,2026-08-07T10:36:29,ATM_BOB_153,14.01
TXN-0005366,ACC_NORM_2033,ACC_NORM_0562,16984.13,2026-08-07T10:26:55,,,0,,,
TXN-0005367,ACC_NORM_2055,ACC_NORM_1689,21520.0,2026-08-07T10:35:33,,,0,,,
TXN-0005368,ACC_NORM_0280,ACC_NORM_2519,20032.64,2026-08-07T10:44:11,,,0,,,
TXN-0005369,ACC_MULE_0369,ACC_MULE_0365,167201.65,2026-08-07T10:52:50,28.689727,77.274274,2,2026-08-07T11:12:37,ATM_BOB_163,5.45
TXN-0005370,ACC_NORM_0837,ACC_NORM_2662,10799.43,2026-08-07T11:01:28,,,0,,,
TXN-0005371,ACC_VIC_1493,ACC_MULE_0220,149704.69,2026-08-07T11:10:07,28.628564,77.2997,1,2026-08-07T11:28:51,ATM_BOB_146,2.32
TXN-0005372,ACC_VIC_0809,ACC_MULE_0372,61039.55,2026-08-07T11:18:45,28.666256,77.196573,1,,,
TXN-0005373,ACC_MULE_0509,ACC_MULE_0196,85820.12,2026-08-07T11:27:23,28.547758,77.220439,2,2026-08-07T11:46:14,ATM_PNB_062,4.8
TXN-0005374,ACC_VIC_1115,ACC_MULE_0047,86244.48,2026-08-07T11:36:02,28.644605,77.186096,1,,,
TXN-0005375,ACC_VIC_0063,ACC_MULE_0494,197683.72,2026-08-07T11:44:40,28.552264,77.243004,1,2026-08-07T12:03:42,ATM_KOTAK_053,6.06
TXN-0005376,ACC_NORM_2450,ACC_NORM_1741,17240.1,2026-08-07T11:53:19,,,0,,,
TXN-0005377,ACC_NORM_0281,ACC_NORM_2982,24267.44,2026-08-07T12:01:57,,,0,,,
TXN-0005378,ACC_VIC_1278,ACC_MULE_0433,66672.92,2026-08-07T12:10:35,28.557173,77.230782,1,2026-08-07T12:20:36,ATM_PNB_056,3.05
TXN-0005379,ACC_NORM_0845,ACC_NORM_2892,7494.8,2026-08-07T12:19:14,,,0,,,
TXN-0005380,ACC_NORM_0180,ACC_NORM_1956,870.25,2026-08-07T12:27:52,,,0,,,
TXN-0005381,ACC_MULE_0075,ACC_MULE_0217,126970.99,2026-08-07T12:36:31,28.543055,77.229509,2,2026-08-07T12:52:56,ATM_HDFC_086,6.19
TXN-0005382,ACC_NORM_2510,ACC_NORM_2565,13417.52,2026-08-07T12:45:09,,,0,,,
TXN-0005383,ACC_NORM_2127,ACC_NORM_2262,21586.93,2026-08-07T12:53:47,,,0,,,
TXN-0005384,ACC_NORM_1215,ACC_NORM_1869,13727.02,2026-08-07T13:02:26,,,0,,,
TXN-0005385,ACC_VIC_1248,ACC_MULE_0597,70851.39,2026-08-07T13:11:04,28.546026,77.223609,1,2026-08-07T13:25:43,ATM_PNB_064,1.53
TXN-0005386,ACC_VIC_0620,ACC_MULE_0424,124803.99,2026-08-07T13:19:43,28.641373,77.20867,1,2026-08-07T13:52:41,ATM_ICICI_004,4.31
TXN-0005387,ACC_NORM_1914,ACC_NORM_2106,17948.31,2026-08-07T13:28:21,,,0,,,
TXN-0005388,ACC_MULE_0136,ACC_MULE_0214,220775.7,2026-08-07T13:36:59,28.708835,77.129734,2,,,
TXN-0005389,ACC_NORM_0324,ACC_NORM_1319,22177.19,2026-08-07T13:45:38,,,0,,,
TXN-0005390,ACC_NORM_1583,ACC_NORM_0773,10195.3,2026-08-07T13:54:16,,,0,,,
TXN-0005391,ACC_NORM_2710,ACC_NORM_2169,20145.7,2026-08-07T14:02:55,,,0,,,
TXN-0005392,ACC_NORM_1938,ACC_NORM_1123,2186.27,2026-08-07T14:11:33,,,0,,,
TXN-0005393,ACC_VIC_0058,ACC_MULE_0559,183997.78,2026-08-07T14:20:11,28.64573,77.206167,1,2026-08-07T14:34:52,ATM_UBI_016,4.21
TXN-0005394,ACC_NORM_0935,ACC_NORM_1818,7403.81,2026-08-07T14:28:50,,,0,,,
TXN-0005395,ACC_NORM_0920,ACC_NORM_2544,11278.14,2026-08-07T14:37:28,,,0,,,
TXN-0005396,ACC_NORM_0893,ACC_NORM_0647,11191.31,2026-08-07T14:46:07,,,0,,,
TXN-0005397,ACC_NORM_1218,ACC_NORM_2537,4902.39,2026-08-07T14:54:45,,,0,,,
TXN-0005398,ACC_NORM_1819,ACC_NORM_2946,11515.48,2026-08-07T15:03:23,,,0,,,
TXN-0005399,ACC_MULE_0236,ACC_MULE_0500,234590.45,2026-08-07T15:12:02,28.547838,77.22962,2,2026-08-07T15:23:04,ATM_SBI_072,3.39
TXN-0005400,ACC_MULE_0157,ACC_MULE_0100,222463.57,2026-08-07T15:20:40,28.652871,77.232094,2,,,
TXN-0005401,ACC_VIC_0805,ACC_MULE_0054,139782.5,2026-08-07T15:29:19,28.664781,77.206332,1,,,
TXN-0005402,ACC_VIC_1285,ACC_MULE_0260,164373.84,2026-08-07T15:37:57,28.537935,77.231422,1,,,
TXN-0005403,ACC_VIC_0637,ACC_MULE_0290,193273.92,2026-08-07T15:46:35,28.632126,77.205782,1,2026-08-07T16:13:07,ATM_AXIS_010,7.16
TXN-0005404,ACC_NORM_0453,ACC_NORM_1003,24286.4,2026-08-07T15:55:14,,,0,,,
TXN-0005405,ACC_MULE_0150,ACC_MULE_0400,210433.02,2026-08-07T16:03:52,28.637563,77.319463,2,2026-08-07T16:41:51,ATM_BOB_146,6.91
TXN-0005406,ACC_NORM_1407,ACC_NORM_1806,23324.0,2026-08-07T16:12:31,,,0,,,
TXN-0005407,ACC_NORM_0133,ACC_NORM_1283,7328.32,2026-08-07T16:21:09,,,0,,,
TXN-0005408,ACC_NORM_2794,ACC_NORM_2978,16147.44,2026-08-07T16:29:47,,,0,,,
TXN-0005409,ACC_NORM_1546,ACC_NORM_0779,2873.22,2026-08-07T16:38:26,,,0,,,
TXN-0005410,ACC_NORM_2716,ACC_NORM_2022,9767.04,2026-08-07T16:47:04,,,0,,,
TXN-0005411,ACC_MULE_0248,ACC_MULE_0312,249100.74,2026-08-07T16:55:43,28.531185,77.209685,2,2026-08-07T17:06:21,ATM_ICICI_087,2.67
TXN-0005412,ACC_VIC_0277,ACC_MULE_0076,108472.1,2026-08-07T17:04:21,28.542826,77.16692,1,2026-08-07T17:22:22,ATM_BOB_094,9.09
TXN-0005413,ACC_NORM_1710,ACC_NORM_0538,10392.85,2026-08-07T17:12:59,,,0,,,
TXN-0005414,ACC_NORM_2023,ACC_NORM_1837,15469.6,2026-08-07T17:21:38,,,0,,,
TXN-0005415,ACC_MULE_0100,ACC_MULE_0166,90734.26,2026-08-07T17:30:16,28.693343,77.123259,2,2026-08-07T18:02:51,ATM_HDFC_130,2.44
TXN-0005416,ACC_NORM_0380,ACC_NORM_0139,4783.91,2026-08-07T17:38:55,,,0,,,
TXN-0005417,ACC_NORM_2629,ACC_NORM_1631,7987.2,2026-08-07T17:47:33,,,0,,,
TXN-0005418,ACC_MULE_0553,ACC_MULE_0592,169919.88,2026-08-07T17:56:11,28.52389,77.155182,2,,,
TXN-0005419,ACC_VIC_1379,ACC_MULE_0115,216534.84,2026-08-07T18:04:50,28.671372,77.272802,1,2026-08-07T18:25:37,ATM_HDFC_170,4.43
TXN-0005420,ACC_NORM_2237,ACC_NORM_1013,13234.92,2026-08-07T18:13:28,,,0,,,
TXN-0005421,ACC_VIC_0967,ACC_MULE_0436,170746.72,2026-08-07T18:22:07,28.727817,77.129517,1,2026-08-07T18:39:18,ATM_ICICI_142,8.68
TXN-0005422,ACC_NORM_2737,ACC_NORM_0496,14583.14,2026-08-07T18:30:45,,,0,,,
TXN-0005423,ACC_VIC_0304,ACC_MULE_0345,137974.32,2026-08-07T18:39:23,28.695081,77.130814,1,,,
TXN-0005424,ACC_NORM_1058,ACC_NORM_1769,20268.36,2026-08-07T18:48:02,,,0,,,
TXN-0005425,ACC_VIC_1266,ACC_MULE_0461,228607.6,2026-08-07T18:56:40,28.689614,77.308003,1,2026-08-07T19:16:52,ATM_BOB_163,5.62
TXN-0005426,ACC_VIC_0388,ACC_MULE_0423,91164.84,2026-08-07T19:05:19,28.651031,77.188441,1,2026-08-07T19:25:14,ATM_UBI_016,1.65
TXN-0005427,ACC_NORM_1487,ACC_NORM_2198,7688.14,2026-08-07T19:13:57,,,0,,,
TXN-0005428,ACC_NORM_2123,ACC_NORM_0539,22594.88,2026-08-07T19:22:35,,,0,,,
TXN-0005429,ACC_VIC_0927,ACC_MULE_0423,165858.68,2026-08-07T19:31:14,28.651031,77.188441,1,2026-08-07T19:49:23,ATM_AXIS_017,2.44
TXN-0005430,ACC_NORM_2338,ACC_NORM_0231,23061.42,2026-08-07T19:39:52,,,0,,,
TXN-0005431,ACC_MULE_0359,ACC_MULE_0570,219119.41,2026-08-07T19:48:31,28.651917,77.207641,2,2026-08-07T20:01:23,ATM_UBI_016,4.93
TXN-0005432,ACC_NORM_0841,ACC_NORM_1646,12621.93,2026-08-07T19:57:09,,,0,,,
TXN-0005433,ACC_NORM_2018,ACC_NORM_0080,821.02,2026-08-07T20:05:47,,,0,,,
TXN-0005434,ACC_NORM_0298,ACC_NORM_1953,23617.34,2026-08-07T20:14:26,,,0,,,
TXN-0005435,ACC_NORM_2829,ACC_NORM_2469,3880.77,2026-08-07T20:23:04,,,0,,,
TXN-0005436,ACC_VIC_0315,ACC_MULE_0362,77080.08,2026-08-07T20:31:43,28.581699,77.055344,1,2026-08-07T20:52:04,ATM_AXIS_108,1.52
TXN-0005437,ACC_NORM_0749,ACC_NORM_1687,22636.34,2026-08-07T20:40:21,,,0,,,
TXN-0005438,ACC_MULE_0097,ACC_MULE_0002,65585.48,2026-08-07T20:48:59,28.542431,77.136627,2,2026-08-07T21:04:40,ATM_BOB_094,7.36
TXN-0005439,ACC_NORM_1283,ACC_NORM_2617,11065.7,2026-08-07T20:57:38,,,0,,,
TXN-0005440,ACC_VIC_0185,ACC_MULE_0002,69309.31,2026-08-07T21:06:16,28.542431,77.136627,1,2026-08-07T21:22:11,ATM_BOB_094,7.36
TXN-0005441,ACC_NORM_0532,ACC_NORM_2186,8870.01,2026-08-07T21:14:55,,,0,,,
TXN-0005442,ACC_NORM_0465,ACC_NORM_0283,22486.37,2026-08-07T21:23:33,,,0,,,
TXN-0005443,ACC_NORM_1549,ACC_NORM_0370,21517.49,2026-08-07T21:32:11,,,0,,,
TXN-0005444,ACC_NORM_1874,ACC_NORM_0666,19592.54,2026-08-07T21:40:50,,,0,,,
TXN-0005445,ACC_MULE_0595,ACC_MULE_0011,134200.44,2026-08-07T21:49:28,28.639829,77.297549,2,2026-08-07T22:04:04,ATM_UBI_150,5.25
TXN-0005446,ACC_VIC_1197,ACC_MULE_0557,219046.49,2026-08-07T21:58:07,28.565197,77.251381,1,2026-08-07T22:09:50,ATM_PNB_052,0.81
TXN-0005447,ACC_NORM_0865,ACC_NORM_1358,10361.02,2026-08-07T22:06:45,,,0,,,
TXN-0005448,ACC_VIC_0426,ACC_MULE_0168,141827.07,2026-08-07T22:15:23,28.542533,77.140238,1,,,
TXN-0005449,ACC_NORM_1593,ACC_NORM_2164,9913.54,2026-08-07T22:24:02,,,0,,,
TXN-0005450,ACC_NORM_0113,ACC_NORM_0302,14530.35,2026-08-07T22:32:40,,,0,,,
TXN-0005451,ACC_VIC_1050,ACC_MULE_0273,125154.52,2026-08-07T22:41:19,28.537905,77.224465,1,2026-08-07T22:48:50,ATM_PNB_064,2.06
TXN-0005452,ACC_NORM_0386,ACC_NORM_0532,22997.63,2026-08-07T22:49:57,,,0,,,
TXN-0005453,ACC_NORM_2257,ACC_NORM_0095,22119.89,2026-08-07T22:58:35,,,0,,,
TXN-0005454,ACC_NORM_2052,ACC_NORM_2022,6614.09,2026-08-07T23:07:14,,,0,,,
TXN-0005455,ACC_NORM_2860,ACC_NORM_2186,7344.67,2026-08-07T23:15:52,,,0,,,
TXN-0005456,ACC_NORM_0861,ACC_NORM_0568,16913.46,2026-08-07T23:24:31,,,0,,,
TXN-0005457,ACC_NORM_1758,ACC_NORM_1624,930.68,2026-08-07T23:33:09,,,0,,,
TXN-0005458,ACC_NORM_0910,ACC_NORM_2588,21622.4,2026-08-07T23:41:47,,,0,,,
TXN-0005459,ACC_NORM_2526,ACC_NORM_1346,1122.96,2026-08-07T23:50:26,,,0,,,
TXN-0005460,ACC_NORM_1516,ACC_NORM_0816,6296.75,2026-08-07T23:59:04,,,0,,,
TXN-0005461,ACC_NORM_1550,ACC_NORM_2173,21645.45,2026-08-08T00:07:43,,,0,,,
TXN-0005462,ACC_MULE_0081,ACC_MULE_0261,249203.43,2026-08-08T00:16:21,28.635448,77.189217,2,2026-08-08T00:33:47,ATM_HDFC_007,9.61
TXN-0005463,ACC_NORM_2576,ACC_NORM_2592,4162.59,2026-08-08T00:24:59,,,0,,,
TXN-0005464,ACC_NORM_2936,ACC_NORM_2021,5923.12,2026-08-08T00:33:38,,,0,,,
TXN-0005465,ACC_NORM_2138,ACC_NORM_0984,11799.56,2026-08-08T00:42:16,,,0,,,
TXN-0005466,ACC_NORM_0796,ACC_NORM_2655,19149.4,2026-08-08T00:50:55,,,0,,,
TXN-0005467,ACC_NORM_2915,ACC_NORM_1492,1502.41,2026-08-08T00:59:33,,,0,,,
TXN-0005468,ACC_NORM_2140,ACC_NORM_1200,4331.89,2026-08-08T01:08:11,,,0,,,
TXN-0005469,ACC_MULE_0391,ACC_MULE_0405,72384.09,2026-08-08T01:16:50,28.535843,77.142127,2,2026-08-08T01:27:47,ATM_BOB_091,4.32
TXN-0005470,ACC_NORM_2864,ACC_NORM_0870,4586.16,2026-08-08T01:25:28,,,0,,,
TXN-0005471,ACC_NORM_1884,ACC_NORM_2303,21653.99,2026-08-08T01:34:07,,,0,,,
TXN-0005472,ACC_NORM_2415,ACC_NORM_2263,15665.23,2026-08-08T01:42:45,,,0,,,
TXN-0005473,ACC_NORM_2768,ACC_NORM_2489,19282.02,2026-08-08T01:51:23,,,0,,,
TXN-0005474,ACC_MULE_0055,ACC_MULE_0102,51454.06,2026-08-08T02:00:02,28.71338,77.123223,2,,,
TXN-0005475,ACC_NORM_1795,ACC_NORM_2844,20639.36,2026-08-08T02:08:40,,,0,,,
TXN-0005476,ACC_MULE_0440,ACC_MULE_0459,85439.22,2026-08-08T02:17:19,28.664538,77.270533,2,2026-08-08T02:27:02,ATM_UBI_165,2.99
TXN-0005477,ACC_NORM_1919,ACC_NORM_2403,22882.33,2026-08-08T02:25:57,,,0,,,
TXN-0005478,ACC_NORM_2334,ACC_NORM_0228,19278.67,2026-08-08T02:34:35,,,0,,,
TXN-0005479,ACC_NORM_0393,ACC_NORM_1657,17381.11,2026-08-08T02:43:14,,,0,,,
TXN-0005480,ACC_NORM_1287,ACC_NORM_2482,16597.48,2026-08-08T02:51:52,,,0,,,
TXN-0005481,ACC_NORM_0355,ACC_NORM_2857,14758.11,2026-08-08T03:00:31,,,0,,,
TXN-0005482,ACC_VIC_0554,ACC_MULE_0307,125955.97,2026-08-08T03:09:09,28.533081,77.253527,1,2026-08-08T03:26:07,ATM_ICICI_068,2.82
TXN-0005483,ACC_NORM_0455,ACC_NORM_0750,1727.12,2026-08-08T03:17:47,,,0,,,
TXN-0005484,ACC_NORM_2126,ACC_NORM_1764,10303.47,2026-08-08T03:26:26,,,0,,,
TXN-0005485,ACC_VIC_1380,ACC_MULE_0392,191842.5,2026-08-08T03:35:04,28.531446,77.24032,1,,,
TXN-0005486,ACC_MULE_0432,ACC_MULE_0480,54901.13,2026-08-08T03:43:43,28.595802,77.063709,2,,,
TXN-0005487,ACC_NORM_2100,ACC_NORM_1976,5051.38,2026-08-08T03:52:21,,,0,,,
TXN-0005488,ACC_NORM_2384,ACC_NORM_1501,10881.18,2026-08-08T04:00:59,,,0,,,
TXN-0005489,ACC_NORM_1469,ACC_NORM_1146,11099.35,2026-08-08T04:09:38,,,0,,,
TXN-0005490,ACC_NORM_0554,ACC_NORM_0861,1299.03,2026-08-08T04:18:16,,,0,,,
TXN-0005491,ACC_MULE_0542,ACC_MULE_0217,247885.45,2026-08-08T04:26:55,28.543055,77.229509,2,2026-08-08T04:38:45,ATM_SBI_072,1.87
TXN-0005492,ACC_NORM_1282,ACC_NORM_0230,21165.05,2026-08-08T04:35:33,,,0,,,
TXN-0005493,ACC_NORM_1409,ACC_NORM_2503,10457.62,2026-08-08T04:44:11,,,0,,,
TXN-0005494,ACC_NORM_2707,ACC_NORM_2670,15251.6,2026-08-08T04:52:50,,,0,,,
TXN-0005495,ACC_NORM_2773,ACC_NORM_1698,23188.55,2026-08-08T05:01:28,,,0,,,
TXN-0005496,ACC_NORM_1403,ACC_NORM_1370,13276.66,2026-08-08T05:10:07,,,0,,,
TXN-0005497,ACC_VIC_0662,ACC_MULE_0535,101773.34,2026-08-08T05:18:45,28.530584,77.154526,1,2026-08-08T05:35:20,ATM_BOB_094,3.82
TXN-0005498,ACC_NORM_0580,ACC_NORM_1819,12185.95,2026-08-08T05:27:23,,,0,,,
TXN-0005499,ACC_NORM_1066,ACC_NORM_2272,17794.62,2026-08-08T05:36:02,,,0,,,
TXN-0005500,ACC_NORM_0189,ACC_NORM_2413,24500.04,2026-08-08T05:44:40,,,0,,,
TXN-0005501,ACC_VIC_1175,ACC_MULE_0355,184499.12,2026-08-08T05:53:19,28.537536,77.256148,1,2026-08-08T06:19:44,ATM_PNB_052,9.46
TXN-0005502,ACC_VIC_0764,ACC_MULE_0337,222162.49,2026-08-08T06:01:57,28.698848,77.148253,1,,,
TXN-0005503,ACC_MULE_0127,ACC_MULE_0075,156953.76,2026-08-08T06:10:35,28.630002,77.321481,2,2026-08-08T06:24:07,ATM_BOB_152,5.72
TXN-0005504,ACC_VIC_0830,ACC_MULE_0075,151133.14,2026-08-08T06:19:14,28.630002,77.321481,1,2026-08-08T06:53:55,ATM_UBI_150,6.17
TXN-0005505,ACC_VIC_1070,ACC_MULE_0049,185144.26,2026-08-08T06:27:52,28.532206,77.228628,1,2026-08-08T06:37:22,ATM_AXIS_084,4.23
TXN-0005506,ACC_VIC_1281,ACC_MULE_0010,189137.59,2026-08-08T06:36:31,28.523741,77.139855,1,,,
TXN-0005507,ACC_NORM_2506,ACC_NORM_0012,11613.55,2026-08-08T06:45:09,,,0,,,
TXN-0005508,ACC_NORM_0887,ACC_NORM_2197,5821.47,2026-08-08T06:53:47,,,0,,,
TXN-0005509,ACC_VIC_0928,ACC_MULE_0560,155130.69,2026-08-08T07:02:26,28.514896,77.217075,1,2026-08-08T07:13:12,ATM_KOTAK_085,1.96
TXN-0005510,ACC_NORM_1674,ACC_NORM_2396,17970.13,2026-08-08T07:11:04,,,0,,,
TXN-0005511,ACC_MULE_0273,ACC_MULE_0005,78968.18,2026-08-08T07:19:43,28.582553,77.239595,2,2026-08-08T07:37:46,ATM_PNB_052,5.85
TXN-0005512,ACC_NORM_0628,ACC_NORM_0658,8631.62,2026-08-08T07:28:21,,,0,,,
TXN-0005513,ACC_NORM_1506,ACC_NORM_1862,11601.6,2026-08-08T07:36:59,,,0,,,
TXN-0005514,ACC_NORM_1058,ACC_NORM_2260,7546.12,2026-08-08T07:45:38,,,0,,,
TXN-0005515,ACC_VIC_1311,ACC_MULE_0502,177602.28,2026-08-08T07:54:16,28.544673,77.258792,1,2026-08-08T08:19:47,ATM_HDFC_086,14.21
TXN-0005516,ACC_NORM_1524,ACC_NORM_2741,23999.96,2026-08-08T08:02:55,,,0,,,
TXN-0005517,ACC_NORM_2767,ACC_NORM_1838,11083.77,2026-08-08T08:11:33,,,0,,,
TXN-0005518,ACC_MULE_0367,ACC_MULE_0254,93197.73,2026-08-08T08:20:11,28.64577,77.178906,2,2026-08-08T08:34:35,ATM_UBI_016,3.5
TXN-0005519,ACC_NORM_0861,ACC_NORM_0273,1666.17,2026-08-08T08:28:50,,,0,,,
TXN-0005520,ACC_NORM_1801,ACC_NORM_2759,20581.76,2026-08-08T08:37:28,,,0,,,
TXN-0005521,ACC_NORM_1599,ACC_NORM_0460,14055.33,2026-08-08T08:46:07,,,0,,,
TXN-0005522,ACC_NORM_0304,ACC_NORM_1996,13221.41,2026-08-08T08:54:45,,,0,,,
TXN-0005523,ACC_NORM_0032,ACC_NORM_1989,4342.52,2026-08-08T09:03:23,,,0,,,
TXN-0005524,ACC_NORM_2177,ACC_NORM_2916,23438.88,2026-08-08T09:12:02,,,0,,,
TXN-0005525,ACC_VIC_0340,ACC_MULE_0508,176732.53,2026-08-08T09:20:40,28.704011,77.109571,1,2026-08-08T09:27:01,ATM_SBI_141,1.07
TXN-0005526,ACC_NORM_2704,ACC_NORM_2763,20566.73,2026-08-08T09:29:19,,,0,,,
TXN-0005527,ACC_VIC_1382,ACC_MULE_0002,194861.52,2026-08-08T09:37:57,28.542431,77.136627,1,2026-08-08T09:58:21,ATM_BOB_094,7.36
TXN-0005528,ACC_NORM_1472,ACC_NORM_1562,13358.71,2026-08-08T09:46:35,,,0,,,
TXN-0005529,ACC_VIC_0969,ACC_MULE_0419,187698.99,2026-08-08T09:55:14,28.607984,77.055055,1,2026-08-08T10:09:30,ATM_AXIS_101,5.39
TXN-0005530,ACC_VIC_0522,ACC_MULE_0087,171894.12,2026-08-08T10:03:52,28.663976,77.284863,1,,,
TXN-0005531,ACC_NORM_1669,ACC_NORM_2860,13134.37,2026-08-08T10:12:31,,,0,,,
TXN-0005532,ACC_NORM_1021,ACC_NORM_2795,13381.49,2026-08-08T10:21:09,,,0,,,
TXN-0005533,ACC_NORM_1815,ACC_NORM_0589,20583.99,2026-08-08T10:29:47,,,0,,,
TXN-0005534,ACC_NORM_2531,ACC_NORM_0437,21240.71,2026-08-08T10:38:26,,,0,,,
TXN-0005535,ACC_VIC_0150,ACC_MULE_0022,106907.12,2026-08-08T10:47:04,28.661062,77.182292,1,2026-08-08T11:00:31,ATM_SBI_011,3.69
TXN-0005536,ACC_VIC_0232,ACC_MULE_0433,86796.27,2026-08-08T10:55:43,28.557173,77.230782,1,2026-08-08T11:18:21,ATM_KOTAK_053,2.99
TXN-0005537,ACC_NORM_0336,ACC_NORM_2758,8796.62,2026-08-08T11:04:21,,,0,,,
TXN-0005538,ACC_NORM_1660,ACC_NORM_0631,12000.81,2026-08-08T11:12:59,,,0,,,
TXN-0005539,ACC_NORM_2909,ACC_NORM_1702,12863.96,2026-08-08T11:21:38,,,0,,,
TXN-0005540,ACC_VIC_1333,ACC_MULE_0437,117114.2,2026-08-08T11:30:16,28.584929,77.249474,1,,,
TXN-0005541,ACC_NORM_2491,ACC_NORM_2725,5141.32,2026-08-08T11:38:55,,,0,,,
TXN-0005542,ACC_MULE_0538,ACC_MULE_0059,225057.74,2026-08-08T11:47:33,28.645136,77.181071,2,2026-08-08T11:55:16,ATM_UBI_016,2.92
TXN-0005543,ACC_MULE_0060,ACC_MULE_0049,146336.09,2026-08-08T11:56:11,28.532206,77.228628,2,2026-08-08T12:12:17,ATM_PNB_062,10.29
TXN-0005544,ACC_VIC_0479,ACC_MULE_0222,205986.59,2026-08-08T12:04:50,28.539127,77.200688,1,2026-08-08T12:16:10,ATM_HDFC_089,2.04
TXN-0005545,ACC_NORM_0525,ACC_NORM_0492,21399.92,2026-08-08T12:13:28,,,0,,,
TXN-0005546,ACC_VIC_0791,ACC_MULE_0311,68130.21,2026-08-08T12:22:07,28.621302,77.339561,1,2026-08-08T12:44:34,ATM_BOB_146,10.4
TXN-0005547,ACC_NORM_2342,ACC_NORM_2444,6099.04,2026-08-08T12:30:45,,,0,,,
TXN-0005548,ACC_NORM_0094,ACC_NORM_1609,14142.03,2026-08-08T12:39:23,,,0,,,
TXN-0005549,ACC_VIC_0095,ACC_MULE_0501,242158.99,2026-08-08T12:48:02,28.61418,77.236561,1,2026-08-08T13:15:54,ATM_KOTAK_008,6.22
TXN-0005550,ACC_NORM_1866,ACC_NORM_1219,20413.45,2026-08-08T12:56:40,,,0,,,
TXN-0005551,ACC_NORM_0066,ACC_NORM_2244,1689.01,2026-08-08T13:05:19,,,0,,,
TXN-0005552,ACC_VIC_0693,ACC_MULE_0054,192440.97,2026-08-08T13:13:57,28.664781,77.206332,1,2026-08-08T13:46:29,ATM_HDFC_035,2.98
TXN-0005553,ACC_NORM_2851,ACC_NORM_2888,13128.94,2026-08-08T13:22:35,,,0,,,
TXN-0005554,ACC_VIC_1016,ACC_MULE_0438,156088.9,2026-08-08T13:31:14,28.642882,77.17967,1,2026-08-08T13:54:17,ATM_SBI_011,2.23
TXN-0005555,ACC_MULE_0146,ACC_MULE_0184,249865.87,2026-08-08T13:39:52,28.648668,77.17126,2,2026-08-08T13:53:43,ATM_UBI_016,5.69
TXN-0005556,ACC_NORM_1279,ACC_NORM_2233,13161.07,2026-08-08T13:48:31,,,0,,,
TXN-0005557,ACC_NORM_2402,ACC_NORM_1773,1000.56,2026-08-08T13:57:09,,,0,,,
TXN-0005558,ACC_NORM_0843,ACC_NORM_0498,8391.67,2026-08-08T14:05:47,,,0,,,
TXN-0005559,ACC_NORM_2509,ACC_NORM_2090,13464.15,2026-08-08T14:14:26,,,0,,,
TXN-0005560,ACC_NORM_1315,ACC_NORM_1624,15597.78,2026-08-08T14:23:04,,,0,,,
TXN-0005561,ACC_NORM_2456,ACC_NORM_1882,2370.57,2026-08-08T14:31:43,,,0,,,
TXN-0005562,ACC_NORM_2464,ACC_NORM_0568,13757.98,2026-08-08T14:40:21,,,0,,,
TXN-0005563,ACC_NORM_1878,ACC_NORM_1179,20825.62,2026-08-08T14:48:59,,,0,,,
TXN-0005564,ACC_VIC_0061,ACC_MULE_0177,123292.03,2026-08-08T14:57:38,28.675887,77.293202,1,2026-08-08T15:13:23,ATM_AXIS_169,4.78
TXN-0005565,ACC_NORM_1984,ACC_NORM_2616,2593.67,2026-08-08T15:06:16,,,0,,,
TXN-0005566,ACC_MULE_0144,ACC_MULE_0445,97961.98,2026-08-08T15:14:55,28.63453,77.202872,2,2026-08-08T15:26:53,ATM_ICICI_004,2.63
TXN-0005567,ACC_NORM_0992,ACC_NORM_0759,2952.54,2026-08-08T15:23:33,,,0,,,
TXN-0005568,ACC_NORM_2658,ACC_NORM_2901,23023.63,2026-08-08T15:32:11,,,0,,,
TXN-0005569,ACC_NORM_2161,ACC_NORM_1163,3961.92,2026-08-08T15:40:50,,,0,,,
TXN-0005570,ACC_NORM_1046,ACC_NORM_1255,7259.88,2026-08-08T15:49:28,,,0,,,
TXN-0005571,ACC_NORM_1275,ACC_NORM_2500,20866.79,2026-08-08T15:58:07,,,0,,,
TXN-0005572,ACC_NORM_1949,ACC_NORM_0685,20353.44,2026-08-08T16:06:45,,,0,,,
TXN-0005573,ACC_VIC_0990,ACC_MULE_0408,81177.55,2026-08-08T16:15:23,28.686306,77.106749,1,2026-08-08T16:31:28,ATM_ICICI_142,6.42
TXN-0005574,ACC_NORM_0564,ACC_NORM_2625,5132.8,2026-08-08T16:24:02,,,0,,,
TXN-0005575,ACC_NORM_2523,ACC_NORM_2597,1550.2,2026-08-08T16:32:40,,,0,,,
TXN-0005576,ACC_VIC_0071,ACC_MULE_0407,236931.54,2026-08-08T16:41:19,28.660113,77.301329,1,2026-08-08T16:58:36,ATM_BOB_167,4.43
TXN-0005577,ACC_NORM_1260,ACC_NORM_2967,5637.93,2026-08-08T16:49:57,,,0,,,
TXN-0005578,ACC_MULE_0014,ACC_MULE_0249,96065.09,2026-08-08T16:58:35,28.52105,77.207071,2,,,
TXN-0005579,ACC_NORM_2121,ACC_NORM_2292,16542.66,2026-08-08T17:07:14,,,0,,,
TXN-0005580,ACC_NORM_2378,ACC_NORM_2030,13211.71,2026-08-08T17:15:52,,,0,,,
TXN-0005581,ACC_NORM_0244,ACC_NORM_2913,12716.29,2026-08-08T17:24:31,,,0,,,
TXN-0005582,ACC_NORM_1903,ACC_NORM_1653,5086.78,2026-08-08T17:33:09,,,0,,,
TXN-0005583,ACC_NORM_2733,ACC_NORM_0633,17079.13,2026-08-08T17:41:47,,,0,,,
TXN-0005584,ACC_MULE_0037,ACC_MULE_0053,187347.33,2026-08-08T17:50:26,28.71765,77.106008,2,2026-08-08T18:06:33,ATM_SBI_141,3.71
TXN-0005585,ACC_VIC_0220,ACC_MULE_0365,163745.16,2026-08-08T17:59:04,28.689727,77.274274,1,2026-08-08T18:16:16,ATM_HDFC_170,5.27
TXN-0005586,ACC_NORM_1559,ACC_NORM_0687,11605.25,2026-08-08T18:07:43,,,0,,,
TXN-0005587,ACC_NORM_1138,ACC_NORM_0801,4121.57,2026-08-08T18:16:21,,,0,,,
TXN-0005588,ACC_NORM_2376,ACC_NORM_1410,16216.83,2026-08-08T18:24:59,,,0,,,
TXN-0005589,ACC_NORM_0064,ACC_NORM_0542,16967.81,2026-08-08T18:33:38,,,0,,,
TXN-0005590,ACC_VIC_0030,ACC_MULE_0259,117489.82,2026-08-08T18:42:16,28.629945,77.334516,1,,,
TXN-0005591,ACC_VIC_0177,ACC_MULE_0153,90345.27,2026-08-08T18:50:55,28.686499,77.117832,1,2026-08-08T19:17:54,ATM_ICICI_142,5.03
TXN-0005592,ACC_VIC_1082,ACC_MULE_0067,114058.48,2026-08-08T18:59:33,28.617482,77.293913,1,2026-08-08T19:18:53,ATM_UBI_150,2.81
TXN-0005593,ACC_VIC_0294,ACC_MULE_0384,118545.93,2026-08-08T19:08:11,28.665219,77.286204,1,,,
TXN-0005594,ACC_VIC_0456,ACC_MULE_0111,238986.25,2026-08-08T19:16:50,28.582281,77.239527,1,2026-08-08T19:33:59,ATM_PNB_056,5.43
TXN-0005595,ACC_VIC_0685,ACC_MULE_0366,209411.9,2026-08-08T19:25:28,28.534772,77.150509,1,2026-08-08T19:44:34,ATM_BOB_091,2.39
TXN-0005596,ACC_NORM_0348,ACC_NORM_2598,16981.62,2026-08-08T19:34:07,,,0,,,
TXN-0005597,ACC_VIC_0912,ACC_MULE_0349,142557.88,2026-08-08T19:42:45,28.73,77.111048,1,2026-08-08T20:09:31,ATM_HDFC_130,10.06
TXN-0005598,ACC_NORM_1053,ACC_NORM_1963,13493.97,2026-08-08T19:51:23,,,0,,,
TXN-0005599,ACC_NORM_2342,ACC_NORM_0343,7581.77,2026-08-08T20:00:02,,,0,,,
TXN-0005600,ACC_NORM_0781,ACC_NORM_0118,17873.33,2026-08-08T20:08:40,,,0,,,
TXN-0005601,ACC_NORM_0772,ACC_NORM_1125,15583.47,2026-08-08T20:17:19,,,0,,,
TXN-0005602,ACC_NORM_1466,ACC_NORM_1301,16453.81,2026-08-08T20:25:57,,,0,,,
TXN-0005603,ACC_NORM_0831,ACC_NORM_0793,12444.93,2026-08-08T20:34:35,,,0,,,
TXN-0005604,ACC_VIC_0854,ACC_MULE_0193,69757.2,2026-08-08T20:43:14,28.545072,77.15726,1,2026-08-08T20:58:31,ATM_BOB_094,8.29
TXN-0005605,ACC_VIC_0199,ACC_MULE_0533,70358.77,2026-08-08T20:51:52,28.561287,77.238473,1,2026-08-08T21:05:43,ATM_PNB_052,3.31
TXN-0005606,ACC_NORM_2272,ACC_NORM_0336,4645.82,2026-08-08T21:00:31,,,0,,,
TXN-0005607,ACC_VIC_1473,ACC_MULE_0453,226647.28,2026-08-08T21:09:09,28.581104,77.069827,1,2026-08-08T21:23:12,ATM_AXIS_108,5.52
TXN-0005608,ACC_VIC_1372,ACC_MULE_0591,131386.84,2026-08-08T21:17:47,28.554119,77.25891,1,2026-08-08T21:37:31,ATM_PNB_052,4.84
TXN-0005609,ACC_NORM_1226,ACC_NORM_0094,13317.15,2026-08-08T21:26:26,,,0,,,
TXN-0005610,ACC_MULE_0260,ACC_MULE_0098,172478.98,2026-08-08T21:35:04,28.653867,77.182218,2,2026-08-08T21:48:17,ATM_AXIS_010,2.77
TXN-0005611,ACC_VIC_0713,ACC_MULE_0476,132979.67,2026-08-08T21:43:43,28.639323,77.307183,1,2026-08-08T22:08:30,ATM_UBI_150,5.32
TXN-0005612,ACC_NORM_1192,ACC_NORM_2000,18521.59,2026-08-08T21:52:21,,,0,,,
TXN-0005613,ACC_NORM_2979,ACC_NORM_0165,17208.48,2026-08-08T22:00:59,,,0,,,
TXN-0005614,ACC_NORM_0588,ACC_NORM_0468,23677.32,2026-08-08T22:09:38,,,0,,,
TXN-0005615,ACC_NORM_2564,ACC_NORM_1322,17051.4,2026-08-08T22:18:16,,,0,,,
TXN-0005616,ACC_NORM_0047,ACC_NORM_0264,989.44,2026-08-08T22:26:55,,,0,,,
TXN-0005617,ACC_NORM_2383,ACC_NORM_2062,4918.61,2026-08-08T22:35:33,,,0,,,
TXN-0005618,ACC_VIC_0408,ACC_MULE_0431,238715.06,2026-08-08T22:44:11,28.666653,77.199754,1,2026-08-08T23:00:57,ATM_AXIS_010,7.77
TXN-0005619,ACC_NORM_1293,ACC_NORM_0439,22807.0,2026-08-08T22:52:50,,,0,,,
TXN-0005620,ACC_NORM_0840,ACC_NORM_1045,2860.52,2026-08-08T23:01:28,,,0,,,
TXN-0005621,ACC_NORM_0693,ACC_NORM_2235,8490.42,2026-08-08T23:10:07,,,0,,,
TXN-0005622,ACC_VIC_0801,ACC_MULE_0062,151473.46,2026-08-08T23:18:45,28.549729,77.247417,1,2026-08-08T23:30:48,ATM_PNB_052,5.32
TXN-0005623,ACC_NORM_1333,ACC_NORM_1467,24792.33,2026-08-08T23:27:23,,,0,,,
TXN-0005624,ACC_NORM_1417,ACC_NORM_1507,4926.47,2026-08-08T23:36:02,,,0,,,
TXN-0005625,ACC_NORM_1196,ACC_NORM_0778,12181.83,2026-08-08T23:44:40,,,0,,,
TXN-0005626,ACC_NORM_1765,ACC_NORM_1556,22310.96,2026-08-08T23:53:19,,,0,,,
TXN-0005627,ACC_NORM_1520,ACC_NORM_0546,1064.72,2026-08-09T00:01:57,,,0,,,
TXN-0005628,ACC_NORM_1475,ACC_NORM_2836,8304.26,2026-08-09T00:10:35,,,0,,,
TXN-0005629,ACC_NORM_2746,ACC_NORM_0378,4612.82,2026-08-09T00:19:14,,,0,,,
TXN-0005630,ACC_NORM_0405,ACC_NORM_0541,23917.98,2026-08-09T00:27:52,,,0,,,
TXN-0005631,ACC_MULE_0599,ACC_MULE_0191,77239.4,2026-08-09T00:36:31,28.692562,77.122989,2,,,
TXN-0005632,ACC_VIC_1483,ACC_MULE_0253,208791.1,2026-08-09T00:45:09,28.600625,77.319051,1,2026-08-09T01:04:55,ATM_BOB_146,8.24
TXN-0005633,ACC_NORM_1856,ACC_NORM_2216,18829.19,2026-08-09T00:53:47,,,0,,,
TXN-0005634,ACC_VIC_0331,ACC_MULE_0558,120759.44,2026-08-09T01:02:26,28.696024,77.114174,1,2026-08-09T01:18:52,ATM_ICICI_142,2.69
TXN-0005635,ACC_NORM_1316,ACC_NORM_0619,8670.33,2026-08-09T01:11:04,,,0,,,
TXN-0005636,ACC_NORM_1442,ACC_NORM_1999,10139.62,2026-08-09T01:19:43,,,0,,,
TXN-0005637,ACC_VIC_1334,ACC_MULE_0019,162764.21,2026-08-09T01:28:21,28.531571,77.161816,1,2026-08-09T01:41:21,ATM_UBI_093,6.32
TXN-0005638,ACC_NORM_1633,ACC_NORM_0259,6537.22,2026-08-09T01:36:59,,,0,,,
TXN-0005639,ACC_NORM_1409,ACC_NORM_0672,8088.8,2026-08-09T01:45:38,,,0,,,
TXN-0005640,ACC_NORM_0836,ACC_NORM_1392,11450.39,2026-08-09T01:54:16,,,0,,,
TXN-0005641,ACC_NORM_0552,ACC_NORM_0539,23607.33,2026-08-09T02:02:55,,,0,,,
TXN-0005642,ACC_MULE_0418,ACC_MULE_0079,146212.55,2026-08-09T02:11:33,28.538782,77.192955,2,2026-08-09T02:30:46,ATM_ICICI_087,2.66
TXN-0005643,ACC_NORM_0633,ACC_NORM_1669,12071.67,2026-08-09T02:20:11,,,0,,,
TXN-0005644,ACC_NORM_1364,ACC_NORM_1289,7141.63,2026-08-09T02:28:50,,,0,,,
TXN-0005645,ACC_NORM_1465,ACC_NORM_2115,22749.26,2026-08-09T02:37:28,,,0,,,
TXN-0005646,ACC_MULE_0472,ACC_MULE_0067,182956.31,2026-08-09T02:46:07,28.617482,77.293913,2,,,
TXN-0005647,ACC_MULE_0513,ACC_MULE_0172,187942.57,2026-08-09T02:54:45,28.656416,77.271975,2,2026-08-09T03:10:03,ATM_UBI_165,4.44
TXN-0005648,ACC_NORM_0600,ACC_NORM_0803,22278.39,2026-08-09T03:03:23,,,0,,,
TXN-0005649,ACC_NORM_0253,ACC_NORM_1813,4327.21,2026-08-09T03:12:02,,,0,,,
TXN-0005650,ACC_MULE_0182,ACC_MULE_0020,218661.44,2026-08-09T03:20:40,28.532344,77.152884,2,2026-08-09T03:33:40,ATM_BOB_094,4.05
TXN-0005651,ACC_VIC_0670,ACC_MULE_0093,186696.16,2026-08-09T03:29:19,28.659563,77.308654,1,2026-08-09T03:43:47,ATM_HDFC_170,8.46
TXN-0005652,ACC_NORM_1327,ACC_NORM_0054,12657.16,2026-08-09T03:37:57,,,0,,,
TXN-0005653,ACC_NORM_1004,ACC_NORM_1565,20424.44,2026-08-09T03:46:35,,,0,,,
TXN-0005654,ACC_VIC_1482,ACC_MULE_0405,240392.58,2026-08-09T03:55:14,28.535843,77.142127,1,2026-08-09T04:10:00,ATM_BOB_094,4.86
TXN-0005655,ACC_NORM_1299,ACC_NORM_1662,5156.75,2026-08-09T04:03:52,,,0,,,
TXN-0005656,ACC_NORM_0057,ACC_NORM_2109,1263.58,2026-08-09T04:12:31,,,0,,,
TXN-0005657,ACC_MULE_0091,ACC_MULE_0308,117348.52,2026-08-09T04:21:09,28.628876,77.309839,2,,,
TXN-0005658,ACC_NORM_1378,ACC_NORM_0796,12491.5,2026-08-09T04:29:47,,,0,,,
TXN-0005659,ACC_MULE_0599,ACC_MULE_0232,217086.22,2026-08-09T04:38:26,28.700281,77.118178,2,2026-08-09T04:46:43,ATM_ICICI_142,0.94
TXN-0005660,ACC_NORM_2599,ACC_NORM_0032,12884.64,2026-08-09T04:47:04,,,0,,,
TXN-0005661,ACC_NORM_2707,ACC_NORM_1379,2310.6,2026-08-09T04:55:43,,,0,,,
TXN-0005662,ACC_NORM_1628,ACC_NORM_2100,19148.5,2026-08-09T05:04:21,,,0,,,
TXN-0005663,ACC_VIC_0464,ACC_MULE_0592,126998.46,2026-08-09T05:12:59,28.52389,77.155182,1,2026-08-09T05:24:23,ATM_BOB_094,2.67
TXN-0005664,ACC_NORM_2141,ACC_NORM_1551,20970.21,2026-08-09T05:21:38,,,0,,,
TXN-0005665,ACC_NORM_1948,ACC_NORM_1061,11710.48,2026-08-09T05:30:16,,,0,,,
TXN-0005666,ACC_NORM_1356,ACC_NORM_1725,12837.39,2026-08-09T05:38:55,,,0,,,
TXN-0005667,ACC_VIC_0796,ACC_MULE_0419,61041.37,2026-08-09T05:47:33,28.607984,77.055055,1,2026-08-09T06:10:26,ATM_UBI_105,9.32
TXN-0005668,ACC_NORM_0400,ACC_NORM_2114,22716.71,2026-08-09T05:56:11,,,0,,,
TXN-0005669,ACC_VIC_0001,ACC_MULE_0050,169000.05,2026-08-09T06:04:50,28.657763,77.302814,1,2026-08-09T06:25:01,ATM_HDFC_170,7.82
TXN-0005670,ACC_NORM_0682,ACC_NORM_1619,12694.24,2026-08-09T06:13:28,,,0,,,
TXN-0005671,ACC_NORM_2563,ACC_NORM_1061,10515.06,2026-08-09T06:22:07,,,0,,,
TXN-0005672,ACC_MULE_0296,ACC_MULE_0016,162554.49,2026-08-09T06:30:45,28.584076,77.227153,2,,,
TXN-0005673,ACC_NORM_1073,ACC_NORM_2102,2301.65,2026-08-09T06:39:23,,,0,,,
TXN-0005674,ACC_NORM_0674,ACC_NORM_2076,12490.42,2026-08-09T06:48:02,,,0,,,
TXN-0005675,ACC_NORM_1371,ACC_NORM_0633,14723.18,2026-08-09T06:56:40,,,0,,,
TXN-0005676,ACC_MULE_0031,ACC_MULE_0394,132901.01,2026-08-09T07:05:19,28.531384,77.222509,2,2026-08-09T07:25:03,ATM_PNB_062,9.83
TXN-0005677,ACC_NORM_0151,ACC_NORM_0570,14245.19,2026-08-09T07:13:57,,,0,,,
TXN-0005678,ACC_NORM_0228,ACC_NORM_1531,5445.4,2026-08-09T07:22:35,,,0,,,
TXN-0005679,ACC_NORM_0348,ACC_NORM_0615,3951.43,2026-08-09T07:31:14,,,0,,,
TXN-0005680,ACC_MULE_0048,ACC_MULE_0598,184392.9,2026-08-09T07:39:52,28.60682,77.055404,2,2026-08-09T07:59:28,ATM_AXIS_101,5.39
TXN-0005681,ACC_NORM_0604,ACC_NORM_2898,17605.26,2026-08-09T07:48:31,,,0,,,
TXN-0005682,ACC_NORM_1319,ACC_NORM_2832,10226.4,2026-08-09T07:57:09,,,0,,,
TXN-0005683,ACC_NORM_0967,ACC_NORM_2349,22814.75,2026-08-09T08:05:47,,,0,,,
TXN-0005684,ACC_NORM_0523,ACC_NORM_0257,24016.12,2026-08-09T08:14:26,,,0,,,
TXN-0005685,ACC_MULE_0506,ACC_MULE_0364,70307.23,2026-08-09T08:23:04,28.572068,77.037779,2,2026-08-09T08:38:42,ATM_PNB_102,7.57
TXN-0005686,ACC_VIC_0545,ACC_MULE_0454,166671.25,2026-08-09T08:31:43,28.608527,77.299857,1,2026-08-09T08:45:30,ATM_BOB_146,4.37
TXN-0005687,ACC_VIC_0160,ACC_MULE_0422,124389.89,2026-08-09T08:40:21,28.640815,77.208538,1,2026-08-09T08:58:38,ATM_UBI_016,5.21
TXN-0005688,ACC_NORM_2617,ACC_NORM_1392,19140.18,2026-08-09T08:48:59,,,0,,,
TXN-0005689,ACC_NORM_2656,ACC_NORM_2086,15485.8,2026-08-09T08:57:38,,,0,,,
TXN-0005690,ACC_NORM_1435,ACC_NORM_0698,14120.68,2026-08-09T09:06:16,,,0,,,
TXN-0005691,ACC_NORM_1207,ACC_NORM_1669,9227.08,2026-08-09T09:14:55,,,0,,,
TXN-0005692,ACC_NORM_1323,ACC_NORM_1444,4698.14,2026-08-09T09:23:33,,,0,,,
TXN-0005693,ACC_VIC_1186,ACC_MULE_0295,211060.46,2026-08-09T09:32:11,28.540035,77.229206,1,2026-08-09T10:00:00,ATM_UBI_067,6.12
TXN-0005694,ACC_NORM_0874,ACC_NORM_1783,9115.89,2026-08-09T09:40:50,,,0,,,
TXN-0005695,ACC_NORM_1455,ACC_NORM_0368,867.09,2026-08-09T09:49:28,,,0,,,
TXN-0005696,ACC_NORM_2158,ACC_NORM_1218,11871.33,2026-08-09T09:58:07,,,0,,,
TXN-0005697,ACC_NORM_2851,ACC_NORM_0677,13717.88,2026-08-09T10:06:45,,,0,,,
TXN-0005698,ACC_NORM_0879,ACC_NORM_1051,1555.34,2026-08-09T10:15:23,,,0,,,
TXN-0005699,ACC_MULE_0440,ACC_MULE_0257,61570.52,2026-08-09T10:24:02,28.708939,77.114045,2,2026-08-09T10:41:09,ATM_SBI_141,1.02
TXN-0005700,ACC_VIC_1489,ACC_MULE_0008,64344.49,2026-08-09T10:32:40,28.668135,77.299502,1,2026-08-09T10:43:25,ATM_BOB_163,4.79
TXN-0005701,ACC_NORM_2849,ACC_NORM_2957,12937.03,2026-08-09T10:41:19,,,0,,,
TXN-0005702,ACC_NORM_0812,ACC_NORM_0781,9980.71,2026-08-09T10:49:57,,,0,,,
TXN-0005703,ACC_MULE_0512,ACC_MULE_0483,239257.1,2026-08-09T10:58:35,28.701011,77.126097,2,2026-08-09T11:16:04,ATM_ICICI_142,1.48
TXN-0005704,ACC_VIC_1049,ACC_MULE_0062,239383.35,2026-08-09T11:07:14,28.549729,77.247417,1,2026-08-09T11:26:48,ATM_PNB_052,5.32
TXN-0005705,ACC_VIC_0431,ACC_MULE_0557,185640.29,2026-08-09T11:15:52,28.565197,77.251381,1,,,
TXN-0005706,ACC_VIC_1267,ACC_MULE_0598,162640.85,2026-08-09T11:24:31,28.60682,77.055404,1,2026-08-09T11:40:22,ATM_PNB_102,5.58
TXN-0005707,ACC_NORM_1807,ACC_NORM_2293,1462.12,2026-08-09T11:33:09,,,0,,,
TXN-0005708,ACC_NORM_2016,ACC_NORM_0628,22094.73,2026-08-09T11:41:47,,,0,,,
TXN-0005709,ACC_NORM_2761,ACC_NORM_2345,8713.64,2026-08-09T11:50:26,,,0,,,
TXN-0005710,ACC_NORM_0802,ACC_NORM_2893,10287.08,2026-08-09T11:59:04,,,0,,,
TXN-0005711,ACC_NORM_2230,ACC_NORM_1757,9805.11,2026-08-09T12:07:43,,,0,,,
TXN-0005712,ACC_VIC_1398,ACC_MULE_0461,178398.41,2026-08-09T12:16:21,28.689614,77.308003,1,,,
TXN-0005713,ACC_NORM_1505,ACC_NORM_0356,3730.81,2026-08-09T12:24:59,,,0,,,
TXN-0005714,ACC_NORM_1937,ACC_NORM_0471,15251.21,2026-08-09T12:33:38,,,0,,,
TXN-0005715,ACC_VIC_0872,ACC_MULE_0415,227423.51,2026-08-09T12:42:16,28.585531,77.256799,1,,,
TXN-0005716,ACC_VIC_0748,ACC_MULE_0119,174663.67,2026-08-09T12:50:55,28.576051,77.034342,1,,,
TXN-0005717,ACC_NORM_2893,ACC_NORM_2766,7375.68,2026-08-09T12:59:33,,,0,,,
TXN-0005718,ACC_VIC_0144,ACC_MULE_0542,228763.89,2026-08-09T13:08:11,28.619675,77.302753,1,2026-08-09T13:25:59,ATM_UBI_150,1.42
TXN-0005719,ACC_NORM_2347,ACC_NORM_1820,16008.15,2026-08-09T13:16:50,,,0,,,
TXN-0005720,ACC_VIC_0777,ACC_MULE_0247,61332.17,2026-08-09T13:25:28,28.520006,77.20675,1,2026-08-09T13:38:59,ATM_ICICI_087,4.97
TXN-0005721,ACC_NORM_0503,ACC_NORM_1391,12207.95,2026-08-09T13:34:07,,,0,,,
TXN-0005722,ACC_NORM_0062,ACC_NORM_0525,23727.88,2026-08-09T13:42:45,,,0,,,
TXN-0005723,ACC_NORM_1123,ACC_NORM_2389,3018.65,2026-08-09T13:51:23,,,0,,,
TXN-0005724,ACC_VIC_0714,ACC_MULE_0198,131577.92,2026-08-09T14:00:02,28.521018,77.132706,1,2026-08-09T14:23:40,ATM_BOB_094,3.83
TXN-0005725,ACC_NORM_2619,ACC_NORM_2643,16729.43,2026-08-09T14:08:40,,,0,,,
TXN-0005726,ACC_VIC_0030,ACC_MULE_0409,185937.08,2026-08-09T14:17:19,28.65197,77.202056,1,2026-08-09T14:33:43,ATM_SBI_011,6.38
TXN-0005727,ACC_NORM_0646,ACC_NORM_2574,4139.79,2026-08-09T14:25:57,,,0,,,
TXN-0005728,ACC_NORM_2074,ACC_NORM_2720,7406.68,2026-08-09T14:34:35,,,0,,,
TXN-0005729,ACC_MULE_0571,ACC_MULE_0335,129999.17,2026-08-09T14:43:14,28.533166,77.242232,2,2026-08-09T14:53:47,ATM_KOTAK_071,2.77
TXN-0005730,ACC_VIC_0851,ACC_MULE_0523,127224.98,2026-08-09T14:51:52,28.533695,77.217872,1,,,
TXN-0005731,ACC_NORM_1393,ACC_NORM_2604,6022.36,2026-08-09T15:00:31,,,0,,,
TXN-0005732,ACC_MULE_0005,ACC_MULE_0532,210811.56,2026-08-09T15:09:09,28.51466,77.219559,2,,,
TXN-0005733,ACC_MULE_0375,ACC_MULE_0527,145261.92,2026-08-09T15:17:47,28.713956,77.140458,2,2026-08-09T15:40:19,ATM_UBI_139,7.63
TXN-0005734,ACC_VIC_0720,ACC_MULE_0593,192566.89,2026-08-09T15:26:26,28.68636,77.12063,1,2026-08-09T15:52:54,ATM_SBI_141,7.17
TXN-0005735,ACC_NORM_1839,ACC_NORM_0094,23026.54,2026-08-09T15:35:04,,,0,,,
TXN-0005736,ACC_NORM_0234,ACC_NORM_1390,8726.41,2026-08-09T15:43:43,,,0,,,
TXN-0005737,ACC_NORM_1065,ACC_NORM_0247,19466.52,2026-08-09T15:52:21,,,0,,,
TXN-0005738,ACC_VIC_0688,ACC_MULE_0017,189293.58,2026-08-09T16:00:59,28.6384,77.204881,1,,,
TXN-0005739,ACC_NORM_0243,ACC_NORM_2864,23501.12,2026-08-09T16:09:38,,,0,,,
TXN-0005740,ACC_NORM_1012,ACC_NORM_0421,18633.14,2026-08-09T16:18:16,,,0,,,
TXN-0005741,ACC_NORM_1237,ACC_NORM_0467,18577.83,2026-08-09T16:26:55,,,0,,,
TXN-0005742,ACC_VIC_0492,ACC_MULE_0229,75172.89,2026-08-09T16:35:33,28.559434,77.245621,1,2026-08-09T17:03:13,ATM_UBI_067,4.16
TXN-0005743,ACC_VIC_0338,ACC_MULE_0214,145521.73,2026-08-09T16:44:11,28.708835,77.129734,1,2026-08-09T17:24:56,ATM_HDFC_130,3.01
TXN-0005744,ACC_NORM_2519,ACC_NORM_2458,1071.0,2026-08-09T16:52:50,,,0,,,
TXN-0005745,ACC_NORM_2139,ACC_NORM_0693,6830.15,2026-08-09T17:01:28,,,0,,,
TXN-0005746,ACC_NORM_1698,ACC_NORM_1153,7105.87,2026-08-09T17:10:07,,,0,,,
TXN-0005747,ACC_MULE_0379,ACC_MULE_0468,130655.1,2026-08-09T17:18:45,28.716727,77.128868,2,2026-08-09T17:36:35,ATM_ICICI_142,5.26
TXN-0005748,ACC_VIC_0329,ACC_MULE_0053,59276.56,2026-08-09T17:27:23,28.71765,77.106008,1,2026-08-09T17:46:58,ATM_SBI_141,3.71
TXN-0005749,ACC_NORM_0538,ACC_NORM_2186,10778.43,2026-08-09T17:36:02,,,0,,,
TXN-0005750,ACC_NORM_0237,ACC_NORM_1423,13669.2,2026-08-09T17:44:40,,,0,,,
TXN-0005751,ACC_VIC_0099,ACC_MULE_0235,50428.85,2026-08-09T17:53:19,28.62328,77.208833,1,2026-08-09T18:03:28,ATM_PNB_003,2.8
TXN-0005752,ACC_NORM_0136,ACC_NORM_2443,921.68,2026-08-09T18:01:57,,,0,,,
TXN-0005753,ACC_NORM_1566,ACC_NORM_0105,6889.93,2026-08-09T18:10:35,,,0,,,
TXN-0005754,ACC_NORM_0675,ACC_NORM_1462,6631.45,2026-08-09T18:19:14,,,0,,,
TXN-0005755,ACC_VIC_1357,ACC_MULE_0270,222392.8,2026-08-09T18:27:52,28.712035,77.132388,1,2026-08-09T18:38:43,ATM_HDFC_130,4.28
TXN-0005756,ACC_NORM_1071,ACC_NORM_1810,22132.78,2026-08-09T18:36:31,,,0,,,
TXN-0005757,ACC_VIC_0294,ACC_MULE_0376,71252.51,2026-08-09T18:45:09,28.628703,77.305683,1,2026-08-09T19:19:45,ATM_UBI_150,2.1
TXN-0005758,ACC_NORM_0476,ACC_NORM_0928,4093.14,2026-08-09T18:53:47,,,0,,,
TXN-0005759,ACC_VIC_0386,ACC_MULE_0099,115667.22,2026-08-09T19:02:26,28.626976,77.312856,1,2026-08-09T19:41:48,ATM_BOB_146,3.3
TXN-0005760,ACC_NORM_0098,ACC_NORM_1535,16695.54,2026-08-09T19:11:04,,,0,,,
TXN-0005761,ACC_VIC_1198,ACC_MULE_0139,125278.68,2026-08-09T19:19:43,28.560107,77.241441,1,2026-08-09T19:41:20,ATM_PNB_052,2.85
TXN-0005762,ACC_NORM_1190,ACC_NORM_2500,3951.45,2026-08-09T19:28:21,,,0,,,
TXN-0005763,ACC_MULE_0515,ACC_MULE_0331,116712.26,2026-08-09T19:36:59,28.700707,77.149733,2,2026-08-09T19:51:26,ATM_KOTAK_138,5.94
TXN-0005764,ACC_NORM_2398,ACC_NORM_2892,3145.73,2026-08-09T19:45:38,,,0,,,
TXN-0005765,ACC_VIC_0358,ACC_MULE_0563,220372.9,2026-08-09T19:54:16,28.64675,77.220403,1,,,
TXN-0005766,ACC_NORM_2833,ACC_NORM_2253,16494.75,2026-08-09T20:02:55,,,0,,,
TXN-0005767,ACC_NORM_1180,ACC_NORM_0803,602.16,2026-08-09T20:11:33,,,0,,,
TXN-0005768,ACC_NORM_0087,ACC_NORM_2588,13955.96,2026-08-09T20:20:11,,,0,,,
TXN-0005769,ACC_VIC_0709,ACC_MULE_0060,157279.11,2026-08-09T20:28:50,28.711229,77.121922,1,2026-08-09T20:39:46,ATM_ICICI_142,3.01
TXN-0005770,ACC_NORM_0099,ACC_NORM_1175,22191.98,2026-08-09T20:37:28,,,0,,,
TXN-0005771,ACC_NORM_1017,ACC_NORM_1951,14575.71,2026-08-09T20:46:07,,,0,,,
TXN-0005772,ACC_NORM_1625,ACC_NORM_1723,10143.23,2026-08-09T20:54:45,,,0,,,
TXN-0005773,ACC_VIC_1271,ACC_MULE_0072,226993.28,2026-08-09T21:03:23,28.611247,77.285614,1,2026-08-09T21:24:36,ATM_UBI_150,5.89
TXN-0005774,ACC_MULE_0073,ACC_MULE_0244,171099.57,2026-08-09T21:12:02,28.538626,77.165085,2,2026-08-09T21:34:48,ATM_UBI_093,8.04
TXN-0005775,ACC_VIC_0576,ACC_MULE_0336,212929.38,2026-08-09T21:20:40,28.624148,77.293549,1,2026-08-09T21:32:47,ATM_UBI_150,2.06
TXN-0005776,ACC_VIC_1216,ACC_MULE_0452,228169.38,2026-08-09T21:29:19,28.689895,77.308714,1,,,
TXN-0005777,ACC_NORM_0944,ACC_NORM_2608,9852.03,2026-08-09T21:37:57,,,0,,,
TXN-0005778,ACC_NORM_1458,ACC_NORM_2667,23025.02,2026-08-09T21:46:35,,,0,,,
TXN-0005779,ACC_NORM_1849,ACC_NORM_0184,24450.71,2026-08-09T21:55:14,,,0,,,
TXN-0005780,ACC_NORM_0459,ACC_NORM_1030,13855.19,2026-08-09T22:03:52,,,0,,,
TXN-0005781,ACC_NORM_1938,ACC_NORM_0229,8517.22,2026-08-09T22:12:31,,,0,,,
TXN-0005782,ACC_NORM_2320,ACC_NORM_1640,22090.67,2026-08-09T22:21:09,,,0,,,
TXN-0005783,ACC_VIC_0367,ACC_MULE_0022,203440.92,2026-08-09T22:29:47,28.661062,77.182292,1,,,
TXN-0005784,ACC_NORM_2484,ACC_NORM_1587,8940.72,2026-08-09T22:38:26,,,0,,,
TXN-0005785,ACC_VIC_0495,ACC_MULE_0208,130637.72,2026-08-09T22:47:04,28.615026,77.33018,1,2026-08-09T23:09:19,ATM_BOB_146,8.05
TXN-0005786,ACC_NORM_1213,ACC_NORM_2123,17292.3,2026-08-09T22:55:43,,,0,,,
TXN-0005787,ACC_NORM_0588,ACC_NORM_0071,24809.12,2026-08-09T23:04:21,,,0,,,
TXN-0005788,ACC_NORM_1795,ACC_NORM_1637,9385.45,2026-08-09T23:12:59,,,0,,,
TXN-0005789,ACC_VIC_0970,ACC_MULE_0030,120492.64,2026-08-09T23:21:38,28.59522,77.302356,1,2026-08-09T23:46:19,ATM_BOB_152,7.63
TXN-0005790,ACC_MULE_0070,ACC_MULE_0557,201018.21,2026-08-09T23:30:16,28.565197,77.251381,2,2026-08-09T23:43:53,ATM_PNB_052,0.81
TXN-0005791,ACC_NORM_2195,ACC_NORM_2379,10350.83,2026-08-09T23:38:55,,,0,,,
TXN-0005792,ACC_MULE_0344,ACC_MULE_0270,243781.18,2026-08-09T23:47:33,28.712035,77.132388,2,2026-08-09T23:58:43,ATM_HDFC_130,4.28
TXN-0005793,ACC_NORM_0131,ACC_NORM_0818,18897.91,2026-08-09T23:56:11,,,0,,,
TXN-0005794,ACC_NORM_0855,ACC_NORM_2355,24000.71,2026-08-10T00:04:50,,,0,,,
TXN-0005795,ACC_NORM_1656,ACC_NORM_0253,5399.47,2026-08-10T00:13:28,,,0,,,
TXN-0005796,ACC_NORM_0788,ACC_NORM_1282,4223.12,2026-08-10T00:22:07,,,0,,,
TXN-0005797,ACC_NORM_0261,ACC_NORM_0683,9734.28,2026-08-10T00:30:45,,,0,,,
TXN-0005798,ACC_VIC_0610,ACC_MULE_0042,102798.82,2026-08-10T00:39:23,28.676975,77.302079,1,2026-08-10T00:51:10,ATM_KOTAK_168,0.58
TXN-0005799,ACC_NORM_1456,ACC_NORM_1471,17674.21,2026-08-10T00:48:02,,,0,,,
TXN-0005800,ACC_NORM_0473,ACC_NORM_1176,19431.25,2026-08-10T00:56:40,,,0,,,
TXN-0005801,ACC_NORM_0189,ACC_NORM_0920,13709.25,2026-08-10T01:05:19,,,0,,,
TXN-0005802,ACC_MULE_0545,ACC_MULE_0182,149706.3,2026-08-10T01:13:57,28.66639,77.203843,2,2026-08-10T01:29:41,ATM_HDFC_035,3.32
TXN-0005803,ACC_VIC_0332,ACC_MULE_0520,174234.41,2026-08-10T01:22:35,28.634593,77.310632,1,2026-08-10T01:40:46,ATM_UBI_150,4.45
TXN-0005804,ACC_VIC_0495,ACC_MULE_0204,189878.03,2026-08-10T01:31:14,28.564804,77.248221,1,2026-08-10T01:58:18,ATM_PNB_052,0.48
TXN-0005805,ACC_VIC_0148,ACC_MULE_0132,129402.8,2026-08-10T01:39:52,28.703613,77.113556,1,2026-08-10T01:51:46,ATM_ICICI_142,2.16
TXN-0005806,ACC_MULE_0050,ACC_MULE_0443,165937.98,2026-08-10T01:48:31,28.68019,77.297611,2,2026-08-10T02:01:19,ATM_KOTAK_168,1.05
TXN-0005807,ACC_VIC_0768,ACC_MULE_0274,53705.09,2026-08-10T01:57:09,28.722622,77.133846,1,2026-08-10T02:31:19,ATM_HDFC_130,7.51
TXN-0005808,ACC_NORM_0593,ACC_NORM_0110,5539.2,2026-08-10T02:05:47,,,0,,,
TXN-0005809,ACC_VIC_1482,ACC_MULE_0240,213081.57,2026-08-10T02:14:26,28.516606,77.229962,1,2026-08-10T02:40:47,ATM_KOTAK_071,8.15
TXN-0005810,ACC_NORM_1110,ACC_NORM_1896,15924.35,2026-08-10T02:23:04,,,0,,,
TXN-0005811,ACC_NORM_1324,ACC_NORM_1735,707.01,2026-08-10T02:31:43,,,0,,,
TXN-0005812,ACC_MULE_0168,ACC_MULE_0535,205939.91,2026-08-10T02:40:21,28.530584,77.154526,2,,,
TXN-0005813,ACC_NORM_1570,ACC_NORM_1020,4992.73,2026-08-10T02:48:59,,,0,,,
TXN-0005814,ACC_VIC_0675,ACC_MULE_0155,181149.05,2026-08-10T02:57:38,28.642411,77.234861,1,2026-08-10T03:16:54,ATM_ICICI_022,5.81
TXN-0005815,ACC_NORM_2773,ACC_NORM_1598,15197.61,2026-08-10T03:06:16,,,0,,,
TXN-0005816,ACC_VIC_0282,ACC_MULE_0131,234814.93,2026-08-10T03:14:55,28.606603,77.040184,1,2026-08-10T03:43:32,ATM_ICICI_112,14.84
TXN-0005817,ACC_NORM_2697,ACC_NORM_2137,19925.0,2026-08-10T03:23:33,,,0,,,
TXN-0005818,ACC_VIC_0052,ACC_MULE_0386,187086.32,2026-08-10T03:32:11,28.509158,77.229527,1,2026-08-10T03:50:51,ATM_KOTAK_085,5.78
TXN-0005819,ACC_NORM_1730,ACC_NORM_2097,22169.49,2026-08-10T03:40:50,,,0,,,
TXN-0005820,ACC_MULE_0438,ACC_MULE_0212,194308.06,2026-08-10T03:49:28,28.589933,77.057502,2,2026-08-10T03:58:37,ATM_PNB_102,0.5
TXN-0005821,ACC_VIC_0856,ACC_MULE_0160,161747.46,2026-08-10T03:58:07,28.593766,77.042139,1,2026-08-10T04:12:12,ATM_PNB_102,4.1
TXN-0005822,ACC_VIC_0307,ACC_MULE_0304,87603.56,2026-08-10T04:06:45,28.623128,77.310877,1,2026-08-10T04:14:25,ATM_BOB_146,2.33
TXN-0005823,ACC_NORM_1976,ACC_NORM_1323,2191.81,2026-08-10T04:15:23,,,0,,,
TXN-0005824,ACC_NORM_1676,ACC_NORM_0380,15891.72,2026-08-10T04:24:02,,,0,,,
TXN-0005825,ACC_VIC_0826,ACC_MULE_0209,98438.91,2026-08-10T04:32:40,28.633132,77.323579,1,,,
TXN-0005826,ACC_NORM_1538,ACC_NORM_1991,14406.97,2026-08-10T04:41:19,,,0,,,
TXN-0005827,ACC_VIC_0630,ACC_MULE_0104,219781.01,2026-08-10T04:49:57,28.640872,77.199477,1,,,
TXN-0005828,ACC_NORM_2670,ACC_NORM_0841,11951.02,2026-08-10T04:58:35,,,0,,,
TXN-0005829,ACC_VIC_1023,ACC_MULE_0066,104157.94,2026-08-10T05:07:14,28.590834,77.331629,1,2026-08-10T05:28:01,ATM_UBI_150,13.7
TXN-0005830,ACC_NORM_2733,ACC_NORM_1224,4389.33,2026-08-10T05:15:52,,,0,,,
TXN-0005831,ACC_MULE_0142,ACC_MULE_0438,68868.99,2026-08-10T05:24:31,28.642882,77.17967,2,2026-08-10T05:36:23,ATM_SBI_011,2.23
TXN-0005832,ACC_VIC_0097,ACC_MULE_0449,114640.34,2026-08-10T05:33:09,28.574794,77.231103,1,2026-08-10T05:54:38,ATM_BOB_046,2.35
TXN-0005833,ACC_NORM_0539,ACC_NORM_0646,1193.43,2026-08-10T05:41:47,,,0,,,
TXN-0005834,ACC_VIC_1305,ACC_MULE_0239,131371.92,2026-08-10T05:50:26,28.568324,77.263944,1,2026-08-10T06:08:17,ATM_PNB_052,4.35
TXN-0005835,ACC_NORM_1098,ACC_NORM_0267,12618.39,2026-08-10T05:59:04,,,0,,,
TXN-0005836,ACC_NORM_2571,ACC_NORM_0756,7709.33,2026-08-10T06:07:43,,,0,,,
TXN-0005837,ACC_NORM_2292,ACC_NORM_2284,10936.34,2026-08-10T06:16:21,,,0,,,
TXN-0005838,ACC_NORM_2668,ACC_NORM_0169,6170.56,2026-08-10T06:24:59,,,0,,,
TXN-0005839,ACC_VIC_0942,ACC_MULE_0193,229574.02,2026-08-10T06:33:38,28.545072,77.15726,1,2026-08-10T06:48:51,ATM_BOB_094,8.29
TXN-0005840,ACC_NORM_1751,ACC_NORM_0970,1635.93,2026-08-10T06:42:16,,,0,,,
TXN-0005841,ACC_NORM_1243,ACC_NORM_2096,17138.83,2026-08-10T06:50:55,,,0,,,
TXN-0005842,ACC_VIC_0798,ACC_MULE_0417,232908.16,2026-08-10T06:59:33,28.614773,77.300044,1,2026-08-10T07:18:48,ATM_KOTAK_145,0.91
TXN-0005843,ACC_MULE_0326,ACC_MULE_0075,175989.42,2026-08-10T07:08:11,28.630002,77.321481,2,2026-08-10T07:21:56,ATM_BOB_152,5.72
TXN-0005844,ACC_VIC_1419,ACC_MULE_0238,167555.72,2026-08-10T07:16:50,28.554033,77.261672,1,2026-08-10T07:56:07,ATM_PNB_052,5.36
TXN-0005845,ACC_VIC_0320,ACC_MULE_0280,97168.6,2026-08-10T07:25:28,28.719697,77.122138,1,,,
TXN-0005846,ACC_NORM_1293,ACC_NORM_2264,1228.07,2026-08-10T07:34:07,,,0,,,
TXN-0005847,ACC_NORM_2012,ACC_NORM_0460,20219.13,2026-08-10T07:42:45,,,0,,,
TXN-0005848,ACC_NORM_1588,ACC_NORM_2873,19259.31,2026-08-10T07:51:23,,,0,,,
TXN-0005849,ACC_NORM_1371,ACC_NORM_1733,18858.57,2026-08-10T08:00:02,,,0,,,
TXN-0005850,ACC_NORM_0911,ACC_NORM_0423,623.68,2026-08-10T08:08:40,,,0,,,
TXN-0005851,ACC_NORM_0910,ACC_NORM_0022,22775.5,2026-08-10T08:17:19,,,0,,,
TXN-0005852,ACC_VIC_1293,ACC_MULE_0426,246769.66,2026-08-10T08:25:57,28.594972,77.313061,1,2026-08-10T08:43:06,ATM_BOB_146,9.13
TXN-0005853,ACC_NORM_0444,ACC_NORM_1846,9609.38,2026-08-10T08:34:35,,,0,,,
TXN-0005854,ACC_VIC_0420,ACC_MULE_0027,247637.94,2026-08-10T08:43:14,28.651503,77.200087,1,2026-08-10T09:05:27,ATM_ICICI_013,3.2
TXN-0005855,ACC_NORM_1953,ACC_NORM_0676,5117.39,2026-08-10T08:51:52,,,0,,,
TXN-0005856,ACC_VIC_0373,ACC_MULE_0136,126038.86,2026-08-10T09:00:31,28.534737,77.212677,1,2026-08-10T09:24:34,ATM_KOTAK_073,7.23
TXN-0005857,ACC_VIC_0410,ACC_MULE_0187,169830.56,2026-08-10T09:09:09,28.669442,77.179095,1,,,
TXN-0005858,ACC_NORM_2312,ACC_NORM_1137,3057.27,2026-08-10T09:17:47,,,0,,,
TXN-0005859,ACC_VIC_1390,ACC_MULE_0225,243773.75,2026-08-10T09:26:26,28.585154,77.052379,1,,,
TXN-0005860,ACC_NORM_0943,ACC_NORM_1011,24090.5,2026-08-10T09:35:04,,,0,,,
TXN-0005861,ACC_NORM_2709,ACC_NORM_2677,1587.38,2026-08-10T09:43:43,,,0,,,
TXN-0005862,ACC_MULE_0544,ACC_MULE_0229,138390.94,2026-08-10T09:52:21,28.559434,77.245621,2,,,
TXN-0005863,ACC_NORM_1644,ACC_NORM_2338,17015.09,2026-08-10T10:00:59,,,0,,,
TXN-0005864,ACC_NORM_0540,ACC_NORM_1527,17721.62,2026-08-10T10:09:38,,,0,,,
TXN-0005865,ACC_NORM_2287,ACC_NORM_1716,16330.19,2026-08-10T10:18:16,,,0,,,
TXN-0005866,ACC_VIC_1197,ACC_MULE_0077,247916.73,2026-08-10T10:26:55,28.630225,77.224223,1,2026-08-10T10:46:43,ATM_HDFC_007,1.58
TXN-0005867,ACC_NORM_1101,ACC_NORM_2287,24992.57,2026-08-10T10:35:33,,,0,,,
TXN-0005868,ACC_NORM_0228,ACC_NORM_2432,11223.33,2026-08-10T10:44:11,,,0,,,
TXN-0005869,ACC_VIC_0655,ACC_MULE_0484,184062.29,2026-08-10T10:52:50,28.563689,77.237685,1,2026-08-10T11:14:11,ATM_ICICI_068,8.32
TXN-0005870,ACC_NORM_1775,ACC_NORM_2492,1418.07,2026-08-10T11:01:28,,,0,,,
TXN-0005871,ACC_NORM_1159,ACC_NORM_0035,24172.12,2026-08-10T11:10:07,,,0,,,
TXN-0005872,ACC_NORM_0891,ACC_NORM_0159,23276.25,2026-08-10T11:18:45,,,0,,,
TXN-0005873,ACC_NORM_0936,ACC_NORM_1734,8520.32,2026-08-10T11:27:23,,,0,,,
TXN-0005874,ACC_NORM_0172,ACC_NORM_0305,735.91,2026-08-10T11:36:02,,,0,,,
TXN-0005875,ACC_VIC_0807,ACC_MULE_0162,58746.8,2026-08-10T11:44:40,28.684367,77.28354,1,,,
TXN-0005876,ACC_NORM_2445,ACC_NORM_1815,17430.44,2026-08-10T11:53:19,,,0,,,
TXN-0005877,ACC_NORM_0300,ACC_NORM_0558,16647.63,2026-08-10T12:01:57,,,0,,,
TXN-0005878,ACC_NORM_1203,ACC_NORM_0227,22443.51,2026-08-10T12:10:35,,,0,,,
TXN-0005879,ACC_VIC_1408,ACC_MULE_0393,153828.45,2026-08-10T12:19:14,28.540055,77.228029,1,,,
TXN-0005880,ACC_NORM_1573,ACC_NORM_2677,19108.93,2026-08-10T12:27:52,,,0,,,
TXN-0005881,ACC_NORM_2326,ACC_NORM_1596,2384.48,2026-08-10T12:36:31,,,0,,,
TXN-0005882,ACC_VIC_0433,ACC_MULE_0250,54769.87,2026-08-10T12:45:09,28.630999,77.210563,1,,,
TXN-0005883,ACC_VIC_1443,ACC_MULE_0018,153426.87,2026-08-10T12:53:47,28.577863,77.059964,1,2026-08-10T13:10:57,ATM_PNB_102,3.91
TXN-0005884,ACC_NORM_2397,ACC_NORM_1807,24042.15,2026-08-10T13:02:26,,,0,,,
TXN-0005885,ACC_NORM_1381,ACC_NORM_0620,11323.39,2026-08-10T13:11:04,,,0,,,
TXN-0005886,ACC_MULE_0261,ACC_MULE_0436,246096.15,2026-08-10T13:19:43,28.727817,77.129517,2,2026-08-10T13:44:15,ATM_AXIS_143,7.47
TXN-0005887,ACC_NORM_0256,ACC_NORM_1186,17266.95,2026-08-10T13:28:21,,,0,,,
TXN-0005888,ACC_VIC_0074,ACC_MULE_0397,246423.65,2026-08-10T13:36:59,28.59024,77.330658,1,2026-08-10T13:58:19,ATM_PNB_160,16.32
TXN-0005889,ACC_NORM_0594,ACC_NORM_1084,5777.66,2026-08-10T13:45:38,,,0,,,
TXN-0005890,ACC_NORM_0240,ACC_NORM_0939,2238.66,2026-08-10T13:54:16,,,0,,,
TXN-0005891,ACC_NORM_0614,ACC_NORM_0826,14995.29,2026-08-10T14:02:55,,,0,,,
TXN-0005892,ACC_NORM_2476,ACC_NORM_0128,24035.41,2026-08-10T14:11:33,,,0,,,
TXN-0005893,ACC_VIC_1023,ACC_MULE_0047,116768.78,2026-08-10T14:20:11,28.644605,77.186096,1,2026-08-10T14:36:58,ATM_UBI_016,1.59
TXN-0005894,ACC_NORM_1501,ACC_NORM_1952,18827.12,2026-08-10T14:28:50,,,0,,,
TXN-0005895,ACC_VIC_0302,ACC_MULE_0212,227450.56,2026-08-10T14:37:28,28.589933,77.057502,1,2026-08-10T14:56:17,ATM_AXIS_104,5.73
TXN-0005896,ACC_NORM_2609,ACC_NORM_1911,20900.99,2026-08-10T14:46:07,,,0,,,
TXN-0005897,ACC_NORM_0772,ACC_NORM_1333,5612.15,2026-08-10T14:54:45,,,0,,,
TXN-0005898,ACC_NORM_1998,ACC_NORM_1885,24698.73,2026-08-10T15:03:23,,,0,,,
TXN-0005899,ACC_NORM_2834,ACC_NORM_2087,17238.53,2026-08-10T15:12:02,,,0,,,
TXN-0005900,ACC_NORM_1165,ACC_NORM_0508,13298.08,2026-08-10T15:20:40,,,0,,,
TXN-0005901,ACC_MULE_0082,ACC_MULE_0253,244363.93,2026-08-10T15:29:19,28.600625,77.319051,2,,,
TXN-0005902,ACC_VIC_0853,ACC_MULE_0508,204409.96,2026-08-10T15:37:57,28.704011,77.109571,1,,,
TXN-0005903,ACC_NORM_2636,ACC_NORM_0599,22666.0,2026-08-10T15:46:35,,,0,,,
TXN-0005904,ACC_NORM_2962,ACC_NORM_1944,20477.96,2026-08-10T15:55:14,,,0,,,
TXN-0005905,ACC_NORM_2567,ACC_NORM_2414,2030.96,2026-08-10T16:03:52,,,0,,,
TXN-0005906,ACC_NORM_2165,ACC_NORM_2386,1518.36,2026-08-10T16:12:31,,,0,,,
TXN-0005907,ACC_NORM_0726,ACC_NORM_1723,11488.84,2026-08-10T16:21:09,,,0,,,
TXN-0005908,ACC_NORM_0021,ACC_NORM_0877,22649.14,2026-08-10T16:29:47,,,0,,,
TXN-0005909,ACC_NORM_1677,ACC_NORM_1464,7028.98,2026-08-10T16:38:26,,,0,,,
TXN-0005910,ACC_NORM_1647,ACC_NORM_1978,1783.05,2026-08-10T16:47:04,,,0,,,
TXN-0005911,ACC_NORM_0229,ACC_NORM_0900,5871.83,2026-08-10T16:55:43,,,0,,,
TXN-0005912,ACC_NORM_1074,ACC_NORM_2703,9045.45,2026-08-10T17:04:21,,,0,,,
TXN-0005913,ACC_VIC_0135,ACC_MULE_0530,241031.68,2026-08-10T17:12:59,28.673459,77.274678,1,2026-08-10T17:23:06,ATM_HDFC_170,3.68
TXN-0005914,ACC_NORM_2551,ACC_NORM_1759,4073.92,2026-08-10T17:21:38,,,0,,,
TXN-0005915,ACC_NORM_0860,ACC_NORM_2326,14785.26,2026-08-10T17:30:16,,,0,,,
TXN-0005916,ACC_VIC_0445,ACC_MULE_0250,94211.13,2026-08-10T17:38:55,28.630999,77.210563,1,2026-08-10T17:54:10,ATM_HDFC_002,1.51
TXN-0005917,ACC_VIC_0969,ACC_MULE_0550,190796.36,2026-08-10T17:47:33,28.545421,77.194688,1,2026-08-10T17:58:51,ATM_ICICI_087,3.91
TXN-0005918,ACC_NORM_0670,ACC_NORM_1517,20033.94,2026-08-10T17:56:11,,,0,,,
TXN-0005919,ACC_VIC_0993,ACC_MULE_0460,174619.69,2026-08-10T18:04:50,28.526293,77.23739,1,,,
TXN-0005920,ACC_MULE_0115,ACC_MULE_0565,85626.74,2026-08-10T18:13:28,28.529488,77.238655,2,2026-08-10T18:29:09,ATM_HDFC_066,0.8
TXN-0005921,ACC_VIC_0394,ACC_MULE_0069,246322.45,2026-08-10T18:22:07,28.537504,77.206242,1,,,
TXN-0005922,ACC_MULE_0335,ACC_MULE_0025,209151.36,2026-08-10T18:30:45,28.642855,77.225146,2,2026-08-10T18:58:25,ATM_HDFC_007,2.57
TXN-0005923,ACC_NORM_0057,ACC_NORM_1534,1704.65,2026-08-10T18:39:23,,,0,,,
TXN-0005924,ACC_MULE_0195,ACC_MULE_0196,128077.16,2026-08-10T18:48:02,28.547758,77.220439,2,2026-08-10T19:03:17,ATM_PNB_062,4.8
TXN-0005925,ACC_NORM_1199,ACC_NORM_1174,9171.34,2026-08-10T18:56:40,,,0,,,
TXN-0005926,ACC_MULE_0372,ACC_MULE_0597,95476.64,2026-08-10T19:05:19,28.546026,77.223609,2,2026-08-10T19:16:06,ATM_SBI_072,3.07
TXN-0005927,ACC_VIC_1418,ACC_MULE_0328,198132.47,2026-08-10T19:13:57,28.689404,77.299376,1,,,
TXN-0005928,ACC_NORM_0668,ACC_NORM_0264,8435.17,2026-08-10T19:22:35,,,0,,,
TXN-0005929,ACC_NORM_2805,ACC_NORM_2621,15436.6,2026-08-10T19:31:14,,,0,,,
TXN-0005930,ACC_NORM_0884,ACC_NORM_2328,5750.24,2026-08-10T19:39:52,,,0,,,
TXN-0005931,ACC_NORM_2874,ACC_NORM_2217,3310.78,2026-08-10T19:48:31,,,0,,,
TXN-0005932,ACC_NORM_1628,ACC_NORM_0335,8513.94,2026-08-10T19:57:09,,,0,,,
TXN-0005933,ACC_VIC_1093,ACC_MULE_0058,143319.34,2026-08-10T20:05:47,28.540632,77.198499,1,2026-08-10T20:11:51,ATM_ICICI_087,2.06
TXN-0005934,ACC_VIC_0417,ACC_MULE_0550,234312.66,2026-08-10T20:14:26,28.545421,77.194688,1,2026-08-10T20:32:05,ATM_ICICI_087,3.91
TXN-0005935,ACC_VIC_1000,ACC_MULE_0358,52140.6,2026-08-10T20:23:04,28.570589,77.05818,1,2026-08-10T20:42:05,ATM_PNB_102,6.11
TXN-0005936,ACC_NORM_1629,ACC_NORM_2117,3979.01,2026-08-10T20:31:43,,,0,,,
TXN-0005937,ACC_NORM_2379,ACC_NORM_0981,22731.89,2026-08-10T20:40:21,,,0,,,
TXN-0005938,ACC_VIC_0997,ACC_MULE_0092,77606.19,2026-08-10T20:48:59,28.582136,77.232581,1,2026-08-10T21:09:15,ATM_PNB_052,6.86
TXN-0005939,ACC_NORM_2861,ACC_NORM_2246,18057.77,2026-08-10T20:57:38,,,0,,,
TXN-0005940,ACC_VIC_1324,ACC_MULE_0278,63984.71,2026-08-10T21:06:16,28.563466,77.234739,1,2026-08-10T21:24:51,ATM_HDFC_057,2.89
TXN-0005941,ACC_MULE_0090,ACC_MULE_0548,97092.17,2026-08-10T21:14:55,28.536449,77.203918,2,2026-08-10T21:29:26,ATM_ICICI_087,0.99
TXN-0005942,ACC_NORM_0040,ACC_NORM_1331,6223.82,2026-08-10T21:23:33,,,0,,,
TXN-0005943,ACC_NORM_1763,ACC_NORM_2533,16747.9,2026-08-10T21:32:11,,,0,,,
TXN-0005944,ACC_NORM_2209,ACC_NORM_1720,5342.88,2026-08-10T21:40:50,,,0,,,
TXN-0005945,ACC_NORM_0621,ACC_NORM_0358,4518.65,2026-08-10T21:49:28,,,0,,,
TXN-0005946,ACC_VIC_0843,ACC_MULE_0144,234340.71,2026-08-10T21:58:07,28.61105,77.298229,1,2026-08-10T22:11:45,ATM_PNB_160,4.98
TXN-0005947,ACC_VIC_1298,ACC_MULE_0176,232403.25,2026-08-10T22:06:45,28.577166,77.251892,1,2026-08-10T22:19:55,ATM_PNB_052,3.63
TXN-0005948,ACC_NORM_2844,ACC_NORM_0689,6248.84,2026-08-10T22:15:23,,,0,,,
TXN-0005949,ACC_NORM_1399,ACC_NORM_2061,24397.04,2026-08-10T22:24:02,,,0,,,
TXN-0005950,ACC_MULE_0075,ACC_MULE_0026,240391.65,2026-08-10T22:32:40,28.537207,77.165952,2,2026-08-10T22:50:55,ATM_ICICI_087,9.96
TXN-0005951,ACC_VIC_0054,ACC_MULE_0527,207806.93,2026-08-10T22:41:19,28.713956,77.140458,1,,,
TXN-0005952,ACC_VIC_1128,ACC_MULE_0136,218954.15,2026-08-10T22:49:57,28.534737,77.212677,1,2026-08-10T22:59:00,ATM_HDFC_086,0.8
TXN-0005953,ACC_VIC_0109,ACC_MULE_0384,82290.5,2026-08-10T22:58:35,28.665219,77.286204,1,2026-08-10T23:16:10,ATM_HDFC_170,3.99
TXN-0005954,ACC_NORM_0265,ACC_NORM_0352,11381.72,2026-08-10T23:07:14,,,0,,,
TXN-0005955,ACC_NORM_1719,ACC_NORM_0770,6878.71,2026-08-10T23:15:52,,,0,,,
TXN-0005956,ACC_VIC_0419,ACC_MULE_0076,186622.84,2026-08-10T23:24:31,28.542826,77.16692,1,2026-08-10T23:45:05,ATM_BOB_094,9.09
TXN-0005957,ACC_NORM_1992,ACC_NORM_2089,12238.78,2026-08-10T23:33:09,,,0,,,
TXN-0005958,ACC_NORM_2063,ACC_NORM_0521,12091.14,2026-08-10T23:41:47,,,0,,,
TXN-0005959,ACC_NORM_0156,ACC_NORM_2791,22980.98,2026-08-10T23:50:26,,,0,,,
TXN-0005960,ACC_VIC_0118,ACC_MULE_0190,189225.23,2026-08-10T23:59:04,28.572739,77.031343,1,2026-08-11T00:19:42,ATM_UBI_105,3.98
TXN-0005961,ACC_NORM_2634,ACC_NORM_0934,17516.16,2026-08-11T00:07:43,,,0,,,
TXN-0005962,ACC_MULE_0589,ACC_MULE_0573,115227.92,2026-08-11T00:16:21,28.632598,77.291468,2,,,
TXN-0005963,ACC_NORM_0672,ACC_NORM_2664,24211.53,2026-08-11T00:24:59,,,0,,,
TXN-0005964,ACC_NORM_0177,ACC_NORM_2640,13187.96,2026-08-11T00:33:38,,,0,,,
TXN-0005965,ACC_VIC_0713,ACC_MULE_0512,74769.11,2026-08-11T00:42:16,28.590833,77.035335,1,2026-08-11T01:11:31,ATM_PNB_102,5.8
TXN-0005966,ACC_MULE_0326,ACC_MULE_0574,91339.92,2026-08-11T00:50:55,28.70072,77.13057,2,2026-08-11T00:59:25,ATM_ICICI_142,2.74
TXN-0005967,ACC_NORM_1390,ACC_NORM_0930,4210.43,2026-08-11T00:59:33,,,0,,,
TXN-0005968,ACC_MULE_0090,ACC_MULE_0065,105470.15,2026-08-11T01:08:11,28.538557,77.148302,2,2026-08-11T01:34:25,ATM_BOB_094,5.62
TXN-0005969,ACC_NORM_0543,ACC_NORM_0492,21366.71,2026-08-11T01:16:50,,,0,,,
TXN-0005970,ACC_VIC_0544,ACC_MULE_0032,198656.02,2026-08-11T01:25:28,28.547107,77.223341,1,2026-08-11T01:38:17,ATM_PNB_064,1.8
TXN-0005971,ACC_NORM_1471,ACC_NORM_1306,22589.81,2026-08-11T01:34:07,,,0,,,
TXN-0005972,ACC_NORM_1602,ACC_NORM_0746,12265.56,2026-08-11T01:42:45,,,0,,,
TXN-0005973,ACC_NORM_1358,ACC_NORM_1767,9285.37,2026-08-11T01:51:23,,,0,,,
TXN-0005974,ACC_VIC_0601,ACC_MULE_0258,133170.17,2026-08-11T02:00:02,28.690594,77.305966,1,2026-08-11T02:09:58,ATM_KOTAK_168,4.26
TXN-0005975,ACC_NORM_0499,ACC_NORM_1796,22379.4,2026-08-11T02:08:40,,,0,,,
TXN-0005976,ACC_NORM_1016,ACC_NORM_1955,13501.58,2026-08-11T02:17:19,,,0,,,
TXN-0005977,ACC_NORM_1510,ACC_NORM_2304,9944.85,2026-08-11T02:25:57,,,0,,,
TXN-0005978,ACC_NORM_0014,ACC_NORM_0180,830.09,2026-08-11T02:34:35,,,0,,,
TXN-0005979,ACC_VIC_0907,ACC_MULE_0373,188068.38,2026-08-11T02:43:14,28.633398,77.295674,1,2026-08-11T02:54:29,ATM_UBI_150,3.43
TXN-0005980,ACC_VIC_0490,ACC_MULE_0128,165966.03,2026-08-11T02:51:52,28.611213,77.326477,1,2026-08-11T03:26:27,ATM_PNB_180,12.86
TXN-0005981,ACC_NORM_0830,ACC_NORM_1909,9726.61,2026-08-11T03:00:31,,,0,,,
TXN-0005982,ACC_NORM_1492,ACC_NORM_2338,24860.99,2026-08-11T03:09:09,,,0,,,
TXN-0005983,ACC_VIC_0606,ACC_MULE_0249,147217.18,2026-08-11T03:17:47,28.52105,77.207071,1,2026-08-11T03:30:47,ATM_HDFC_089,4.22
TXN-0005984,ACC_NORM_1538,ACC_NORM_1323,19523.6,2026-08-11T03:26:26,,,0,,,
TXN-0005985,ACC_NORM_0128,ACC_NORM_2251,15368.69,2026-08-11T03:35:04,,,0,,,
TXN-0005986,ACC_NORM_2381,ACC_NORM_1551,24296.22,2026-08-11T03:43:43,,,0,,,
TXN-0005987,ACC_NORM_1610,ACC_NORM_2157,11511.55,2026-08-11T03:52:21,,,0,,,
TXN-0005988,ACC_NORM_0309,ACC_NORM_0988,1585.15,2026-08-11T04:00:59,,,0,,,
TXN-0005989,ACC_VIC_0376,ACC_MULE_0276,183746.22,2026-08-11T04:09:38,28.620835,77.213399,1,2026-08-11T04:24:14,ATM_ICICI_004,2.69
TXN-0005990,ACC_NORM_1695,ACC_NORM_1878,15445.53,2026-08-11T04:18:16,,,0,,,
TXN-0005991,ACC_NORM_0005,ACC_NORM_0627,7642.49,2026-08-11T04:26:55,,,0,,,
TXN-0005992,ACC_NORM_1937,ACC_NORM_1383,2489.96,2026-08-11T04:35:33,,,0,,,
TXN-0005993,ACC_NORM_0859,ACC_NORM_0610,7304.37,2026-08-11T04:44:11,,,0,,,
TXN-0005994,ACC_NORM_1942,ACC_NORM_0162,17547.7,2026-08-11T04:52:50,,,0,,,
TXN-0005995,ACC_NORM_0045,ACC_NORM_2365,1732.09,2026-08-11T05:01:28,,,0,,,
TXN-0005996,ACC_MULE_0476,ACC_MULE_0409,193508.08,2026-08-11T05:10:07,28.65197,77.202056,2,,,
TXN-0005997,ACC_VIC_1433,ACC_MULE_0367,98751.24,2026-08-11T05:18:45,28.685441,77.275268,1,2026-08-11T05:41:26,ATM_BOB_163,4.6
TXN-0005998,ACC_VIC_0691,ACC_MULE_0095,198881.12,2026-08-11T05:27:23,28.660883,77.294119,1,2026-08-11T05:42:45,ATM_HDFC_170,5.76
TXN-0005999,ACC_NORM_2944,ACC_NORM_1464,6044.02,2026-08-11T05:36:02,,,0,,,
TXN-0006000,ACC_NORM_0208,ACC_NORM_0199,10331.46,2026-08-11T05:44:40,,,0,,,
TXN-0006001,ACC_NORM_1127,ACC_NORM_0669,16591.97,2026-08-11T05:53:19,,,0,,,
TXN-0006002,ACC_VIC_0985,ACC_MULE_0509,185385.56,2026-08-11T06:01:57,28.567136,77.252322,1,2026-08-11T06:12:01,ATM_PNB_052,1.05
TXN-0006003,ACC_NORM_1979,ACC_NORM_1246,9992.01,2026-08-11T06:10:35,,,0,,,
TXN-0006004,ACC_MULE_0430,ACC_MULE_0527,242054.91,2026-08-11T06:19:14,28.713956,77.140458,2,2026-08-11T06:32:13,ATM_AXIS_136,6.06
TXN-0006005,ACC_MULE_0335,ACC_MULE_0019,193156.23,2026-08-11T06:27:52,28.531571,77.161816,2,,,
TXN-0006006,ACC_NORM_0906,ACC_NORM_0776,7083.78,2026-08-11T06:36:31,,,0,,,
TXN-0006007,ACC_VIC_1037,ACC_MULE_0410,134866.73,2026-08-11T06:45:09,28.552688,77.223813,1,2026-08-11T07:08:51,ATM_ICICI_068,7.69
TXN-0006008,ACC_MULE_0400,ACC_MULE_0491,92768.29,2026-08-11T06:53:47,28.68935,77.098271,2,,,
TXN-0006009,ACC_NORM_0293,ACC_NORM_1397,9126.34,2026-08-11T07:02:26,,,0,,,
TXN-0006010,ACC_NORM_1645,ACC_NORM_1293,17926.4,2026-08-11T07:11:04,,,0,,,
TXN-0006011,ACC_NORM_2285,ACC_NORM_1056,20970.31,2026-08-11T07:19:43,,,0,,,
TXN-0006012,ACC_NORM_1722,ACC_NORM_2502,9350.32,2026-08-11T07:28:21,,,0,,,
TXN-0006013,ACC_NORM_0898,ACC_NORM_1218,21960.54,2026-08-11T07:36:59,,,0,,,
TXN-0006014,ACC_NORM_0046,ACC_NORM_2354,14449.69,2026-08-11T07:45:38,,,0,,,
TXN-0006015,ACC_NORM_1236,ACC_NORM_1467,12098.23,2026-08-11T07:54:16,,,0,,,
TXN-0006016,ACC_NORM_0605,ACC_NORM_1461,3003.57,2026-08-11T08:02:55,,,0,,,
TXN-0006017,ACC_NORM_2672,ACC_NORM_0019,15751.48,2026-08-11T08:11:33,,,0,,,
TXN-0006018,ACC_NORM_0214,ACC_NORM_2989,7282.05,2026-08-11T08:20:11,,,0,,,
TXN-0006019,ACC_VIC_0612,ACC_MULE_0282,164928.66,2026-08-11T08:28:50,28.718405,77.12842,1,2026-08-11T09:01:22,ATM_ICICI_142,5.71
TXN-0006020,ACC_VIC_0124,ACC_MULE_0021,161076.92,2026-08-11T08:37:28,28.546984,77.25104,1,2026-08-11T08:47:27,ATM_UBI_067,0.46
TXN-0006021,ACC_NORM_1577,ACC_NORM_1478,18899.72,2026-08-11T08:46:07,,,0,,,
TXN-0006022,ACC_NORM_2111,ACC_NORM_0548,16972.6,2026-08-11T08:54:45,,,0,,,
TXN-0006023,ACC_VIC_0342,ACC_MULE_0179,199121.12,2026-08-11T09:03:23,28.534464,77.211713,1,2026-08-11T09:21:30,ATM_HDFC_086,0.53
TXN-0006024,ACC_NORM_0489,ACC_NORM_1627,6089.13,2026-08-11T09:12:02,,,0,,,
TXN-0006025,ACC_NORM_0976,ACC_NORM_1205,15947.46,2026-08-11T09:20:40,,,0,,,
TXN-0006026,ACC_NORM_0606,ACC_NORM_2660,18171.49,2026-08-11T09:29:19,,,0,,,
TXN-0006027,ACC_VIC_1322,ACC_MULE_0198,51323.65,2026-08-11T09:37:57,28.521018,77.132706,1,2026-08-11T10:10:45,ATM_BOB_094,3.83
TXN-0006028,ACC_VIC_0645,ACC_MULE_0357,102356.94,2026-08-11T09:46:35,28.646429,77.31436,1,2026-08-11T10:15:15,ATM_BOB_146,8.56
TXN-0006029,ACC_NORM_1899,ACC_NORM_1163,11216.46,2026-08-11T09:55:14,,,0,,,
TXN-0006030,ACC_VIC_0110,ACC_MULE_0559,220341.78,2026-08-11T10:03:52,28.64573,77.206167,1,2026-08-11T10:27:56,ATM_UBI_016,4.21
TXN-0006031,ACC_NORM_2237,ACC_NORM_0452,2788.53,2026-08-11T10:12:31,,,0,,,
TXN-0006032,ACC_NORM_2392,ACC_NORM_1494,23962.42,2026-08-11T10:21:09,,,0,,,
TXN-0006033,ACC_NORM_1273,ACC_NORM_2075,15098.16,2026-08-11T10:29:47,,,0,,,
TXN-0006034,ACC_MULE_0187,ACC_MULE_0469,231085.48,2026-08-11T10:38:26,28.645181,77.211623,2,,,
TXN-0006035,ACC_NORM_2989,ACC_NORM_2732,6001.88,2026-08-11T10:47:04,,,0,,,
TXN-0006036,ACC_NORM_0131,ACC_NORM_2762,14583.74,2026-08-11T10:55:43,,,0,,,
TXN-0006037,ACC_NORM_0973,ACC_NORM_2939,13237.92,2026-08-11T11:04:21,,,0,,,
TXN-0006038,ACC_VIC_0538,ACC_MULE_0021,159525.09,2026-08-11T11:12:59,28.546984,77.25104,1,2026-08-11T11:23:19,ATM_UBI_067,0.46
TXN-0006039,ACC_VIC_0619,ACC_MULE_0467,228490.75,2026-08-11T11:21:38,28.595233,77.040218,1,2026-08-11T11:49:25,ATM_AXIS_101,2.66
TXN-0006040,ACC_VIC_1051,ACC_MULE_0066,246358.81,2026-08-11T11:30:16,28.590834,77.331629,1,2026-08-11T11:53:56,ATM_UBI_150,13.7
TXN-0006041,ACC_MULE_0583,ACC_MULE_0407,74444.79,2026-08-11T11:38:55,28.660113,77.301329,2,2026-08-11T12:18:44,ATM_AXIS_169,3.17
TXN-0006042,ACC_VIC_1258,ACC_MULE_0236,131492.69,2026-08-11T11:47:33,28.69102,77.130705,1,,,
TXN-0006043,ACC_NORM_2324,ACC_NORM_1416,14714.6,2026-08-11T11:56:11,,,0,,,
TXN-0006044,ACC_VIC_0438,ACC_MULE_0211,82565.68,2026-08-11T12:04:50,28.625751,77.334841,1,2026-08-11T12:25:14,ATM_BOB_152,8.5
TXN-0006045,ACC_NORM_2742,ACC_NORM_0367,24992.34,2026-08-11T12:13:28,,,0,,,
TXN-0006046,ACC_NORM_0354,ACC_NORM_2800,10547.73,2026-08-11T12:22:07,,,0,,,
TXN-0006047,ACC_NORM_0041,ACC_NORM_1157,6905.17,2026-08-11T12:30:45,,,0,,,
TXN-0006048,ACC_VIC_1404,ACC_MULE_0428,50828.78,2026-08-11T12:39:23,28.616919,77.230895,1,2026-08-11T12:57:55,ATM_ICICI_004,7.27
TXN-0006049,ACC_NORM_2339,ACC_NORM_2106,3971.44,2026-08-11T12:48:02,,,0,,,
TXN-0006050,ACC_MULE_0432,ACC_MULE_0232,225919.85,2026-08-11T12:56:40,28.700281,77.118178,2,,,
TXN-0006051,ACC_NORM_0268,ACC_NORM_0898,17777.58,2026-08-11T13:05:19,,,0,,,
TXN-0006052,ACC_NORM_1437,ACC_NORM_2098,3385.07,2026-08-11T13:13:57,,,0,,,
TXN-0006053,ACC_VIC_0729,ACC_MULE_0475,80874.29,2026-08-11T13:22:35,28.56481,77.257589,1,2026-08-11T13:44:27,ATM_PNB_052,2.54
TXN-0006054,ACC_NORM_1101,ACC_NORM_1128,23444.05,2026-08-11T13:31:14,,,0,,,
TXN-0006055,ACC_NORM_2835,ACC_NORM_0711,15870.09,2026-08-11T13:39:52,,,0,,,
TXN-0006056,ACC_VIC_1316,ACC_MULE_0022,126009.57,2026-08-11T13:48:31,28.661062,77.182292,1,2026-08-11T14:25:02,ATM_BOB_012,2.33
TXN-0006057,ACC_NORM_2554,ACC_NORM_2030,8776.7,2026-08-11T13:57:09,,,0,,,
TXN-0006058,ACC_NORM_2194,ACC_NORM_0920,20978.05,2026-08-11T14:05:47,,,0,,,
TXN-0006059,ACC_NORM_2296,ACC_NORM_0260,692.86,2026-08-11T14:14:26,,,0,,,
TXN-0006060,ACC_NORM_2377,ACC_NORM_1142,19786.14,2026-08-11T14:23:04,,,0,,,
TXN-0006061,ACC_NORM_2781,ACC_NORM_2834,2074.44,2026-08-11T14:31:43,,,0,,,
TXN-0006062,ACC_NORM_0972,ACC_NORM_0622,5473.85,2026-08-11T14:40:21,,,0,,,
TXN-0006063,ACC_NORM_1993,ACC_NORM_0663,4604.11,2026-08-11T14:48:59,,,0,,,
TXN-0006064,ACC_NORM_0742,ACC_NORM_1763,7368.05,2026-08-11T14:57:38,,,0,,,
TXN-0006065,ACC_NORM_1866,ACC_NORM_2934,2764.47,2026-08-11T15:06:16,,,0,,,
TXN-0006066,ACC_NORM_2704,ACC_NORM_0906,20275.64,2026-08-11T15:14:55,,,0,,,
TXN-0006067,ACC_NORM_2803,ACC_NORM_0184,24461.86,2026-08-11T15:23:33,,,0,,,
TXN-0006068,ACC_NORM_2332,ACC_NORM_0428,23496.7,2026-08-11T15:32:11,,,0,,,
TXN-0006069,ACC_NORM_1636,ACC_NORM_1449,24636.71,2026-08-11T15:40:50,,,0,,,
TXN-0006070,ACC_NORM_2708,ACC_NORM_1343,21225.96,2026-08-11T15:49:28,,,0,,,
TXN-0006071,ACC_VIC_0248,ACC_MULE_0380,109622.41,2026-08-11T15:58:07,28.664816,77.303257,1,2026-08-11T16:13:38,ATM_HDFC_170,6.2
TXN-0006072,ACC_NORM_2951,ACC_NORM_1999,12601.37,2026-08-11T16:06:45,,,0,,,
TXN-0006073,ACC_NORM_2114,ACC_NORM_2575,10883.87,2026-08-11T16:15:23,,,0,,,
TXN-0006074,ACC_NORM_1067,ACC_NORM_1243,10771.17,2026-08-11T16:24:02,,,0,,,
TXN-0006075,ACC_NORM_0057,ACC_NORM_0405,15700.97,2026-08-11T16:32:40,,,0,,,
TXN-0006076,ACC_VIC_0840,ACC_MULE_0580,89341.18,2026-08-11T16:41:19,28.69757,77.118788,1,2026-08-11T16:57:57,ATM_SBI_141,3.73
TXN-0006077,ACC_NORM_0817,ACC_NORM_0486,20258.03,2026-08-11T16:49:57,,,0,,,
TXN-0006078,ACC_NORM_1425,ACC_NORM_2220,22318.08,2026-08-11T16:58:35,,,0,,,
TXN-0006079,ACC_NORM_2456,ACC_NORM_1490,14222.8,2026-08-11T17:07:14,,,0,,,
TXN-0006080,ACC_NORM_1990,ACC_NORM_2869,21639.47,2026-08-11T17:15:52,,,0,,,
TXN-0006081,ACC_MULE_0343,ACC_MULE_0295,58177.64,2026-08-11T17:24:31,28.540035,77.229206,2,,,
TXN-0006082,ACC_NORM_1242,ACC_NORM_2135,12405.12,2026-08-11T17:33:09,,,0,,,
TXN-0006083,ACC_VIC_1185,ACC_MULE_0549,56047.08,2026-08-11T17:41:47,28.537029,77.159688,1,2026-08-11T18:11:28,ATM_BOB_091,3.11
TXN-0006084,ACC_NORM_2517,ACC_NORM_1040,7606.44,2026-08-11T17:50:26,,,0,,,
TXN-0006085,ACC_NORM_2101,ACC_NORM_0028,5385.62,2026-08-11T17:59:04,,,0,,,
TXN-0006086,ACC_VIC_0589,ACC_MULE_0201,173188.75,2026-08-11T18:07:43,28.582507,77.063214,1,,,
TXN-0006087,ACC_MULE_0371,ACC_MULE_0089,110334.05,2026-08-11T18:16:21,28.616568,77.228669,2,2026-08-11T18:29:07,ATM_HDFC_007,6.14
TXN-0006088,ACC_NORM_2128,ACC_NORM_1000,23906.3,2026-08-11T18:24:59,,,0,,,
TXN-0006089,ACC_VIC_0725,ACC_MULE_0390,132327.03,2026-08-11T18:33:38,28.540695,77.137784,1,2026-08-11T19:07:36,ATM_ICICI_096,9.29
TXN-0006090,ACC_NORM_1772,ACC_NORM_0835,9340.31,2026-08-11T18:42:16,,,0,,,
TXN-0006091,ACC_NORM_2568,ACC_NORM_2633,1720.59,2026-08-11T18:50:55,,,0,,,
TXN-0006092,ACC_NORM_0811,ACC_NORM_2228,19585.12,2026-08-11T18:59:33,,,0,,,
TXN-0006093,ACC_MULE_0273,ACC_MULE_0326,227429.34,2026-08-11T19:08:11,28.712449,77.130365,2,2026-08-11T19:17:38,ATM_AXIS_140,0.23
TXN-0006094,ACC_NORM_2741,ACC_NORM_2973,13627.77,2026-08-11T19:16:50,,,0,,,
TXN-0006095,ACC_NORM_1018,ACC_NORM_0796,14450.08,2026-08-11T19:25:28,,,0,,,
TXN-0006096,ACC_MULE_0119,ACC_MULE_0089,186384.35,2026-08-11T19:34:07,28.616568,77.228669,2,2026-08-11T19:54:52,ATM_UBI_016,14.3
TXN-0006097,ACC_NORM_2316,ACC_NORM_2789,16438.34,2026-08-11T19:42:45,,,0,,,
TXN-0006098,ACC_NORM_0928,ACC_NORM_1061,10435.51,2026-08-11T19:51:23,,,0,,,
TXN-0006099,ACC_NORM_1925,ACC_NORM_1632,18215.36,2026-08-11T20:00:02,,,0,,,
TXN-0006100,ACC_MULE_0465,ACC_MULE_0175,234827.3,2026-08-11T20:08:40,28.516377,77.217225,2,2026-08-11T20:22:14,ATM_HDFC_086,6.2
TXN-0006101,ACC_NORM_1119,ACC_NORM_0740,8418.6,2026-08-11T20:17:19,,,0,,,
TXN-0006102,ACC_NORM_1287,ACC_NORM_2267,20944.53,2026-08-11T20:25:57,,,0,,,
TXN-0006103,ACC_NORM_1765,ACC_NORM_0606,19242.93,2026-08-11T20:34:35,,,0,,,
TXN-0006104,ACC_VIC_1262,ACC_MULE_0059,114716.87,2026-08-11T20:43:14,28.645136,77.181071,1,2026-08-11T20:55:00,ATM_UBI_016,2.92
TXN-0006105,ACC_NORM_0050,ACC_NORM_2592,3035.88,2026-08-11T20:51:52,,,0,,,
TXN-0006106,ACC_NORM_1844,ACC_NORM_1728,6415.44,2026-08-11T21:00:31,,,0,,,
TXN-0006107,ACC_NORM_2988,ACC_NORM_1503,7464.17,2026-08-11T21:09:09,,,0,,,
TXN-0006108,ACC_NORM_0320,ACC_NORM_1557,18253.34,2026-08-11T21:17:47,,,0,,,
TXN-0006109,ACC_VIC_0569,ACC_MULE_0257,88439.35,2026-08-11T21:26:26,28.708939,77.114045,1,2026-08-11T21:43:14,ATM_SBI_141,1.02
TXN-0006110,ACC_NORM_1232,ACC_NORM_1320,5073.45,2026-08-11T21:35:04,,,0,,,
TXN-0006111,ACC_VIC_1457,ACC_MULE_0474,237863.13,2026-08-11T21:43:43,28.710122,77.116817,1,,,
TXN-0006112,ACC_NORM_0231,ACC_NORM_0700,15965.44,2026-08-11T21:52:21,,,0,,,
TXN-0006113,ACC_MULE_0279,ACC_MULE_0338,73148.71,2026-08-11T22:00:59,28.660678,77.300695,2,2026-08-11T22:14:55,ATM_HDFC_170,6.7
TXN-0006114,ACC_NORM_2057,ACC_NORM_1262,18453.34,2026-08-11T22:09:38,,,0,,,
TXN-0006115,ACC_NORM_1280,ACC_NORM_0872,8720.31,2026-08-11T22:18:16,,,0,,,
TXN-0006116,ACC_NORM_0100,ACC_NORM_0730,22369.12,2026-08-11T22:26:55,,,0,,,
TXN-0006117,ACC_NORM_1443,ACC_NORM_2120,13795.34,2026-08-11T22:35:33,,,0,,,
TXN-0006118,ACC_MULE_0089,ACC_MULE_0566,110826.36,2026-08-11T22:44:11,28.671747,77.286458,2,2026-08-11T22:54:11,ATM_HDFC_170,1.88
TXN-0006119,ACC_VIC_1498,ACC_MULE_0336,172918.03,2026-08-11T22:52:50,28.624148,77.293549,1,2026-08-11T23:07:55,ATM_UBI_150,2.06
TXN-0006120,ACC_NORM_2574,ACC_NORM_1569,20345.23,2026-08-11T23:01:28,,,0,,,
TXN-0006121,ACC_VIC_0691,ACC_MULE_0008,63594.74,2026-08-11T23:10:07,28.668135,77.299502,1,,,
TXN-0006122,ACC_NORM_1859,ACC_NORM_1706,9494.97,2026-08-11T23:18:45,,,0,,,
TXN-0006123,ACC_NORM_1870,ACC_NORM_1467,6620.36,2026-08-11T23:27:23,,,0,,,
TXN-0006124,ACC_VIC_1380,ACC_MULE_0167,247684.98,2026-08-11T23:36:02,28.639343,77.180666,1,2026-08-11T23:48:30,ATM_ICICI_004,8.65
TXN-0006125,ACC_VIC_0891,ACC_MULE_0404,247204.2,2026-08-11T23:44:40,28.620004,77.319259,1,2026-08-12T00:02:07,ATM_BOB_152,3.82
TXN-0006126,ACC_MULE_0281,ACC_MULE_0254,126680.42,2026-08-11T23:53:19,28.64577,77.178906,2,2026-08-12T00:04:27,ATM_UBI_016,3.5
TXN-0006127,ACC_NORM_0352,ACC_NORM_0948,16378.22,2026-08-12T00:01:57,,,0,,,
TXN-0006128,ACC_NORM_1942,ACC_NORM_2766,4625.17,2026-08-12T00:10:35,,,0,,,
TXN-0006129,ACC_VIC_0540,ACC_MULE_0113,182006.84,2026-08-12T00:19:14,28.557089,77.236349,1,2026-08-12T00:40:09,ATM_PNB_052,4.57
TXN-0006130,ACC_MULE_0333,ACC_MULE_0005,234758.41,2026-08-12T00:27:52,28.582553,77.239595,2,,,
TXN-0006131,ACC_VIC_0964,ACC_MULE_0395,96735.18,2026-08-12T00:36:31,28.57649,77.24057,1,2026-08-12T01:01:24,ATM_PNB_052,4.03
TXN-0006132,ACC_VIC_0275,ACC_MULE_0383,249688.32,2026-08-12T00:45:09,28.534033,77.207564,1,2026-08-12T01:07:04,ATM_ICICI_087,1.84
TXN-0006133,ACC_MULE_0272,ACC_MULE_0128,204566.12,2026-08-12T00:53:47,28.611213,77.326477,2,,,
TXN-0006134,ACC_NORM_2583,ACC_NORM_1879,13678.98,2026-08-12T01:02:26,,,0,,,
TXN-0006135,ACC_VIC_0363,ACC_MULE_0216,81560.14,2026-08-12T01:11:04,28.710252,77.123284,1,,,
TXN-0006136,ACC_VIC_1002,ACC_MULE_0140,187420.31,2026-08-12T01:19:43,28.602415,77.331769,1,,,
TXN-0006137,ACC_VIC_1483,ACC_MULE_0137,175637.7,2026-08-12T01:28:21,28.632054,77.323926,1,2026-08-12T01:45:10,ATM_PNB_160,11.98
TXN-0006138,ACC_NORM_2858,ACC_NORM_2056,20201.04,2026-08-12T01:36:59,,,0,,,
TXN-0006139,ACC_NORM_2357,ACC_NORM_0535,4473.97,2026-08-12T01:45:38,,,0,,,
TXN-0006140,ACC_VIC_1405,ACC_MULE_0504,110519.79,2026-08-12T01:54:16,28.703413,77.121207,1,2026-08-12T02:07:41,ATM_SBI_141,3.07
TXN-0006141,ACC_NORM_1892,ACC_NORM_1396,3561.51,2026-08-12T02:02:55,,,0,,,
TXN-0006142,ACC_NORM_2383,ACC_NORM_2941,7210.3,2026-08-12T02:11:33,,,0,,,
TXN-0006143,ACC_NORM_2728,ACC_NORM_2405,11218.28,2026-08-12T02:20:11,,,0,,,
TXN-0006144,ACC_VIC_0338,ACC_MULE_0428,120377.32,2026-08-12T02:28:50,28.616919,77.230895,1,2026-08-12T02:42:11,ATM_ICICI_004,7.27
TXN-0006145,ACC_MULE_0116,ACC_MULE_0308,57139.46,2026-08-12T02:37:28,28.628876,77.309839,2,2026-08-12T02:58:45,ATM_UBI_150,3.03
TXN-0006146,ACC_NORM_0302,ACC_NORM_2876,6416.84,2026-08-12T02:46:07,,,0,,,
TXN-0006147,ACC_NORM_1808,ACC_NORM_2252,10318.79,2026-08-12T02:54:45,,,0,,,
TXN-0006148,ACC_NORM_1171,ACC_NORM_0180,14859.79,2026-08-12T03:03:23,,,0,,,
TXN-0006149,ACC_VIC_0879,ACC_MULE_0540,165496.62,2026-08-12T03:12:02,28.593462,77.062903,1,,,
TXN-0006150,ACC_NORM_1564,ACC_NORM_1194,1733.09,2026-08-12T03:20:40,,,0,,,
TXN-0006151,ACC_VIC_0230,ACC_MULE_0289,99738.82,2026-08-12T03:29:19,28.538686,77.248243,1,2026-08-12T03:50:03,ATM_HDFC_086,10.93
TXN-0006152,ACC_NORM_1881,ACC_NORM_1172,17850.18,2026-08-12T03:37:57,,,0,,,
TXN-0006153,ACC_VIC_0867,ACC_MULE_0510,129900.06,2026-08-12T03:46:35,28.698115,77.105357,1,2026-08-12T04:03:31,ATM_UBI_139,6.22
TXN-0006154,ACC_VIC_0686,ACC_MULE_0146,209933.22,2026-08-12T03:55:14,28.642019,77.174016,1,,,
TXN-0006155,ACC_NORM_0727,ACC_NORM_1353,12806.33,2026-08-12T04:03:52,,,0,,,
TXN-0006156,ACC_VIC_0130,ACC_MULE_0250,111732.3,2026-08-12T04:12:31,28.630999,77.210563,1,2026-08-12T04:23:09,ATM_HDFC_007,3.81
TXN-0006157,ACC_VIC_0328,ACC_MULE_0045,238520.37,2026-08-12T04:21:09,28.691575,77.131599,1,,,
TXN-0006158,ACC_MULE_0416,ACC_MULE_0400,95047.48,2026-08-12T04:29:47,28.637563,77.319463,2,,,
TXN-0006159,ACC_NORM_1918,ACC_NORM_0611,23791.86,2026-08-12T04:38:26,,,0,,,
TXN-0006160,ACC_VIC_0564,ACC_MULE_0119,163588.95,2026-08-12T04:47:04,28.576051,77.034342,1,,,
TXN-0006161,ACC_MULE_0067,ACC_MULE_0270,237862.38,2026-08-12T04:55:43,28.712035,77.132388,2,2026-08-12T05:24:45,ATM_SBI_041,17.65
TXN-0006162,ACC_NORM_2584,ACC_NORM_0866,20805.18,2026-08-12T05:04:21,,,0,,,
TXN-0006163,ACC_NORM_0480,ACC_NORM_0942,19196.69,2026-08-12T05:12:59,,,0,,,
TXN-0006164,ACC_VIC_1336,ACC_MULE_0245,89110.39,2026-08-12T05:21:38,28.712419,77.099419,1,2026-08-12T05:48:50,ATM_HDFC_131,7.4
TXN-0006165,ACC_NORM_2667,ACC_NORM_1698,3668.65,2026-08-12T05:30:16,,,0,,,
TXN-0006166,ACC_NORM_0571,ACC_NORM_2860,9172.27,2026-08-12T05:38:55,,,0,,,
TXN-0006167,ACC_MULE_0568,ACC_MULE_0160,104080.18,2026-08-12T05:47:33,28.593766,77.042139,2,2026-08-12T06:06:41,ATM_PNB_102,4.1
TXN-0006168,ACC_VIC_1435,ACC_MULE_0511,175959.92,2026-08-12T05:56:11,28.62191,77.321329,1,2026-08-12T06:10:08,ATM_BOB_152,4.5
TXN-0006169,ACC_NORM_1029,ACC_NORM_0053,23413.27,2026-08-12T06:04:50,,,0,,,
TXN-0006170,ACC_NORM_1822,ACC_NORM_1400,7590.37,2026-08-12T06:13:28,,,0,,,
TXN-0006171,ACC_VIC_1193,ACC_MULE_0428,220445.07,2026-08-12T06:22:07,28.616919,77.230895,1,2026-08-12T06:35:43,ATM_HDFC_007,6.22
TXN-0006172,ACC_NORM_1593,ACC_NORM_2520,16694.91,2026-08-12T06:30:45,,,0,,,
TXN-0006173,ACC_NORM_1818,ACC_NORM_1360,1947.61,2026-08-12T06:39:23,,,0,,,
TXN-0006174,ACC_NORM_1296,ACC_NORM_1496,17635.16,2026-08-12T06:48:02,,,0,,,
TXN-0006175,ACC_NORM_2963,ACC_NORM_1195,3219.64,2026-08-12T06:56:40,,,0,,,
TXN-0006176,ACC_MULE_0242,ACC_MULE_0237,57576.34,2026-08-12T07:05:19,28.719482,77.123662,2,2026-08-12T07:18:02,ATM_ICICI_142,5.7
TXN-0006177,ACC_NORM_2397,ACC_NORM_1922,12297.25,2026-08-12T07:13:57,,,0,,,
TXN-0006178,ACC_NORM_1653,ACC_NORM_1532,10392.24,2026-08-12T07:22:35,,,0,,,
TXN-0006179,ACC_NORM_0645,ACC_NORM_2212,20679.73,2026-08-12T07:31:14,,,0,,,
TXN-0006180,ACC_NORM_0744,ACC_NORM_2585,1641.87,2026-08-12T07:39:52,,,0,,,
TXN-0006181,ACC_NORM_0003,ACC_NORM_2948,10282.09,2026-08-12T07:48:31,,,0,,,
TXN-0006182,ACC_NORM_0250,ACC_NORM_2855,24607.05,2026-08-12T07:57:09,,,0,,,
TXN-0006183,ACC_NORM_1992,ACC_NORM_0466,3676.52,2026-08-12T08:05:47,,,0,,,
TXN-0006184,ACC_VIC_0371,ACC_MULE_0380,191981.69,2026-08-12T08:14:26,28.664816,77.303257,1,2026-08-12T08:36:46,ATM_HDFC_170,6.2
TXN-0006185,ACC_NORM_1409,ACC_NORM_1287,10448.3,2026-08-12T08:23:04,,,0,,,
TXN-0006186,ACC_NORM_2219,ACC_NORM_1117,2172.56,2026-08-12T08:31:43,,,0,,,
TXN-0006187,ACC_VIC_0664,ACC_MULE_0058,233688.25,2026-08-12T08:40:21,28.540632,77.198499,1,2026-08-12T08:58:40,ATM_ICICI_087,2.06
TXN-0006188,ACC_NORM_0349,ACC_NORM_0530,23259.48,2026-08-12T08:48:59,,,0,,,
TXN-0006189,ACC_MULE_0462,ACC_MULE_0223,85043.33,2026-08-12T08:57:38,28.524674,77.142401,2,2026-08-12T09:13:35,ATM_HDFC_097,3.18
TXN-0006190,ACC_VIC_0094,ACC_MULE_0375,106680.76,2026-08-12T09:06:16,28.529185,77.224222,1,2026-08-12T09:24:32,ATM_HDFC_086,4.41
TXN-0006191,ACC_NORM_1261,ACC_NORM_2021,9619.01,2026-08-12T09:14:55,,,0,,,
TXN-0006192,ACC_NORM_0168,ACC_NORM_0297,15744.83,2026-08-12T09:23:33,,,0,,,
TXN-0006193,ACC_NORM_0640,ACC_NORM_2598,22055.5,2026-08-12T09:32:11,,,0,,,
TXN-0006194,ACC_NORM_1567,ACC_NORM_1538,17018.13,2026-08-12T09:40:50,,,0,,,
TXN-0006195,ACC_VIC_0176,ACC_MULE_0447,215960.79,2026-08-12T09:49:28,28.673019,77.29684,1,2026-08-12T10:11:23,ATM_UBI_165,4.93
TXN-0006196,ACC_NORM_0424,ACC_NORM_1890,22084.64,2026-08-12T09:58:07,,,0,,,
TXN-0006197,ACC_NORM_0927,ACC_NORM_1524,18517.35,2026-08-12T10:06:45,,,0,,,
TXN-0006198,ACC_VIC_0114,ACC_MULE_0214,71468.7,2026-08-12T10:15:23,28.708835,77.129734,1,2026-08-12T10:32:49,ATM_ICICI_142,3.33
TXN-0006199,ACC_NORM_2534,ACC_NORM_0285,24490.08,2026-08-12T10:24:02,,,0,,,
TXN-0006200,ACC_MULE_0083,ACC_MULE_0336,149389.9,2026-08-12T10:32:40,28.624148,77.293549,2,2026-08-12T10:44:02,ATM_UBI_150,2.06
TXN-0006201,ACC_NORM_1207,ACC_NORM_1866,1369.46,2026-08-12T10:41:19,,,0,,,
TXN-0006202,ACC_VIC_0388,ACC_MULE_0158,50794.24,2026-08-12T10:49:57,28.546806,77.142704,1,,,
TXN-0006203,ACC_NORM_0809,ACC_NORM_2035,21537.96,2026-08-12T10:58:35,,,0,,,
TXN-0006204,ACC_VIC_1278,ACC_MULE_0377,118843.02,2026-08-12T11:07:14,28.702835,77.110877,1,2026-08-12T11:23:30,ATM_ICICI_134,1.99
TXN-0006205,ACC_NORM_1463,ACC_NORM_2244,2553.56,2026-08-12T11:15:52,,,0,,,
TXN-0006206,ACC_MULE_0532,ACC_MULE_0454,67001.99,2026-08-12T11:24:31,28.608527,77.299857,2,2026-08-12T11:43:11,ATM_PNB_160,5.84
TXN-0006207,ACC_NORM_0368,ACC_NORM_0567,1063.3,2026-08-12T11:33:09,,,0,,,
TXN-0006208,ACC_NORM_2409,ACC_NORM_0301,1170.49,2026-08-12T11:41:47,,,0,,,
TXN-0006209,ACC_MULE_0156,ACC_MULE_0191,61947.7,2026-08-12T11:50:26,28.692562,77.122989,2,2026-08-12T12:01:29,ATM_HDFC_131,1.82
TXN-0006210,ACC_VIC_0250,ACC_MULE_0289,84770.96,2026-08-12T11:59:04,28.538686,77.248243,1,2026-08-12T12:08:25,ATM_ICICI_068,0.63
TXN-0006211,ACC_VIC_0540,ACC_MULE_0302,130837.94,2026-08-12T12:07:43,28.71834,77.120332,1,2026-08-12T12:30:05,ATM_ICICI_142,5.29
TXN-0006212,ACC_VIC_0380,ACC_MULE_0215,54224.05,2026-08-12T12:16:21,28.642308,77.202765,1,2026-08-12T12:30:53,ATM_UBI_016,3.52
TXN-0006213,ACC_NORM_1522,ACC_NORM_2180,3877.56,2026-08-12T12:24:59,,,0,,,
TXN-0006214,ACC_NORM_1143,ACC_NORM_2479,11642.31,2026-08-12T12:33:38,,,0,,,
TXN-0006215,ACC_VIC_0039,ACC_MULE_0448,62149.1,2026-08-12T12:42:16,28.534318,77.238473,1,2026-08-12T13:00:07,ATM_PNB_064,4.14
TXN-0006216,ACC_NORM_1620,ACC_NORM_1681,14937.88,2026-08-12T12:50:55,,,0,,,
TXN-0006217,ACC_NORM_1770,ACC_NORM_1868,6393.87,2026-08-12T12:59:33,,,0,,,
TXN-0006218,ACC_NORM_0941,ACC_NORM_2049,23655.74,2026-08-12T13:08:11,,,0,,,
TXN-0006219,ACC_NORM_1329,ACC_NORM_1793,16458.43,2026-08-12T13:16:50,,,0,,,
TXN-0006220,ACC_MULE_0409,ACC_MULE_0509,210377.37,2026-08-12T13:25:28,28.567136,77.252322,2,,,
TXN-0006221,ACC_NORM_0264,ACC_NORM_0198,8751.92,2026-08-12T13:34:07,,,0,,,
TXN-0006222,ACC_NORM_0189,ACC_NORM_1826,8948.03,2026-08-12T13:42:45,,,0,,,
TXN-0006223,ACC_NORM_1094,ACC_NORM_1535,2588.28,2026-08-12T13:51:23,,,0,,,
TXN-0006224,ACC_VIC_0284,ACC_MULE_0343,199682.37,2026-08-12T14:00:02,28.641875,77.323013,1,2026-08-12T14:24:05,ATM_BOB_152,8.88
TXN-0006225,ACC_VIC_0523,ACC_MULE_0256,247697.0,2026-08-12T14:08:40,28.658249,77.173416,1,,,
TXN-0006226,ACC_NORM_1949,ACC_NORM_0811,24235.02,2026-08-12T14:17:19,,,0,,,
TXN-0006227,ACC_VIC_1416,ACC_MULE_0216,147050.86,2026-08-12T14:25:57,28.710252,77.123284,1,2026-08-12T14:50:21,ATM_UBI_139,3.33
TXN-0006228,ACC_NORM_0930,ACC_NORM_2086,19423.35,2026-08-12T14:34:35,,,0,,,
TXN-0006229,ACC_NORM_2489,ACC_NORM_1114,12613.11,2026-08-12T14:43:14,,,0,,,
TXN-0006230,ACC_VIC_1101,ACC_MULE_0330,188665.37,2026-08-12T14:51:52,28.561635,77.261392,1,2026-08-12T15:04:59,ATM_PNB_052,3.87
TXN-0006231,ACC_VIC_0343,ACC_MULE_0405,170110.08,2026-08-12T15:00:31,28.535843,77.142127,1,2026-08-12T15:16:44,ATM_BOB_094,4.86
TXN-0006232,ACC_VIC_0883,ACC_MULE_0094,222524.76,2026-08-12T15:09:09,28.568919,77.257325,1,2026-08-12T15:31:41,ATM_PNB_052,2.57
TXN-0006233,ACC_MULE_0221,ACC_MULE_0005,129496.31,2026-08-12T15:17:47,28.582553,77.239595,2,2026-08-12T15:32:47,ATM_PNB_052,5.85
TXN-0006234,ACC_NORM_2094,ACC_NORM_2259,17747.55,2026-08-12T15:26:26,,,0,,,
TXN-0006235,ACC_VIC_0557,ACC_MULE_0114,225480.32,2026-08-12T15:35:04,28.616054,77.317915,1,2026-08-12T15:50:51,ATM_PNB_160,9.72
TXN-0006236,ACC_MULE_0480,ACC_MULE_0187,55607.08,2026-08-12T15:43:43,28.669442,77.179095,2,2026-08-12T15:58:58,ATM_BOB_012,5.1
TXN-0006237,ACC_NORM_1383,ACC_NORM_2612,6553.04,2026-08-12T15:52:21,,,0,,,
TXN-0006238,ACC_NORM_1109,ACC_NORM_0527,20736.95,2026-08-12T16:00:59,,,0,,,
TXN-0006239,ACC_NORM_0644,ACC_NORM_0045,21914.74,2026-08-12T16:09:38,,,0,,,
TXN-0006240,ACC_NORM_2227,ACC_NORM_0289,3753.75,2026-08-12T16:18:16,,,0,,,
TXN-0006241,ACC_MULE_0433,ACC_MULE_0308,230621.92,2026-08-12T16:26:55,28.628876,77.309839,2,2026-08-12T16:41:11,ATM_BOB_146,3.02
TXN-0006242,ACC_NORM_2868,ACC_NORM_2756,9415.95,2026-08-12T16:35:33,,,0,,,
TXN-0006243,ACC_VIC_1046,ACC_MULE_0346,167658.29,2026-08-12T16:44:11,28.613147,77.329567,1,2026-08-12T17:02:18,ATM_BOB_146,8.08
TXN-0006244,ACC_NORM_2687,ACC_NORM_2832,812.29,2026-08-12T16:52:50,,,0,,,
TXN-0006245,ACC_NORM_1102,ACC_NORM_2795,9090.39,2026-08-12T17:01:28,,,0,,,
TXN-0006246,ACC_NORM_1650,ACC_NORM_2374,14680.83,2026-08-12T17:10:07,,,0,,,
TXN-0006247,ACC_VIC_0102,ACC_MULE_0457,206945.8,2026-08-12T17:18:45,28.722961,77.11012,1,,,
TXN-0006248,ACC_VIC_0199,ACC_MULE_0552,137341.69,2026-08-12T17:27:23,28.664857,77.29072,1,2026-08-12T17:38:06,ATM_BOB_167,2.09
TXN-0006249,ACC_VIC_1177,ACC_MULE_0179,141606.41,2026-08-12T17:36:02,28.534464,77.211713,1,2026-08-12T17:53:13,ATM_ICICI_087,3.0
TXN-0006250,ACC_MULE_0260,ACC_MULE_0341,63569.17,2026-08-12T17:44:40,28.613924,77.221086,2,2026-08-12T18:07:48,ATM_HDFC_154,14.02
TXN-0006251,ACC_VIC_0677,ACC_MULE_0277,157132.78,2026-08-12T17:53:19,28.556758,77.2502,1,,,
TXN-0006252,ACC_NORM_2425,ACC_NORM_0012,1452.99,2026-08-12T18:01:57,,,0,,,
TXN-0006253,ACC_NORM_2184,ACC_NORM_2376,6052.45,2026-08-12T18:10:35,,,0,,,
TXN-0006254,ACC_VIC_0003,ACC_MULE_0400,145963.96,2026-08-12T18:19:14,28.637563,77.319463,1,2026-08-12T18:51:53,ATM_PNB_160,11.55
TXN-0006255,ACC_NORM_0795,ACC_NORM_2612,14722.49,2026-08-12T18:27:52,,,0,,,
TXN-0006256,ACC_NORM_2870,ACC_NORM_0339,16908.39,2026-08-12T18:36:31,,,0,,,
TXN-0006257,ACC_NORM_0616,ACC_NORM_1436,11488.71,2026-08-12T18:45:09,,,0,,,
TXN-0006258,ACC_NORM_1852,ACC_NORM_0780,20247.06,2026-08-12T18:53:47,,,0,,,
TXN-0006259,ACC_NORM_2441,ACC_NORM_1550,1662.09,2026-08-12T19:02:26,,,0,,,
TXN-0006260,ACC_NORM_2356,ACC_NORM_2570,9339.11,2026-08-12T19:11:04,,,0,,,
TXN-0006261,ACC_NORM_2951,ACC_NORM_0574,1078.7,2026-08-12T19:19:43,,,0,,,
TXN-0006262,ACC_MULE_0575,ACC_MULE_0155,101152.48,2026-08-12T19:28:21,28.642411,77.234861,2,2026-08-12T19:46:31,ATM_HDFC_154,12.1
TXN-0006263,ACC_VIC_0379,ACC_MULE_0423,127436.86,2026-08-12T19:36:59,28.651031,77.188441,1,2026-08-12T19:47:59,ATM_UBI_016,1.65
TXN-0006264,ACC_VIC_0678,ACC_MULE_0367,246128.95,2026-08-12T19:45:38,28.685441,77.275268,1,2026-08-12T20:02:45,ATM_BOB_163,4.6
TXN-0006265,ACC_NORM_2792,ACC_NORM_2422,21874.47,2026-08-12T19:54:16,,,0,,,
TXN-0006266,ACC_NORM_1589,ACC_NORM_0445,15719.29,2026-08-12T20:02:55,,,0,,,
TXN-0006267,ACC_MULE_0352,ACC_MULE_0573,227978.78,2026-08-12T20:11:33,28.632598,77.291468,2,,,
TXN-0006268,ACC_VIC_0442,ACC_MULE_0559,243527.33,2026-08-12T20:20:11,28.64573,77.206167,1,2026-08-12T20:31:41,ATM_BOB_012,6.12
TXN-0006269,ACC_NORM_1524,ACC_NORM_0397,22973.1,2026-08-12T20:28:50,,,0,,,
TXN-0006270,ACC_NORM_2819,ACC_NORM_2796,17166.43,2026-08-12T20:37:28,,,0,,,
TXN-0006271,ACC_NORM_2748,ACC_NORM_1237,16739.69,2026-08-12T20:46:07,,,0,,,
TXN-0006272,ACC_NORM_1518,ACC_NORM_1930,10364.0,2026-08-12T20:54:45,,,0,,,
TXN-0006273,ACC_NORM_0351,ACC_NORM_1874,18507.38,2026-08-12T21:03:23,,,0,,,
TXN-0006274,ACC_NORM_2011,ACC_NORM_0869,11923.98,2026-08-12T21:12:02,,,0,,,
TXN-0006275,ACC_NORM_1427,ACC_NORM_0704,19464.97,2026-08-12T21:20:40,,,0,,,
TXN-0006276,ACC_NORM_1755,ACC_NORM_0439,23628.81,2026-08-12T21:29:19,,,0,,,
TXN-0006277,ACC_NORM_2438,ACC_NORM_0745,10953.47,2026-08-12T21:37:57,,,0,,,
TXN-0006278,ACC_MULE_0067,ACC_MULE_0336,191125.39,2026-08-12T21:46:35,28.624148,77.293549,2,2026-08-12T21:57:56,ATM_UBI_150,2.06
TXN-0006279,ACC_MULE_0226,ACC_MULE_0349,199978.75,2026-08-12T21:55:14,28.73,77.111048,2,2026-08-12T22:03:27,ATM_UBI_139,4.54
TXN-0006280,ACC_NORM_0754,ACC_NORM_2836,12708.9,2026-08-12T22:03:52,,,0,,,
TXN-0006281,ACC_VIC_1451,ACC_MULE_0176,227634.89,2026-08-12T22:12:31,28.577166,77.251892,1,2026-08-12T22:31:14,ATM_PNB_052,3.63
TXN-0006282,ACC_NORM_0900,ACC_NORM_1983,21484.35,2026-08-12T22:21:09,,,0,,,
TXN-0006283,ACC_NORM_1680,ACC_NORM_0127,21099.95,2026-08-12T22:29:47,,,0,,,
TXN-0006284,ACC_MULE_0255,ACC_MULE_0086,188985.8,2026-08-12T22:38:26,28.635581,77.285281,2,,,
TXN-0006285,ACC_NORM_0749,ACC_NORM_2323,14514.79,2026-08-12T22:47:04,,,0,,,
TXN-0006286,ACC_NORM_1985,ACC_NORM_2075,4192.69,2026-08-12T22:55:43,,,0,,,
TXN-0006287,ACC_NORM_2324,ACC_NORM_0980,14120.15,2026-08-12T23:04:21,,,0,,,
TXN-0006288,ACC_NORM_1082,ACC_NORM_2547,5526.72,2026-08-12T23:12:59,,,0,,,
TXN-0006289,ACC_NORM_2799,ACC_NORM_2189,5451.96,2026-08-12T23:21:38,,,0,,,
TXN-0006290,ACC_NORM_0642,ACC_NORM_2191,24034.8,2026-08-12T23:30:16,,,0,,,
TXN-0006291,ACC_NORM_2589,ACC_NORM_0218,8165.39,2026-08-12T23:38:55,,,0,,,
TXN-0006292,ACC_NORM_1520,ACC_NORM_2821,23275.8,2026-08-12T23:47:33,,,0,,,
TXN-0006293,ACC_NORM_1945,ACC_NORM_0523,19325.68,2026-08-12T23:56:11,,,0,,,
TXN-0006294,ACC_MULE_0049,ACC_MULE_0283,196670.97,2026-08-13T00:04:50,28.680518,77.273289,2,,,
TXN-0006295,ACC_VIC_1310,ACC_MULE_0320,87268.67,2026-08-13T00:13:28,28.697783,77.111569,1,2026-08-13T00:32:14,ATM_ICICI_142,2.96
TXN-0006296,ACC_NORM_0893,ACC_NORM_0288,20623.85,2026-08-13T00:22:07,,,0,,,
TXN-0006297,ACC_VIC_0636,ACC_MULE_0016,204091.12,2026-08-13T00:30:45,28.584076,77.227153,1,,,
TXN-0006298,ACC_NORM_0640,ACC_NORM_0247,10956.9,2026-08-13T00:39:23,,,0,,,
TXN-0006299,ACC_MULE_0448,ACC_MULE_0237,135793.09,2026-08-13T00:48:02,28.719482,77.123662,2,2026-08-13T01:05:34,ATM_HDFC_131,7.44
TXN-0006300,ACC_NORM_0190,ACC_NORM_2960,8933.64,2026-08-13T00:56:40,,,0,,,
TXN-0006301,ACC_NORM_2111,ACC_NORM_0402,1044.84,2026-08-13T01:05:19,,,0,,,
TXN-0006302,ACC_MULE_0417,ACC_MULE_0259,80395.28,2026-08-13T01:13:57,28.629945,77.334516,2,2026-08-13T01:29:39,ATM_UBI_150,9.72
TXN-0006303,ACC_NORM_2713,ACC_NORM_2190,21023.48,2026-08-13T01:22:35,,,0,,,
TXN-0006304,ACC_NORM_2096,ACC_NORM_0820,15945.5,2026-08-13T01:31:14,,,0,,,
TXN-0006305,ACC_VIC_0086,ACC_MULE_0391,105611.43,2026-08-13T01:39:52,28.613544,77.289368,1,2026-08-13T01:46:58,ATM_PNB_160,2.59
TXN-0006306,ACC_VIC_0386,ACC_MULE_0021,180276.59,2026-08-13T01:48:31,28.546984,77.25104,1,,,
TXN-0006307,ACC_VIC_0603,ACC_MULE_0314,191477.25,2026-08-13T01:57:09,28.670647,77.306933,1,2026-08-13T02:20:02,ATM_HDFC_170,6.1
TXN-0006308,ACC_VIC_0566,ACC_MULE_0345,138319.46,2026-08-13T02:05:47,28.695081,77.130814,1,2026-08-13T02:14:37,ATM_KOTAK_138,1.44
TXN-0006309,ACC_MULE_0455,ACC_MULE_0392,229001.84,2026-08-13T02:14:26,28.531446,77.24032,2,2026-08-13T02:25:05,ATM_PNB_064,5.17
TXN-0006310,ACC_NORM_1640,ACC_NORM_1456,613.84,2026-08-13T02:23:04,,,0,,,
TXN-0006311,ACC_NORM_1948,ACC_NORM_1792,7247.57,2026-08-13T02:31:43,,,0,,,
TXN-0006312,ACC_NORM_1456,ACC_NORM_0804,22390.84,2026-08-13T02:40:21,,,0,,,
TXN-0006313,ACC_MULE_0499,ACC_MULE_0205,153640.02,2026-08-13T02:48:59,28.601069,77.335143,2,,,
TXN-0006314,ACC_MULE_0096,ACC_MULE_0581,96754.3,2026-08-13T02:57:38,28.664761,77.281279,2,2026-08-13T03:08:26,ATM_HDFC_170,4.42
TXN-0006315,ACC_VIC_1440,ACC_MULE_0435,198082.59,2026-08-13T03:06:16,28.627355,77.322151,1,2026-08-13T03:19:01,ATM_UBI_150,6.13
TXN-0006316,ACC_VIC_0166,ACC_MULE_0032,176993.36,2026-08-13T03:14:55,28.547107,77.223341,1,2026-08-13T03:25:16,ATM_PNB_064,1.8
TXN-0006317,ACC_NORM_1984,ACC_NORM_2995,17375.66,2026-08-13T03:23:33,,,0,,,
TXN-0006318,ACC_NORM_1888,ACC_NORM_1186,12737.29,2026-08-13T03:32:11,,,0,,,
TXN-0006319,ACC_NORM_2945,ACC_NORM_1303,12625.17,2026-08-13T03:40:50,,,0,,,
TXN-0006320,ACC_NORM_2480,ACC_NORM_2571,17020.36,2026-08-13T03:49:28,,,0,,,
TXN-0006321,ACC_VIC_1448,ACC_MULE_0052,188772.29,2026-08-13T03:58:07,28.702431,77.095115,1,,,
TXN-0006322,ACC_NORM_0487,ACC_NORM_1566,7400.79,2026-08-13T04:06:45,,,0,,,
TXN-0006323,ACC_MULE_0300,ACC_MULE_0038,159537.69,2026-08-13T04:15:23,28.57375,77.235547,2,2026-08-13T04:26:26,ATM_PNB_052,4.45
TXN-0006324,ACC_NORM_2732,ACC_NORM_0365,18294.93,2026-08-13T04:24:02,,,0,,,
TXN-0006325,ACC_NORM_2344,ACC_NORM_2711,13746.02,2026-08-13T04:32:40,,,0,,,
TXN-0006326,ACC_NORM_2585,ACC_NORM_2989,13823.64,2026-08-13T04:41:19,,,0,,,
TXN-0006327,ACC_NORM_0167,ACC_NORM_1300,19176.41,2026-08-13T04:49:57,,,0,,,
TXN-0006328,ACC_NORM_1422,ACC_NORM_2630,4999.69,2026-08-13T04:58:35,,,0,,,
TXN-0006329,ACC_MULE_0494,ACC_MULE_0072,66623.2,2026-08-13T05:07:14,28.611247,77.285614,2,2026-08-13T05:14:40,ATM_PNB_160,2.85
TXN-0006330,ACC_NORM_0667,ACC_NORM_0056,14989.05,2026-08-13T05:15:52,,,0,,,
TXN-0006331,ACC_NORM_0484,ACC_NORM_0103,16352.58,2026-08-13T05:24:31,,,0,,,
TXN-0006332,ACC_VIC_1486,ACC_MULE_0369,75290.26,2026-08-13T05:33:09,28.576713,77.23447,1,,,
TXN-0006333,ACC_NORM_2079,ACC_NORM_0844,16598.7,2026-08-13T05:41:47,,,0,,,
TXN-0006334,ACC_NORM_0155,ACC_NORM_2333,6405.89,2026-08-13T05:50:26,,,0,,,
TXN-0006335,ACC_NORM_2262,ACC_NORM_0681,20192.66,2026-08-13T05:59:04,,,0,,,
TXN-0006336,ACC_NORM_1664,ACC_NORM_2745,24523.27,2026-08-13T06:07:43,,,0,,,
TXN-0006337,ACC_VIC_0543,ACC_MULE_0402,196151.55,2026-08-13T06:16:21,28.656316,77.30534,1,2026-08-13T06:34:10,ATM_HDFC_170,8.61
TXN-0006338,ACC_NORM_2564,ACC_NORM_1008,24707.46,2026-08-13T06:24:59,,,0,,,
TXN-0006339,ACC_NORM_2401,ACC_NORM_2506,12283.15,2026-08-13T06:33:38,,,0,,,
TXN-0006340,ACC_NORM_1420,ACC_NORM_0170,19647.17,2026-08-13T06:42:16,,,0,,,
TXN-0006341,ACC_MULE_0121,ACC_MULE_0191,128517.85,2026-08-13T06:50:55,28.692562,77.122989,2,2026-08-13T07:04:00,ATM_HDFC_130,2.7
TXN-0006342,ACC_VIC_0865,ACC_MULE_0365,111497.55,2026-08-13T06:59:33,28.689727,77.274274,1,2026-08-13T07:25:27,ATM_HDFC_170,5.27
TXN-0006343,ACC_VIC_0195,ACC_MULE_0345,183894.91,2026-08-13T07:08:11,28.695081,77.130814,1,2026-08-13T07:26:59,ATM_ICICI_142,3.55
TXN-0006344,ACC_NORM_0897,ACC_NORM_1213,14110.27,2026-08-13T07:16:50,,,0,,,
TXN-0006345,ACC_NORM_0924,ACC_NORM_0249,24952.5,2026-08-13T07:25:28,,,0,,,
TXN-0006346,ACC_VIC_1314,ACC_MULE_0298,138996.08,2026-08-13T07:34:07,28.51747,77.192051,1,2026-08-13T07:49:42,ATM_ICICI_087,6.08
TXN-0006347,ACC_NORM_1694,ACC_NORM_0362,21062.72,2026-08-13T07:42:45,,,0,,,
TXN-0006348,ACC_VIC_1341,ACC_MULE_0127,83843.6,2026-08-13T07:51:23,28.623299,77.328534,1,2026-08-13T08:04:36,ATM_BOB_146,7.3
TXN-0006349,ACC_MULE_0067,ACC_MULE_0125,53358.15,2026-08-13T08:00:02,28.555925,77.15922,2,2026-08-13T08:19:00,ATM_BOB_094,11.76
TXN-0006350,ACC_VIC_1173,ACC_MULE_0370,219744.84,2026-08-13T08:08:40,28.616595,77.311886,1,2026-08-13T08:17:26,ATM_UBI_150,3.88
TXN-0006351,ACC_NORM_1952,ACC_NORM_1240,14241.08,2026-08-13T08:17:19,,,0,,,
TXN-0006352,ACC_NORM_2545,ACC_NORM_2089,10452.74,2026-08-13T08:25:57,,,0,,,
TXN-0006353,ACC_NORM_1633,ACC_NORM_2516,19773.69,2026-08-13T08:34:35,,,0,,,
TXN-0006354,ACC_NORM_2032,ACC_NORM_1058,8988.54,2026-08-13T08:43:14,,,0,,,
TXN-0006355,ACC_VIC_1121,ACC_MULE_0238,127232.54,2026-08-13T08:51:52,28.554033,77.261672,1,2026-08-13T09:20:39,ATM_ICICI_087,18.22
TXN-0006356,ACC_NORM_0771,ACC_NORM_0588,23025.7,2026-08-13T09:00:31,,,0,,,
TXN-0006357,ACC_NORM_2388,ACC_NORM_1908,12541.8,2026-08-13T09:09:09,,,0,,,
TXN-0006358,ACC_NORM_2888,ACC_NORM_2269,15717.22,2026-08-13T09:17:47,,,0,,,
TXN-0006359,ACC_MULE_0586,ACC_MULE_0356,175706.31,2026-08-13T09:26:26,28.706895,77.124282,2,2026-08-13T09:42:56,ATM_HDFC_130,1.93
TXN-0006360,ACC_NORM_1885,ACC_NORM_2778,20851.08,2026-08-13T09:35:04,,,0,,,
TXN-0006361,ACC_VIC_0717,ACC_MULE_0334,229982.1,2026-08-13T09:43:43,28.526225,77.192776,1,2026-08-13T10:17:06,ATM_ICICI_087,3.58
TXN-0006362,ACC_VIC_1130,ACC_MULE_0354,209324.81,2026-08-13T09:52:21,28.720119,77.104607,1,,,
TXN-0006363,ACC_NORM_2897,ACC_NORM_0798,21825.39,2026-08-13T10:00:59,,,0,,,
TXN-0006364,ACC_NORM_0704,ACC_NORM_1358,940.45,2026-08-13T10:09:38,,,0,,,
TXN-0006365,ACC_VIC_0095,ACC_MULE_0046,77297.55,2026-08-13T10:18:16,28.550652,77.232278,1,2026-08-13T10:38:02,ATM_ICICI_068,5.42
TXN-0006366,ACC_NORM_1167,ACC_NORM_0040,14994.64,2026-08-13T10:26:55,,,0,,,
TXN-0006367,ACC_MULE_0530,ACC_MULE_0061,176473.74,2026-08-13T10:35:33,28.628233,77.308638,2,2026-08-13T10:47:30,ATM_UBI_150,2.63
TXN-0006368,ACC_VIC_0890,ACC_MULE_0514,195856.04,2026-08-13T10:44:11,28.519059,77.220631,1,2026-08-13T11:10:45,ATM_ICICI_087,7.46
TXN-0006369,ACC_NORM_0836,ACC_NORM_2565,13689.29,2026-08-13T10:52:50,,,0,,,
TXN-0006370,ACC_NORM_1614,ACC_NORM_0433,11078.28,2026-08-13T11:01:28,,,0,,,
TXN-0006371,ACC_MULE_0154,ACC_MULE_0044,157641.89,2026-08-13T11:10:07,28.608768,77.327906,2,2026-08-13T11:34:09,ATM_BOB_153,10.52
TXN-0006372,ACC_NORM_2319,ACC_NORM_1421,8017.67,2026-08-13T11:18:45,,,0,,,
TXN-0006373,ACC_NORM_0986,ACC_NORM_2507,11418.33,2026-08-13T11:27:23,,,0,,,
TXN-0006374,ACC_NORM_1189,ACC_NORM_0013,16098.21,2026-08-13T11:36:02,,,0,,,
TXN-0006375,ACC_NORM_0259,ACC_NORM_1531,7249.61,2026-08-13T11:44:40,,,0,,,
TXN-0006376,ACC_VIC_0835,ACC_MULE_0253,237062.76,2026-08-13T11:53:19,28.600625,77.319051,1,2026-08-13T12:24:35,ATM_AXIS_179,12.54
TXN-0006377,ACC_VIC_0728,ACC_MULE_0466,194023.01,2026-08-13T12:01:57,28.642823,77.208144,1,2026-08-13T12:16:27,ATM_ICICI_018,6.43
TXN-0006378,ACC_NORM_2434,ACC_NORM_0364,15074.98,2026-08-13T12:10:35,,,0,,,
TXN-0006379,ACC_NORM_1097,ACC_NORM_2760,20458.06,2026-08-13T12:19:14,,,0,,,
TXN-0006380,ACC_NORM_2934,ACC_NORM_2729,20963.04,2026-08-13T12:27:52,,,0,,,
TXN-0006381,ACC_NORM_2101,ACC_NORM_0124,7441.32,2026-08-13T12:36:31,,,0,,,
TXN-0006382,ACC_NORM_0760,ACC_NORM_0212,19830.0,2026-08-13T12:45:09,,,0,,,
TXN-0006383,ACC_NORM_0168,ACC_NORM_0553,18811.4,2026-08-13T12:53:47,,,0,,,
TXN-0006384,ACC_VIC_1046,ACC_MULE_0230,138572.38,2026-08-13T13:02:26,28.727179,77.129184,1,2026-08-13T13:17:23,ATM_UBI_139,5.68
TXN-0006385,ACC_NORM_1819,ACC_NORM_0004,5713.82,2026-08-13T13:11:04,,,0,,,
TXN-0006386,ACC_NORM_2586,ACC_NORM_0965,2510.68,2026-08-13T13:19:43,,,0,,,
TXN-0006387,ACC_VIC_0520,ACC_MULE_0235,239392.66,2026-08-13T13:28:21,28.62328,77.208833,1,,,
TXN-0006388,ACC_NORM_1730,ACC_NORM_1170,3876.99,2026-08-13T13:36:59,,,0,,,
TXN-0006389,ACC_VIC_1054,ACC_MULE_0148,185406.49,2026-08-13T13:45:38,28.628464,77.3112,1,2026-08-13T14:04:01,ATM_BOB_146,3.2
TXN-0006390,ACC_NORM_2648,ACC_NORM_2688,11273.96,2026-08-13T13:54:16,,,0,,,
TXN-0006391,ACC_NORM_2559,ACC_NORM_2891,8537.71,2026-08-13T14:02:55,,,0,,,
TXN-0006392,ACC_VIC_0257,ACC_MULE_0311,99036.17,2026-08-13T14:11:33,28.621302,77.339561,1,2026-08-13T14:51:40,ATM_UBI_150,10.96
TXN-0006393,ACC_NORM_1222,ACC_NORM_0737,8842.59,2026-08-13T14:20:11,,,0,,,
TXN-0006394,ACC_NORM_1723,ACC_NORM_1079,11362.39,2026-08-13T14:28:50,,,0,,,
TXN-0006395,ACC_VIC_1141,ACC_MULE_0363,99645.24,2026-08-13T14:37:28,28.707736,77.11631,1,,,
TXN-0006396,ACC_NORM_2872,ACC_NORM_1233,11028.07,2026-08-13T14:46:07,,,0,,,
TXN-0006397,ACC_VIC_1198,ACC_MULE_0207,241528.22,2026-08-13T14:54:45,28.61187,77.290621,1,,,
TXN-0006398,ACC_VIC_0457,ACC_MULE_0419,196419.99,2026-08-13T15:03:23,28.607984,77.055055,1,2026-08-13T15:14:51,ATM_AXIS_101,5.39
TXN-0006399,ACC_NORM_2682,ACC_NORM_0801,20413.93,2026-08-13T15:12:02,,,0,,,
TXN-0006400,ACC_MULE_0224,ACC_MULE_0171,197641.77,2026-08-13T15:20:40,28.592727,77.051001,2,2026-08-13T15:28:59,ATM_AXIS_103,0.94
TXN-0006401,ACC_MULE_0419,ACC_MULE_0352,207605.42,2026-08-13T15:29:19,28.543881,77.135483,2,2026-08-13T15:52:39,ATM_BOB_094,7.91
TXN-0006402,ACC_NORM_2708,ACC_NORM_0043,16082.4,2026-08-13T15:37:57,,,0,,,
TXN-0006403,ACC_NORM_2620,ACC_NORM_1428,20337.83,2026-08-13T15:46:35,,,0,,,
TXN-0006404,ACC_NORM_2756,ACC_NORM_1232,701.83,2026-08-13T15:55:14,,,0,,,
TXN-0006405,ACC_NORM_1293,ACC_NORM_1625,8060.83,2026-08-13T16:03:52,,,0,,,
TXN-0006406,ACC_VIC_0481,ACC_MULE_0520,154756.72,2026-08-13T16:12:31,28.634593,77.310632,1,2026-08-13T16:27:46,ATM_UBI_150,4.45
TXN-0006407,ACC_NORM_0612,ACC_NORM_1835,14970.46,2026-08-13T16:21:09,,,0,,,
TXN-0006408,ACC_VIC_1106,ACC_MULE_0166,133955.7,2026-08-13T16:29:47,28.693343,77.123259,1,,,
TXN-0006409,ACC_NORM_2228,ACC_NORM_0110,11521.08,2026-08-13T16:38:26,,,0,,,
TXN-0006410,ACC_NORM_1368,ACC_NORM_2281,22476.01,2026-08-13T16:47:04,,,0,,,
TXN-0006411,ACC_VIC_0093,ACC_MULE_0334,159417.69,2026-08-13T16:55:43,28.526225,77.192776,1,2026-08-13T17:05:48,ATM_ICICI_087,3.58
TXN-0006412,ACC_NORM_0172,ACC_NORM_1304,4172.7,2026-08-13T17:04:21,,,0,,,
TXN-0006413,ACC_NORM_2845,ACC_NORM_0837,3679.6,2026-08-13T17:12:59,,,0,,,
TXN-0006414,ACC_VIC_1405,ACC_MULE_0460,245643.71,2026-08-13T17:21:38,28.526293,77.23739,1,2026-08-13T17:43:01,ATM_SBI_047,12.05
TXN-0006415,ACC_NORM_2631,ACC_NORM_0850,10470.57,2026-08-13T17:30:16,,,0,,,
TXN-0006416,ACC_NORM_0076,ACC_NORM_2924,5573.4,2026-08-13T17:38:55,,,0,,,
TXN-0006417,ACC_VIC_0216,ACC_MULE_0295,191217.1,2026-08-13T17:47:33,28.540035,77.229206,1,2026-08-13T17:59:00,ATM_ICICI_068,4.77
TXN-0006418,ACC_VIC_0235,ACC_MULE_0589,242123.95,2026-08-13T17:56:11,28.639613,77.199065,1,2026-08-13T18:14:12,ATM_ICICI_004,4.58
TXN-0006419,ACC_NORM_2687,ACC_NORM_0847,12944.43,2026-08-13T18:04:50,,,0,,,
TXN-0006420,ACC_NORM_0208,ACC_NORM_2508,21380.03,2026-08-13T18:13:28,,,0,,,
TXN-0006421,ACC_NORM_1551,ACC_NORM_1394,24070.22,2026-08-13T18:22:07,,,0,,,
TXN-0006422,ACC_NORM_0582,ACC_NORM_2977,8477.82,2026-08-13T18:30:45,,,0,,,
TXN-0006423,ACC_NORM_2761,ACC_NORM_2464,1161.37,2026-08-13T18:39:23,,,0,,,
TXN-0006424,ACC_NORM_2081,ACC_NORM_2468,24819.43,2026-08-13T18:48:02,,,0,,,
TXN-0006425,ACC_MULE_0361,ACC_MULE_0086,84998.58,2026-08-13T18:56:40,28.635581,77.285281,2,2026-08-13T19:14:27,ATM_UBI_150,5.81
TXN-0006426,ACC_NORM_1376,ACC_NORM_1314,15858.74,2026-08-13T19:05:19,,,0,,,
TXN-0006427,ACC_NORM_1555,ACC_NORM_2495,23750.42,2026-08-13T19:13:57,,,0,,,
TXN-0006428,ACC_NORM_1394,ACC_NORM_0837,15207.61,2026-08-13T19:22:35,,,0,,,
TXN-0006429,ACC_VIC_1142,ACC_MULE_0286,139921.52,2026-08-13T19:31:14,28.596603,77.317959,1,,,
TXN-0006430,ACC_VIC_0566,ACC_MULE_0120,249278.08,2026-08-13T19:39:52,28.560001,77.225808,1,2026-08-13T20:07:19,ATM_PNB_062,4.15
TXN-0006431,ACC_NORM_0028,ACC_NORM_1755,13117.44,2026-08-13T19:48:31,,,0,,,
TXN-0006432,ACC_MULE_0244,ACC_MULE_0554,90284.94,2026-08-13T19:57:09,28.63617,77.308748,2,2026-08-13T20:08:12,ATM_BOB_146,4.91
TXN-0006433,ACC_NORM_1122,ACC_NORM_2831,23191.25,2026-08-13T20:05:47,,,0,,,
TXN-0006434,ACC_NORM_0818,ACC_NORM_0300,10215.47,2026-08-13T20:14:26,,,0,,,
TXN-0006435,ACC_NORM_0883,ACC_NORM_2254,24904.81,2026-08-13T20:23:04,,,0,,,
TXN-0006436,ACC_MULE_0324,ACC_MULE_0155,51964.01,2026-08-13T20:31:43,28.642411,77.234861,2,,,
TXN-0006437,ACC_NORM_2666,ACC_NORM_1268,4195.48,2026-08-13T20:40:21,,,0,,,
TXN-0006438,ACC_NORM_0858,ACC_NORM_1990,1145.91,2026-08-13T20:48:59,,,0,,,
TXN-0006439,ACC_NORM_2887,ACC_NORM_1759,10253.83,2026-08-13T20:57:38,,,0,,,
TXN-0006440,ACC_NORM_1899,ACC_NORM_0587,20125.12,2026-08-13T21:06:16,,,0,,,
TXN-0006441,ACC_NORM_0696,ACC_NORM_0859,4067.29,2026-08-13T21:14:55,,,0,,,
TXN-0006442,ACC_VIC_0488,ACC_MULE_0148,107178.21,2026-08-13T21:23:33,28.628464,77.3112,1,,,
TXN-0006443,ACC_VIC_0287,ACC_MULE_0547,73965.78,2026-08-13T21:32:11,28.614921,77.199985,1,2026-08-13T22:01:31,ATM_ICICI_004,4.83
TXN-0006444,ACC_NORM_2589,ACC_NORM_2865,4954.03,2026-08-13T21:40:50,,,0,,,
TXN-0006445,ACC_NORM_0135,ACC_NORM_1750,14835.28,2026-08-13T21:49:28,,,0,,,
TXN-0006446,ACC_NORM_1902,ACC_NORM_1703,16303.94,2026-08-13T21:58:07,,,0,,,
TXN-0006447,ACC_NORM_0232,ACC_NORM_0755,14763.82,2026-08-13T22:06:45,,,0,,,
TXN-0006448,ACC_NORM_2734,ACC_NORM_0531,8603.55,2026-08-13T22:15:23,,,0,,,
TXN-0006449,ACC_NORM_1890,ACC_NORM_1045,20160.59,2026-08-13T22:24:02,,,0,,,
TXN-0006450,ACC_NORM_1496,ACC_NORM_0558,23300.35,2026-08-13T22:32:40,,,0,,,
TXN-0006451,ACC_NORM_2336,ACC_NORM_1353,22299.57,2026-08-13T22:41:19,,,0,,,
TXN-0006452,ACC_VIC_0267,ACC_MULE_0131,151110.16,2026-08-13T22:49:57,28.606603,77.040184,1,2026-08-13T23:00:01,ATM_AXIS_101,1.5
TXN-0006453,ACC_NORM_1512,ACC_NORM_0622,8836.96,2026-08-13T22:58:35,,,0,,,
TXN-0006454,ACC_NORM_2908,ACC_NORM_1188,20129.81,2026-08-13T23:07:14,,,0,,,
TXN-0006455,ACC_VIC_0102,ACC_MULE_0038,58729.52,2026-08-13T23:15:52,28.57375,77.235547,1,2026-08-13T23:36:15,ATM_PNB_052,4.45
TXN-0006456,ACC_NORM_2486,ACC_NORM_2555,22256.49,2026-08-13T23:24:31,,,0,,,
TXN-0006457,ACC_VIC_1230,ACC_MULE_0018,237500.85,2026-08-13T23:33:09,28.577863,77.059964,1,2026-08-13T23:45:09,ATM_PNB_102,3.91
TXN-0006458,ACC_VIC_1061,ACC_MULE_0518,235737.22,2026-08-13T23:41:47,28.534459,77.192434,1,2026-08-13T23:55:33,ATM_ICICI_087,2.44
TXN-0006459,ACC_NORM_2330,ACC_NORM_2084,22831.9,2026-08-13T23:50:26,,,0,,,
TXN-0006460,ACC_NORM_1405,ACC_NORM_1033,17788.44,2026-08-13T23:59:04,,,0,,,
TXN-0006461,ACC_MULE_0421,ACC_MULE_0198,214384.89,2026-08-14T00:07:43,28.521018,77.132706,2,2026-08-14T00:23:26,ATM_UBI_095,3.5
TXN-0006462,ACC_NORM_2855,ACC_NORM_0427,1825.42,2026-08-14T00:16:21,,,0,,,
TXN-0006463,ACC_NORM_1090,ACC_NORM_2958,16178.37,2026-08-14T00:24:59,,,0,,,
TXN-0006464,ACC_NORM_0384,ACC_NORM_1767,17259.72,2026-08-14T00:33:38,,,0,,,
TXN-0006465,ACC_NORM_1349,ACC_NORM_2065,15292.34,2026-08-14T00:42:16,,,0,,,
TXN-0006466,ACC_NORM_0487,ACC_NORM_1986,13085.06,2026-08-14T00:50:55,,,0,,,
TXN-0006467,ACC_MULE_0433,ACC_MULE_0137,62490.99,2026-08-14T00:59:33,28.632054,77.323926,2,2026-08-14T01:10:32,ATM_UBI_150,7.05
TXN-0006468,ACC_NORM_1844,ACC_NORM_2359,10814.17,2026-08-14T01:08:11,,,0,,,
TXN-0006469,ACC_NORM_2515,ACC_NORM_0159,17519.04,2026-08-14T01:16:50,,,0,,,
TXN-0006470,ACC_VIC_1239,ACC_MULE_0406,134971.64,2026-08-14T01:25:28,28.641219,77.286214,1,2026-08-14T01:42:44,ATM_PNB_160,6.87
TXN-0006471,ACC_VIC_0649,ACC_MULE_0201,109435.67,2026-08-14T01:34:07,28.582507,77.063214,1,,,
TXN-0006472,ACC_NORM_2776,ACC_NORM_2106,4481.82,2026-08-14T01:42:45,,,0,,,
TXN-0006473,ACC_NORM_0850,ACC_NORM_2432,18822.28,2026-08-14T01:51:23,,,0,,,
TXN-0006474,ACC_NORM_1783,ACC_NORM_0513,6218.17,2026-08-14T02:00:02,,,0,,,
TXN-0006475,ACC_VIC_0726,ACC_MULE_0465,131904.76,2026-08-14T02:08:40,28.63428,77.230542,1,,,
TXN-0006476,ACC_NORM_2400,ACC_NORM_2423,10873.09,2026-08-14T02:17:19,,,0,,,
TXN-0006477,ACC_NORM_1877,ACC_NORM_1825,23499.69,2026-08-14T02:25:57,,,0,,,
TXN-0006478,ACC_NORM_2035,ACC_NORM_0589,3404.23,2026-08-14T02:34:35,,,0,,,
TXN-0006479,ACC_VIC_0830,ACC_MULE_0342,239095.54,2026-08-14T02:43:14,28.59598,77.066533,1,2026-08-14T02:55:19,ATM_PNB_102,3.68
TXN-0006480,ACC_VIC_0046,ACC_MULE_0099,205090.79,2026-08-14T02:51:52,28.626976,77.312856,1,2026-08-14T03:11:52,ATM_UBI_150,3.55
TXN-0006481,ACC_NORM_1130,ACC_NORM_0530,10672.71,2026-08-14T03:00:31,,,0,,,
TXN-0006482,ACC_NORM_2563,ACC_NORM_1160,1704.07,2026-08-14T03:09:09,,,0,,,
TXN-0006483,ACC_VIC_0687,ACC_MULE_0176,68290.97,2026-08-14T03:17:47,28.577166,77.251892,1,2026-08-14T03:40:17,ATM_PNB_052,3.63
TXN-0006484,ACC_NORM_0051,ACC_NORM_2168,9157.89,2026-08-14T03:26:26,,,0,,,
TXN-0006485,ACC_VIC_0686,ACC_MULE_0258,249069.08,2026-08-14T03:35:04,28.690594,77.305966,1,2026-08-14T04:01:45,ATM_AXIS_169,10.43
TXN-0006486,ACC_NORM_1815,ACC_NORM_2797,17346.41,2026-08-14T03:43:43,,,0,,,
TXN-0006487,ACC_NORM_1147,ACC_NORM_0237,19351.87,2026-08-14T03:52:21,,,0,,,
TXN-0006488,ACC_VIC_1178,ACC_MULE_0100,159118.07,2026-08-14T04:00:59,28.652871,77.232094,1,2026-08-14T04:18:39,ATM_ICICI_004,10.43
TXN-0006489,ACC_MULE_0129,ACC_MULE_0468,118421.78,2026-08-14T04:09:38,28.716727,77.128868,2,,,
TXN-0006490,ACC_NORM_1618,ACC_NORM_1696,2952.26,2026-08-14T04:18:16,,,0,,,
TXN-0006491,ACC_NORM_1058,ACC_NORM_0885,7147.98,2026-08-14T04:26:55,,,0,,,
TXN-0006492,ACC_NORM_0104,ACC_NORM_0938,9400.65,2026-08-14T04:35:33,,,0,,,
TXN-0006493,ACC_VIC_0805,ACC_MULE_0466,65039.22,2026-08-14T04:44:11,28.642823,77.208144,1,2026-08-14T05:05:45,ATM_AXIS_010,6.39
TXN-0006494,ACC_VIC_1038,ACC_MULE_0470,89369.03,2026-08-14T04:52:50,28.549505,77.168189,1,,,
TXN-0006495,ACC_NORM_0427,ACC_NORM_2763,21668.12,2026-08-14T05:01:28,,,0,,,
TXN-0006496,ACC_NORM_2882,ACC_NORM_0151,14830.31,2026-08-14T05:10:07,,,0,,,
TXN-0006497,ACC_NORM_0321,ACC_NORM_1563,20650.23,2026-08-14T05:18:45,,,0,,,
TXN-0006498,ACC_NORM_0956,ACC_NORM_0096,10828.12,2026-08-14T05:27:23,,,0,,,
TXN-0006499,ACC_VIC_0052,ACC_MULE_0324,53500.81,2026-08-14T05:36:02,28.707488,77.101887,1,2026-08-14T05:50:00,ATM_SBI_141,2.62
TXN-0006500,ACC_NORM_2557,ACC_NORM_1335,13260.05,2026-08-14T05:44:40,,,0,,,
TXN-0006501,ACC_NORM_1521,ACC_NORM_1014,13485.46,2026-08-14T05:53:19,,,0,,,
TXN-0006502,ACC_VIC_0679,ACC_MULE_0358,136358.19,2026-08-14T06:01:57,28.570589,77.05818,1,,,
TXN-0006503,ACC_VIC_0285,ACC_MULE_0240,101609.72,2026-08-14T06:10:35,28.516606,77.229962,1,,,
TXN-0006504,ACC_NORM_0985,ACC_NORM_0474,19117.32,2026-08-14T06:19:14,,,0,,,
TXN-0006505,ACC_NORM_0094,ACC_NORM_1723,24750.26,2026-08-14T06:27:52,,,0,,,
TXN-0006506,ACC_NORM_2488,ACC_NORM_2350,20076.13,2026-08-14T06:36:31,,,0,,,
TXN-0006507,ACC_VIC_0333,ACC_MULE_0171,241007.48,2026-08-14T06:45:09,28.592727,77.051001,1,2026-08-14T07:09:27,ATM_AXIS_101,5.18
TXN-0006508,ACC_NORM_1105,ACC_NORM_2586,18622.01,2026-08-14T06:53:47,,,0,,,
TXN-0006509,ACC_NORM_0489,ACC_NORM_0264,19146.08,2026-08-14T07:02:26,,,0,,,
TXN-0006510,ACC_VIC_0304,ACC_MULE_0184,161589.82,2026-08-14T07:11:04,28.648668,77.17126,1,2026-08-14T07:21:54,ATM_SBI_011,2.38
TXN-0006511,ACC_NORM_1228,ACC_NORM_2265,4913.86,2026-08-14T07:19:43,,,0,,,
TXN-0006512,ACC_NORM_0302,ACC_NORM_2471,24216.9,2026-08-14T07:28:21,,,0,,,
TXN-0006513,ACC_VIC_0522,ACC_MULE_0097,102807.16,2026-08-14T07:36:59,28.652815,77.308392,1,2026-08-14T08:11:38,ATM_BOB_155,7.93
TXN-0006514,ACC_NORM_2534,ACC_NORM_2938,2348.33,2026-08-14T07:45:38,,,0,,,
TXN-0006515,ACC_NORM_1407,ACC_NORM_1180,15986.46,2026-08-14T07:54:16,,,0,,,
TXN-0006516,ACC_NORM_1783,ACC_NORM_1635,4780.01,2026-08-14T08:02:55,,,0,,,
TXN-0006517,ACC_VIC_0123,ACC_MULE_0024,101467.1,2026-08-14T08:11:33,28.653138,77.201013,1,2026-08-14T08:30:42,ATM_AXIS_017,4.72
TXN-0006518,ACC_VIC_0266,ACC_MULE_0327,144586.02,2026-08-14T08:20:11,28.707756,77.121879,1,2026-08-14T08:33:52,ATM_HDFC_131,3.65
TXN-0006519,ACC_NORM_2607,ACC_NORM_1100,4495.38,2026-08-14T08:28:50,,,0,,,
TXN-0006520,ACC_VIC_0792,ACC_MULE_0514,145109.57,2026-08-14T08:37:28,28.519059,77.220631,1,,,
TXN-0006521,ACC_VIC_0485,ACC_MULE_0045,234561.55,2026-08-14T08:46:07,28.691575,77.131599,1,2026-08-14T08:56:19,ATM_ICICI_142,4.48
TXN-0006522,ACC_VIC_0319,ACC_MULE_0209,74910.7,2026-08-14T08:54:45,28.633132,77.323579,1,2026-08-14T09:07:33,ATM_UBI_150,7.1
TXN-0006523,ACC_NORM_2224,ACC_NORM_1542,18345.65,2026-08-14T09:03:23,,,0,,,
TXN-0006524,ACC_NORM_0100,ACC_NORM_1258,3607.6,2026-08-14T09:12:02,,,0,,,
TXN-0006525,ACC_NORM_2871,ACC_NORM_2969,10425.32,2026-08-14T09:20:40,,,0,,,
TXN-0006526,ACC_NORM_2371,ACC_NORM_1917,15582.45,2026-08-14T09:29:19,,,0,,,
TXN-0006527,ACC_VIC_0304,ACC_MULE_0111,149312.36,2026-08-14T09:37:57,28.582281,77.239527,1,,,
TXN-0006528,ACC_VIC_0892,ACC_MULE_0266,118278.56,2026-08-14T09:46:35,28.637716,77.177033,1,,,
TXN-0006529,ACC_NORM_2343,ACC_NORM_1700,2837.2,2026-08-14T09:55:14,,,0,,,
TXN-0006530,ACC_NORM_1307,ACC_NORM_2052,19360.33,2026-08-14T10:03:52,,,0,,,
TXN-0006531,ACC_NORM_0160,ACC_NORM_0845,19122.89,2026-08-14T10:12:31,,,0,,,
TXN-0006532,ACC_NORM_2978,ACC_NORM_2297,15266.51,2026-08-14T10:21:09,,,0,,,
TXN-0006533,ACC_NORM_0704,ACC_NORM_2711,14941.93,2026-08-14T10:29:47,,,0,,,
TXN-0006534,ACC_VIC_0382,ACC_MULE_0246,243497.42,2026-08-14T10:38:26,28.530541,77.163575,1,2026-08-14T10:55:12,ATM_BOB_094,5.75
TXN-0006535,ACC_NORM_0596,ACC_NORM_1299,2949.64,2026-08-14T10:47:04,,,0,,,
TXN-0006536,ACC_NORM_1208,ACC_NORM_0369,24830.45,2026-08-14T10:55:43,,,0,,,
TXN-0006537,ACC_VIC_0206,ACC_MULE_0071,137564.03,2026-08-14T11:04:21,28.666123,77.295209,1,2026-08-14T11:14:02,ATM_BOB_167,1.87
TXN-0006538,ACC_NORM_2293,ACC_NORM_2969,18134.88,2026-08-14T11:12:59,,,0,,,
TXN-0006539,ACC_MULE_0121,ACC_MULE_0097,163811.73,2026-08-14T11:21:38,28.652815,77.308392,2,,,
TXN-0006540,ACC_NORM_1687,ACC_NORM_2316,24463.57,2026-08-14T11:30:16,,,0,,,
TXN-0006541,ACC_VIC_1185,ACC_MULE_0013,237199.74,2026-08-14T11:38:55,28.529594,77.138039,1,2026-08-14T12:15:35,ATM_BOB_094,3.57
TXN-0006542,ACC_NORM_0961,ACC_NORM_0646,16438.66,2026-08-14T11:47:33,,,0,,,
TXN-0006543,ACC_NORM_1788,ACC_NORM_1141,10805.22,2026-08-14T11:56:11,,,0,,,
TXN-0006544,ACC_VIC_0452,ACC_MULE_0495,114993.97,2026-08-14T12:04:50,28.538433,77.258555,1,,,
TXN-0006545,ACC_NORM_2748,ACC_NORM_2904,23037.52,2026-08-14T12:13:28,,,0,,,
TXN-0006546,ACC_NORM_1379,ACC_NORM_1581,12035.34,2026-08-14T12:22:07,,,0,,,
TXN-0006547,ACC_NORM_1926,ACC_NORM_2951,2762.27,2026-08-14T12:30:45,,,0,,,
TXN-0006548,ACC_VIC_1391,ACC_MULE_0378,149450.07,2026-08-14T12:39:23,28.715632,77.107089,1,2026-08-14T12:52:45,ATM_SBI_141,3.0
TXN-0006549,ACC_VIC_0736,ACC_MULE_0306,122620.56,2026-08-14T12:48:02,28.687317,77.304442,1,,,
TXN-0006550,ACC_NORM_0366,ACC_NORM_1991,16053.81,2026-08-14T12:56:40,,,0,,,
TXN-0006551,ACC_NORM_2236,ACC_NORM_0502,23875.53,2026-08-14T13:05:19,,,0,,,
TXN-0006552,ACC_NORM_0620,ACC_NORM_2229,10562.73,2026-08-14T13:13:57,,,0,,,
TXN-0006553,ACC_VIC_0916,ACC_MULE_0214,115622.01,2026-08-14T13:22:35,28.708835,77.129734,1,2026-08-14T13:45:38,ATM_ICICI_142,3.33
TXN-0006554,ACC_NORM_2091,ACC_NORM_0843,15400.06,2026-08-14T13:31:14,,,0,,,
TXN-0006555,ACC_NORM_1334,ACC_NORM_1313,6471.15,2026-08-14T13:39:52,,,0,,,
TXN-0006556,ACC_NORM_2089,ACC_NORM_2043,6651.89,2026-08-14T13:48:31,,,0,,,
TXN-0006557,ACC_MULE_0415,ACC_MULE_0200,164193.23,2026-08-14T13:57:09,28.729906,77.131523,2,2026-08-14T14:12:31,ATM_UBI_139,6.75
TXN-0006558,ACC_NORM_0416,ACC_NORM_0735,7335.74,2026-08-14T14:05:47,,,0,,,
TXN-0006559,ACC_NORM_1164,ACC_NORM_2839,13405.09,2026-08-14T14:14:26,,,0,,,
TXN-0006560,ACC_NORM_0591,ACC_NORM_0997,16659.55,2026-08-14T14:23:04,,,0,,,
TXN-0006561,ACC_MULE_0537,ACC_MULE_0359,117352.98,2026-08-14T14:31:43,28.603829,77.03151,2,2026-08-14T14:40:19,ATM_AXIS_101,1.53
TXN-0006562,ACC_NORM_2357,ACC_NORM_1082,18436.62,2026-08-14T14:40:21,,,0,,,
TXN-0006563,ACC_NORM_1281,ACC_NORM_0344,1094.71,2026-08-14T14:48:59,,,0,,,
TXN-0006564,ACC_NORM_1182,ACC_NORM_0976,3158.03,2026-08-14T14:57:38,,,0,,,
TXN-0006565,ACC_NORM_2059,ACC_NORM_2582,8910.12,2026-08-14T15:06:16,,,0,,,
TXN-0006566,ACC_NORM_1884,ACC_NORM_2458,18749.56,2026-08-14T15:14:55,,,0,,,
TXN-0006567,ACC_VIC_1242,ACC_MULE_0029,211931.92,2026-08-14T15:23:33,28.544787,77.140471,1,2026-08-14T15:42:44,ATM_BOB_094,7.77
TXN-0006568,ACC_NORM_0214,ACC_NORM_2865,10467.98,2026-08-14T15:32:11,,,0,,,
TXN-0006569,ACC_MULE_0495,ACC_MULE_0496,153198.07,2026-08-14T15:40:50,28.611098,77.312746,2,2026-08-14T15:59:44,ATM_PNB_160,8.66
TXN-0006570,ACC_VIC_0142,ACC_MULE_0032,167458.55,2026-08-14T15:49:28,28.547107,77.223341,1,2026-08-14T16:08:59,ATM_PNB_062,5.46
TXN-0006571,ACC_NORM_0533,ACC_NORM_0295,1242.75,2026-08-14T15:58:07,,,0,,,
TXN-0006572,ACC_NORM_2590,ACC_NORM_0758,20568.22,2026-08-14T16:06:45,,,0,,,
TXN-0006573,ACC_NORM_2315,ACC_NORM_1552,23285.03,2026-08-14T16:15:23,,,0,,,
TXN-0006574,ACC_NORM_2458,ACC_NORM_2949,22198.78,2026-08-14T16:24:02,,,0,,,
TXN-0006575,ACC_NORM_1004,ACC_NORM_0036,2290.93,2026-08-14T16:32:40,,,0,,,
TXN-0006576,ACC_NORM_1105,ACC_NORM_2622,21607.13,2026-08-14T16:41:19,,,0,,,
TXN-0006577,ACC_NORM_0206,ACC_NORM_1897,2997.11,2026-08-14T16:49:57,,,0,,,
TXN-0006578,ACC_NORM_2943,ACC_NORM_0425,24820.69,2026-08-14T16:58:35,,,0,,,
TXN-0006579,ACC_NORM_2188,ACC_NORM_1302,7112.91,2026-08-14T17:07:14,,,0,,,
TXN-0006580,ACC_NORM_0179,ACC_NORM_2798,16742.46,2026-08-14T17:15:52,,,0,,,
TXN-0006581,ACC_NORM_1096,ACC_NORM_1215,15493.81,2026-08-14T17:24:31,,,0,,,
TXN-0006582,ACC_VIC_0496,ACC_MULE_0485,223568.06,2026-08-14T17:33:09,28.711827,77.112972,1,2026-08-14T17:50:38,ATM_ICICI_142,3.9
TXN-0006583,ACC_VIC_0899,ACC_MULE_0424,238879.33,2026-08-14T17:41:47,28.641373,77.20867,1,,,
TXN-0006584,ACC_NORM_2168,ACC_NORM_0226,17991.62,2026-08-14T17:50:26,,,0,,,
TXN-0006585,ACC_VIC_0017,ACC_MULE_0548,190937.95,2026-08-14T17:59:04,28.536449,77.203918,1,2026-08-14T18:05:52,ATM_ICICI_087,0.99
TXN-0006586,ACC_MULE_0342,ACC_MULE_0518,109055.48,2026-08-14T18:07:43,28.534459,77.192434,2,2026-08-14T18:19:49,ATM_ICICI_087,2.44
TXN-0006587,ACC_NORM_2134,ACC_NORM_2100,9637.88,2026-08-14T18:16:21,,,0,,,
TXN-0006588,ACC_NORM_0550,ACC_NORM_2648,10424.52,2026-08-14T18:24:59,,,0,,,
TXN-0006589,ACC_NORM_0908,ACC_NORM_1857,3797.0,2026-08-14T18:33:38,,,0,,,
TXN-0006590,ACC_NORM_1945,ACC_NORM_0938,21918.85,2026-08-14T18:42:16,,,0,,,
TXN-0006591,ACC_MULE_0526,ACC_MULE_0400,162198.07,2026-08-14T18:50:55,28.637563,77.319463,2,2026-08-14T19:15:09,ATM_BOB_146,6.91
TXN-0006592,ACC_MULE_0046,ACC_MULE_0403,88337.35,2026-08-14T18:59:33,28.592128,77.033882,2,2026-08-14T19:23:19,ATM_AXIS_101,3.59
TXN-0006593,ACC_NORM_2356,ACC_NORM_1911,3608.37,2026-08-14T19:08:11,,,0,,,
TXN-0006594,ACC_NORM_1611,ACC_NORM_1590,14642.99,2026-08-14T19:16:50,,,0,,,
TXN-0006595,ACC_NORM_1033,ACC_NORM_0480,20259.64,2026-08-14T19:25:28,,,0,,,
TXN-0006596,ACC_NORM_1918,ACC_NORM_2043,8761.81,2026-08-14T19:34:07,,,0,,,
TXN-0006597,ACC_NORM_2280,ACC_NORM_2061,10759.12,2026-08-14T19:42:45,,,0,,,
TXN-0006598,ACC_NORM_1346,ACC_NORM_0165,9742.53,2026-08-14T19:51:23,,,0,,,
TXN-0006599,ACC_NORM_1475,ACC_NORM_1892,4374.19,2026-08-14T20:00:02,,,0,,,
TXN-0006600,ACC_NORM_1617,ACC_NORM_1876,5605.13,2026-08-14T20:08:40,,,0,,,
TXN-0006601,ACC_NORM_0800,ACC_NORM_0379,17994.76,2026-08-14T20:17:19,,,0,,,
TXN-0006602,ACC_NORM_2237,ACC_NORM_2231,16594.0,2026-08-14T20:25:57,,,0,,,
TXN-0006603,ACC_NORM_0035,ACC_NORM_2856,2141.4,2026-08-14T20:34:35,,,0,,,
TXN-0006604,ACC_MULE_0127,ACC_MULE_0342,61683.29,2026-08-14T20:43:14,28.59598,77.066533,2,2026-08-14T20:55:01,ATM_PNB_102,3.68
TXN-0006605,ACC_VIC_0984,ACC_MULE_0409,174476.51,2026-08-14T20:51:52,28.65197,77.202056,1,2026-08-14T21:02:47,ATM_UBI_016,3.51
TXN-0006606,ACC_VIC_1478,ACC_MULE_0286,59524.51,2026-08-14T21:00:31,28.596603,77.317959,1,2026-08-14T21:18:13,ATM_UBI_150,9.98
TXN-0006607,ACC_NORM_2608,ACC_NORM_2728,9138.78,2026-08-14T21:09:09,,,0,,,
TXN-0006608,ACC_NORM_2323,ACC_NORM_1305,9877.28,2026-08-14T21:17:47,,,0,,,
TXN-0006609,ACC_NORM_2494,ACC_NORM_1266,16012.19,2026-08-14T21:26:26,,,0,,,
TXN-0006610,ACC_NORM_2405,ACC_NORM_2858,15067.03,2026-08-14T21:35:04,,,0,,,
TXN-0006611,ACC_VIC_1324,ACC_MULE_0205,163436.73,2026-08-14T21:43:43,28.601069,77.335143,1,2026-08-14T22:03:09,ATM_BOB_146,11.33
TXN-0006612,ACC_NORM_1104,ACC_NORM_1413,4409.16,2026-08-14T21:52:21,,,0,,,
TXN-0006613,ACC_NORM_0658,ACC_NORM_2480,18377.48,2026-08-14T22:00:59,,,0,,,
TXN-0006614,ACC_VIC_0465,ACC_MULE_0251,222678.77,2026-08-14T22:09:38,28.683548,77.299162,1,2026-08-14T22:35:47,ATM_HDFC_170,3.97
TXN-0006615,ACC_VIC_1436,ACC_MULE_0394,73965.55,2026-08-14T22:18:16,28.531384,77.222509,1,2026-08-14T22:29:59,ATM_PNB_064,4.19
TXN-0006616,ACC_VIC_1287,ACC_MULE_0401,52425.08,2026-08-14T22:26:55,28.535746,77.146786,1,2026-08-14T22:45:15,ATM_BOB_094,4.69
TXN-0006617,ACC_VIC_1438,ACC_MULE_0366,198959.31,2026-08-14T22:35:33,28.534772,77.150509,1,2026-08-14T22:55:31,ATM_BOB_094,4.54
TXN-0006618,ACC_VIC_1375,ACC_MULE_0205,231260.56,2026-08-14T22:44:11,28.601069,77.335143,1,2026-08-14T23:08:37,ATM_UBI_150,12.13
TXN-0006619,ACC_NORM_2267,ACC_NORM_1514,24661.24,2026-08-14T22:52:50,,,0,,,
TXN-0006620,ACC_NORM_2804,ACC_NORM_1470,18502.43,2026-08-14T23:01:28,,,0,,,
TXN-0006621,ACC_NORM_0981,ACC_NORM_1945,3329.73,2026-08-14T23:10:07,,,0,,,
TXN-0006622,ACC_MULE_0457,ACC_MULE_0190,191197.38,2026-08-14T23:18:45,28.572739,77.031343,2,2026-08-14T23:39:18,ATM_AXIS_103,8.6
TXN-0006623,ACC_MULE_0517,ACC_MULE_0197,119738.69,2026-08-14T23:27:23,28.667701,77.189541,2,2026-08-14T23:36:40,ATM_ICICI_018,3.39
TXN-0006624,ACC_NORM_0970,ACC_NORM_0653,1416.67,2026-08-14T23:36:02,,,0,,,
TXN-0006625,ACC_NORM_0146,ACC_NORM_2260,19842.51,2026-08-14T23:44:40,,,0,,,
TXN-0006626,ACC_NORM_0016,ACC_NORM_1148,8739.28,2026-08-14T23:53:19,,,0,,,
TXN-0006627,ACC_NORM_0775,ACC_NORM_1515,24690.97,2026-08-15T00:01:57,,,0,,,
TXN-0006628,ACC_NORM_0402,ACC_NORM_0298,5101.05,2026-08-15T00:10:35,,,0,,,
TXN-0006629,ACC_MULE_0114,ACC_MULE_0186,84446.86,2026-08-15T00:19:14,28.534602,77.13424,2,,,
TXN-0006630,ACC_NORM_2273,ACC_NORM_1035,8614.92,2026-08-15T00:27:52,,,0,,,
TXN-0006631,ACC_NORM_0427,ACC_NORM_1150,12163.81,2026-08-15T00:36:31,,,0,,,
TXN-0006632,ACC_NORM_1690,ACC_NORM_1884,18029.74,2026-08-15T00:45:09,,,0,,,
TXN-0006633,ACC_NORM_1327,ACC_NORM_0203,20666.26,2026-08-15T00:53:47,,,0,,,
TXN-0006634,ACC_NORM_1080,ACC_NORM_0893,6859.43,2026-08-15T01:02:26,,,0,,,
TXN-0006635,ACC_NORM_0158,ACC_NORM_0127,7994.65,2026-08-15T01:11:04,,,0,,,
TXN-0006636,ACC_VIC_0845,ACC_MULE_0291,77687.33,2026-08-15T01:19:43,28.573339,77.035929,1,2026-08-15T01:46:46,ATM_PNB_102,7.64
TXN-0006637,ACC_NORM_0151,ACC_NORM_0795,3414.18,2026-08-15T01:28:21,,,0,,,
TXN-0006638,ACC_NORM_2200,ACC_NORM_1019,16239.05,2026-08-15T01:36:59,,,0,,,
TXN-0006639,ACC_NORM_2384,ACC_NORM_1408,24475.37,2026-08-15T01:45:38,,,0,,,
TXN-0006640,ACC_NORM_1011,ACC_NORM_1621,21781.2,2026-08-15T01:54:16,,,0,,,
TXN-0006641,ACC_NORM_0521,ACC_NORM_0069,15385.44,2026-08-15T02:02:55,,,0,,,
TXN-0006642,ACC_NORM_2104,ACC_NORM_0741,7057.95,2026-08-15T02:11:33,,,0,,,
TXN-0006643,ACC_VIC_0194,ACC_MULE_0151,114488.31,2026-08-15T02:20:11,28.57373,77.059051,1,,,
TXN-0006644,ACC_NORM_2548,ACC_NORM_2391,12839.48,2026-08-15T02:28:50,,,0,,,
TXN-0006645,ACC_NORM_2613,ACC_NORM_1590,11000.31,2026-08-15T02:37:28,,,0,,,
TXN-0006646,ACC_NORM_2648,ACC_NORM_1106,15473.03,2026-08-15T02:46:07,,,0,,,
TXN-0006647,ACC_NORM_1123,ACC_NORM_2966,14894.99,2026-08-15T02:54:45,,,0,,,
TXN-0006648,ACC_NORM_0374,ACC_NORM_1254,16635.67,2026-08-15T03:03:23,,,0,,,
TXN-0006649,ACC_NORM_1448,ACC_NORM_0004,12001.83,2026-08-15T03:12:02,,,0,,,
TXN-0006650,ACC_NORM_1526,ACC_NORM_1600,8252.97,2026-08-15T03:20:40,,,0,,,
TXN-0006651,ACC_NORM_2349,ACC_NORM_2316,12627.95,2026-08-15T03:29:19,,,0,,,
TXN-0006652,ACC_NORM_2217,ACC_NORM_1218,2622.24,2026-08-15T03:37:57,,,0,,,
TXN-0006653,ACC_MULE_0406,ACC_MULE_0226,105914.0,2026-08-15T03:46:35,28.641207,77.298371,2,,,
TXN-0006654,ACC_NORM_1250,ACC_NORM_1922,1745.18,2026-08-15T03:55:14,,,0,,,
TXN-0006655,ACC_NORM_2221,ACC_NORM_2865,16910.76,2026-08-15T04:03:52,,,0,,,
TXN-0006656,ACC_VIC_0540,ACC_MULE_0568,95809.83,2026-08-15T04:12:31,28.526541,77.244943,1,,,
TXN-0006657,ACC_MULE_0057,ACC_MULE_0017,154942.28,2026-08-15T04:21:09,28.6384,77.204881,2,2026-08-15T04:30:17,ATM_ICICI_004,3.5
TXN-0006658,ACC_VIC_1064,ACC_MULE_0408,148684.14,2026-08-15T04:29:47,28.686306,77.106749,1,2026-08-15T04:54:39,ATM_ICICI_142,6.42
TXN-0006659,ACC_NORM_1076,ACC_NORM_1357,7737.46,2026-08-15T04:38:26,,,0,,,
TXN-0006660,ACC_NORM_0382,ACC_NORM_2078,14454.94,2026-08-15T04:47:04,,,0,,,
TXN-0006661,ACC_VIC_1311,ACC_MULE_0593,167743.4,2026-08-15T04:55:43,28.68636,77.12063,1,2026-08-15T05:10:34,ATM_ICICI_134,4.95
TXN-0006662,ACC_NORM_1780,ACC_NORM_0356,19146.73,2026-08-15T05:04:21,,,0,,,
TXN-0006663,ACC_NORM_1221,ACC_NORM_0480,24857.09,2026-08-15T05:12:59,,,0,,,
TXN-0006664,ACC_NORM_1366,ACC_NORM_1681,6323.5,2026-08-15T05:21:38,,,0,,,
TXN-0006665,ACC_VIC_0948,ACC_MULE_0213,90397.36,2026-08-15T05:30:16,28.606227,77.057548,1,2026-08-15T05:53:15,ATM_AXIS_103,4.47
TXN-0006666,ACC_MULE_0100,ACC_MULE_0109,164245.6,2026-08-15T05:38:55,28.656588,77.19246,2,,,
TXN-0006667,ACC_NORM_2467,ACC_NORM_2015,20106.72,2026-08-15T05:47:33,,,0,,,
TXN-0006668,ACC_NORM_1695,ACC_NORM_2021,7994.09,2026-08-15T05:56:11,,,0,,,
TXN-0006669,ACC_VIC_0098,ACC_MULE_0541,195025.0,2026-08-15T06:04:50,28.645199,77.323633,1,,,
TXN-0006670,ACC_NORM_2951,ACC_NORM_0896,6331.98,2026-08-15T06:13:28,,,0,,,
TXN-0006671,ACC_NORM_0768,ACC_NORM_2242,13644.05,2026-08-15T06:22:07,,,0,,,
TXN-0006672,ACC_NORM_1028,ACC_NORM_1569,12988.43,2026-08-15T06:30:45,,,0,,,
TXN-0006673,ACC_NORM_1448,ACC_NORM_1303,8586.05,2026-08-15T06:39:23,,,0,,,
TXN-0006674,ACC_NORM_1296,ACC_NORM_1032,20440.0,2026-08-15T06:48:02,,,0,,,
TXN-0006675,ACC_NORM_2362,ACC_NORM_2790,605.88,2026-08-15T06:56:40,,,0,,,
TXN-0006676,ACC_NORM_2736,ACC_NORM_2990,18865.44,2026-08-15T07:05:19,,,0,,,
TXN-0006677,ACC_VIC_0451,ACC_MULE_0218,66500.56,2026-08-15T07:13:57,28.514165,77.219838,1,2026-08-15T07:24:34,ATM_KOTAK_085,2.75
TXN-0006678,ACC_NORM_0521,ACC_NORM_0489,20292.49,2026-08-15T07:22:35,,,0,,,
TXN-0006679,ACC_VIC_1106,ACC_MULE_0346,118626.14,2026-08-15T07:31:14,28.613147,77.329567,1,2026-08-15T07:51:00,ATM_UBI_150,8.8
TXN-0006680,ACC_NORM_1179,ACC_NORM_1758,18636.44,2026-08-15T07:39:52,,,0,,,
TXN-0006681,ACC_NORM_2274,ACC_NORM_2563,6047.65,2026-08-15T07:48:31,,,0,,,
TXN-0006682,ACC_VIC_1181,ACC_MULE_0533,96202.69,2026-08-15T07:57:09,28.561287,77.238473,1,,,
TXN-0006683,ACC_MULE_0141,ACC_MULE_0229,76101.0,2026-08-15T08:05:47,28.559434,77.245621,2,2026-08-15T08:15:31,ATM_PNB_052,2.36
TXN-0006684,ACC_NORM_0228,ACC_NORM_2050,3451.35,2026-08-15T08:14:26,,,0,,,
TXN-0006685,ACC_NORM_0348,ACC_NORM_0268,24506.26,2026-08-15T08:23:04,,,0,,,
TXN-0006686,ACC_VIC_1120,ACC_MULE_0509,74588.32,2026-08-15T08:31:43,28.567136,77.252322,1,2026-08-15T08:43:38,ATM_KOTAK_048,2.75
TXN-0006687,ACC_NORM_0555,ACC_NORM_0698,6179.12,2026-08-15T08:40:21,,,0,,,
TXN-0006688,ACC_NORM_1025,ACC_NORM_0077,22729.42,2026-08-15T08:48:59,,,0,,,
TXN-0006689,ACC_NORM_0675,ACC_NORM_0990,1190.74,2026-08-15T08:57:38,,,0,,,
TXN-0006690,ACC_NORM_1208,ACC_NORM_0437,24391.99,2026-08-15T09:06:16,,,0,,,
TXN-0006691,ACC_VIC_1295,ACC_MULE_0001,93986.18,2026-08-15T09:14:55,28.556021,77.158395,1,,,
TXN-0006692,ACC_VIC_1305,ACC_MULE_0029,209993.79,2026-08-15T09:23:33,28.544787,77.140471,1,2026-08-15T09:41:56,ATM_BOB_094,7.77
TXN-0006693,ACC_NORM_1525,ACC_NORM_2582,17383.0,2026-08-15T09:32:11,,,0,,,
TXN-0006694,ACC_NORM_1490,ACC_NORM_1526,7447.74,2026-08-15T09:40:50,,,0,,,
TXN-0006695,ACC_MULE_0295,ACC_MULE_0423,83985.82,2026-08-15T09:49:28,28.651031,77.188441,2,2026-08-15T10:05:58,ATM_UBI_016,1.65
TXN-0006696,ACC_NORM_0650,ACC_NORM_0127,9584.52,2026-08-15T09:58:07,,,0,,,
TXN-0006697,ACC_NORM_0358,ACC_NORM_2156,5249.59,2026-08-15T10:06:45,,,0,,,
TXN-0006698,ACC_NORM_2777,ACC_NORM_1382,7349.75,2026-08-15T10:15:23,,,0,,,
TXN-0006699,ACC_MULE_0030,ACC_MULE_0104,205645.97,2026-08-15T10:24:02,28.640872,77.199477,2,,,
TXN-0006700,ACC_NORM_0233,ACC_NORM_0343,13086.44,2026-08-15T10:32:40,,,0,,,
TXN-0006701,ACC_VIC_1383,ACC_MULE_0196,107612.26,2026-08-15T10:41:19,28.547758,77.220439,1,2026-08-15T10:53:27,ATM_PNB_064,2.58
TXN-0006702,ACC_NORM_2116,ACC_NORM_2741,9781.77,2026-08-15T10:49:57,,,0,,,
TXN-0006703,ACC_NORM_1833,ACC_NORM_2780,17941.4,2026-08-15T10:58:35,,,0,,,
TXN-0006704,ACC_VIC_0481,ACC_MULE_0529,213612.13,2026-08-15T11:07:14,28.591663,77.042561,1,,,
TXN-0006705,ACC_VIC_0707,ACC_MULE_0042,211981.26,2026-08-15T11:15:52,28.676975,77.302079,1,2026-08-15T11:28:02,ATM_KOTAK_168,0.58
TXN-0006706,ACC_MULE_0310,ACC_MULE_0434,204003.72,2026-08-15T11:24:31,28.715924,77.099592,2,2026-08-15T11:45:35,ATM_SBI_141,4.34
TXN-0006707,ACC_VIC_0742,ACC_MULE_0563,124787.37,2026-08-15T11:33:09,28.64675,77.220403,1,,,
TXN-0006708,ACC_VIC_1153,ACC_MULE_0348,197069.58,2026-08-15T11:41:47,28.551143,77.16178,1,2026-08-15T12:01:41,ATM_BOB_091,7.59
TXN-0006709,ACC_NORM_0923,ACC_NORM_0212,16549.77,2026-08-15T11:50:26,,,0,,,
TXN-0006710,ACC_NORM_2900,ACC_NORM_1571,4047.17,2026-08-15T11:59:04,,,0,,,
TXN-0006711,ACC_VIC_1259,ACC_MULE_0437,60736.64,2026-08-15T12:07:43,28.584929,77.249474,1,2026-08-15T12:28:10,ATM_KOTAK_053,8.4
TXN-0006712,ACC_VIC_0579,ACC_MULE_0251,142050.91,2026-08-15T12:16:21,28.683548,77.299162,1,,,
TXN-0006713,ACC_NORM_2741,ACC_NORM_2881,19106.5,2026-08-15T12:24:59,,,0,,,
TXN-0006714,ACC_NORM_2612,ACC_NORM_2754,4316.2,2026-08-15T12:33:38,,,0,,,
TXN-0006715,ACC_NORM_2569,ACC_NORM_0697,4285.91,2026-08-15T12:42:16,,,0,,,
TXN-0006716,ACC_VIC_1071,ACC_MULE_0033,195417.81,2026-08-15T12:50:55,28.635181,77.214082,1,2026-08-15T13:02:27,ATM_ICICI_004,2.81
TXN-0006717,ACC_NORM_1815,ACC_NORM_2458,8679.21,2026-08-15T12:59:33,,,0,,,
TXN-0006718,ACC_NORM_2320,ACC_NORM_1093,21170.65,2026-08-15T13:08:11,,,0,,,
TXN-0006719,ACC_NORM_0332,ACC_NORM_0856,14588.75,2026-08-15T13:16:50,,,0,,,
TXN-0006720,ACC_NORM_0077,ACC_NORM_2166,3170.5,2026-08-15T13:25:28,,,0,,,
TXN-0006721,ACC_VIC_0896,ACC_MULE_0322,225277.27,2026-08-15T13:34:07,28.620846,77.309693,1,2026-08-15T13:59:47,ATM_BOB_146,1.99
TXN-0006722,ACC_VIC_1458,ACC_MULE_0040,90312.15,2026-08-15T13:42:45,28.536184,77.140115,1,2026-08-15T13:59:47,ATM_BOB_094,5.13
TXN-0006723,ACC_NORM_2336,ACC_NORM_0884,3249.58,2026-08-15T13:51:23,,,0,,,
TXN-0006724,ACC_MULE_0158,ACC_MULE_0107,165437.11,2026-08-15T14:00:02,28.572584,77.242361,2,2026-08-15T14:20:24,ATM_HDFC_063,5.3
TXN-0006725,ACC_NORM_1250,ACC_NORM_1202,705.67,2026-08-15T14:08:40,,,0,,,
TXN-0006726,ACC_NORM_1112,ACC_NORM_2026,20350.34,2026-08-15T14:17:19,,,0,,,
TXN-0006727,ACC_NORM_2979,ACC_NORM_0929,10019.82,2026-08-15T14:25:57,,,0,,,
TXN-0006728,ACC_VIC_1346,ACC_MULE_0186,152206.19,2026-08-15T14:34:35,28.534602,77.13424,1,2026-08-15T14:55:13,ATM_BOB_094,5.49
TXN-0006729,ACC_NORM_0950,ACC_NORM_2871,11891.94,2026-08-15T14:43:14,,,0,,,
TXN-0006730,ACC_VIC_0874,ACC_MULE_0499,243884.03,2026-08-15T14:51:52,28.671895,77.195626,1,2026-08-15T15:07:23,ATM_BOB_012,5.78
TXN-0006731,ACC_NORM_0895,ACC_NORM_0843,23389.09,2026-08-15T15:00:31,,,0,,,
TXN-0006732,ACC_VIC_0561,ACC_MULE_0176,193150.46,2026-08-15T15:09:09,28.577166,77.251892,1,2026-08-15T15:25:52,ATM_PNB_052,3.63
TXN-0006733,ACC_NORM_0121,ACC_NORM_0419,21319.23,2026-08-15T15:17:47,,,0,,,
TXN-0006734,ACC_NORM_1162,ACC_NORM_0837,24943.43,2026-08-15T15:26:26,,,0,,,
TXN-0006735,ACC_NORM_0108,ACC_NORM_2277,16901.58,2026-08-15T15:35:04,,,0,,,
TXN-0006736,ACC_NORM_1254,ACC_NORM_0582,22015.73,2026-08-15T15:43:43,,,0,,,
TXN-0006737,ACC_NORM_2331,ACC_NORM_1722,21839.88,2026-08-15T15:52:21,,,0,,,
TXN-0006738,ACC_NORM_0320,ACC_NORM_0400,18865.41,2026-08-15T16:00:59,,,0,,,
TXN-0006739,ACC_NORM_2775,ACC_NORM_1976,14843.2,2026-08-15T16:09:38,,,0,,,
TXN-0006740,ACC_VIC_0296,ACC_MULE_0020,213547.82,2026-08-15T16:18:16,28.532344,77.152884,1,2026-08-15T16:28:28,ATM_BOB_094,4.05
TXN-0006741,ACC_NORM_0668,ACC_NORM_2234,24836.6,2026-08-15T16:26:55,,,0,,,
TXN-0006742,ACC_NORM_1392,ACC_NORM_2323,13750.17,2026-08-15T16:35:33,,,0,,,
TXN-0006743,ACC_VIC_1421,ACC_MULE_0185,131711.66,2026-08-15T16:44:11,28.717267,77.149642,1,,,
TXN-0006744,ACC_VIC_0397,ACC_MULE_0269,191444.95,2026-08-15T16:52:50,28.720909,77.1124,1,2026-08-15T17:16:07,ATM_ICICI_142,6.57
TXN-0006745,ACC_VIC_0529,ACC_MULE_0336,115998.92,2026-08-15T17:01:28,28.624148,77.293549,1,2026-08-15T17:22:05,ATM_UBI_150,2.06
TXN-0006746,ACC_NORM_1855,ACC_NORM_0951,12272.16,2026-08-15T17:10:07,,,0,,,
TXN-0006747,ACC_VIC_0102,ACC_MULE_0355,212382.79,2026-08-15T17:18:45,28.537536,77.256148,1,2026-08-15T17:32:17,ATM_ICICI_068,2.89
TXN-0006748,ACC_NORM_0055,ACC_NORM_0595,10809.1,2026-08-15T17:27:23,,,0,,,
TXN-0006749,ACC_NORM_1080,ACC_NORM_1861,12501.95,2026-08-15T17:36:02,,,0,,,
TXN-0006750,ACC_NORM_0419,ACC_NORM_2818,14287.5,2026-08-15T17:44:40,,,0,,,
TXN-0006751,ACC_VIC_0670,ACC_MULE_0263,76695.85,2026-08-15T17:53:19,28.611892,77.293125,1,2026-08-15T18:15:44,ATM_UBI_150,4.39
TXN-0006752,ACC_NORM_1016,ACC_NORM_1261,19114.33,2026-08-15T18:01:57,,,0,,,
TXN-0006753,ACC_VIC_0743,ACC_MULE_0441,112059.53,2026-08-15T18:10:35,28.544226,77.131951,1,2026-08-15T18:25:47,ATM_BOB_094,8.44
TXN-0006754,ACC_NORM_0964,ACC_NORM_1788,16648.21,2026-08-15T18:19:14,,,0,,,
TXN-0006755,ACC_NORM_2033,ACC_NORM_1002,16608.07,2026-08-15T18:27:52,,,0,,,
TXN-0006756,ACC_NORM_2399,ACC_NORM_0127,7252.98,2026-08-15T18:36:31,,,0,,,
TXN-0006757,ACC_NORM_1306,ACC_NORM_2490,3881.54,2026-08-15T18:45:09,,,0,,,
TXN-0006758,ACC_NORM_2905,ACC_NORM_0117,21291.8,2026-08-15T18:53:47,,,0,,,
TXN-0006759,ACC_NORM_2921,ACC_NORM_0365,11854.99,2026-08-15T19:02:26,,,0,,,
TXN-0006760,ACC_NORM_2297,ACC_NORM_2891,24472.46,2026-08-15T19:11:04,,,0,,,
TXN-0006761,ACC_VIC_0330,ACC_MULE_0540,242804.45,2026-08-15T19:19:43,28.593462,77.062903,1,2026-08-15T19:34:44,ATM_PNB_102,2.38
TXN-0006762,ACC_VIC_1432,ACC_MULE_0524,153859.7,2026-08-15T19:28:21,28.630137,77.233788,1,2026-08-15T19:51:25,ATM_ICICI_004,7.19
TXN-0006763,ACC_NORM_1351,ACC_NORM_2077,16733.75,2026-08-15T19:36:59,,,0,,,
TXN-0006764,ACC_VIC_0151,ACC_MULE_0078,206282.49,2026-08-15T19:45:38,28.665132,77.292064,1,2026-08-15T20:09:16,ATM_HDFC_170,4.27
TXN-0006765,ACC_NORM_2672,ACC_NORM_0825,4699.15,2026-08-15T19:54:16,,,0,,,
TXN-0006766,ACC_VIC_0655,ACC_MULE_0265,113362.42,2026-08-15T20:02:55,28.590451,77.046193,1,2026-08-15T20:25:49,ATM_AXIS_101,4.81
TXN-0006767,ACC_NORM_0287,ACC_NORM_1254,4822.22,2026-08-15T20:11:33,,,0,,,
TXN-0006768,ACC_NORM_1926,ACC_NORM_2087,21216.5,2026-08-15T20:20:11,,,0,,,
TXN-0006769,ACC_MULE_0375,ACC_MULE_0026,116603.28,2026-08-15T20:28:50,28.537207,77.165952,2,2026-08-15T20:52:08,ATM_BOB_094,7.59
TXN-0006770,ACC_VIC_0455,ACC_MULE_0406,243446.39,2026-08-15T20:37:28,28.641219,77.286214,1,2026-08-15T21:11:23,ATM_UBI_150,6.97
TXN-0006771,ACC_NORM_2363,ACC_NORM_0848,20600.41,2026-08-15T20:46:07,,,0,,,
TXN-0006772,ACC_NORM_1242,ACC_NORM_0860,11628.17,2026-08-15T20:54:45,,,0,,,
TXN-0006773,ACC_NORM_0777,ACC_NORM_0203,18186.06,2026-08-15T21:03:23,,,0,,,
TXN-0006774,ACC_VIC_0809,ACC_MULE_0016,52893.17,2026-08-15T21:12:02,28.584076,77.227153,1,,,
TXN-0006775,ACC_NORM_1330,ACC_NORM_0672,6948.38,2026-08-15T21:20:40,,,0,,,
TXN-0006776,ACC_NORM_0625,ACC_NORM_1121,4410.01,2026-08-15T21:29:19,,,0,,,
TXN-0006777,ACC_NORM_1383,ACC_NORM_1456,22954.35,2026-08-15T21:37:57,,,0,,,
TXN-0006778,ACC_VIC_0406,ACC_MULE_0408,249840.62,2026-08-15T21:46:35,28.686306,77.106749,1,,,
TXN-0006779,ACC_NORM_2026,ACC_NORM_1868,9483.94,2026-08-15T21:55:14,,,0,,,
TXN-0006780,ACC_MULE_0238,ACC_MULE_0022,147629.4,2026-08-15T22:03:52,28.661062,77.182292,2,2026-08-15T22:18:08,ATM_UBI_016,5.32
TXN-0006781,ACC_NORM_0085,ACC_NORM_0846,21609.27,2026-08-15T22:12:31,,,0,,,
TXN-0006782,ACC_NORM_0960,ACC_NORM_2488,11256.44,2026-08-15T22:21:09,,,0,,,
TXN-0006783,ACC_NORM_2652,ACC_NORM_0794,6343.05,2026-08-15T22:29:47,,,0,,,
TXN-0006784,ACC_NORM_0737,ACC_NORM_1710,19846.17,2026-08-15T22:38:26,,,0,,,
TXN-0006785,ACC_NORM_1487,ACC_NORM_1892,5318.48,2026-08-15T22:47:04,,,0,,,
TXN-0006786,ACC_NORM_2421,ACC_NORM_0972,4050.77,2026-08-15T22:55:43,,,0,,,
TXN-0006787,ACC_NORM_0423,ACC_NORM_1064,14036.06,2026-08-15T23:04:21,,,0,,,
TXN-0006788,ACC_NORM_1238,ACC_NORM_0252,13041.74,2026-08-15T23:12:59,,,0,,,
TXN-0006789,ACC_VIC_0561,ACC_MULE_0111,243232.51,2026-08-15T23:21:38,28.582281,77.239527,1,2026-08-15T23:59:00,ATM_BOB_046,3.59
TXN-0006790,ACC_NORM_1911,ACC_NORM_1522,11044.41,2026-08-15T23:30:16,,,0,,,
TXN-0006791,ACC_NORM_0763,ACC_NORM_2903,2802.22,2026-08-15T23:38:55,,,0,,,
TXN-0006792,ACC_VIC_0351,ACC_MULE_0164,68358.66,2026-08-15T23:47:33,28.688414,77.287486,1,,,
TXN-0006793,ACC_VIC_1163,ACC_MULE_0234,159460.65,2026-08-15T23:56:11,28.535512,77.216346,1,,,
TXN-0006794,ACC_NORM_2369,ACC_NORM_2802,24409.14,2026-08-16T00:04:50,,,0,,,
TXN-0006795,ACC_VIC_1044,ACC_MULE_0570,98474.52,2026-08-16T00:13:28,28.651917,77.207641,1,,,
TXN-0006796,ACC_NORM_1573,ACC_NORM_0464,14906.43,2026-08-16T00:22:07,,,0,,,
TXN-0006797,ACC_NORM_2268,ACC_NORM_2411,11562.28,2026-08-16T00:30:45,,,0,,,
TXN-0006798,ACC_NORM_2457,ACC_NORM_0493,24843.85,2026-08-16T00:39:23,,,0,,,
TXN-0006799,ACC_NORM_1830,ACC_NORM_1700,4797.29,2026-08-16T00:48:02,,,0,,,
TXN-0006800,ACC_NORM_1675,ACC_NORM_2311,727.72,2026-08-16T00:56:40,,,0,,,
TXN-0006801,ACC_MULE_0437,ACC_MULE_0555,65460.39,2026-08-16T01:05:19,28.644331,77.213885,2,2026-08-16T01:16:42,ATM_UBI_016,6.42
TXN-0006802,ACC_NORM_2962,ACC_NORM_2263,13230.3,2026-08-16T01:13:57,,,0,,,
TXN-0006803,ACC_VIC_0930,ACC_MULE_0483,53999.77,2026-08-16T01:22:35,28.701011,77.126097,1,2026-08-16T01:40:50,ATM_ICICI_142,1.48
TXN-0006804,ACC_NORM_0586,ACC_NORM_0405,2931.29,2026-08-16T01:31:14,,,0,,,
TXN-0006805,ACC_NORM_2381,ACC_NORM_2422,17706.87,2026-08-16T01:39:52,,,0,,,
TXN-0006806,ACC_NORM_0142,ACC_NORM_0646,17005.39,2026-08-16T01:48:31,,,0,,,
TXN-0006807,ACC_NORM_2019,ACC_NORM_1568,22675.36,2026-08-16T01:57:09,,,0,,,
TXN-0006808,ACC_VIC_0834,ACC_MULE_0146,125219.77,2026-08-16T02:05:47,28.642019,77.174016,1,,,
TXN-0006809,ACC_NORM_1313,ACC_NORM_0481,23251.06,2026-08-16T02:14:26,,,0,,,
TXN-0006810,ACC_NORM_2586,ACC_NORM_1319,3641.41,2026-08-16T02:23:04,,,0,,,
TXN-0006811,ACC_VIC_0025,ACC_MULE_0259,171885.94,2026-08-16T02:31:43,28.629945,77.334516,1,2026-08-16T02:54:49,ATM_BOB_152,8.87
TXN-0006812,ACC_VIC_0399,ACC_MULE_0050,181816.06,2026-08-16T02:40:21,28.657763,77.302814,1,2026-08-16T03:16:33,ATM_BOB_155,7.65
TXN-0006813,ACC_MULE_0279,ACC_MULE_0298,144484.7,2026-08-16T02:48:59,28.51747,77.192051,2,2026-08-16T03:05:27,ATM_ICICI_087,6.08
TXN-0006814,ACC_NORM_0846,ACC_NORM_1108,13704.5,2026-08-16T02:57:38,,,0,,,
TXN-0006815,ACC_NORM_1431,ACC_NORM_1045,23073.99,2026-08-16T03:06:16,,,0,,,
TXN-0006816,ACC_MULE_0161,ACC_MULE_0286,163354.69,2026-08-16T03:14:55,28.596603,77.317959,2,2026-08-16T03:37:18,ATM_BOB_152,7.91
TXN-0006817,ACC_NORM_2949,ACC_NORM_1250,15966.47,2026-08-16T03:23:33,,,0,,,
TXN-0006818,ACC_NORM_2973,ACC_NORM_0314,22883.92,2026-08-16T03:32:11,,,0,,,
TXN-0006819,ACC_NORM_2862,ACC_NORM_0942,14125.0,2026-08-16T03:40:50,,,0,,,
TXN-0006820,ACC_NORM_0547,ACC_NORM_1820,19422.62,2026-08-16T03:49:28,,,0,,,
TXN-0006821,ACC_NORM_1421,ACC_NORM_0853,23840.38,2026-08-16T03:58:07,,,0,,,
TXN-0006822,ACC_MULE_0054,ACC_MULE_0402,163784.8,2026-08-16T04:06:45,28.656316,77.30534,2,2026-08-16T04:24:31,ATM_HDFC_170,8.61
TXN-0006823,ACC_NORM_2069,ACC_NORM_2044,18585.69,2026-08-16T04:15:23,,,0,,,
TXN-0006824,ACC_NORM_2585,ACC_NORM_1499,24132.83,2026-08-16T04:24:02,,,0,,,
TXN-0006825,ACC_MULE_0131,ACC_MULE_0387,183430.72,2026-08-16T04:32:40,28.623283,77.231737,2,,,
TXN-0006826,ACC_MULE_0291,ACC_MULE_0212,91743.77,2026-08-16T04:41:19,28.589933,77.057502,2,2026-08-16T04:47:57,ATM_PNB_102,0.5
TXN-0006827,ACC_NORM_2219,ACC_NORM_0578,7087.69,2026-08-16T04:49:57,,,0,,,
TXN-0006828,ACC_MULE_0216,ACC_MULE_0308,175387.22,2026-08-16T04:58:35,28.628876,77.309839,2,2026-08-16T05:27:53,ATM_UBI_150,3.03
TXN-0006829,ACC_VIC_0368,ACC_MULE_0094,148797.85,2026-08-16T05:07:14,28.568919,77.257325,1,2026-08-16T05:28:15,ATM_KOTAK_053,8.14
TXN-0006830,ACC_NORM_1301,ACC_NORM_0857,18983.36,2026-08-16T05:15:52,,,0,,,
TXN-0006831,ACC_NORM_0432,ACC_NORM_1283,9037.55,2026-08-16T05:24:31,,,0,,,
TXN-0006832,ACC_NORM_1341,ACC_NORM_0412,2693.92,2026-08-16T05:33:09,,,0,,,
TXN-0006833,ACC_VIC_0571,ACC_MULE_0186,79246.42,2026-08-16T05:41:47,28.534602,77.13424,1,,,
TXN-0006834,ACC_NORM_0007,ACC_NORM_0842,23964.02,2026-08-16T05:50:26,,,0,,,
TXN-0006835,ACC_MULE_0338,ACC_MULE_0114,157891.12,2026-08-16T05:59:04,28.616054,77.317915,2,2026-08-16T06:24:11,ATM_BOB_155,12.47
TXN-0006836,ACC_NORM_0047,ACC_NORM_1719,20567.16,2026-08-16T06:07:43,,,0,,,
TXN-0006837,ACC_NORM_2378,ACC_NORM_0688,2086.26,2026-08-16T06:16:21,,,0,,,
TXN-0006838,ACC_NORM_1056,ACC_NORM_2293,8508.71,2026-08-16T06:24:59,,,0,,,
TXN-0006839,ACC_NORM_0723,ACC_NORM_1369,7594.12,2026-08-16T06:33:38,,,0,,,
TXN-0006840,ACC_VIC_0889,ACC_MULE_0590,176975.84,2026-08-16T06:42:16,28.673592,77.292828,1,2026-08-16T07:04:05,ATM_HDFC_170,2.13
TXN-0006841,ACC_NORM_0767,ACC_NORM_2384,9621.6,2026-08-16T06:50:55,,,0,,,
TXN-0006842,ACC_NORM_0067,ACC_NORM_2649,24144.04,2026-08-16T06:59:33,,,0,,,
TXN-0006843,ACC_NORM_2843,ACC_NORM_2003,5277.92,2026-08-16T07:08:11,,,0,,,
TXN-0006844,ACC_NORM_1675,ACC_NORM_2115,6995.04,2026-08-16T07:16:50,,,0,,,
TXN-0006845,ACC_NORM_0039,ACC_NORM_0898,21559.17,2026-08-16T07:25:28,,,0,,,
TXN-0006846,ACC_MULE_0495,ACC_MULE_0364,53903.19,2026-08-16T07:34:07,28.572068,77.037779,2,,,
TXN-0006847,ACC_NORM_2953,ACC_NORM_1832,23270.62,2026-08-16T07:42:45,,,0,,,
TXN-0006848,ACC_NORM_1741,ACC_NORM_1301,599.57,2026-08-16T07:51:23,,,0,,,
TXN-0006849,ACC_NORM_2467,ACC_NORM_2191,4295.55,2026-08-16T08:00:02,,,0,,,
TXN-0006850,ACC_VIC_0673,ACC_MULE_0104,104198.81,2026-08-16T08:08:40,28.640872,77.199477,1,2026-08-16T08:18:35,ATM_ICICI_004,4.86
TXN-0006851,ACC_NORM_0178,ACC_NORM_2179,24950.14,2026-08-16T08:17:19,,,0,,,
TXN-0006852,ACC_NORM_2648,ACC_NORM_0112,3806.87,2026-08-16T08:25:57,,,0,,,
TXN-0006853,ACC_VIC_0386,ACC_MULE_0448,71749.06,2026-08-16T08:34:35,28.534318,77.238473,1,2026-08-16T08:49:24,ATM_AXIS_084,7.07
TXN-0006854,ACC_VIC_1272,ACC_MULE_0392,146263.08,2026-08-16T08:43:14,28.531446,77.24032,1,2026-08-16T08:53:19,ATM_ICICI_068,2.89
TXN-0006855,ACC_NORM_1841,ACC_NORM_2209,15903.42,2026-08-16T08:51:52,,,0,,,
TXN-0006856,ACC_NORM_2841,ACC_NORM_1616,23310.3,2026-08-16T09:00:31,,,0,,,
TXN-0006857,ACC_NORM_2358,ACC_NORM_2550,14648.28,2026-08-16T09:09:09,,,0,,,
TXN-0006858,ACC_VIC_1330,ACC_MULE_0521,111070.32,2026-08-16T09:17:47,28.559429,77.251699,1,2026-08-16T09:24:28,ATM_PNB_052,2.34
TXN-0006859,ACC_NORM_2938,ACC_NORM_1898,10834.45,2026-08-16T09:26:26,,,0,,,
TXN-0006860,ACC_NORM_0315,ACC_NORM_0558,14529.61,2026-08-16T09:35:04,,,0,,,
TXN-0006861,ACC_NORM_2542,ACC_NORM_2820,16303.03,2026-08-16T09:43:43,,,0,,,
TXN-0006862,ACC_NORM_2220,ACC_NORM_2219,24372.78,2026-08-16T09:52:21,,,0,,,
TXN-0006863,ACC_NORM_1560,ACC_NORM_2946,14855.27,2026-08-16T10:00:59,,,0,,,
TXN-0006864,ACC_VIC_0449,ACC_MULE_0073,171661.09,2026-08-16T10:09:38,28.595209,77.064355,1,2026-08-16T10:24:13,ATM_PNB_102,3.04
TXN-0006865,ACC_NORM_0782,ACC_NORM_0660,4011.75,2026-08-16T10:18:16,,,0,,,
TXN-0006866,ACC_NORM_1022,ACC_NORM_1242,20293.4,2026-08-16T10:26:55,,,0,,,
TXN-0006867,ACC_NORM_1083,ACC_NORM_2868,7115.83,2026-08-16T10:35:33,,,0,,,
TXN-0006868,ACC_MULE_0491,ACC_MULE_0167,158798.16,2026-08-16T10:44:11,28.639343,77.180666,2,2026-08-16T11:13:07,ATM_ICICI_004,8.65
TXN-0006869,ACC_VIC_1314,ACC_MULE_0465,97836.71,2026-08-16T10:52:50,28.63428,77.230542,1,2026-08-16T11:04:08,ATM_ICICI_004,6.56
TXN-0006870,ACC_NORM_1509,ACC_NORM_0613,23727.98,2026-08-16T11:01:28,,,0,,,
TXN-0006871,ACC_NORM_1858,ACC_NORM_1906,15078.72,2026-08-16T11:10:07,,,0,,,
TXN-0006872,ACC_NORM_2095,ACC_NORM_1054,21867.54,2026-08-16T11:18:45,,,0,,,
TXN-0006873,ACC_MULE_0543,ACC_MULE_0084,124051.81,2026-08-16T11:27:23,28.717805,77.133938,2,2026-08-16T11:39:23,ATM_SBI_141,7.3
TXN-0006874,ACC_NORM_1633,ACC_NORM_1545,20716.16,2026-08-16T11:36:02,,,0,,,
TXN-0006875,ACC_VIC_0506,ACC_MULE_0540,240632.65,2026-08-16T11:44:40,28.593462,77.062903,1,2026-08-16T12:08:52,ATM_PNB_102,2.38
TXN-0006876,ACC_VIC_0632,ACC_MULE_0464,230685.15,2026-08-16T11:53:19,28.541859,77.196634,1,,,
TXN-0006877,ACC_VIC_0062,ACC_MULE_0555,123187.2,2026-08-16T12:01:57,28.644331,77.213885,1,2026-08-16T12:23:09,ATM_KOTAK_008,5.41
TXN-0006878,ACC_NORM_0334,ACC_NORM_2317,13394.82,2026-08-16T12:10:35,,,0,,,
TXN-0006879,ACC_MULE_0335,ACC_MULE_0246,122458.49,2026-08-16T12:19:14,28.530541,77.163575,2,2026-08-16T12:33:29,ATM_BOB_094,5.75
TXN-0006880,ACC_MULE_0280,ACC_MULE_0015,192951.44,2026-08-16T12:27:52,28.54994,77.13289,2,2026-08-16T12:55:01,ATM_BOB_094,9.99
TXN-0006881,ACC_NORM_1896,ACC_NORM_2502,5357.6,2026-08-16T12:36:31,,,0,,,
TXN-0006882,ACC_VIC_1087,ACC_MULE_0108,132610.84,2026-08-16T12:45:09,28.512296,77.202855,1,2026-08-16T13:03:20,ATM_HDFC_086,7.42
TXN-0006883,ACC_VIC_1457,ACC_MULE_0561,143039.53,2026-08-16T12:53:47,28.594233,77.328214,1,,,
TXN-0006884,ACC_NORM_1427,ACC_NORM_1540,5656.43,2026-08-16T13:02:26,,,0,,,
TXN-0006885,ACC_NORM_0648,ACC_NORM_0041,7159.68,2026-08-16T13:11:04,,,0,,,
TXN-0006886,ACC_VIC_0324,ACC_MULE_0526,129621.88,2026-08-16T13:19:43,28.62133,77.320726,1,2026-08-16T13:36:22,ATM_UBI_150,5.67
TXN-0006887,ACC_VIC_1471,ACC_MULE_0098,123002.09,2026-08-16T13:28:21,28.653867,77.182218,1,,,
TXN-0006888,ACC_NORM_1743,ACC_NORM_0511,4861.69,2026-08-16T13:36:59,,,0,,,
TXN-0006889,ACC_NORM_2120,ACC_NORM_1799,20701.92,2026-08-16T13:45:38,,,0,,,
TXN-0006890,ACC_MULE_0407,ACC_MULE_0178,163015.03,2026-08-16T13:54:16,28.550068,77.252257,2,2026-08-16T14:11:04,ATM_PNB_056,7.63
TXN-0006891,ACC_MULE_0033,ACC_MULE_0581,127085.19,2026-08-16T14:02:55,28.664761,77.281279,2,2026-08-16T14:22:35,ATM_HDFC_170,4.42
TXN-0006892,ACC_NORM_1156,ACC_NORM_1821,6604.68,2026-08-16T14:11:33,,,0,,,
TXN-0006893,ACC_NORM_2146,ACC_NORM_2298,10751.37,2026-08-16T14:20:11,,,0,,,
TXN-0006894,ACC_NORM_2714,ACC_NORM_0163,16086.9,2026-08-16T14:28:50,,,0,,,
TXN-0006895,ACC_NORM_2266,ACC_NORM_1552,11260.13,2026-08-16T14:37:28,,,0,,,
TXN-0006896,ACC_NORM_2783,ACC_NORM_2528,20672.75,2026-08-16T14:46:07,,,0,,,
TXN-0006897,ACC_MULE_0487,ACC_MULE_0162,71165.01,2026-08-16T14:54:45,28.684367,77.28354,2,2026-08-16T15:06:11,ATM_HDFC_170,2.37
TXN-0006898,ACC_VIC_0004,ACC_MULE_0201,66860.79,2026-08-16T15:03:23,28.582507,77.063214,1,2026-08-16T15:16:58,ATM_PNB_102,3.07
TXN-0006899,ACC_MULE_0419,ACC_MULE_0016,120905.92,2026-08-16T15:12:02,28.584076,77.227153,2,2026-08-16T15:25:48,ATM_PNB_062,8.91
TXN-0006900,ACC_VIC_0760,ACC_MULE_0055,221604.71,2026-08-16T15:20:40,28.609486,77.32273,1,2026-08-16T15:50:29,ATM_UBI_150,7.7
TXN-0006901,ACC_NORM_1320,ACC_NORM_1009,7486.22,2026-08-16T15:29:19,,,0,,,
TXN-0006902,ACC_VIC_1441,ACC_MULE_0126,183330.62,2026-08-16T15:37:57,28.655625,77.302481,1,2026-08-16T16:01:38,ATM_HDFC_170,8.34
TXN-0006903,ACC_NORM_0213,ACC_NORM_1020,4606.07,2026-08-16T15:46:35,,,0,,,
TXN-0006904,ACC_VIC_1423,ACC_MULE_0226,81964.77,2026-08-16T15:55:14,28.641207,77.298371,1,2026-08-16T16:22:11,ATM_UBI_150,5.66
TXN-0006905,ACC_VIC_0210,ACC_MULE_0453,134458.65,2026-08-16T16:03:52,28.581104,77.069827,1,2026-08-16T16:36:05,ATM_PNB_102,4.79
TXN-0006906,ACC_NORM_2021,ACC_NORM_2106,7716.02,2026-08-16T16:12:31,,,0,,,
TXN-0006907,ACC_NORM_2677,ACC_NORM_2016,12616.65,2026-08-16T16:21:09,,,0,,,
TXN-0006908,ACC_VIC_0517,ACC_MULE_0379,161828.23,2026-08-16T16:29:47,28.688001,77.103054,1,2026-08-16T16:51:44,ATM_ICICI_142,6.75
TXN-0006909,ACC_VIC_1198,ACC_MULE_0252,150391.05,2026-08-16T16:38:26,28.708789,77.112756,1,2026-08-16T16:56:26,ATM_ICICI_134,3.97
TXN-0006910,ACC_MULE_0591,ACC_MULE_0242,145433.66,2026-08-16T16:47:04,28.534828,77.257597,2,2026-08-16T17:03:26,ATM_HDFC_066,5.3
TXN-0006911,ACC_NORM_2445,ACC_NORM_2688,15683.41,2026-08-16T16:55:43,,,0,,,
TXN-0006912,ACC_VIC_0177,ACC_MULE_0344,63730.58,2026-08-16T17:04:21,28.532284,77.243599,1,2026-08-16T17:20:43,ATM_ICICI_068,2.24
TXN-0006913,ACC_NORM_2923,ACC_NORM_1073,9520.48,2026-08-16T17:12:59,,,0,,,
TXN-0006914,ACC_NORM_2547,ACC_NORM_0478,2536.19,2026-08-16T17:21:38,,,0,,,
TXN-0006915,ACC_MULE_0559,ACC_MULE_0203,154960.61,2026-08-16T17:30:16,28.574578,77.031617,2,2026-08-16T17:49:02,ATM_PNB_102,8.34
TXN-0006916,ACC_NORM_1681,ACC_NORM_2619,6813.48,2026-08-16T17:38:55,,,0,,,
TXN-0006917,ACC_NORM_0933,ACC_NORM_2746,23058.75,2026-08-16T17:47:33,,,0,,,
TXN-0006918,ACC_NORM_2371,ACC_NORM_0354,17469.92,2026-08-16T17:56:11,,,0,,,
TXN-0006919,ACC_VIC_0596,ACC_MULE_0569,192837.75,2026-08-16T18:04:50,28.654506,77.295014,1,2026-08-16T18:20:25,ATM_ICICI_166,2.09
TXN-0006920,ACC_NORM_1016,ACC_NORM_2984,20453.07,2026-08-16T18:13:28,,,0,,,
TXN-0006921,ACC_VIC_0486,ACC_MULE_0130,167591.85,2026-08-16T18:22:07,28.592238,77.041454,1,,,
TXN-0006922,ACC_NORM_2714,ACC_NORM_1016,6736.83,2026-08-16T18:30:45,,,0,,,
TXN-0006923,ACC_VIC_0198,ACC_MULE_0414,121381.96,2026-08-16T18:39:23,28.595983,77.061147,1,2026-08-16T18:53:59,ATM_PNB_102,2.58
TXN-0006924,ACC_VIC_0442,ACC_MULE_0052,149201.64,2026-08-16T18:48:02,28.702431,77.095115,1,,,
TXN-0006925,ACC_NORM_1499,ACC_NORM_2426,17266.42,2026-08-16T18:56:40,,,0,,,
TXN-0006926,ACC_MULE_0228,ACC_MULE_0111,90032.01,2026-08-16T19:05:19,28.582281,77.239527,2,2026-08-16T19:18:41,ATM_BOB_046,3.59
TXN-0006927,ACC_NORM_2723,ACC_NORM_1086,9012.69,2026-08-16T19:13:57,,,0,,,
TXN-0006928,ACC_VIC_1186,ACC_MULE_0472,130490.11,2026-08-16T19:22:35,28.709062,77.099186,1,,,
TXN-0006929,ACC_NORM_0656,ACC_NORM_2688,8470.84,2026-08-16T19:31:14,,,0,,,
TXN-0006930,ACC_VIC_0979,ACC_MULE_0141,230686.53,2026-08-16T19:39:52,28.53605,77.214754,1,,,
TXN-0006931,ACC_NORM_0414,ACC_NORM_2337,21137.18,2026-08-16T19:48:31,,,0,,,
TXN-0006932,ACC_NORM_1607,ACC_NORM_1685,18366.08,2026-08-16T19:57:09,,,0,,,
TXN-0006933,ACC_MULE_0010,ACC_MULE_0292,223444.29,2026-08-16T20:05:47,28.625493,77.301359,2,2026-08-16T20:22:46,ATM_PNB_160,5.27
TXN-0006934,ACC_NORM_2598,ACC_NORM_0695,21253.79,2026-08-16T20:14:26,,,0,,,
TXN-0006935,ACC_NORM_0667,ACC_NORM_2684,24755.65,2026-08-16T20:23:04,,,0,,,
TXN-0006936,ACC_NORM_2162,ACC_NORM_0015,8824.89,2026-08-16T20:31:43,,,0,,,
TXN-0006937,ACC_NORM_2942,ACC_NORM_0201,10697.89,2026-08-16T20:40:21,,,0,,,
TXN-0006938,ACC_NORM_2792,ACC_NORM_2980,2298.86,2026-08-16T20:48:59,,,0,,,
TXN-0006939,ACC_NORM_0802,ACC_NORM_0879,12017.67,2026-08-16T20:57:38,,,0,,,
TXN-0006940,ACC_NORM_2437,ACC_NORM_1800,14354.72,2026-08-16T21:06:16,,,0,,,
TXN-0006941,ACC_NORM_2084,ACC_NORM_1185,11414.14,2026-08-16T21:14:55,,,0,,,
TXN-0006942,ACC_NORM_0616,ACC_NORM_1116,16636.42,2026-08-16T21:23:33,,,0,,,
TXN-0006943,ACC_NORM_1052,ACC_NORM_1376,17487.92,2026-08-16T21:32:11,,,0,,,
TXN-0006944,ACC_NORM_2928,ACC_NORM_2954,10780.31,2026-08-16T21:40:50,,,0,,,
TXN-0006945,ACC_NORM_1668,ACC_NORM_1006,22123.91,2026-08-16T21:49:28,,,0,,,
TXN-0006946,ACC_NORM_0453,ACC_NORM_2891,24556.2,2026-08-16T21:58:07,,,0,,,
TXN-0006947,ACC_NORM_1341,ACC_NORM_0596,19480.77,2026-08-16T22:06:45,,,0,,,
TXN-0006948,ACC_NORM_0363,ACC_NORM_0350,22199.5,2026-08-16T22:15:23,,,0,,,
TXN-0006949,ACC_VIC_1426,ACC_MULE_0248,225896.48,2026-08-16T22:24:02,28.59697,77.059725,1,2026-08-16T22:52:22,ATM_AXIS_101,6.74
TXN-0006950,ACC_NORM_0683,ACC_NORM_0127,9109.86,2026-08-16T22:32:40,,,0,,,
TXN-0006951,ACC_NORM_2480,ACC_NORM_0541,7457.69,2026-08-16T22:41:19,,,0,,,
TXN-0006952,ACC_NORM_0204,ACC_NORM_2129,13580.1,2026-08-16T22:49:57,,,0,,,
TXN-0006953,ACC_VIC_1400,ACC_MULE_0436,229564.56,2026-08-16T22:58:35,28.727817,77.129517,1,2026-08-16T23:19:45,ATM_UBI_139,5.89
TXN-0006954,ACC_NORM_1786,ACC_NORM_1740,6102.87,2026-08-16T23:07:14,,,0,,,
TXN-0006955,ACC_NORM_2463,ACC_NORM_1384,4483.67,2026-08-16T23:15:52,,,0,,,
TXN-0006956,ACC_NORM_0082,ACC_NORM_0262,18789.28,2026-08-16T23:24:31,,,0,,,
TXN-0006957,ACC_NORM_1183,ACC_NORM_0205,2258.61,2026-08-16T23:33:09,,,0,,,
TXN-0006958,ACC_VIC_1017,ACC_MULE_0427,101593.62,2026-08-16T23:41:47,28.648238,77.219555,1,,,
TXN-0006959,ACC_NORM_0070,ACC_NORM_0066,2249.88,2026-08-16T23:50:26,,,0,,,
TXN-0006960,ACC_VIC_0598,ACC_MULE_0361,60644.25,2026-08-16T23:59:04,28.581471,77.039621,1,2026-08-17T00:13:25,ATM_PNB_102,5.25
TXN-0006961,ACC_VIC_1406,ACC_MULE_0570,104552.05,2026-08-17T00:07:43,28.651917,77.207641,1,2026-08-17T00:26:06,ATM_UBI_016,4.93
TXN-0006962,ACC_VIC_1066,ACC_MULE_0508,85309.57,2026-08-17T00:16:21,28.704011,77.109571,1,,,
TXN-0006963,ACC_NORM_2172,ACC_NORM_0663,15302.5,2026-08-17T00:24:59,,,0,,,
TXN-0006964,ACC_NORM_1531,ACC_NORM_0795,1073.74,2026-08-17T00:33:38,,,0,,,
TXN-0006965,ACC_NORM_2725,ACC_NORM_0622,12266.66,2026-08-17T00:42:16,,,0,,,
TXN-0006966,ACC_MULE_0290,ACC_MULE_0514,95582.98,2026-08-17T00:50:55,28.519059,77.220631,2,2026-08-17T01:09:15,ATM_HDFC_066,6.67
TXN-0006967,ACC_MULE_0291,ACC_MULE_0186,216206.99,2026-08-17T00:59:33,28.534602,77.13424,2,2026-08-17T01:19:53,ATM_BOB_094,5.49
TXN-0006968,ACC_NORM_1347,ACC_NORM_0290,22900.85,2026-08-17T01:08:11,,,0,,,
TXN-0006969,ACC_NORM_2752,ACC_NORM_2155,10299.94,2026-08-17T01:16:50,,,0,,,
TXN-0006970,ACC_MULE_0085,ACC_MULE_0564,115287.65,2026-08-17T01:25:28,28.52182,77.15837,2,,,
TXN-0006971,ACC_NORM_1701,ACC_NORM_0813,6131.39,2026-08-17T01:34:07,,,0,,,
TXN-0006972,ACC_NORM_2766,ACC_NORM_1872,14076.28,2026-08-17T01:42:45,,,0,,,
TXN-0006973,ACC_NORM_1041,ACC_NORM_2335,6535.86,2026-08-17T01:51:23,,,0,,,
TXN-0006974,ACC_NORM_0668,ACC_NORM_0577,15770.21,2026-08-17T02:00:02,,,0,,,
TXN-0006975,ACC_VIC_0417,ACC_MULE_0001,244518.18,2026-08-17T02:08:40,28.556021,77.158395,1,2026-08-17T02:29:06,ATM_BOB_094,11.72
TXN-0006976,ACC_NORM_0453,ACC_NORM_0882,19728.24,2026-08-17T02:17:19,,,0,,,
TXN-0006977,ACC_NORM_1919,ACC_NORM_2269,3279.82,2026-08-17T02:25:57,,,0,,,
TXN-0006978,ACC_NORM_1168,ACC_NORM_1359,15821.79,2026-08-17T02:34:35,,,0,,,
TXN-0006979,ACC_NORM_2062,ACC_NORM_0183,17100.58,2026-08-17T02:43:14,,,0,,,
TXN-0006980,ACC_MULE_0013,ACC_MULE_0573,157229.89,2026-08-17T02:51:52,28.632598,77.291468,2,2026-08-17T03:25:22,ATM_BOB_152,6.02
TXN-0006981,ACC_NORM_0567,ACC_NORM_2830,6535.72,2026-08-17T03:00:31,,,0,,,
TXN-0006982,ACC_NORM_0021,ACC_NORM_2236,4713.33,2026-08-17T03:09:09,,,0,,,
TXN-0006983,ACC_NORM_1812,ACC_NORM_1439,6551.84,2026-08-17T03:17:47,,,0,,,
TXN-0006984,ACC_MULE_0260,ACC_MULE_0344,219253.71,2026-08-17T03:26:26,28.532284,77.243599,2,,,
TXN-0006985,ACC_VIC_0941,ACC_MULE_0590,241799.9,2026-08-17T03:35:04,28.673592,77.292828,1,2026-08-17T03:56:49,ATM_HDFC_170,2.13
TXN-0006986,ACC_VIC_0471,ACC_MULE_0447,158510.99,2026-08-17T03:43:43,28.673019,77.29684,1,,,
TXN-0006987,ACC_VIC_0716,ACC_MULE_0445,173113.51,2026-08-17T03:52:21,28.63453,77.202872,1,2026-08-17T04:09:29,ATM_ICICI_004,2.63
TXN-0006988,ACC_VIC_1221,ACC_MULE_0279,247044.43,2026-08-17T04:00:59,28.563536,77.228945,1,,,
TXN-0006989,ACC_NORM_2918,ACC_NORM_1119,15005.9,2026-08-17T04:09:38,,,0,,,
TXN-0006990,ACC_NORM_0843,ACC_NORM_1116,16518.37,2026-08-17T04:18:16,,,0,,,
TXN-0006991,ACC_NORM_0217,ACC_NORM_1612,18953.57,2026-08-17T04:26:55,,,0,,,
TXN-0006992,ACC_MULE_0574,ACC_MULE_0447,83230.01,2026-08-17T04:35:33,28.673019,77.29684,2,,,
TXN-0006993,ACC_NORM_1348,ACC_NORM_2838,1791.4,2026-08-17T04:44:11,,,0,,,
TXN-0006994,ACC_NORM_0696,ACC_NORM_1632,13779.04,2026-08-17T04:52:50,,,0,,,
TXN-0006995,ACC_NORM_0716,ACC_NORM_1696,3861.93,2026-08-17T05:01:28,,,0,,,
TXN-0006996,ACC_NORM_1307,ACC_NORM_1934,20707.64,2026-08-17T05:10:07,,,0,,,
TXN-0006997,ACC_NORM_2133,ACC_NORM_1647,23761.93,2026-08-17T05:18:45,,,0,,,
TXN-0006998,ACC_VIC_1321,ACC_MULE_0198,115478.59,2026-08-17T05:27:23,28.521018,77.132706,1,2026-08-17T05:43:19,ATM_BOB_094,3.83
TXN-0006999,ACC_NORM_2325,ACC_NORM_1487,10808.41,2026-08-17T05:36:02,,,0,,,
TXN-0007000,ACC_NORM_1962,ACC_NORM_2464,23675.55,2026-08-17T05:44:40,,,0,,,
TXN-0007001,ACC_NORM_2366,ACC_NORM_2014,10637.31,2026-08-17T05:53:19,,,0,,,
TXN-0007002,ACC_NORM_1576,ACC_NORM_2808,17345.45,2026-08-17T06:01:57,,,0,,,
TXN-0007003,ACC_VIC_0692,ACC_MULE_0050,117840.81,2026-08-17T06:10:35,28.657763,77.302814,1,2026-08-17T06:36:04,ATM_HDFC_170,7.82
TXN-0007004,ACC_VIC_0104,ACC_MULE_0093,85892.63,2026-08-17T06:19:14,28.659563,77.308654,1,2026-08-17T06:46:59,ATM_HDFC_170,8.46
TXN-0007005,ACC_VIC_1375,ACC_MULE_0245,237610.54,2026-08-17T06:27:52,28.712419,77.099419,1,2026-08-17T06:44:15,ATM_HDFC_131,7.4
TXN-0007006,ACC_VIC_0614,ACC_MULE_0437,180718.17,2026-08-17T06:36:31,28.584929,77.249474,1,2026-08-17T07:06:24,ATM_PNB_052,6.02
TXN-0007007,ACC_MULE_0022,ACC_MULE_0527,160678.68,2026-08-17T06:45:09,28.713956,77.140458,2,2026-08-17T07:18:27,ATM_KOTAK_138,5.79
TXN-0007008,ACC_MULE_0029,ACC_MULE_0008,222229.94,2026-08-17T06:53:47,28.668135,77.299502,2,2026-08-17T07:08:38,ATM_HDFC_170,4.7
TXN-0007009,ACC_NORM_2625,ACC_NORM_1456,17914.09,2026-08-17T07:02:26,,,0,,,
TXN-0007010,ACC_NORM_2068,ACC_NORM_2959,12337.39,2026-08-17T07:11:04,,,0,,,
TXN-0007011,ACC_VIC_0211,ACC_MULE_0042,235314.02,2026-08-17T07:19:43,28.676975,77.302079,1,2026-08-17T07:30:17,ATM_KOTAK_168,0.58
TXN-0007012,ACC_NORM_0807,ACC_NORM_2807,10399.99,2026-08-17T07:28:21,,,0,,,
TXN-0007013,ACC_NORM_1155,ACC_NORM_2377,10944.31,2026-08-17T07:36:59,,,0,,,
TXN-0007014,ACC_NORM_0459,ACC_NORM_1652,17352.95,2026-08-17T07:45:38,,,0,,,
TXN-0007015,ACC_NORM_2586,ACC_NORM_1711,12728.97,2026-08-17T07:54:16,,,0,,,
TXN-0007016,ACC_NORM_1751,ACC_NORM_0200,11015.22,2026-08-17T08:02:55,,,0,,,
TXN-0007017,ACC_VIC_0364,ACC_MULE_0079,147607.39,2026-08-17T08:11:33,28.538782,77.192955,1,2026-08-17T08:31:00,ATM_ICICI_087,2.66
TXN-0007018,ACC_VIC_1485,ACC_MULE_0092,144700.7,2026-08-17T08:20:11,28.582136,77.232581,1,2026-08-17T08:38:35,ATM_PNB_052,6.86
TXN-0007019,ACC_NORM_1905,ACC_NORM_2809,13796.13,2026-08-17T08:28:50,,,0,,,
TXN-0007020,ACC_NORM_2128,ACC_NORM_0123,6369.51,2026-08-17T08:37:28,,,0,,,
TXN-0007021,ACC_VIC_0412,ACC_MULE_0470,192164.91,2026-08-17T08:46:07,28.549505,77.168189,1,2026-08-17T09:08:17,ATM_BOB_094,11.02
TXN-0007022,ACC_NORM_1040,ACC_NORM_1841,15169.1,2026-08-17T08:54:45,,,0,,,
TXN-0007023,ACC_NORM_1947,ACC_NORM_2943,13548.52,2026-08-17T09:03:23,,,0,,,
TXN-0007024,ACC_NORM_0694,ACC_NORM_2893,8840.53,2026-08-17T09:12:02,,,0,,,
TXN-0007025,ACC_NORM_0543,ACC_NORM_1635,15651.66,2026-08-17T09:20:40,,,0,,,
TXN-0007026,ACC_NORM_1692,ACC_NORM_2944,21236.28,2026-08-17T09:29:19,,,0,,,
TXN-0007027,ACC_VIC_0468,ACC_MULE_0409,165389.75,2026-08-17T09:37:57,28.65197,77.202056,1,,,
TXN-0007028,ACC_NORM_1629,ACC_NORM_2384,18428.15,2026-08-17T09:46:35,,,0,,,
TXN-0007029,ACC_NORM_0095,ACC_NORM_1890,11395.61,2026-08-17T09:55:14,,,0,,,
TXN-0007030,ACC_NORM_1284,ACC_NORM_1676,17151.65,2026-08-17T10:03:52,,,0,,,
TXN-0007031,ACC_NORM_0570,ACC_NORM_0973,20998.56,2026-08-17T10:12:31,,,0,,,
TXN-0007032,ACC_VIC_0680,ACC_MULE_0231,188893.36,2026-08-17T10:21:09,28.661257,77.299731,1,,,
TXN-0007033,ACC_NORM_0065,ACC_NORM_0077,17317.3,2026-08-17T10:29:47,,,0,,,
TXN-0007034,ACC_NORM_0916,ACC_NORM_0070,21115.64,2026-08-17T10:38:26,,,0,,,
TXN-0007035,ACC_NORM_2139,ACC_NORM_0478,4320.84,2026-08-17T10:47:04,,,0,,,
TXN-0007036,ACC_MULE_0101,ACC_MULE_0128,98533.17,2026-08-17T10:55:43,28.611213,77.326477,2,,,
TXN-0007037,ACC_VIC_0140,ACC_MULE_0405,193178.11,2026-08-17T11:04:21,28.535843,77.142127,1,2026-08-17T11:19:04,ATM_BOB_094,4.86
TXN-0007038,ACC_NORM_1797,ACC_NORM_2052,23120.51,2026-08-17T11:12:59,,,0,,,
TXN-0007039,ACC_VIC_0274,ACC_MULE_0392,107778.26,2026-08-17T11:21:38,28.531446,77.24032,1,2026-08-17T11:31:56,ATM_ICICI_068,2.89
TXN-0007040,ACC_MULE_0345,ACC_MULE_0310,192245.26,2026-08-17T11:30:16,28.583326,77.064633,2,2026-08-17T11:43:53,ATM_PNB_102,3.18
TXN-0007041,ACC_NORM_1749,ACC_NORM_0448,21651.61,2026-08-17T11:38:55,,,0,,,
TXN-0007042,ACC_MULE_0557,ACC_MULE_0456,152340.78,2026-08-17T11:47:33,28.585269,77.242582,2,2026-08-17T12:11:35,ATM_PNB_052,6.37
TXN-0007043,ACC_NORM_0026,ACC_NORM_1718,17881.57,2026-08-17T11:56:11,,,0,,,
TXN-0007044,ACC_NORM_1753,ACC_NORM_1860,16650.49,2026-08-17T12:04:50,,,0,,,
TXN-0007045,ACC_NORM_2377,ACC_NORM_1504,5471.48,2026-08-17T12:13:28,,,0,,,
TXN-0007046,ACC_NORM_1319,ACC_NORM_1667,2511.9,2026-08-17T12:22:07,,,0,,,
TXN-0007047,ACC_NORM_2736,ACC_NORM_0586,7470.16,2026-08-17T12:30:45,,,0,,,
TXN-0007048,ACC_NORM_1888,ACC_NORM_2314,16732.77,2026-08-17T12:39:23,,,0,,,
TXN-0007049,ACC_NORM_1066,ACC_NORM_1670,13675.1,2026-08-17T12:48:02,,,0,,,
TXN-0007050,ACC_VIC_1436,ACC_MULE_0245,245410.13,2026-08-17T12:56:40,28.712419,77.099419,1,2026-08-17T13:27:00,ATM_SBI_141,3.74
TXN-0007051,ACC_NORM_2745,ACC_NORM_1915,22418.34,2026-08-17T13:05:19,,,0,,,
TXN-0007052,ACC_VIC_0483,ACC_MULE_0424,152364.02,2026-08-17T13:13:57,28.641373,77.20867,1,2026-08-17T13:35:33,ATM_HDFC_006,6.22
TXN-0007053,ACC_NORM_2513,ACC_NORM_2943,10962.98,2026-08-17T13:22:35,,,0,,,
TXN-0007054,ACC_MULE_0579,ACC_MULE_0254,165363.32,2026-08-17T13:31:14,28.64577,77.178906,2,2026-08-17T13:52:15,ATM_UBI_016,3.5
TXN-0007055,ACC_NORM_1176,ACC_NORM_1003,19477.14,2026-08-17T13:39:52,,,0,,,
TXN-0007056,ACC_NORM_0313,ACC_NORM_1110,16310.48,2026-08-17T13:48:31,,,0,,,
TXN-0007057,ACC_NORM_1281,ACC_NORM_2755,22306.53,2026-08-17T13:57:09,,,0,,,
TXN-0007058,ACC_NORM_0827,ACC_NORM_2128,9931.15,2026-08-17T14:05:47,,,0,,,
TXN-0007059,ACC_MULE_0236,ACC_MULE_0565,90142.15,2026-08-17T14:14:26,28.529488,77.238655,2,2026-08-17T14:53:37,ATM_PNB_052,12.16
TXN-0007060,ACC_NORM_0353,ACC_NORM_1058,18093.46,2026-08-17T14:23:04,,,0,,,
TXN-0007061,ACC_VIC_0017,ACC_MULE_0547,154026.5,2026-08-17T14:31:43,28.614921,77.199985,1,2026-08-17T14:52:51,ATM_HDFC_007,9.22
TXN-0007062,ACC_NORM_2609,ACC_NORM_0848,19046.22,2026-08-17T14:40:21,,,0,,,
TXN-0007063,ACC_NORM_0957,ACC_NORM_1761,5399.79,2026-08-17T14:48:59,,,0,,,
TXN-0007064,ACC_MULE_0539,ACC_MULE_0341,221475.26,2026-08-17T14:57:38,28.613924,77.221086,2,2026-08-17T15:13:47,ATM_HDFC_007,6.82
TXN-0007065,ACC_NORM_2608,ACC_NORM_0655,14848.55,2026-08-17T15:06:16,,,0,,,
TXN-0007066,ACC_NORM_0865,ACC_NORM_2989,14232.07,2026-08-17T15:14:55,,,0,,,
TXN-0007067,ACC_MULE_0236,ACC_MULE_0089,140121.38,2026-08-17T15:23:33,28.616568,77.228669,2,2026-08-17T15:39:28,ATM_HDFC_002,7.82
TXN-0007068,ACC_VIC_0300,ACC_MULE_0241,145439.33,2026-08-17T15:32:11,28.646924,77.17685,1,2026-08-17T15:49:34,ATM_AXIS_010,2.55
TXN-0007069,ACC_VIC_1184,ACC_MULE_0266,155780.24,2026-08-17T15:40:50,28.637716,77.177033,1,,,
TXN-0007070,ACC_VIC_1046,ACC_MULE_0115,185863.57,2026-08-17T15:49:28,28.671372,77.272802,1,2026-08-17T16:14:50,ATM_HDFC_170,4.43
TXN-0007071,ACC_NORM_1855,ACC_NORM_2290,11495.88,2026-08-17T15:58:07,,,0,,,
TXN-0007072,ACC_VIC_0897,ACC_MULE_0028,96368.03,2026-08-17T16:06:45,28.627319,77.329388,1,,,
TXN-0007073,ACC_VIC_1382,ACC_MULE_0337,239376.97,2026-08-17T16:15:23,28.698848,77.148253,1,2026-08-17T17:06:46,ATM_BOB_012,17.83
TXN-0007074,ACC_NORM_2904,ACC_NORM_2596,1711.44,2026-08-17T16:24:02,,,0,,,
TXN-0007075,ACC_MULE_0400,ACC_MULE_0595,236377.95,2026-08-17T16:32:40,28.716011,77.123088,2,,,
TXN-0007076,ACC_NORM_1747,ACC_NORM_1230,21738.49,2026-08-17T16:41:19,,,0,,,
TXN-0007077,ACC_MULE_0072,ACC_MULE_0069,51358.84,2026-08-17T16:49:57,28.537504,77.206242,2,2026-08-17T17:08:14,ATM_KOTAK_053,11.22
TXN-0007078,ACC_VIC_0762,ACC_MULE_0022,196868.08,2026-08-17T16:58:35,28.661062,77.182292,1,2026-08-17T17:14:51,ATM_SBI_011,3.69
TXN-0007079,ACC_NORM_2099,ACC_NORM_1479,22361.97,2026-08-17T17:07:14,,,0,,,
TXN-0007080,ACC_VIC_1381,ACC_MULE_0080,112567.9,2026-08-17T17:15:52,28.71793,77.121454,1,,,
TXN-0007081,ACC_VIC_0861,ACC_MULE_0195,137784.25,2026-08-17T17:24:31,28.645333,77.202553,1,2026-08-17T17:36:50,ATM_AXIS_010,4.74
TXN-0007082,ACC_NORM_2584,ACC_NORM_1525,7141.54,2026-08-17T17:33:09,,,0,,,
TXN-0007083,ACC_NORM_2871,ACC_NORM_0716,2370.86,2026-08-17T17:41:47,,,0,,,
TXN-0007084,ACC_VIC_0788,ACC_MULE_0435,77822.72,2026-08-17T17:50:26,28.627355,77.322151,1,2026-08-17T18:03:40,ATM_UBI_150,6.13
TXN-0007085,ACC_VIC_0562,ACC_MULE_0126,54826.09,2026-08-17T17:59:04,28.655625,77.302481,1,2026-08-17T18:15:06,ATM_BOB_155,7.1
TXN-0007086,ACC_NORM_1428,ACC_NORM_0591,11661.59,2026-08-17T18:07:43,,,0,,,
TXN-0007087,ACC_VIC_0523,ACC_MULE_0221,215890.96,2026-08-17T18:16:21,28.638591,77.221445,1,2026-08-17T18:28:59,ATM_HDFC_007,1.25
TXN-0007088,ACC_MULE_0484,ACC_MULE_0267,240998.8,2026-08-17T18:24:59,28.570518,77.060566,2,2026-08-17T18:42:04,ATM_PNB_102,6.24
TXN-0007089,ACC_MULE_0167,ACC_MULE_0486,249210.23,2026-08-17T18:33:38,28.535819,77.227432,2,,,
TXN-0007090,ACC_NORM_2768,ACC_NORM_2523,1225.66,2026-08-17T18:42:16,,,0,,,
TXN-0007091,ACC_NORM_2938,ACC_NORM_0078,6132.18,2026-08-17T18:50:55,,,0,,,
TXN-0007092,ACC_VIC_0672,ACC_MULE_0222,226294.55,2026-08-17T18:59:33,28.539127,77.200688,1,2026-08-17T19:16:46,ATM_ICICI_087,1.45
TXN-0007093,ACC_NORM_2554,ACC_NORM_0408,24785.76,2026-08-17T19:08:11,,,0,,,
TXN-0007094,ACC_VIC_0415,ACC_MULE_0576,152313.52,2026-08-17T19:16:50,28.702423,77.125698,1,,,
TXN-0007095,ACC_NORM_0399,ACC_NORM_1663,12323.66,2026-08-17T19:25:28,,,0,,,
TXN-0007096,ACC_NORM_0438,ACC_NORM_2237,2948.6,2026-08-17T19:34:07,,,0,,,
TXN-0007097,ACC_NORM_2512,ACC_NORM_2138,7016.2,2026-08-17T19:42:45,,,0,,,
TXN-0007098,ACC_NORM_0999,ACC_NORM_0832,9214.8,2026-08-17T19:51:23,,,0,,,
TXN-0007099,ACC_NORM_1175,ACC_NORM_0509,6498.6,2026-08-17T20:00:02,,,0,,,
TXN-0007100,ACC_NORM_0074,ACC_NORM_2907,14410.97,2026-08-17T20:08:40,,,0,,,
TXN-0007101,ACC_VIC_1466,ACC_MULE_0451,232268.98,2026-08-17T20:17:19,28.710895,77.118197,1,2026-08-17T20:24:49,ATM_UBI_139,2.12
TXN-0007102,ACC_VIC_0092,ACC_MULE_0195,145713.45,2026-08-17T20:25:57,28.645333,77.202553,1,2026-08-17T20:31:57,ATM_KOTAK_014,0.23
TXN-0007103,ACC_VIC_0229,ACC_MULE_0265,76086.2,2026-08-17T20:34:35,28.590451,77.046193,1,2026-08-17T20:57:49,ATM_AXIS_101,4.81
TXN-0007104,ACC_NORM_1017,ACC_NORM_2299,1034.17,2026-08-17T20:43:14,,,0,,,
TXN-0007105,ACC_VIC_0541,ACC_MULE_0375,139408.43,2026-08-17T20:51:52,28.529185,77.224222,1,2026-08-17T21:13:53,ATM_ICICI_087,6.77
TXN-0007106,ACC_NORM_0462,ACC_NORM_1558,12435.86,2026-08-17T21:00:31,,,0,,,
TXN-0007107,ACC_VIC_0645,ACC_MULE_0498,131762.28,2026-08-17T21:09:09,28.597738,77.326248,1,2026-08-17T21:42:57,ATM_UBI_150,11.02
TXN-0007108,ACC_MULE_0577,ACC_MULE_0284,199537.5,2026-08-17T21:17:47,28.549021,77.255684,2,2026-08-17T21:30:19,ATM_ICICI_049,4.41
TXN-0007109,ACC_VIC_0654,ACC_MULE_0020,92354.41,2026-08-17T21:26:26,28.532344,77.152884,1,2026-08-17T21:54:12,ATM_BOB_094,4.05
TXN-0007110,ACC_VIC_0903,ACC_MULE_0209,169512.53,2026-08-17T21:35:04,28.633132,77.323579,1,2026-08-17T21:52:15,ATM_UBI_150,7.1
TXN-0007111,ACC_MULE_0295,ACC_MULE_0065,214317.54,2026-08-17T21:43:43,28.538557,77.148302,2,,,
TXN-0007112,ACC_NORM_0385,ACC_NORM_1254,7612.94,2026-08-17T21:52:21,,,0,,,
TXN-0007113,ACC_NORM_1971,ACC_NORM_1098,7196.64,2026-08-17T22:00:59,,,0,,,
TXN-0007114,ACC_NORM_2191,ACC_NORM_1894,15801.57,2026-08-17T22:09:38,,,0,,,
TXN-0007115,ACC_MULE_0349,ACC_MULE_0166,66367.94,2026-08-17T22:18:16,28.693343,77.123259,2,,,
TXN-0007116,ACC_NORM_1791,ACC_NORM_0035,4550.81,2026-08-17T22:26:55,,,0,,,
TXN-0007117,ACC_NORM_0704,ACC_NORM_2184,19694.66,2026-08-17T22:35:33,,,0,,,
TXN-0007118,ACC_MULE_0546,ACC_MULE_0464,112426.58,2026-08-17T22:44:11,28.541859,77.196634,2,2026-08-17T22:52:00,ATM_ICICI_087,2.64
TXN-0007119,ACC_NORM_2377,ACC_NORM_0217,22793.18,2026-08-17T22:52:50,,,0,,,
TXN-0007120,ACC_NORM_0239,ACC_NORM_0817,7762.38,2026-08-17T23:01:28,,,0,,,
TXN-0007121,ACC_NORM_0446,ACC_NORM_0420,10034.38,2026-08-17T23:10:07,,,0,,,
TXN-0007122,ACC_VIC_0336,ACC_MULE_0032,229415.4,2026-08-17T23:18:45,28.547107,77.223341,1,2026-08-17T23:44:07,ATM_ICICI_087,7.46
TXN-0007123,ACC_NORM_1063,ACC_NORM_1629,617.18,2026-08-17T23:27:23,,,0,,,
TXN-0007124,ACC_NORM_2227,ACC_NORM_2751,6098.26,2026-08-17T23:36:02,,,0,,,
TXN-0007125,ACC_NORM_2019,ACC_NORM_1945,6903.5,2026-08-17T23:44:40,,,0,,,
TXN-0007126,ACC_NORM_1849,ACC_NORM_1498,19741.08,2026-08-17T23:53:19,,,0,,,
TXN-0007127,ACC_NORM_1557,ACC_NORM_2015,10850.78,2026-08-18T00:01:57,,,0,,,
TXN-0007128,ACC_VIC_0784,ACC_MULE_0228,63929.57,2026-08-18T00:10:35,28.643098,77.214977,1,,,
TXN-0007129,ACC_NORM_1318,ACC_NORM_0225,11352.37,2026-08-18T00:19:14,,,0,,,
TXN-0007130,ACC_NORM_2482,ACC_NORM_1019,4986.35,2026-08-18T00:27:52,,,0,,,
TXN-0007131,ACC_MULE_0302,ACC_MULE_0495,73581.76,2026-08-18T00:36:31,28.538433,77.258555,2,2026-08-18T00:47:27,ATM_ICICI_068,3.54
TXN-0007132,ACC_NORM_2265,ACC_NORM_2406,16339.9,2026-08-18T00:45:09,,,0,,,
TXN-0007133,ACC_MULE_0546,ACC_MULE_0401,56529.7,2026-08-18T00:53:47,28.535746,77.146786,2,2026-08-18T01:10:11,ATM_BOB_094,4.69
TXN-0007134,ACC_NORM_0278,ACC_NORM_0738,18911.07,2026-08-18T01:02:26,,,0,,,
TXN-0007135,ACC_VIC_1337,ACC_MULE_0223,122218.96,2026-08-18T01:11:04,28.524674,77.142401,1,2026-08-18T01:17:33,ATM_BOB_094,1.57
TXN-0007136,ACC_NORM_0753,ACC_NORM_0810,14925.48,2026-08-18T01:19:43,,,0,,,
TXN-0007137,ACC_NORM_1390,ACC_NORM_0578,19042.79,2026-08-18T01:28:21,,,0,,,
TXN-0007138,ACC_VIC_0050,ACC_MULE_0031,176375.64,2026-08-18T01:36:59,28.620642,77.288137,1,2026-08-18T02:00:49,ATM_BOB_146,4.14
TXN-0007139,ACC_VIC_0662,ACC_MULE_0044,138817.23,2026-08-18T01:45:38,28.608768,77.327906,1,2026-08-18T02:13:27,ATM_BOB_152,7.02
TXN-0007140,ACC_MULE_0064,ACC_MULE_0071,198800.64,2026-08-18T01:54:16,28.666123,77.295209,2,,,
TXN-0007141,ACC_NORM_2593,ACC_NORM_1411,827.35,2026-08-18T02:02:55,,,0,,,
TXN-0007142,ACC_MULE_0582,ACC_MULE_0097,148210.18,2026-08-18T02:11:33,28.652815,77.308392,2,2026-08-18T02:35:10,ATM_HDFC_170,10.03
TXN-0007143,ACC_NORM_2603,ACC_NORM_1956,3795.47,2026-08-18T02:20:11,,,0,,,
TXN-0007144,ACC_MULE_0483,ACC_MULE_0553,179315.72,2026-08-18T02:28:50,28.617239,77.322976,2,2026-08-18T02:49:17,ATM_PNB_160,11.1
TXN-0007145,ACC_NORM_2210,ACC_NORM_2186,9346.91,2026-08-18T02:37:28,,,0,,,
TXN-0007146,ACC_NORM_0561,ACC_NORM_2757,1125.66,2026-08-18T02:46:07,,,0,,,
TXN-0007147,ACC_NORM_2192,ACC_NORM_1492,24045.95,2026-08-18T02:54:45,,,0,,,
TXN-0007148,ACC_NORM_2614,ACC_NORM_1344,21500.02,2026-08-18T03:03:23,,,0,,,
TXN-0007149,ACC_VIC_0455,ACC_MULE_0046,164100.37,2026-08-18T03:12:02,28.550652,77.232278,1,2026-08-18T03:41:36,ATM_PNB_052,6.84
TXN-0007150,ACC_VIC_0837,ACC_MULE_0347,104599.21,2026-08-18T03:20:40,28.572251,77.236353,1,,,
TXN-0007151,ACC_NORM_2075,ACC_NORM_0849,21583.96,2026-08-18T03:29:19,,,0,,,
TXN-0007152,ACC_MULE_0309,ACC_MULE_0336,196863.72,2026-08-18T03:37:57,28.624148,77.293549,2,2026-08-18T03:51:18,ATM_UBI_150,2.06
TXN-0007153,ACC_MULE_0107,ACC_MULE_0222,175070.27,2026-08-18T03:46:35,28.539127,77.200688,2,2026-08-18T03:58:34,ATM_ICICI_087,1.45
TXN-0007154,ACC_MULE_0240,ACC_MULE_0355,87848.77,2026-08-18T03:55:14,28.537536,77.256148,2,2026-08-18T04:06:34,ATM_HDFC_070,5.61
TXN-0007155,ACC_VIC_0003,ACC_MULE_0337,132972.16,2026-08-18T04:03:52,28.698848,77.148253,1,,,
TXN-0007156,ACC_NORM_1124,ACC_NORM_2639,13800.51,2026-08-18T04:12:31,,,0,,,
TXN-0007157,ACC_MULE_0547,ACC_MULE_0248,159578.35,2026-08-18T04:21:09,28.59697,77.059725,2,,,
TXN-0007158,ACC_NORM_1113,ACC_NORM_0789,3677.31,2026-08-18T04:29:47,,,0,,,
TXN-0007159,ACC_NORM_2015,ACC_NORM_1717,1562.08,2026-08-18T04:38:26,,,0,,,
TXN-0007160,ACC_MULE_0539,ACC_MULE_0399,232745.57,2026-08-18T04:47:04,28.558712,77.244798,2,2026-08-18T04:59:20,ATM_SBI_047,3.44
TXN-0007161,ACC_NORM_0391,ACC_NORM_1669,18522.24,2026-08-18T04:55:43,,,0,,,
TXN-0007162,ACC_NORM_1330,ACC_NORM_1211,12409.13,2026-08-18T05:04:21,,,0,,,
TXN-0007163,ACC_VIC_1387,ACC_MULE_0089,221305.9,2026-08-18T05:12:59,28.616568,77.228669,1,2026-08-18T05:30:20,ATM_HDFC_007,6.14
TXN-0007164,ACC_VIC_0757,ACC_MULE_0051,54887.25,2026-08-18T05:21:38,28.599468,77.332524,1,2026-08-18T05:37:36,ATM_BOB_146,11.07
TXN-0007165,ACC_NORM_0468,ACC_NORM_2896,854.56,2026-08-18T05:30:16,,,0,,,
TXN-0007166,ACC_NORM_2407,ACC_NORM_0529,11815.04,2026-08-18T05:38:55,,,0,,,
TXN-0007167,ACC_NORM_0007,ACC_NORM_0827,22821.72,2026-08-18T05:47:33,,,0,,,
TXN-0007168,ACC_VIC_1436,ACC_MULE_0254,135932.78,2026-08-18T05:56:11,28.64577,77.178906,1,2026-08-18T06:16:59,ATM_UBI_016,3.5
TXN-0007169,ACC_NORM_2482,ACC_NORM_1971,20798.8,2026-08-18T06:04:50,,,0,,,
TXN-0007170,ACC_NORM_1797,ACC_NORM_1324,11687.76,2026-08-18T06:13:28,,,0,,,
TXN-0007171,ACC_NORM_1872,ACC_NORM_0582,13546.46,2026-08-18T06:22:07,,,0,,,
TXN-0007172,ACC_VIC_1372,ACC_MULE_0297,132833.48,2026-08-18T06:30:45,28.635371,77.294753,1,,,
TXN-0007173,ACC_NORM_1838,ACC_NORM_0507,21712.22,2026-08-18T06:39:23,,,0,,,
TXN-0007174,ACC_MULE_0584,ACC_MULE_0058,193602.84,2026-08-18T06:48:02,28.540632,77.198499,2,2026-08-18T06:55:19,ATM_ICICI_087,2.06
TXN-0007175,ACC_MULE_0490,ACC_MULE_0580,124192.94,2026-08-18T06:56:40,28.69757,77.118788,2,2026-08-18T07:07:21,ATM_SBI_141,3.73
TXN-0007176,ACC_NORM_0614,ACC_NORM_0207,11096.28,2026-08-18T07:05:19,,,0,,,
TXN-0007177,ACC_MULE_0031,ACC_MULE_0061,245366.85,2026-08-18T07:13:57,28.628233,77.308638,2,,,
TXN-0007178,ACC_NORM_0502,ACC_NORM_1626,23124.98,2026-08-18T07:22:35,,,0,,,
TXN-0007179,ACC_NORM_2354,ACC_NORM_0996,11989.58,2026-08-18T07:31:14,,,0,,,
TXN-0007180,ACC_NORM_2298,ACC_NORM_0839,18247.87,2026-08-18T07:39:52,,,0,,,
TXN-0007181,ACC_VIC_1133,ACC_MULE_0501,235984.58,2026-08-18T07:48:31,28.61418,77.236561,1,2026-08-18T08:12:45,ATM_UBI_016,16.49
TXN-0007182,ACC_NORM_0729,ACC_NORM_0035,6305.91,2026-08-18T07:57:09,,,0,,,
TXN-0007183,ACC_MULE_0424,ACC_MULE_0310,151459.84,2026-08-18T08:05:47,28.583326,77.064633,2,2026-08-18T08:15:10,ATM_PNB_102,3.18
TXN-0007184,ACC_NORM_1381,ACC_NORM_2703,9636.97,2026-08-18T08:14:26,,,0,,,
TXN-0007185,ACC_MULE_0527,ACC_MULE_0510,167884.82,2026-08-18T08:23:04,28.698115,77.105357,2,2026-08-18T08:32:31,ATM_ICICI_142,4.56
TXN-0007186,ACC_NORM_2363,ACC_NORM_1930,4066.24,2026-08-18T08:31:43,,,0,,,
TXN-0007187,ACC_VIC_1309,ACC_MULE_0111,74892.66,2026-08-18T08:40:21,28.582281,77.239527,1,2026-08-18T09:02:27,ATM_AXIS_084,18.0
TXN-0007188,ACC_NORM_2785,ACC_NORM_1521,4903.39,2026-08-18T08:48:59,,,0,,,
TXN-0007189,ACC_NORM_1659,ACC_NORM_0894,3790.56,2026-08-18T08:57:38,,,0,,,
TXN-0007190,ACC_NORM_0037,ACC_NORM_0590,6210.95,2026-08-18T09:06:16,,,0,,,
TXN-0007191,ACC_NORM_1802,ACC_NORM_2090,22633.27,2026-08-18T09:14:55,,,0,,,
TXN-0007192,ACC_NORM_1729,ACC_NORM_2209,21155.28,2026-08-18T09:23:33,,,0,,,
TXN-0007193,ACC_NORM_0831,ACC_NORM_2867,2203.28,2026-08-18T09:32:11,,,0,,,
TXN-0007194,ACC_NORM_1703,ACC_NORM_2032,10014.22,2026-08-18T09:40:50,,,0,,,
TXN-0007195,ACC_NORM_0522,ACC_NORM_0599,11369.93,2026-08-18T09:49:28,,,0,,,
TXN-0007196,ACC_NORM_0737,ACC_NORM_2553,24406.31,2026-08-18T09:58:07,,,0,,,
TXN-0007197,ACC_NORM_2037,ACC_NORM_0613,12430.94,2026-08-18T10:06:45,,,0,,,
TXN-0007198,ACC_VIC_0071,ACC_MULE_0534,204515.46,2026-08-18T10:15:23,28.563443,77.25562,1,2026-08-18T10:39:55,ATM_BOB_046,5.48
TXN-0007199,ACC_NORM_2174,ACC_NORM_1205,8947.47,2026-08-18T10:24:02,,,0,,,
TXN-0007200,ACC_NORM_1661,ACC_NORM_1015,10184.98,2026-08-18T10:32:40,,,0,,,
TXN-0007201,ACC_MULE_0274,ACC_MULE_0004,95088.02,2026-08-18T10:41:19,28.585662,77.057885,2,2026-08-18T11:01:50,ATM_PNB_102,1.36
TXN-0007202,ACC_NORM_2227,ACC_NORM_2544,19544.18,2026-08-18T10:49:57,,,0,,,
TXN-0007203,ACC_NORM_2850,ACC_NORM_1978,16298.69,2026-08-18T10:58:35,,,0,,,
TXN-0007204,ACC_NORM_0628,ACC_NORM_0459,10010.82,2026-08-18T11:07:14,,,0,,,
TXN-0007205,ACC_NORM_0920,ACC_NORM_1641,5188.21,2026-08-18T11:15:52,,,0,,,
TXN-0007206,ACC_NORM_2626,ACC_NORM_1150,3750.29,2026-08-18T11:24:31,,,0,,,
TXN-0007207,ACC_NORM_2602,ACC_NORM_0067,2216.19,2026-08-18T11:33:09,,,0,,,
TXN-0007208,ACC_NORM_0667,ACC_NORM_0239,20185.91,2026-08-18T11:41:47,,,0,,,
TXN-0007209,ACC_NORM_0734,ACC_NORM_1262,23549.69,2026-08-18T11:50:26,,,0,,,
TXN-0007210,ACC_VIC_0813,ACC_MULE_0438,199314.06,2026-08-18T11:59:04,28.642882,77.17967,1,2026-08-18T12:11:22,ATM_SBI_011,2.23
TXN-0007211,ACC_NORM_0497,ACC_NORM_2998,24960.37,2026-08-18T12:07:43,,,0,,,
TXN-0007212,ACC_NORM_1389,ACC_NORM_0270,20033.02,2026-08-18T12:16:21,,,0,,,
TXN-0007213,ACC_NORM_2891,ACC_NORM_2040,880.23,2026-08-18T12:24:59,,,0,,,
TXN-0007214,ACC_NORM_1481,ACC_NORM_1246,9095.41,2026-08-18T12:33:38,,,0,,,
TXN-0007215,ACC_NORM_2200,ACC_NORM_1995,9184.42,2026-08-18T12:42:16,,,0,,,
TXN-0007216,ACC_VIC_0428,ACC_MULE_0499,199828.06,2026-08-18T12:50:55,28.671895,77.195626,1,,,
TXN-0007217,ACC_NORM_2835,ACC_NORM_1341,19114.76,2026-08-18T12:59:33,,,0,,,
TXN-0007218,ACC_NORM_0349,ACC_NORM_0227,18639.34,2026-08-18T13:08:11,,,0,,,
TXN-0007219,ACC_VIC_0027,ACC_MULE_0422,187398.66,2026-08-18T13:16:50,28.640815,77.208538,1,2026-08-18T13:39:50,ATM_UBI_016,5.21
TXN-0007220,ACC_NORM_2305,ACC_NORM_0917,12701.81,2026-08-18T13:25:28,,,0,,,
TXN-0007221,ACC_NORM_1695,ACC_NORM_2119,16364.8,2026-08-18T13:34:07,,,0,,,
TXN-0007222,ACC_NORM_0037,ACC_NORM_0734,3211.77,2026-08-18T13:42:45,,,0,,,
TXN-0007223,ACC_VIC_1416,ACC_MULE_0129,231015.12,2026-08-18T13:51:23,28.641962,77.206697,1,2026-08-18T14:09:50,ATM_HDFC_007,5.18
TXN-0007224,ACC_NORM_1131,ACC_NORM_1456,1716.05,2026-08-18T14:00:02,,,0,,,
TXN-0007225,ACC_NORM_0652,ACC_NORM_2220,20064.44,2026-08-18T14:08:40,,,0,,,
TXN-0007226,ACC_NORM_0549,ACC_NORM_0224,12145.07,2026-08-18T14:17:19,,,0,,,
TXN-0007227,ACC_NORM_1971,ACC_NORM_1399,2889.83,2026-08-18T14:25:57,,,0,,,
TXN-0007228,ACC_VIC_1060,ACC_MULE_0160,194985.26,2026-08-18T14:34:35,28.593766,77.042139,1,2026-08-18T14:59:55,ATM_PNB_102,4.1
TXN-0007229,ACC_MULE_0121,ACC_MULE_0328,163704.66,2026-08-18T14:43:14,28.689404,77.299376,2,,,
TXN-0007230,ACC_NORM_1212,ACC_NORM_2854,18650.8,2026-08-18T14:51:52,,,0,,,
TXN-0007231,ACC_VIC_1096,ACC_MULE_0043,165690.84,2026-08-18T15:00:31,28.556183,77.167374,1,2026-08-18T15:30:13,ATM_BOB_094,12.75
TXN-0007232,ACC_NORM_1740,ACC_NORM_0316,19576.85,2026-08-18T15:09:09,,,0,,,
TXN-0007233,ACC_NORM_2090,ACC_NORM_1240,18338.56,2026-08-18T15:17:47,,,0,,,
TXN-0007234,ACC_NORM_2916,ACC_NORM_0623,15902.21,2026-08-18T15:26:26,,,0,,,
TXN-0007235,ACC_NORM_1602,ACC_NORM_0968,21032.55,2026-08-18T15:35:04,,,0,,,
TXN-0007236,ACC_NORM_0874,ACC_NORM_1263,21896.02,2026-08-18T15:43:43,,,0,,,
TXN-0007237,ACC_NORM_2593,ACC_NORM_0479,24109.93,2026-08-18T15:52:21,,,0,,,
TXN-0007238,ACC_VIC_1031,ACC_MULE_0171,123629.88,2026-08-18T16:00:59,28.592727,77.051001,1,2026-08-18T16:13:45,ATM_PNB_102,1.71
TXN-0007239,ACC_VIC_0331,ACC_MULE_0241,110205.22,2026-08-18T16:09:38,28.646924,77.17685,1,2026-08-18T16:23:53,ATM_UBI_016,4.07
TXN-0007240,ACC_MULE_0409,ACC_MULE_0430,94138.55,2026-08-18T16:18:16,28.58049,77.25331,2,,,
TXN-0007241,ACC_MULE_0225,ACC_MULE_0309,133523.79,2026-08-18T16:26:55,28.668543,77.180372,2,2026-08-18T16:44:13,ATM_AXIS_010,7.46
TXN-0007242,ACC_VIC_1080,ACC_MULE_0458,192177.29,2026-08-18T16:35:33,28.650784,77.215449,1,2026-08-18T16:56:01,ATM_UBI_016,6.96
TXN-0007243,ACC_NORM_0004,ACC_NORM_1095,15972.33,2026-08-18T16:44:11,,,0,,,
TXN-0007244,ACC_NORM_2274,ACC_NORM_2261,9444.99,2026-08-18T16:52:50,,,0,,,
TXN-0007245,ACC_VIC_0700,ACC_MULE_0397,201910.81,2026-08-18T17:01:28,28.59024,77.330658,1,2026-08-18T17:29:42,ATM_ICICI_173,7.08
TXN-0007246,ACC_VIC_0038,ACC_MULE_0169,86699.53,2026-08-18T17:10:07,28.610787,77.306418,1,2026-08-18T17:24:14,ATM_KOTAK_145,2.37
TXN-0007247,ACC_NORM_0014,ACC_NORM_2308,24425.06,2026-08-18T17:18:45,,,0,,,
TXN-0007248,ACC_NORM_1606,ACC_NORM_2707,4354.79,2026-08-18T17:27:23,,,0,,,
TXN-0007249,ACC_NORM_1151,ACC_NORM_0892,4222.61,2026-08-18T17:36:02,,,0,,,
TXN-0007250,ACC_NORM_2027,ACC_NORM_0113,22513.45,2026-08-18T17:44:40,,,0,,,
TXN-0007251,ACC_NORM_0505,ACC_NORM_0346,15625.79,2026-08-18T17:53:19,,,0,,,
TXN-0007252,ACC_NORM_2896,ACC_NORM_0547,8323.02,2026-08-18T18:01:57,,,0,,,
TXN-0007253,ACC_NORM_1234,ACC_NORM_1607,11243.05,2026-08-18T18:10:35,,,0,,,
TXN-0007254,ACC_NORM_1277,ACC_NORM_2347,24455.94,2026-08-18T18:19:14,,,0,,,
TXN-0007255,ACC_NORM_1181,ACC_NORM_2041,12920.87,2026-08-18T18:27:52,,,0,,,
TXN-0007256,ACC_VIC_1343,ACC_MULE_0291,226643.05,2026-08-18T18:36:31,28.573339,77.035929,1,2026-08-18T18:52:06,ATM_AXIS_103,7.77
TXN-0007257,ACC_NORM_0529,ACC_NORM_2459,15973.58,2026-08-18T18:45:09,,,0,,,
TXN-0007258,ACC_VIC_1084,ACC_MULE_0432,97610.05,2026-08-18T18:53:47,28.582481,77.053743,1,,,
TXN-0007259,ACC_NORM_2087,ACC_NORM_2103,3004.84,2026-08-18T19:02:26,,,0,,,
TXN-0007260,ACC_NORM_2250,ACC_NORM_1782,6567.24,2026-08-18T19:11:04,,,0,,,
TXN-0007261,ACC_VIC_1285,ACC_MULE_0396,112979.79,2026-08-18T19:19:43,28.556401,77.232736,1,2026-08-18T19:33:37,ATM_KOTAK_053,3.38
TXN-0007262,ACC_NORM_1287,ACC_NORM_0594,3222.62,2026-08-18T19:28:21,,,0,,,
TXN-0007263,ACC_VIC_1182,ACC_MULE_0428,236915.57,2026-08-18T19:36:59,28.616919,77.230895,1,2026-08-18T19:55:50,ATM_ICICI_004,7.27
TXN-0007264,ACC_NORM_0230,ACC_NORM_1962,7329.38,2026-08-18T19:45:38,,,0,,,
TXN-0007265,ACC_NORM_1643,ACC_NORM_1381,7533.1,2026-08-18T19:54:16,,,0,,,
TXN-0007266,ACC_NORM_1165,ACC_NORM_0065,15396.59,2026-08-18T20:02:55,,,0,,,
TXN-0007267,ACC_NORM_1956,ACC_NORM_2212,16482.02,2026-08-18T20:11:33,,,0,,,
TXN-0007268,ACC_NORM_0174,ACC_NORM_1213,5279.84,2026-08-18T20:20:11,,,0,,,
TXN-0007269,ACC_MULE_0369,ACC_MULE_0364,111557.31,2026-08-18T20:28:50,28.572068,77.037779,2,2026-08-18T20:46:45,ATM_PNB_102,7.57
TXN-0007270,ACC_NORM_1422,ACC_NORM_1404,8371.86,2026-08-18T20:37:28,,,0,,,
TXN-0007271,ACC_VIC_0546,ACC_MULE_0078,111317.5,2026-08-18T20:46:07,28.665132,77.292064,1,,,
TXN-0007272,ACC_NORM_0935,ACC_NORM_2502,2918.85,2026-08-18T20:54:45,,,0,,,
TXN-0007273,ACC_NORM_1684,ACC_NORM_2010,14081.62,2026-08-18T21:03:23,,,0,,,
TXN-0007274,ACC_NORM_2069,ACC_NORM_0060,7495.46,2026-08-18T21:12:02,,,0,,,
TXN-0007275,ACC_NORM_2462,ACC_NORM_0930,523.2,2026-08-18T21:20:40,,,0,,,
TXN-0007276,ACC_NORM_1550,ACC_NORM_0667,13407.51,2026-08-18T21:29:19,,,0,,,
TXN-0007277,ACC_NORM_0250,ACC_NORM_1970,13630.38,2026-08-18T21:37:57,,,0,,,
TXN-0007278,ACC_NORM_1076,ACC_NORM_2269,1947.51,2026-08-18T21:46:35,,,0,,,
TXN-0007279,ACC_NORM_2064,ACC_NORM_0731,17577.06,2026-08-18T21:55:14,,,0,,,
TXN-0007280,ACC_NORM_2718,ACC_NORM_1610,9844.77,2026-08-18T22:03:52,,,0,,,
TXN-0007281,ACC_NORM_2785,ACC_NORM_0390,24352.68,2026-08-18T22:12:31,,,0,,,
TXN-0007282,ACC_NORM_2898,ACC_NORM_0460,12526.44,2026-08-18T22:21:09,,,0,,,
TXN-0007283,ACC_NORM_1016,ACC_NORM_2444,21181.59,2026-08-18T22:29:47,,,0,,,
TXN-0007284,ACC_NORM_1065,ACC_NORM_1871,11627.1,2026-08-18T22:38:26,,,0,,,
TXN-0007285,ACC_NORM_1936,ACC_NORM_0482,15305.57,2026-08-18T22:47:04,,,0,,,
TXN-0007286,ACC_VIC_0700,ACC_MULE_0512,153181.19,2026-08-18T22:55:43,28.590833,77.035335,1,2026-08-18T23:09:44,ATM_AXIS_103,3.96
TXN-0007287,ACC_MULE_0146,ACC_MULE_0139,179297.6,2026-08-18T23:04:21,28.560107,77.241441,2,2026-08-18T23:13:28,ATM_PNB_052,2.85
TXN-0007288,ACC_NORM_1246,ACC_NORM_1398,19444.13,2026-08-18T23:12:59,,,0,,,
TXN-0007289,ACC_NORM_0581,ACC_NORM_1850,1142.55,2026-08-18T23:21:38,,,0,,,
TXN-0007290,ACC_NORM_0500,ACC_NORM_1736,24812.65,2026-08-18T23:30:16,,,0,,,
TXN-0007291,ACC_VIC_0635,ACC_MULE_0102,54512.63,2026-08-18T23:38:55,28.71338,77.123223,1,,,
TXN-0007292,ACC_NORM_1230,ACC_NORM_0048,24230.69,2026-08-18T23:47:33,,,0,,,
TXN-0007293,ACC_NORM_1418,ACC_NORM_0688,11328.66,2026-08-18T23:56:11,,,0,,,
TXN-0007294,ACC_NORM_2040,ACC_NORM_1645,8451.18,2026-08-19T00:04:50,,,0,,,
TXN-0007295,ACC_VIC_1156,ACC_MULE_0464,158165.5,2026-08-19T00:13:28,28.541859,77.196634,1,2026-08-19T00:44:35,ATM_SBI_076,3.75
TXN-0007296,ACC_NORM_1905,ACC_NORM_2881,19511.64,2026-08-19T00:22:07,,,0,,,
TXN-0007297,ACC_NORM_2689,ACC_NORM_2644,12946.73,2026-08-19T00:30:45,,,0,,,
TXN-0007298,ACC_NORM_2552,ACC_NORM_2112,12840.13,2026-08-19T00:39:23,,,0,,,
TXN-0007299,ACC_NORM_1319,ACC_NORM_2167,16113.71,2026-08-19T00:48:02,,,0,,,
TXN-0007300,ACC_NORM_2658,ACC_NORM_1701,17868.1,2026-08-19T00:56:40,,,0,,,
TXN-0007301,ACC_NORM_0890,ACC_NORM_1260,18460.2,2026-08-19T01:05:19,,,0,,,
TXN-0007302,ACC_VIC_1063,ACC_MULE_0220,63156.67,2026-08-19T01:13:57,28.628564,77.2997,1,2026-08-19T01:37:12,ATM_UBI_150,1.58
TXN-0007303,ACC_NORM_0583,ACC_NORM_1462,21517.97,2026-08-19T01:22:35,,,0,,,
TXN-0007304,ACC_MULE_0092,ACC_MULE_0232,245527.13,2026-08-19T01:31:14,28.700281,77.118178,2,2026-08-19T01:45:09,ATM_ICICI_142,0.94
TXN-0007305,ACC_NORM_0140,ACC_NORM_0057,19610.94,2026-08-19T01:39:52,,,0,,,
TXN-0007306,ACC_NORM_1517,ACC_NORM_0665,2524.86,2026-08-19T01:48:31,,,0,,,
TXN-0007307,ACC_NORM_0045,ACC_NORM_1666,14921.16,2026-08-19T01:57:09,,,0,,,
TXN-0007308,ACC_MULE_0377,ACC_MULE_0498,95514.85,2026-08-19T02:05:47,28.597738,77.326248,2,2026-08-19T02:27:41,ATM_UBI_150,11.02
TXN-0007309,ACC_NORM_1491,ACC_NORM_0693,24503.05,2026-08-19T02:14:26,,,0,,,
TXN-0007310,ACC_NORM_1926,ACC_NORM_0382,22466.33,2026-08-19T02:23:04,,,0,,,
TXN-0007311,ACC_NORM_1003,ACC_NORM_0097,16510.39,2026-08-19T02:31:43,,,0,,,
TXN-0007312,ACC_VIC_1103,ACC_MULE_0210,63996.24,2026-08-19T02:40:21,28.66205,77.270957,1,2026-08-19T02:58:20,ATM_BOB_158,9.81
TXN-0007313,ACC_VIC_1379,ACC_MULE_0516,190721.1,2026-08-19T02:48:59,28.678121,77.305743,1,2026-08-19T03:05:42,ATM_HDFC_170,5.34
TXN-0007314,ACC_VIC_1499,ACC_MULE_0185,67582.06,2026-08-19T02:57:38,28.717267,77.149642,1,2026-08-19T03:16:50,ATM_HDFC_130,8.93
TXN-0007315,ACC_NORM_0184,ACC_NORM_1226,15891.02,2026-08-19T03:06:16,,,0,,,
TXN-0007316,ACC_NORM_1333,ACC_NORM_0242,16716.56,2026-08-19T03:14:55,,,0,,,
TXN-0007317,ACC_NORM_0547,ACC_NORM_2867,13467.28,2026-08-19T03:23:33,,,0,,,
TXN-0007318,ACC_VIC_0080,ACC_MULE_0421,105166.97,2026-08-19T03:32:11,28.618462,77.306543,1,,,
TXN-0007319,ACC_VIC_1432,ACC_MULE_0415,170716.08,2026-08-19T03:40:50,28.585531,77.256799,1,2026-08-19T04:02:57,ATM_PNB_052,6.61
TXN-0007320,ACC_VIC_0582,ACC_MULE_0458,223061.57,2026-08-19T03:49:28,28.650784,77.215449,1,2026-08-19T04:12:05,ATM_BOB_012,8.03
TXN-0007321,ACC_NORM_1142,ACC_NORM_2913,24815.6,2026-08-19T03:58:07,,,0,,,
TXN-0007322,ACC_NORM_2700,ACC_NORM_1806,24496.57,2026-08-19T04:06:45,,,0,,,
TXN-0007323,ACC_NORM_1236,ACC_NORM_2525,15977.59,2026-08-19T04:15:23,,,0,,,
TXN-0007324,ACC_VIC_1424,ACC_MULE_0157,141572.12,2026-08-19T04:24:02,28.557188,77.154614,1,2026-08-19T04:49:12,ATM_BOB_094,11.82
TXN-0007325,ACC_NORM_2063,ACC_NORM_0369,7955.59,2026-08-19T04:32:40,,,0,,,
TXN-0007326,ACC_MULE_0387,ACC_MULE_0264,248958.35,2026-08-19T04:41:19,28.558829,77.239068,2,2026-08-19T05:06:40,ATM_KOTAK_085,16.32
TXN-0007327,ACC_NORM_2860,ACC_NORM_0982,10851.67,2026-08-19T04:49:57,,,0,,,
TXN-0007328,ACC_NORM_1126,ACC_NORM_1337,19185.54,2026-08-19T04:58:35,,,0,,,
TXN-0007329,ACC_NORM_0102,ACC_NORM_0146,16761.83,2026-08-19T05:07:14,,,0,,,
TXN-0007330,ACC_NORM_2385,ACC_NORM_0192,7049.14,2026-08-19T05:15:52,,,0,,,
TXN-0007331,ACC_NORM_0838,ACC_NORM_1887,12713.24,2026-08-19T05:24:31,,,0,,,
TXN-0007332,ACC_NORM_2586,ACC_NORM_1737,711.86,2026-08-19T05:33:09,,,0,,,
TXN-0007333,ACC_NORM_2149,ACC_NORM_1287,21572.24,2026-08-19T05:41:47,,,0,,,
TXN-0007334,ACC_NORM_2665,ACC_NORM_2378,21962.79,2026-08-19T05:50:26,,,0,,,
TXN-0007335,ACC_MULE_0496,ACC_MULE_0276,247478.73,2026-08-19T05:59:04,28.620835,77.213399,2,2026-08-19T06:15:28,ATM_HDFC_002,3.66
TXN-0007336,ACC_NORM_1578,ACC_NORM_1061,8925.77,2026-08-19T06:07:43,,,0,,,
TXN-0007337,ACC_NORM_0821,ACC_NORM_2545,15115.31,2026-08-19T06:16:21,,,0,,,
TXN-0007338,ACC_NORM_1607,ACC_NORM_1246,8301.28,2026-08-19T06:24:59,,,0,,,
TXN-0007339,ACC_VIC_1490,ACC_MULE_0086,79934.64,2026-08-19T06:33:38,28.635581,77.285281,1,2026-08-19T06:51:45,ATM_UBI_150,5.81
TXN-0007340,ACC_NORM_2191,ACC_NORM_2216,3056.9,2026-08-19T06:42:16,,,0,,,
TXN-0007341,ACC_NORM_2829,ACC_NORM_2958,14526.73,2026-08-19T06:50:55,,,0,,,
TXN-0007342,ACC_MULE_0519,ACC_MULE_0159,90372.04,2026-08-19T06:59:33,28.63267,77.298735,2,2026-08-19T07:08:01,ATM_UBI_150,2.93
TXN-0007343,ACC_NORM_1049,ACC_NORM_1380,10183.91,2026-08-19T07:08:11,,,0,,,
TXN-0007344,ACC_MULE_0205,ACC_MULE_0119,74696.49,2026-08-19T07:16:50,28.576051,77.034342,2,2026-08-19T07:27:24,ATM_AXIS_104,2.94
TXN-0007345,ACC_NORM_0541,ACC_NORM_2688,16459.45,2026-08-19T07:25:28,,,0,,,
TXN-0007346,ACC_MULE_0134,ACC_MULE_0480,199256.46,2026-08-19T07:34:07,28.595802,77.063709,2,2026-08-19T08:01:04,ATM_PNB_102,3.02
TXN-0007347,ACC_NORM_0220,ACC_NORM_2666,6204.64,2026-08-19T07:42:45,,,0,,,
TXN-0007348,ACC_VIC_0607,ACC_MULE_0495,126765.78,2026-08-19T07:51:23,28.538433,77.258555,1,2026-08-19T08:35:49,ATM_ICICI_068,3.54
TXN-0007349,ACC_NORM_0532,ACC_NORM_1682,7708.5,2026-08-19T08:00:02,,,0,,,
TXN-0007350,ACC_VIC_0267,ACC_MULE_0377,81948.19,2026-08-19T08:08:40,28.702835,77.110877,1,,,
TXN-0007351,ACC_VIC_0079,ACC_MULE_0159,224378.77,2026-08-19T08:17:19,28.63267,77.298735,1,2026-08-19T08:37:23,ATM_UBI_150,2.93
TXN-0007352,ACC_NORM_0572,ACC_NORM_1803,940.56,2026-08-19T08:25:57,,,0,,,
TXN-0007353,ACC_NORM_1767,ACC_NORM_1230,2302.05,2026-08-19T08:34:35,,,0,,,
TXN-0007354,ACC_NORM_1223,ACC_NORM_0843,12642.36,2026-08-19T08:43:14,,,0,,,
TXN-0007355,ACC_NORM_1793,ACC_NORM_2357,6584.63,2026-08-19T08:51:52,,,0,,,
TXN-0007356,ACC_VIC_0896,ACC_MULE_0403,177731.57,2026-08-19T09:00:31,28.592128,77.033882,1,2026-08-19T09:12:47,ATM_AXIS_101,3.59
TXN-0007357,ACC_VIC_1203,ACC_MULE_0433,212431.84,2026-08-19T09:09:09,28.557173,77.230782,1,,,
TXN-0007358,ACC_VIC_0666,ACC_MULE_0042,109809.92,2026-08-19T09:17:47,28.676975,77.302079,1,2026-08-19T09:33:49,ATM_KOTAK_168,0.58
TXN-0007359,ACC_VIC_0890,ACC_MULE_0415,57493.27,2026-08-19T09:26:26,28.585531,77.256799,1,2026-08-19T09:45:16,ATM_PNB_052,6.61
TXN-0007360,ACC_VIC_1442,ACC_MULE_0385,230304.03,2026-08-19T09:35:04,28.626159,77.301673,1,2026-08-19T10:16:10,ATM_UBI_150,0.81
TXN-0007361,ACC_NORM_0294,ACC_NORM_0142,4999.9,2026-08-19T09:43:43,,,0,,,
TXN-0007362,ACC_NORM_2566,ACC_NORM_1945,24718.18,2026-08-19T09:52:21,,,0,,,
TXN-0007363,ACC_NORM_0133,ACC_NORM_2544,16188.78,2026-08-19T10:00:59,,,0,,,
TXN-0007364,ACC_NORM_0726,ACC_NORM_0501,14560.68,2026-08-19T10:09:38,,,0,,,
TXN-0007365,ACC_NORM_1660,ACC_NORM_0553,18329.56,2026-08-19T10:18:16,,,0,,,
TXN-0007366,ACC_NORM_2776,ACC_NORM_0218,6915.65,2026-08-19T10:26:55,,,0,,,
TXN-0007367,ACC_NORM_2124,ACC_NORM_2683,1837.36,2026-08-19T10:35:33,,,0,,,
TXN-0007368,ACC_VIC_1427,ACC_MULE_0100,130449.95,2026-08-19T10:44:11,28.652871,77.232094,1,2026-08-19T11:09:05,ATM_UBI_016,11.7
TXN-0007369,ACC_VIC_0963,ACC_MULE_0437,113917.21,2026-08-19T10:52:50,28.584929,77.249474,1,2026-08-19T11:18:43,ATM_PNB_052,6.02
TXN-0007370,ACC_NORM_0513,ACC_NORM_2179,24188.46,2026-08-19T11:01:28,,,0,,,
TXN-0007371,ACC_NORM_0374,ACC_NORM_0540,4374.02,2026-08-19T11:10:07,,,0,,,
TXN-0007372,ACC_NORM_0417,ACC_NORM_0503,2161.59,2026-08-19T11:18:45,,,0,,,
TXN-0007373,ACC_NORM_2747,ACC_NORM_1200,7978.83,2026-08-19T11:27:23,,,0,,,
TXN-0007374,ACC_NORM_2338,ACC_NORM_1562,10258.95,2026-08-19T11:36:02,,,0,,,
TXN-0007375,ACC_NORM_2448,ACC_NORM_0868,11887.81,2026-08-19T11:44:40,,,0,,,
TXN-0007376,ACC_NORM_2532,ACC_NORM_2817,7384.16,2026-08-19T11:53:19,,,0,,,
TXN-0007377,ACC_VIC_0698,ACC_MULE_0146,109969.11,2026-08-19T12:01:57,28.642019,77.174016,1,2026-08-19T12:15:56,ATM_BOB_012,5.75
TXN-0007378,ACC_VIC_0083,ACC_MULE_0348,64258.51,2026-08-19T12:10:35,28.551143,77.16178,1,2026-08-19T12:40:51,ATM_BOB_094,10.59
TXN-0007379,ACC_NORM_2720,ACC_NORM_1320,7044.5,2026-08-19T12:19:14,,,0,,,
TXN-0007380,ACC_VIC_1113,ACC_MULE_0146,144308.49,2026-08-19T12:27:52,28.642019,77.174016,1,2026-08-19T13:01:08,ATM_HDFC_007,14.08
TXN-0007381,ACC_VIC_1180,ACC_MULE_0509,97020.56,2026-08-19T12:36:31,28.567136,77.252322,1,2026-08-19T12:48:45,ATM_PNB_052,1.05
TXN-0007382,ACC_NORM_0051,ACC_NORM_2996,7398.64,2026-08-19T12:45:09,,,0,,,
TXN-0007383,ACC_NORM_0151,ACC_NORM_0110,10725.17,2026-08-19T12:53:47,,,0,,,
TXN-0007384,ACC_NORM_2209,ACC_NORM_2939,14232.04,2026-08-19T13:02:26,,,0,,,
TXN-0007385,ACC_VIC_0773,ACC_MULE_0354,214288.59,2026-08-19T13:11:04,28.720119,77.104607,1,2026-08-19T13:31:31,ATM_ICICI_142,7.45
TXN-0007386,ACC_NORM_2954,ACC_NORM_1436,12806.91,2026-08-19T13:19:43,,,0,,,
TXN-0007387,ACC_VIC_0674,ACC_MULE_0460,201556.82,2026-08-19T13:28:21,28.526293,77.23739,1,2026-08-19T13:56:11,ATM_PNB_052,13.24
TXN-0007388,ACC_NORM_1935,ACC_NORM_1143,8741.09,2026-08-19T13:36:59,,,0,,,
TXN-0007389,ACC_NORM_1433,ACC_NORM_0555,2072.43,2026-08-19T13:45:38,,,0,,,
TXN-0007390,ACC_NORM_2441,ACC_NORM_2189,21753.21,2026-08-19T13:54:16,,,0,,,
TXN-0007391,ACC_NORM_2167,ACC_NORM_2020,19351.47,2026-08-19T14:02:55,,,0,,,
TXN-0007392,ACC_NORM_0160,ACC_NORM_2634,2495.1,2026-08-19T14:11:33,,,0,,,
TXN-0007393,ACC_NORM_1197,ACC_NORM_0607,21257.93,2026-08-19T14:20:11,,,0,,,
TXN-0007394,ACC_VIC_1248,ACC_MULE_0564,121988.05,2026-08-19T14:28:50,28.52182,77.15837,1,2026-08-19T14:42:39,ATM_BOB_094,3.43
TXN-0007395,ACC_VIC_1466,ACC_MULE_0045,117234.68,2026-08-19T14:37:28,28.691575,77.131599,1,2026-08-19T15:09:48,ATM_HDFC_130,3.67
TXN-0007396,ACC_VIC_0860,ACC_MULE_0340,69788.78,2026-08-19T14:46:07,28.53437,77.208411,1,2026-08-19T14:56:08,ATM_HDFC_086,0.41
TXN-0007397,ACC_VIC_1263,ACC_MULE_0310,81363.36,2026-08-19T14:54:45,28.583326,77.064633,1,2026-08-19T15:18:08,ATM_PNB_102,3.18
TXN-0007398,ACC_MULE_0328,ACC_MULE_0489,163773.09,2026-08-19T15:03:23,28.727881,77.137992,2,,,
TXN-0007399,ACC_NORM_1427,ACC_NORM_0220,2305.77,2026-08-19T15:12:02,,,0,,,
TXN-0007400,ACC_NORM_1313,ACC_NORM_0948,19946.55,2026-08-19T15:20:40,,,0,,,
TXN-0007401,ACC_NORM_0794,ACC_NORM_1832,19832.01,2026-08-19T15:29:19,,,0,,,
TXN-0007402,ACC_MULE_0035,ACC_MULE_0327,139246.7,2026-08-19T15:37:57,28.707756,77.121879,2,2026-08-19T16:01:38,ATM_SBI_141,3.03
TXN-0007403,ACC_VIC_0127,ACC_MULE_0577,61393.2,2026-08-19T15:46:35,28.644012,77.218891,1,2026-08-19T16:00:40,ATM_HDFC_007,3.14
TXN-0007404,ACC_NORM_1104,ACC_NORM_1496,16583.7,2026-08-19T15:55:14,,,0,,,
TXN-0007405,ACC_NORM_2713,ACC_NORM_0993,9574.22,2026-08-19T16:03:52,,,0,,,
TXN-0007406,ACC_NORM_2205,ACC_NORM_1108,15882.62,2026-08-19T16:12:31,,,0,,,
TXN-0007407,ACC_NORM_1582,ACC_NORM_2800,9511.29,2026-08-19T16:21:09,,,0,,,
TXN-0007408,ACC_VIC_1160,ACC_MULE_0178,202696.75,2026-08-19T16:29:47,28.550068,77.252257,1,2026-08-19T16:42:41,ATM_ICICI_068,4.0
TXN-0007409,ACC_MULE_0544,ACC_MULE_0042,152034.59,2026-08-19T16:38:26,28.676975,77.302079,2,2026-08-19T16:48:39,ATM_KOTAK_168,0.58
TXN-0007410,ACC_NORM_1240,ACC_NORM_0374,18807.33,2026-08-19T16:47:04,,,0,,,
TXN-0007411,ACC_NORM_2949,ACC_NORM_2548,8776.31,2026-08-19T16:55:43,,,0,,,
TXN-0007412,ACC_NORM_2679,ACC_NORM_0792,1477.2,2026-08-19T17:04:21,,,0,,,
TXN-0007413,ACC_NORM_0889,ACC_NORM_2581,15135.82,2026-08-19T17:12:59,,,0,,,
TXN-0007414,ACC_MULE_0352,ACC_MULE_0413,160500.83,2026-08-19T17:21:38,28.624014,77.300456,2,2026-08-19T17:29:34,ATM_BOB_153,1.65
TXN-0007415,ACC_VIC_0757,ACC_MULE_0495,222019.64,2026-08-19T17:30:16,28.538433,77.258555,1,2026-08-19T17:53:27,ATM_ICICI_068,3.54
TXN-0007416,ACC_NORM_0671,ACC_NORM_2918,12315.62,2026-08-19T17:38:55,,,0,,,
TXN-0007417,ACC_MULE_0013,ACC_MULE_0387,103307.87,2026-08-19T17:47:33,28.623283,77.231737,2,,,
TXN-0007418,ACC_VIC_1072,ACC_MULE_0469,134208.52,2026-08-19T17:56:11,28.645181,77.211623,1,2026-08-19T18:12:39,ATM_HDFC_007,4.63
TXN-0007419,ACC_MULE_0492,ACC_MULE_0236,237953.02,2026-08-19T18:04:50,28.69102,77.130705,2,2026-08-19T18:15:57,ATM_KOTAK_138,2.68
TXN-0007420,ACC_VIC_0092,ACC_MULE_0546,55041.44,2026-08-19T18:13:28,28.620492,77.285092,1,2026-08-19T18:31:05,ATM_PNB_160,0.4
TXN-0007421,ACC_NORM_1443,ACC_NORM_1601,23384.63,2026-08-19T18:22:07,,,0,,,
TXN-0007422,ACC_VIC_1353,ACC_MULE_0089,207367.97,2026-08-19T18:30:45,28.616568,77.228669,1,2026-08-19T18:48:53,ATM_HDFC_007,6.14
TXN-0007423,ACC_VIC_1407,ACC_MULE_0242,215516.1,2026-08-19T18:39:23,28.534828,77.257597,1,2026-08-19T18:59:55,ATM_HDFC_066,5.3
TXN-0007424,ACC_NORM_2743,ACC_NORM_0495,16700.97,2026-08-19T18:48:02,,,0,,,
TXN-0007425,ACC_VIC_1446,ACC_MULE_0032,121355.28,2026-08-19T18:56:40,28.547107,77.223341,1,2026-08-19T19:22:59,ATM_ICICI_087,7.46
TXN-0007426,ACC_VIC_1192,ACC_MULE_0573,81608.82,2026-08-19T19:05:19,28.632598,77.291468,1,2026-08-19T19:24:51,ATM_BOB_146,4.7
TXN-0007427,ACC_NORM_1139,ACC_NORM_1554,18782.7,2026-08-19T19:13:57,,,0,,,
TXN-0007428,ACC_NORM_0571,ACC_NORM_0723,4328.96,2026-08-19T19:22:35,,,0,,,
TXN-0007429,ACC_NORM_1027,ACC_NORM_2988,8731.65,2026-08-19T19:31:14,,,0,,,
TXN-0007430,ACC_NORM_1074,ACC_NORM_2076,24261.88,2026-08-19T19:39:52,,,0,,,
TXN-0007431,ACC_VIC_0622,ACC_MULE_0180,108602.94,2026-08-19T19:48:31,28.543151,77.228039,1,2026-08-19T20:18:23,ATM_AXIS_059,9.77
TXN-0007432,ACC_VIC_0332,ACC_MULE_0172,180477.53,2026-08-19T19:57:09,28.656416,77.271975,1,2026-08-19T20:23:23,ATM_HDFC_170,8.0
TXN-0007433,ACC_VIC_1283,ACC_MULE_0461,207436.41,2026-08-19T20:05:47,28.689614,77.308003,1,,,
TXN-0007434,ACC_NORM_2065,ACC_NORM_0768,23822.77,2026-08-19T20:14:26,,,0,,,
TXN-0007435,ACC_MULE_0376,ACC_MULE_0388,132107.55,2026-08-19T20:23:04,28.613218,77.216849,2,2026-08-19T20:42:20,ATM_UBI_016,12.92
TXN-0007436,ACC_NORM_2288,ACC_NORM_2462,9416.91,2026-08-19T20:31:43,,,0,,,
TXN-0007437,ACC_VIC_0632,ACC_MULE_0412,117756.51,2026-08-19T20:40:21,28.509739,77.222115,1,2026-08-19T20:57:52,ATM_ICICI_087,9.97
TXN-0007438,ACC_VIC_1251,ACC_MULE_0238,248013.02,2026-08-19T20:48:59,28.554033,77.261672,1,2026-08-19T21:11:04,ATM_PNB_052,5.36
TXN-0007439,ACC_NORM_2488,ACC_NORM_2212,14921.55,2026-08-19T20:57:38,,,0,,,
TXN-0007440,ACC_NORM_0784,ACC_NORM_0858,12225.0,2026-08-19T21:06:16,,,0,,,
TXN-0007441,ACC_MULE_0074,ACC_MULE_0182,189444.76,2026-08-19T21:14:55,28.66639,77.203843,2,2026-08-19T21:29:48,ATM_UBI_016,7.31
TXN-0007442,ACC_VIC_0068,ACC_MULE_0243,106045.99,2026-08-19T21:23:33,28.646042,77.204796,1,2026-08-19T21:37:23,ATM_UBI_016,3.82
TXN-0007443,ACC_VIC_1203,ACC_MULE_0389,207707.25,2026-08-19T21:32:11,28.583693,77.0543,1,2026-08-19T21:49:51,ATM_AXIS_101,7.92
TXN-0007444,ACC_MULE_0188,ACC_MULE_0264,54163.53,2026-08-19T21:40:50,28.558829,77.239068,2,2026-08-19T21:52:26,ATM_PNB_052,3.62
TXN-0007445,ACC_NORM_1885,ACC_NORM_1638,7974.1,2026-08-19T21:49:28,,,0,,,
TXN-0007446,ACC_VIC_0376,ACC_MULE_0091,174310.4,2026-08-19T21:58:07,28.670926,77.270481,1,2026-08-19T22:21:35,ATM_AXIS_169,6.37
TXN-0007447,ACC_NORM_1973,ACC_NORM_2955,15944.29,2026-08-19T22:06:45,,,0,,,
TXN-0007448,ACC_NORM_2655,ACC_NORM_1850,15420.79,2026-08-19T22:15:23,,,0,,,
TXN-0007449,ACC_NORM_0968,ACC_NORM_1033,24897.08,2026-08-19T22:24:02,,,0,,,
TXN-0007450,ACC_VIC_0452,ACC_MULE_0186,214567.04,2026-08-19T22:32:40,28.534602,77.13424,1,2026-08-19T22:57:01,ATM_BOB_094,5.49
TXN-0007451,ACC_NORM_1409,ACC_NORM_2699,13285.59,2026-08-19T22:41:19,,,0,,,
TXN-0007452,ACC_NORM_2175,ACC_NORM_1024,23730.63,2026-08-19T22:49:57,,,0,,,
TXN-0007453,ACC_NORM_0148,ACC_NORM_1979,7465.69,2026-08-19T22:58:35,,,0,,,
TXN-0007454,ACC_VIC_0862,ACC_MULE_0589,135429.21,2026-08-19T23:07:14,28.639613,77.199065,1,2026-08-19T23:20:30,ATM_ICICI_004,4.58
TXN-0007455,ACC_NORM_1240,ACC_NORM_1681,3387.92,2026-08-19T23:15:52,,,0,,,
TXN-0007456,ACC_NORM_2698,ACC_NORM_0919,22709.5,2026-08-19T23:24:31,,,0,,,
TXN-0007457,ACC_VIC_1131,ACC_MULE_0353,93417.83,2026-08-19T23:33:09,28.540534,77.22555,1,2026-08-19T23:49:04,ATM_PNB_062,7.54
TXN-0007458,ACC_NORM_2666,ACC_NORM_0722,23302.57,2026-08-19T23:41:47,,,0,,,
TXN-0007459,ACC_MULE_0329,ACC_MULE_0492,144976.98,2026-08-19T23:50:26,28.71825,77.109715,2,2026-08-20T00:13:24,ATM_SBI_141,3.63
TXN-0007460,ACC_MULE_0239,ACC_MULE_0237,119185.2,2026-08-19T23:59:04,28.719482,77.123662,2,2026-08-20T00:44:10,ATM_ICICI_142,5.7
TXN-0007461,ACC_VIC_0072,ACC_MULE_0150,130493.64,2026-08-20T00:07:43,28.716756,77.132043,1,2026-08-20T00:29:22,ATM_ICICI_142,5.71
TXN-0007462,ACC_NORM_0032,ACC_NORM_2958,3742.37,2026-08-20T00:16:21,,,0,,,
TXN-0007463,ACC_NORM_1676,ACC_NORM_1565,2850.97,2026-08-20T00:24:59,,,0,,,
TXN-0007464,ACC_NORM_1718,ACC_NORM_2581,24139.01,2026-08-20T00:33:38,,,0,,,
TXN-0007465,ACC_NORM_1861,ACC_NORM_2790,6343.91,2026-08-20T00:42:16,,,0,,,
TXN-0007466,ACC_MULE_0103,ACC_MULE_0587,85034.93,2026-08-20T00:50:55,28.713739,77.137598,2,,,
TXN-0007467,ACC_VIC_1434,ACC_MULE_0160,81911.05,2026-08-20T00:59:33,28.593766,77.042139,1,,,
TXN-0007468,ACC_VIC_1153,ACC_MULE_0253,97397.71,2026-08-20T01:08:11,28.600625,77.319051,1,,,
TXN-0007469,ACC_VIC_1261,ACC_MULE_0282,154793.54,2026-08-20T01:16:50,28.718405,77.12842,1,2026-08-20T01:51:39,ATM_ICICI_142,5.71
TXN-0007470,ACC_NORM_0406,ACC_NORM_2403,6525.69,2026-08-20T01:25:28,,,0,,,
TXN-0007471,ACC_MULE_0273,ACC_MULE_0373,235551.03,2026-08-20T01:34:07,28.633398,77.295674,2,,,
TXN-0007472,ACC_VIC_0878,ACC_MULE_0368,107804.68,2026-08-20T01:42:45,28.648347,77.226941,1,2026-08-20T02:13:09,ATM_HDFC_007,4.4
TXN-0007473,ACC_VIC_0277,ACC_MULE_0559,83468.34,2026-08-20T01:51:23,28.64573,77.206167,1,2026-08-20T02:08:02,ATM_UBI_016,4.21
TXN-0007474,ACC_VIC_0811,ACC_MULE_0030,182674.85,2026-08-20T02:00:02,28.59522,77.302356,1,2026-08-20T02:14:56,ATM_BOB_152,7.63
TXN-0007475,ACC_NORM_0651,ACC_NORM_2511,22681.39,2026-08-20T02:08:40,,,0,,,
TXN-0007476,ACC_VIC_1453,ACC_MULE_0404,145128.76,2026-08-20T02:17:19,28.620004,77.319259,1,2026-08-20T02:33:00,ATM_BOB_152,3.82
TXN-0007477,ACC_NORM_0199,ACC_NORM_2521,2185.32,2026-08-20T02:25:57,,,0,,,
TXN-0007478,ACC_NORM_2444,ACC_NORM_0291,15232.04,2026-08-20T02:34:35,,,0,,,
TXN-0007479,ACC_VIC_1269,ACC_MULE_0477,98210.64,2026-08-20T02:43:14,28.635079,77.206753,1,,,
TXN-0007480,ACC_NORM_0294,ACC_NORM_2282,21812.67,2026-08-20T02:51:52,,,0,,,
TXN-0007481,ACC_VIC_0983,ACC_MULE_0137,107392.43,2026-08-20T03:00:31,28.632054,77.323926,1,2026-08-20T03:14:06,ATM_UBI_150,7.05
TXN-0007482,ACC_MULE_0157,ACC_MULE_0080,60694.17,2026-08-20T03:09:09,28.71793,77.121454,2,2026-08-20T03:25:42,ATM_SBI_141,4.55
TXN-0007483,ACC_VIC_0105,ACC_MULE_0510,185543.36,2026-08-20T03:17:47,28.698115,77.105357,1,,,
TXN-0007484,ACC_NORM_2944,ACC_NORM_1528,20391.4,2026-08-20T03:26:26,,,0,,,
TXN-0007485,ACC_NORM_1783,ACC_NORM_2239,23511.16,2026-08-20T03:35:04,,,0,,,
TXN-0007486,ACC_NORM_1106,ACC_NORM_2750,3483.01,2026-08-20T03:43:43,,,0,,,
TXN-0007487,ACC_MULE_0318,ACC_MULE_0338,223277.15,2026-08-20T03:52:21,28.660678,77.300695,2,2026-08-20T04:18:06,ATM_HDFC_170,6.7
TXN-0007488,ACC_VIC_0843,ACC_MULE_0464,216237.62,2026-08-20T04:00:59,28.541859,77.196634,1,2026-08-20T04:09:10,ATM_ICICI_087,2.64
TXN-0007489,ACC_NORM_2603,ACC_NORM_0928,3416.18,2026-08-20T04:09:38,,,0,,,
TXN-0007490,ACC_NORM_1272,ACC_NORM_1935,5314.83,2026-08-20T04:18:16,,,0,,,
TXN-0007491,ACC_NORM_2857,ACC_NORM_2003,3577.55,2026-08-20T04:26:55,,,0,,,
TXN-0007492,ACC_NORM_1029,ACC_NORM_1907,9685.1,2026-08-20T04:35:33,,,0,,,
TXN-0007493,ACC_NORM_2600,ACC_NORM_0350,3013.14,2026-08-20T04:44:11,,,0,,,
TXN-0007494,ACC_NORM_1886,ACC_NORM_0881,17581.97,2026-08-20T04:52:50,,,0,,,
TXN-0007495,ACC_NORM_1979,ACC_NORM_1830,17401.37,2026-08-20T05:01:28,,,0,,,
TXN-0007496,ACC_MULE_0177,ACC_MULE_0229,227512.09,2026-08-20T05:10:07,28.559434,77.245621,2,2026-08-20T05:21:02,ATM_PNB_052,2.36
TXN-0007497,ACC_NORM_1317,ACC_NORM_1799,20783.08,2026-08-20T05:18:45,,,0,,,
TXN-0007498,ACC_MULE_0319,ACC_MULE_0536,166601.96,2026-08-20T05:27:23,28.6335,77.170266,2,2026-08-20T05:39:55,ATM_SBI_011,5.87
TXN-0007499,ACC_NORM_0726,ACC_NORM_0705,13985.65,2026-08-20T05:36:02,,,0,,,
TXN-0007500,ACC_VIC_1017,ACC_MULE_0551,137400.87,2026-08-20T05:44:40,28.674802,77.288003,1,2026-08-20T05:57:36,ATM_HDFC_170,0.96
TXN-0007501,ACC_NORM_2627,ACC_NORM_0457,18675.17,2026-08-20T05:53:19,,,0,,,
TXN-0007502,ACC_NORM_1811,ACC_NORM_1651,5751.7,2026-08-20T06:01:57,,,0,,,
TXN-0007503,ACC_NORM_0966,ACC_NORM_2129,1276.0,2026-08-20T06:10:35,,,0,,,
TXN-0007504,ACC_NORM_2068,ACC_NORM_2804,24565.87,2026-08-20T06:19:14,,,0,,,
TXN-0007505,ACC_VIC_1162,ACC_MULE_0552,65129.01,2026-08-20T06:27:52,28.664857,77.29072,1,2026-08-20T06:52:43,ATM_HDFC_170,4.24
TXN-0007506,ACC_VIC_1198,ACC_MULE_0574,87812.51,2026-08-20T06:36:31,28.70072,77.13057,1,2026-08-20T06:55:23,ATM_HDFC_130,1.83
TXN-0007507,ACC_NORM_0876,ACC_NORM_2232,2067.3,2026-08-20T06:45:09,,,0,,,
TXN-0007508,ACC_MULE_0259,ACC_MULE_0475,56358.23,2026-08-20T06:53:47,28.56481,77.257589,2,2026-08-20T07:12:00,ATM_KOTAK_048,4.02
TXN-0007509,ACC_VIC_1278,ACC_MULE_0177,70406.42,2026-08-20T07:02:26,28.675887,77.293202,1,,,
TXN-0007510,ACC_VIC_0088,ACC_MULE_0291,247098.03,2026-08-20T07:11:04,28.573339,77.035929,1,2026-08-20T07:31:22,ATM_PNB_102,7.64
TXN-0007511,ACC_NORM_1196,ACC_NORM_1298,23504.57,2026-08-20T07:19:43,,,0,,,
TXN-0007512,ACC_NORM_0570,ACC_NORM_2128,21409.67,2026-08-20T07:28:21,,,0,,,
TXN-0007513,ACC_NORM_1427,ACC_NORM_0401,4515.75,2026-08-20T07:36:59,,,0,,,
TXN-0007514,ACC_NORM_2144,ACC_NORM_2759,10584.69,2026-08-20T07:45:38,,,0,,,
TXN-0007515,ACC_NORM_0552,ACC_NORM_0829,3524.43,2026-08-20T07:54:16,,,0,,,
TXN-0007516,ACC_NORM_0518,ACC_NORM_0704,3946.05,2026-08-20T08:02:55,,,0,,,
TXN-0007517,ACC_NORM_0944,ACC_NORM_1784,16967.98,2026-08-20T08:11:33,,,0,,,
TXN-0007518,ACC_MULE_0527,ACC_MULE_0301,73744.42,2026-08-20T08:20:11,28.637479,77.213017,2,,,
TXN-0007519,ACC_NORM_1604,ACC_NORM_0636,20728.43,2026-08-20T08:28:50,,,0,,,
TXN-0007520,ACC_NORM_2324,ACC_NORM_1432,5337.18,2026-08-20T08:37:28,,,0,,,
TXN-0007521,ACC_NORM_1531,ACC_NORM_1715,3849.52,2026-08-20T08:46:07,,,0,,,
TXN-0007522,ACC_NORM_2915,ACC_NORM_2197,6439.93,2026-08-20T08:54:45,,,0,,,
TXN-0007523,ACC_NORM_0606,ACC_NORM_0985,8963.32,2026-08-20T09:03:23,,,0,,,
TXN-0007524,ACC_NORM_1139,ACC_NORM_0046,15087.88,2026-08-20T09:12:02,,,0,,,
TXN-0007525,ACC_NORM_1699,ACC_NORM_1799,2114.09,2026-08-20T09:20:40,,,0,,,
TXN-0007526,ACC_NORM_1254,ACC_NORM_0182,3764.01,2026-08-20T09:29:19,,,0,,,
TXN-0007527,ACC_VIC_0094,ACC_MULE_0406,196878.78,2026-08-20T09:37:57,28.641219,77.286214,1,2026-08-20T09:48:47,ATM_BOB_155,0.67
TXN-0007528,ACC_VIC_0850,ACC_MULE_0562,224849.84,2026-08-20T09:46:35,28.646962,77.307581,1,2026-08-20T10:05:42,ATM_UBI_150,7.71
TXN-0007529,ACC_NORM_1832,ACC_NORM_2217,18011.93,2026-08-20T09:55:14,,,0,,,
TXN-0007530,ACC_VIC_1200,ACC_MULE_0546,115630.38,2026-08-20T10:03:52,28.620492,77.285092,1,2026-08-20T10:10:09,ATM_PNB_160,0.4
TXN-0007531,ACC_NORM_1874,ACC_NORM_0265,1883.89,2026-08-20T10:12:31,,,0,,,
TXN-0007532,ACC_VIC_0950,ACC_MULE_0398,61883.06,2026-08-20T10:21:09,28.597446,77.314515,1,2026-08-20T10:38:09,ATM_BOB_146,8.53
TXN-0007533,ACC_VIC_0893,ACC_MULE_0175,181514.82,2026-08-20T10:29:47,28.516377,77.217225,1,2026-08-20T10:55:59,ATM_HDFC_086,6.2
TXN-0007534,ACC_MULE_0027,ACC_MULE_0418,186873.37,2026-08-20T10:38:26,28.701646,77.105106,2,2026-08-20T10:53:55,ATM_HDFC_130,5.37
TXN-0007535,ACC_VIC_0489,ACC_MULE_0056,126055.58,2026-08-20T10:47:04,28.534151,77.15558,1,2026-08-20T10:58:51,ATM_BOB_094,4.94
TXN-0007536,ACC_MULE_0567,ACC_MULE_0499,190936.9,2026-08-20T10:55:43,28.671895,77.195626,2,2026-08-20T11:08:51,ATM_BOB_012,5.78
TXN-0007537,ACC_VIC_1198,ACC_MULE_0495,96902.03,2026-08-20T11:04:21,28.538433,77.258555,1,2026-08-20T11:23:01,ATM_ICICI_068,3.54
TXN-0007538,ACC_NORM_1177,ACC_NORM_1933,23636.46,2026-08-20T11:12:59,,,0,,,
TXN-0007539,ACC_VIC_1188,ACC_MULE_0465,53365.24,2026-08-20T11:21:38,28.63428,77.230542,1,2026-08-20T11:39:50,ATM_HDFC_007,2.07
TXN-0007540,ACC_NORM_0340,ACC_NORM_2959,4197.91,2026-08-20T11:30:16,,,0,,,
TXN-0007541,ACC_NORM_0550,ACC_NORM_1471,9736.21,2026-08-20T11:38:55,,,0,,,
TXN-0007542,ACC_NORM_0555,ACC_NORM_2733,22505.0,2026-08-20T11:47:33,,,0,,,
TXN-0007543,ACC_NORM_2319,ACC_NORM_2204,2713.24,2026-08-20T11:56:11,,,0,,,
TXN-0007544,ACC_NORM_0167,ACC_NORM_2843,23047.1,2026-08-20T12:04:50,,,0,,,
TXN-0007545,ACC_VIC_0957,ACC_MULE_0352,134970.26,2026-08-20T12:13:28,28.543881,77.135483,1,2026-08-20T12:29:10,ATM_BOB_094,7.91
TXN-0007546,ACC_VIC_0482,ACC_MULE_0062,91544.02,2026-08-20T12:22:07,28.549729,77.247417,1,2026-08-20T12:42:02,ATM_PNB_052,5.32
TXN-0007547,ACC_NORM_0726,ACC_NORM_0910,24549.93,2026-08-20T12:30:45,,,0,,,
TXN-0007548,ACC_NORM_0668,ACC_NORM_2882,19324.94,2026-08-20T12:39:23,,,0,,,
TXN-0007549,ACC_NORM_1998,ACC_NORM_1256,16320.39,2026-08-20T12:48:02,,,0,,,
TXN-0007550,ACC_VIC_0970,ACC_MULE_0522,56717.75,2026-08-20T12:56:40,28.613981,77.217538,1,2026-08-20T13:13:40,ATM_ICICI_004,5.19
TXN-0007551,ACC_NORM_2320,ACC_NORM_0570,22486.23,2026-08-20T13:05:19,,,0,,,
TXN-0007552,ACC_NORM_1727,ACC_NORM_2515,3246.03,2026-08-20T13:13:57,,,0,,,
TXN-0007553,ACC_NORM_0490,ACC_NORM_2462,13465.51,2026-08-20T13:22:35,,,0,,,
TXN-0007554,ACC_VIC_1446,ACC_MULE_0323,157507.69,2026-08-20T13:31:14,28.652306,77.218858,1,2026-08-20T13:53:52,ATM_HDFC_007,5.69
TXN-0007555,ACC_VIC_0406,ACC_MULE_0210,51926.9,2026-08-20T13:39:52,28.66205,77.270957,1,2026-08-20T13:58:16,ATM_HDFC_170,6.71
TXN-0007556,ACC_NORM_2875,ACC_NORM_1934,15761.33,2026-08-20T13:48:31,,,0,,,
TXN-0007557,ACC_NORM_0796,ACC_NORM_2695,13490.05,2026-08-20T13:57:09,,,0,,,
TXN-0007558,ACC_NORM_1471,ACC_NORM_1710,7965.22,2026-08-20T14:05:47,,,0,,,
TXN-0007559,ACC_NORM_1872,ACC_NORM_1809,20744.96,2026-08-20T14:14:26,,,0,,,
TXN-0007560,ACC_NORM_2014,ACC_NORM_1399,5440.86,2026-08-20T14:23:04,,,0,,,
TXN-0007561,ACC_VIC_1013,ACC_MULE_0388,229749.45,2026-08-20T14:31:43,28.613218,77.216849,1,,,
TXN-0007562,ACC_NORM_1140,ACC_NORM_1159,3886.74,2026-08-20T14:40:21,,,0,,,
TXN-0007563,ACC_MULE_0501,ACC_MULE_0493,137784.17,2026-08-20T14:48:59,28.510856,77.194387,2,2026-08-20T15:14:18,ATM_ICICI_087,7.88
TXN-0007564,ACC_NORM_2809,ACC_NORM_2733,11663.57,2026-08-20T14:57:38,,,0,,,
TXN-0007565,ACC_NORM_2548,ACC_NORM_2542,15513.92,2026-08-20T15:06:16,,,0,,,
TXN-0007566,ACC_NORM_2092,ACC_NORM_2043,16555.67,2026-08-20T15:14:55,,,0,,,
TXN-0007567,ACC_NORM_0601,ACC_NORM_1677,13009.51,2026-08-20T15:23:33,,,0,,,
TXN-0007568,ACC_NORM_2053,ACC_NORM_2297,20592.78,2026-08-20T15:32:11,,,0,,,
TXN-0007569,ACC_NORM_0031,ACC_NORM_0621,6396.45,2026-08-20T15:40:50,,,0,,,
TXN-0007570,ACC_NORM_2260,ACC_NORM_1315,4997.83,2026-08-20T15:49:28,,,0,,,
TXN-0007571,ACC_NORM_1193,ACC_NORM_2022,750.8,2026-08-20T15:58:07,,,0,,,
TXN-0007572,ACC_MULE_0421,ACC_MULE_0110,88658.66,2026-08-20T16:06:45,28.52858,77.259297,2,2026-08-20T16:19:18,ATM_ICICI_068,5.01
TXN-0007573,ACC_VIC_0753,ACC_MULE_0204,185546.01,2026-08-20T16:15:23,28.564804,77.248221,1,2026-08-20T16:29:00,ATM_PNB_052,0.48
TXN-0007574,ACC_NORM_0016,ACC_NORM_1860,15640.18,2026-08-20T16:24:02,,,0,,,
TXN-0007575,ACC_VIC_1478,ACC_MULE_0042,58569.15,2026-08-20T16:32:40,28.676975,77.302079,1,,,
TXN-0007576,ACC_MULE_0242,ACC_MULE_0400,242696.39,2026-08-20T16:41:19,28.637563,77.319463,2,2026-08-20T17:06:05,ATM_PNB_160,11.55
TXN-0007577,ACC_NORM_2198,ACC_NORM_0975,17708.98,2026-08-20T16:49:57,,,0,,,
TXN-0007578,ACC_VIC_0790,ACC_MULE_0193,195636.35,2026-08-20T16:58:35,28.545072,77.15726,1,2026-08-20T17:27:34,ATM_BOB_094,8.29
TXN-0007579,ACC_NORM_2682,ACC_NORM_2529,11318.21,2026-08-20T17:07:14,,,0,,,
TXN-0007580,ACC_NORM_2355,ACC_NORM_2731,4654.68,2026-08-20T17:15:52,,,0,,,
TXN-0007581,ACC_MULE_0080,ACC_MULE_0464,229668.48,2026-08-20T17:24:31,28.541859,77.196634,2,2026-08-20T17:34:17,ATM_ICICI_087,2.64
TXN-0007582,ACC_VIC_0006,ACC_MULE_0495,223497.15,2026-08-20T17:33:09,28.538433,77.258555,1,2026-08-20T17:54:35,ATM_ICICI_068,3.54
TXN-0007583,ACC_VIC_0363,ACC_MULE_0459,181212.15,2026-08-20T17:41:47,28.664538,77.270533,1,,,
TXN-0007584,ACC_NORM_1174,ACC_NORM_1497,7592.09,2026-08-20T17:50:26,,,0,,,
TXN-0007585,ACC_NORM_0356,ACC_NORM_0592,18658.76,2026-08-20T17:59:04,,,0,,,
TXN-0007586,ACC_VIC_1342,ACC_MULE_0252,243142.81,2026-08-20T18:07:43,28.708789,77.112756,1,2026-08-20T18:13:47,ATM_SBI_141,0.72
TXN-0007587,ACC_NORM_2027,ACC_NORM_2073,11559.02,2026-08-20T18:16:21,,,0,,,
TXN-0007588,ACC_VIC_0455,ACC_MULE_0166,219938.3,2026-08-20T18:24:59,28.693343,77.123259,1,2026-08-20T18:35:30,ATM_HDFC_131,1.7
TXN-0007589,ACC_VIC_0436,ACC_MULE_0342,54050.29,2026-08-20T18:33:38,28.59598,77.066533,1,2026-08-20T18:46:51,ATM_PNB_102,3.68
TXN-0007590,ACC_NORM_0557,ACC_NORM_2837,14909.03,2026-08-20T18:42:16,,,0,,,
TXN-0007591,ACC_NORM_2900,ACC_NORM_1815,21149.61,2026-08-20T18:50:55,,,0,,,
TXN-0007592,ACC_MULE_0137,ACC_MULE_0533,175212.78,2026-08-20T18:59:33,28.561287,77.238473,2,2026-08-20T19:14:48,ATM_PNB_052,3.31
TXN-0007593,ACC_NORM_0644,ACC_NORM_1838,2957.03,2026-08-20T19:08:11,,,0,,,
TXN-0007594,ACC_NORM_0973,ACC_NORM_0802,24899.6,2026-08-20T19:16:50,,,0,,,
TXN-0007595,ACC_NORM_2420,ACC_NORM_0210,20577.59,2026-08-20T19:25:28,,,0,,,
TXN-0007596,ACC_NORM_0731,ACC_NORM_2131,15742.83,2026-08-20T19:34:07,,,0,,,
TXN-0007597,ACC_VIC_0975,ACC_MULE_0490,207647.41,2026-08-20T19:42:45,28.659976,77.176184,1,2026-08-20T20:07:38,ATM_HDFC_035,11.37
TXN-0007598,ACC_MULE_0124,ACC_MULE_0027,58228.89,2026-08-20T19:51:23,28.651503,77.200087,2,2026-08-20T19:57:23,ATM_ICICI_018,3.1
TXN-0007599,ACC_NORM_1336,ACC_NORM_2882,8614.58,2026-08-20T20:00:02,,,0,,,
TXN-0007600,ACC_NORM_0944,ACC_NORM_1112,23956.85,2026-08-20T20:08:40,,,0,,,
TXN-0007601,ACC_VIC_1264,ACC_MULE_0597,91707.91,2026-08-20T20:17:19,28.546026,77.223609,1,2026-08-20T20:37:40,ATM_ICICI_087,7.34
TXN-0007602,ACC_MULE_0588,ACC_MULE_0369,172233.51,2026-08-20T20:25:57,28.576713,77.23447,2,,,
TXN-0007603,ACC_NORM_2793,ACC_NORM_1016,5093.23,2026-08-20T20:34:35,,,0,,,
TXN-0007604,ACC_NORM_0195,ACC_NORM_2209,22097.88,2026-08-20T20:43:14,,,0,,,
TXN-0007605,ACC_NORM_1602,ACC_NORM_2289,11012.9,2026-08-20T20:51:52,,,0,,,
TXN-0007606,ACC_NORM_2432,ACC_NORM_2757,15027.61,2026-08-20T21:00:31,,,0,,,
TXN-0007607,ACC_VIC_1402,ACC_MULE_0427,236186.78,2026-08-20T21:09:09,28.648238,77.219555,1,2026-08-20T21:36:16,ATM_ICICI_004,7.23
TXN-0007608,ACC_VIC_0505,ACC_MULE_0509,150330.76,2026-08-20T21:17:47,28.567136,77.252322,1,2026-08-20T21:27:24,ATM_PNB_052,1.05
TXN-0007609,ACC_NORM_2492,ACC_NORM_1098,19041.52,2026-08-20T21:26:26,,,0,,,
TXN-0007610,ACC_NORM_2600,ACC_NORM_1083,12073.46,2026-08-20T21:35:04,,,0,,,
TXN-0007611,ACC_NORM_2050,ACC_NORM_1772,11840.3,2026-08-20T21:43:43,,,0,,,
TXN-0007612,ACC_NORM_1310,ACC_NORM_1315,19650.36,2026-08-20T21:52:21,,,0,,,
TXN-0007613,ACC_VIC_1233,ACC_MULE_0567,98742.37,2026-08-20T22:00:59,28.530284,77.250424,1,2026-08-20T22:22:47,ATM_ICICI_068,3.04
TXN-0007614,ACC_VIC_1371,ACC_MULE_0024,88575.09,2026-08-20T22:09:38,28.653138,77.201013,1,2026-08-20T22:27:41,ATM_UBI_016,3.47
TXN-0007615,ACC_NORM_0788,ACC_NORM_0060,9731.21,2026-08-20T22:18:16,,,0,,,
TXN-0007616,ACC_VIC_1030,ACC_MULE_0354,87216.11,2026-08-20T22:26:55,28.720119,77.104607,1,2026-08-20T22:47:42,ATM_ICICI_142,7.45
TXN-0007617,ACC_MULE_0012,ACC_MULE_0045,100390.04,2026-08-20T22:35:33,28.691575,77.131599,2,,,
TXN-0007618,ACC_VIC_0177,ACC_MULE_0587,232137.51,2026-08-20T22:44:11,28.713739,77.137598,1,2026-08-20T23:09:05,ATM_ICICI_142,6.05
TXN-0007619,ACC_NORM_2545,ACC_NORM_0540,16941.44,2026-08-20T22:52:50,,,0,,,
TXN-0007620,ACC_NORM_0362,ACC_NORM_0585,22045.02,2026-08-20T23:01:28,,,0,,,
TXN-0007621,ACC_NORM_0684,ACC_NORM_0863,16502.48,2026-08-20T23:10:07,,,0,,,
TXN-0007622,ACC_MULE_0047,ACC_MULE_0037,227666.26,2026-08-20T23:18:45,28.654736,77.284097,2,2026-08-20T23:32:47,ATM_BOB_155,4.5
TXN-0007623,ACC_MULE_0316,ACC_MULE_0444,233730.43,2026-08-20T23:27:23,28.591843,77.050184,2,,,
TXN-0007624,ACC_MULE_0428,ACC_MULE_0029,231772.08,2026-08-20T23:36:02,28.544787,77.140471,2,2026-08-20T23:59:47,ATM_UBI_095,9.38
TXN-0007625,ACC_NORM_1453,ACC_NORM_2291,16637.98,2026-08-20T23:44:40,,,0,,,
TXN-0007626,ACC_VIC_0171,ACC_MULE_0333,129259.84,2026-08-20T23:53:19,28.602643,77.321707,1,,,
TXN-0007627,ACC_VIC_1090,ACC_MULE_0425,185996.54,2026-08-21T00:01:57,28.561104,77.255495,1,2026-08-21T00:26:06,ATM_PNB_052,2.52
TXN-0007628,ACC_NORM_1391,ACC_NORM_1800,2515.82,2026-08-21T00:10:35,,,0,,,
TXN-0007629,ACC_MULE_0572,ACC_MULE_0297,204297.29,2026-08-21T00:19:14,28.635371,77.294753,2,2026-08-21T00:29:06,ATM_UBI_150,4.11
TXN-0007630,ACC_NORM_1812,ACC_NORM_1711,22117.64,2026-08-21T00:27:52,,,0,,,
TXN-0007631,ACC_VIC_0017,ACC_MULE_0379,100169.07,2026-08-21T00:36:31,28.688001,77.103054,1,2026-08-21T01:04:21,ATM_ICICI_142,6.75
TXN-0007632,ACC_NORM_0885,ACC_NORM_0935,8888.36,2026-08-21T00:45:09,,,0,,,
TXN-0007633,ACC_NORM_2725,ACC_NORM_1830,20083.86,2026-08-21T00:53:47,,,0,,,
TXN-0007634,ACC_NORM_2813,ACC_NORM_0087,8068.05,2026-08-21T01:02:26,,,0,,,
TXN-0007635,ACC_NORM_1709,ACC_NORM_2174,8180.34,2026-08-21T01:11:04,,,0,,,
TXN-0007636,ACC_NORM_2653,ACC_NORM_1304,13618.91,2026-08-21T01:19:43,,,0,,,
TXN-0007637,ACC_NORM_2059,ACC_NORM_0976,2938.78,2026-08-21T01:28:21,,,0,,,
TXN-0007638,ACC_NORM_0749,ACC_NORM_0308,14656.64,2026-08-21T01:36:59,,,0,,,
TXN-0007639,ACC_NORM_0981,ACC_NORM_1675,23008.45,2026-08-21T01:45:38,,,0,,,
TXN-0007640,ACC_NORM_1994,ACC_NORM_0898,9202.77,2026-08-21T01:54:16,,,0,,,
TXN-0007641,ACC_NORM_0257,ACC_NORM_0564,16736.11,2026-08-21T02:02:55,,,0,,,
TXN-0007642,ACC_NORM_2662,ACC_NORM_0970,13296.44,2026-08-21T02:11:33,,,0,,,
TXN-0007643,ACC_MULE_0508,ACC_MULE_0184,239891.83,2026-08-21T02:20:11,28.648668,77.17126,2,2026-08-21T02:33:22,ATM_UBI_016,5.69
TXN-0007644,ACC_NORM_0321,ACC_NORM_2353,8444.75,2026-08-21T02:28:50,,,0,,,
TXN-0007645,ACC_VIC_0455,ACC_MULE_0354,238185.23,2026-08-21T02:37:28,28.720119,77.104607,1,2026-08-21T02:58:59,ATM_SBI_141,4.6
TXN-0007646,ACC_NORM_1044,ACC_NORM_2407,10919.64,2026-08-21T02:46:07,,,0,,,
TXN-0007647,ACC_VIC_1456,ACC_MULE_0220,102037.98,2026-08-21T02:54:45,28.628564,77.2997,1,2026-08-21T03:10:08,ATM_UBI_150,1.58
TXN-0007648,ACC_MULE_0491,ACC_MULE_0068,229659.22,2026-08-21T03:03:23,28.641434,77.228969,2,2026-08-21T03:09:38,ATM_HDFC_007,2.61
TXN-0007649,ACC_VIC_0923,ACC_MULE_0454,50258.14,2026-08-21T03:12:02,28.608527,77.299857,1,2026-08-21T03:34:01,ATM_UBI_150,4.9
TXN-0007650,ACC_VIC_1367,ACC_MULE_0286,104661.25,2026-08-21T03:20:40,28.596603,77.317959,1,2026-08-21T03:39:13,ATM_BOB_152,7.91
TXN-0007651,ACC_NORM_0935,ACC_NORM_1946,3855.15,2026-08-21T03:29:19,,,0,,,
TXN-0007652,ACC_NORM_2918,ACC_NORM_0985,3211.88,2026-08-21T03:37:57,,,0,,,
TXN-0007653,ACC_VIC_1429,ACC_MULE_0027,144770.43,2026-08-21T03:46:35,28.651503,77.200087,1,2026-08-21T04:28:24,ATM_UBI_123,23.48
TXN-0007654,ACC_NORM_2560,ACC_NORM_2781,18793.04,2026-08-21T03:55:14,,,0,,,
TXN-0007655,ACC_NORM_1045,ACC_NORM_1855,24096.47,2026-08-21T04:03:52,,,0,,,
TXN-0007656,ACC_MULE_0551,ACC_MULE_0368,117778.51,2026-08-21T04:12:31,28.648347,77.226941,2,2026-08-21T04:26:10,ATM_ICICI_004,8.38
TXN-0007657,ACC_VIC_0948,ACC_MULE_0482,188536.13,2026-08-21T04:21:09,28.585562,77.251826,1,2026-08-21T04:46:54,ATM_PNB_052,6.28
TXN-0007658,ACC_MULE_0042,ACC_MULE_0099,73878.13,2026-08-21T04:29:47,28.626976,77.312856,2,2026-08-21T04:41:58,ATM_UBI_150,3.55
TXN-0007659,ACC_NORM_2939,ACC_NORM_1576,3652.08,2026-08-21T04:38:26,,,0,,,
TXN-0007660,ACC_VIC_1144,ACC_MULE_0253,63035.01,2026-08-21T04:47:04,28.600625,77.319051,1,2026-08-21T05:07:25,ATM_KOTAK_176,9.1
TXN-0007661,ACC_MULE_0388,ACC_MULE_0263,127481.21,2026-08-21T04:55:43,28.611892,77.293125,2,2026-08-21T05:09:42,ATM_UBI_150,4.39
TXN-0007662,ACC_NORM_2005,ACC_NORM_0585,24400.21,2026-08-21T05:04:21,,,0,,,
TXN-0007663,ACC_MULE_0374,ACC_MULE_0423,122161.6,2026-08-21T05:12:59,28.651031,77.188441,2,2026-08-21T05:32:19,ATM_UBI_016,1.65
TXN-0007664,ACC_MULE_0332,ACC_MULE_0117,198140.47,2026-08-21T05:21:38,28.519749,77.21164,2,2026-08-21T05:36:38,ATM_KOTAK_085,1.61
TXN-0007665,ACC_NORM_2176,ACC_NORM_1441,22082.96,2026-08-21T05:30:16,,,0,,,
TXN-0007666,ACC_NORM_0185,ACC_NORM_1567,12574.48,2026-08-21T05:38:55,,,0,,,
TXN-0007667,ACC_VIC_0908,ACC_MULE_0206,246969.6,2026-08-21T05:47:33,28.61709,77.314284,1,2026-08-21T05:56:44,ATM_UBI_150,4.36
TXN-0007668,ACC_NORM_2947,ACC_NORM_0698,2446.87,2026-08-21T05:56:11,,,0,,,
TXN-0007669,ACC_NORM_0584,ACC_NORM_2384,3992.36,2026-08-21T06:04:50,,,0,,,
TXN-0007670,ACC_MULE_0530,ACC_MULE_0260,168926.6,2026-08-21T06:13:28,28.537935,77.231422,2,2026-08-21T06:27:22,ATM_ICICI_087,8.64
TXN-0007671,ACC_MULE_0197,ACC_MULE_0024,155757.69,2026-08-21T06:22:07,28.653138,77.201013,2,2026-08-21T06:38:28,ATM_UBI_016,3.47
TXN-0007672,ACC_VIC_0485,ACC_MULE_0263,75855.34,2026-08-21T06:30:45,28.611892,77.293125,1,2026-08-21T06:47:01,ATM_UBI_150,4.39
TXN-0007673,ACC_NORM_0708,ACC_NORM_0847,15076.86,2026-08-21T06:39:23,,,0,,,
TXN-0007674,ACC_NORM_0290,ACC_NORM_0383,10354.68,2026-08-21T06:48:02,,,0,,,
TXN-0007675,ACC_VIC_1399,ACC_MULE_0370,111141.79,2026-08-21T06:56:40,28.616595,77.311886,1,2026-08-21T07:22:10,ATM_UBI_150,3.88
TXN-0007676,ACC_NORM_2141,ACC_NORM_0109,6832.46,2026-08-21T07:05:19,,,0,,,
TXN-0007677,ACC_NORM_2049,ACC_NORM_0811,24519.72,2026-08-21T07:13:57,,,0,,,
TXN-0007678,ACC_VIC_1390,ACC_MULE_0269,124455.32,2026-08-21T07:22:35,28.720909,77.1124,1,2026-08-21T07:36:13,ATM_UBI_139,1.59
TXN-0007679,ACC_NORM_1981,ACC_NORM_0094,13450.98,2026-08-21T07:31:14,,,0,,,
TXN-0007680,ACC_VIC_0148,ACC_MULE_0525,205167.04,2026-08-21T07:39:52,28.707854,77.11485,1,2026-08-21T08:16:39,ATM_ICICI_142,2.57
TXN-0007681,ACC_VIC_0517,ACC_MULE_0332,140648.41,2026-08-21T07:48:31,28.577982,77.035446,1,2026-08-21T08:09:18,ATM_PNB_102,6.84
TXN-0007682,ACC_MULE_0593,ACC_MULE_0245,201466.97,2026-08-21T07:57:09,28.712419,77.099419,2,2026-08-21T08:16:07,ATM_ICICI_142,6.95
TXN-0007683,ACC_NORM_1025,ACC_NORM_2140,16637.03,2026-08-21T08:05:47,,,0,,,
TXN-0007684,ACC_NORM_0518,ACC_NORM_0233,714.65,2026-08-21T08:14:26,,,0,,,
TXN-0007685,ACC_NORM_1158,ACC_NORM_1638,21044.07,2026-08-21T08:23:04,,,0,,,
TXN-0007686,ACC_NORM_0808,ACC_NORM_0517,9424.85,2026-08-21T08:31:43,,,0,,,
TXN-0007687,ACC_NORM_0045,ACC_NORM_2024,5288.51,2026-08-21T08:40:21,,,0,,,
TXN-0007688,ACC_NORM_0392,ACC_NORM_2596,17852.86,2026-08-21T08:48:59,,,0,,,
TXN-0007689,ACC_VIC_0001,ACC_MULE_0364,71482.09,2026-08-21T08:57:38,28.572068,77.037779,1,,,
TXN-0007690,ACC_VIC_1166,ACC_MULE_0229,133521.3,2026-08-21T09:06:16,28.559434,77.245621,1,2026-08-21T09:18:39,ATM_PNB_052,2.36
TXN-0007691,ACC_NORM_0702,ACC_NORM_0731,22772.26,2026-08-21T09:14:55,,,0,,,
TXN-0007692,ACC_MULE_0318,ACC_MULE_0248,165297.88,2026-08-21T09:23:33,28.59697,77.059725,2,2026-08-21T09:38:52,ATM_AXIS_108,4.96
TXN-0007693,ACC_NORM_2552,ACC_NORM_1437,5157.85,2026-08-21T09:32:11,,,0,,,
TXN-0007694,ACC_NORM_1909,ACC_NORM_2807,20440.91,2026-08-21T09:40:50,,,0,,,
TXN-0007695,ACC_VIC_0697,ACC_MULE_0446,166496.69,2026-08-21T09:49:28,28.557889,77.252555,1,2026-08-21T10:10:43,ATM_PNB_052,2.89
TXN-0007696,ACC_NORM_2835,ACC_NORM_1949,16577.25,2026-08-21T09:58:07,,,0,,,
TXN-0007697,ACC_NORM_0511,ACC_NORM_2795,21512.95,2026-08-21T10:06:45,,,0,,,
TXN-0007698,ACC_NORM_0874,ACC_NORM_0976,6654.08,2026-08-21T10:15:23,,,0,,,
TXN-0007699,ACC_VIC_0903,ACC_MULE_0508,232259.64,2026-08-21T10:24:02,28.704011,77.109571,1,,,
TXN-0007700,ACC_VIC_0672,ACC_MULE_0465,197684.52,2026-08-21T10:32:40,28.63428,77.230542,1,2026-08-21T10:44:12,ATM_HDFC_007,2.07
TXN-0007701,ACC_NORM_1917,ACC_NORM_1261,8345.57,2026-08-21T10:41:19,,,0,,,
TXN-0007702,ACC_NORM_0061,ACC_NORM_2495,656.77,2026-08-21T10:49:57,,,0,,,
TXN-0007703,ACC_NORM_2884,ACC_NORM_1684,6990.13,2026-08-21T10:58:35,,,0,,,
TXN-0007704,ACC_MULE_0575,ACC_MULE_0542,133321.78,2026-08-21T11:07:14,28.619675,77.302753,2,2026-08-21T11:27:42,ATM_UBI_150,1.42
TXN-0007705,ACC_MULE_0063,ACC_MULE_0302,159722.31,2026-08-21T11:15:52,28.71834,77.120332,2,2026-08-21T11:31:50,ATM_ICICI_142,5.29
TXN-0007706,ACC_NORM_1728,ACC_NORM_2305,20813.9,2026-08-21T11:24:31,,,0,,,
TXN-0007707,ACC_NORM_2245,ACC_NORM_0886,10105.86,2026-08-21T11:33:09,,,0,,,
TXN-0007708,ACC_NORM_2903,ACC_NORM_1740,5013.0,2026-08-21T11:41:47,,,0,,,
TXN-0007709,ACC_VIC_0511,ACC_MULE_0160,199677.54,2026-08-21T11:50:26,28.593766,77.042139,1,,,
TXN-0007710,ACC_VIC_1056,ACC_MULE_0022,230978.85,2026-08-21T11:59:04,28.661062,77.182292,1,2026-08-21T12:21:50,ATM_ICICI_018,4.69
TXN-0007711,ACC_MULE_0215,ACC_MULE_0485,140004.7,2026-08-21T12:07:43,28.711827,77.112972,2,,,
TXN-0007712,ACC_NORM_2519,ACC_NORM_0782,8807.38,2026-08-21T12:16:21,,,0,,,
TXN-0007713,ACC_NORM_2651,ACC_NORM_2634,20082.83,2026-08-21T12:24:59,,,0,,,
TXN-0007714,ACC_VIC_0534,ACC_MULE_0418,241605.26,2026-08-21T12:33:38,28.701646,77.105106,1,2026-08-21T12:45:13,ATM_SBI_141,2.43
TXN-0007715,ACC_NORM_0164,ACC_NORM_2971,3461.01,2026-08-21T12:42:16,,,0,,,
TXN-0007716,ACC_NORM_2648,ACC_NORM_0161,3779.1,2026-08-21T12:50:55,,,0,,,
TXN-0007717,ACC_NORM_1890,ACC_NORM_1657,8925.69,2026-08-21T12:59:33,,,0,,,
TXN-0007718,ACC_MULE_0379,ACC_MULE_0290,191136.29,2026-08-21T13:08:11,28.632126,77.205782,2,2026-08-21T13:14:24,ATM_ICICI_004,1.53
TXN-0007719,ACC_NORM_0331,ACC_NORM_2664,2394.34,2026-08-21T13:16:50,,,0,,,
TXN-0007720,ACC_NORM_1222,ACC_NORM_0160,15308.64,2026-08-21T13:25:28,,,0,,,
TXN-0007721,ACC_NORM_2904,ACC_NORM_1532,16147.35,2026-08-21T13:34:07,,,0,,,
TXN-0007722,ACC_MULE_0169,ACC_MULE_0593,205326.0,2026-08-21T13:42:45,28.68636,77.12063,2,2026-08-21T14:08:54,ATM_ICICI_142,5.0
TXN-0007723,ACC_MULE_0397,ACC_MULE_0220,154669.23,2026-08-21T13:51:23,28.628564,77.2997,2,2026-08-21T14:13:41,ATM_UBI_150,1.58
TXN-0007724,ACC_NORM_0759,ACC_NORM_2366,11614.37,2026-08-21T14:00:02,,,0,,,
TXN-0007725,ACC_VIC_1072,ACC_MULE_0374,61614.04,2026-08-21T14:08:40,28.720815,77.129068,1,2026-08-21T14:29:06,ATM_SBI_141,6.72
TXN-0007726,ACC_NORM_1859,ACC_NORM_2058,1639.77,2026-08-21T14:17:19,,,0,,,
TXN-0007727,ACC_VIC_1098,ACC_MULE_0059,226626.22,2026-08-21T14:25:57,28.645136,77.181071,1,2026-08-21T14:37:54,ATM_UBI_016,2.92
TXN-0007728,ACC_NORM_2226,ACC_NORM_1947,5237.92,2026-08-21T14:34:35,,,0,,,
TXN-0007729,ACC_VIC_0740,ACC_MULE_0375,90604.28,2026-08-21T14:43:14,28.529185,77.224222,1,2026-08-21T15:04:58,ATM_HDFC_066,4.31
TXN-0007730,ACC_NORM_1658,ACC_NORM_1269,20255.65,2026-08-21T14:51:52,,,0,,,
TXN-0007731,ACC_NORM_2006,ACC_NORM_0910,16408.07,2026-08-21T15:00:31,,,0,,,
TXN-0007732,ACC_NORM_2866,ACC_NORM_2899,9274.93,2026-08-21T15:09:09,,,0,,,
TXN-0007733,ACC_NORM_1825,ACC_NORM_1670,10479.95,2026-08-21T15:17:47,,,0,,,
TXN-0007734,ACC_VIC_0348,ACC_MULE_0101,133471.59,2026-08-21T15:26:26,28.723092,77.12303,1,,,
TXN-0007735,ACC_VIC_0110,ACC_MULE_0012,198455.76,2026-08-21T15:35:04,28.626871,77.324184,1,2026-08-21T15:58:21,ATM_BOB_152,5.81
TXN-0007736,ACC_NORM_2628,ACC_NORM_1695,3815.73,2026-08-21T15:43:43,,,0,,,
TXN-0007737,ACC_NORM_1377,ACC_NORM_1593,17024.98,2026-08-21T15:52:21,,,0,,,
TXN-0007738,ACC_NORM_1366,ACC_NORM_0857,16726.39,2026-08-21T16:00:59,,,0,,,
TXN-0007739,ACC_VIC_0408,ACC_MULE_0299,160172.09,2026-08-21T16:09:38,28.582516,77.058304,1,2026-08-21T16:21:16,ATM_PNB_102,2.35
TXN-0007740,ACC_VIC_0497,ACC_MULE_0334,75120.44,2026-08-21T16:18:16,28.526225,77.192776,1,,,
TXN-0007741,ACC_NORM_1010,ACC_NORM_2204,18118.9,2026-08-21T16:26:55,,,0,,,
TXN-0007742,ACC_NORM_2959,ACC_NORM_2197,22263.42,2026-08-21T16:35:33,,,0,,,
TXN-0007743,ACC_NORM_1435,ACC_NORM_2579,8725.17,2026-08-21T16:44:11,,,0,,,
TXN-0007744,ACC_NORM_2547,ACC_NORM_1966,18596.05,2026-08-21T16:52:50,,,0,,,
TXN-0007745,ACC_NORM_0713,ACC_NORM_0226,2026.59,2026-08-21T17:01:28,,,0,,,
TXN-0007746,ACC_NORM_0849,ACC_NORM_1548,2852.66,2026-08-21T17:10:07,,,0,,,
TXN-0007747,ACC_VIC_1281,ACC_MULE_0279,218568.79,2026-08-21T17:18:45,28.563536,77.228945,1,2026-08-21T17:31:22,ATM_HDFC_057,1.7
TXN-0007748,ACC_MULE_0319,ACC_MULE_0303,75576.75,2026-08-21T17:27:23,28.596125,77.032914,2,2026-08-21T17:53:45,ATM_AXIS_101,2.46
TXN-0007749,ACC_NORM_2368,ACC_NORM_0133,5210.58,2026-08-21T17:36:02,,,0,,,
TXN-0007750,ACC_NORM_2470,ACC_NORM_1114,7629.3,2026-08-21T17:44:40,,,0,,,
TXN-0007751,ACC_NORM_0420,ACC_NORM_1680,21175.44,2026-08-21T17:53:19,,,0,,,
TXN-0007752,ACC_MULE_0441,ACC_MULE_0352,179776.77,2026-08-21T18:01:57,28.543881,77.135483,2,2026-08-21T18:14:50,ATM_BOB_094,7.91
TXN-0007753,ACC_NORM_0658,ACC_NORM_2168,6957.72,2026-08-21T18:10:35,,,0,,,
TXN-0007754,ACC_VIC_0560,ACC_MULE_0249,104640.91,2026-08-21T18:19:14,28.52105,77.207071,1,,,
TXN-0007755,ACC_NORM_2063,ACC_NORM_0059,7409.48,2026-08-21T18:27:52,,,0,,,
TXN-0007756,ACC_NORM_1117,ACC_NORM_1621,9892.79,2026-08-21T18:36:31,,,0,,,
TXN-0007757,ACC_NORM_2438,ACC_NORM_2475,19025.22,2026-08-21T18:45:09,,,0,,,
TXN-0007758,ACC_VIC_0550,ACC_MULE_0354,121268.09,2026-08-21T18:53:47,28.720119,77.104607,1,2026-08-21T19:10:22,ATM_ICICI_142,7.45
TXN-0007759,ACC_NORM_1270,ACC_NORM_2576,7702.97,2026-08-21T19:02:26,,,0,,,
TXN-0007760,ACC_NORM_0341,ACC_NORM_2720,16507.38,2026-08-21T19:11:04,,,0,,,
TXN-0007761,ACC_NORM_1124,ACC_NORM_2378,2234.71,2026-08-21T19:19:43,,,0,,,
TXN-0007762,ACC_VIC_0338,ACC_MULE_0096,224698.28,2026-08-21T19:28:21,28.722267,77.115058,1,2026-08-21T19:44:05,ATM_HDFC_130,7.34
TXN-0007763,ACC_NORM_1095,ACC_NORM_2989,13081.6,2026-08-21T19:36:59,,,0,,,
TXN-0007764,ACC_NORM_1996,ACC_NORM_2830,19175.52,2026-08-21T19:45:38,,,0,,,
TXN-0007765,ACC_VIC_1334,ACC_MULE_0571,124703.63,2026-08-21T19:54:16,28.573181,77.042964,1,2026-08-21T20:14:27,ATM_PNB_102,6.37
TXN-0007766,ACC_NORM_2779,ACC_NORM_0103,1769.0,2026-08-21T20:02:55,,,0,,,
TXN-0007767,ACC_NORM_1857,ACC_NORM_2263,13440.76,2026-08-21T20:11:33,,,0,,,
TXN-0007768,ACC_NORM_1108,ACC_NORM_2562,12449.67,2026-08-21T20:20:11,,,0,,,
TXN-0007769,ACC_VIC_1175,ACC_MULE_0117,231503.83,2026-08-21T20:28:50,28.519749,77.21164,1,2026-08-21T20:41:41,ATM_ICICI_087,5.64
TXN-0007770,ACC_VIC_0039,ACC_MULE_0384,108447.43,2026-08-21T20:37:28,28.665219,77.286204,1,2026-08-21T20:49:55,ATM_AXIS_169,1.69
TXN-0007771,ACC_NORM_1678,ACC_NORM_0368,21783.51,2026-08-21T20:46:07,,,0,,,
TXN-0007772,ACC_VIC_0562,ACC_MULE_0014,211018.5,2026-08-21T20:54:45,28.709534,77.133779,1,2026-08-21T21:10:45,ATM_ICICI_142,4.37
TXN-0007773,ACC_NORM_0370,ACC_NORM_2723,6331.44,2026-08-21T21:03:23,,,0,,,
TXN-0007774,ACC_NORM_1552,ACC_NORM_0733,1618.23,2026-08-21T21:12:02,,,0,,,
TXN-0007775,ACC_VIC_0266,ACC_MULE_0147,237668.03,2026-08-21T21:20:40,28.61323,77.312138,1,2026-08-21T21:34:24,ATM_UBI_150,4.65
TXN-0007776,ACC_NORM_2520,ACC_NORM_1064,14836.17,2026-08-21T21:29:19,,,0,,,
TXN-0007777,ACC_VIC_0282,ACC_MULE_0099,68585.12,2026-08-21T21:37:57,28.626976,77.312856,1,2026-08-21T21:50:56,ATM_BOB_146,3.3
TXN-0007778,ACC_NORM_1035,ACC_NORM_1047,20120.35,2026-08-21T21:46:35,,,0,,,
TXN-0007779,ACC_VIC_1410,ACC_MULE_0541,170951.88,2026-08-21T21:55:14,28.645199,77.323633,1,2026-08-21T22:14:54,ATM_UBI_150,9.44
TXN-0007780,ACC_VIC_1046,ACC_MULE_0166,189733.96,2026-08-21T22:03:52,28.693343,77.123259,1,2026-08-21T22:20:07,ATM_UBI_135,5.65
TXN-0007781,ACC_NORM_1205,ACC_NORM_2949,4514.38,2026-08-21T22:12:31,,,0,,,
TXN-0007782,ACC_NORM_0657,ACC_NORM_2950,21441.28,2026-08-21T22:21:09,,,0,,,
TXN-0007783,ACC_VIC_1355,ACC_MULE_0044,206169.35,2026-08-21T22:29:47,28.608768,77.327906,1,,,
TXN-0007784,ACC_NORM_2076,ACC_NORM_2600,1544.14,2026-08-21T22:38:26,,,0,,,
TXN-0007785,ACC_NORM_1077,ACC_NORM_2334,14673.44,2026-08-21T22:47:04,,,0,,,
TXN-0007786,ACC_NORM_2581,ACC_NORM_2432,17484.21,2026-08-21T22:55:43,,,0,,,
TXN-0007787,ACC_MULE_0182,ACC_MULE_0147,132155.57,2026-08-21T23:04:21,28.61323,77.312138,2,,,
TXN-0007788,ACC_NORM_2108,ACC_NORM_2857,11663.94,2026-08-21T23:12:59,,,0,,,
TXN-0007789,ACC_NORM_0460,ACC_NORM_2130,8129.83,2026-08-21T23:21:38,,,0,,,
TXN-0007790,ACC_VIC_0090,ACC_MULE_0462,233261.75,2026-08-21T23:30:16,28.710721,77.124013,1,2026-08-21T23:54:25,ATM_ICICI_142,2.96
TXN-0007791,ACC_NORM_0379,ACC_NORM_2935,20148.69,2026-08-21T23:38:55,,,0,,,
TXN-0007792,ACC_NORM_1123,ACC_NORM_1101,20280.11,2026-08-21T23:47:33,,,0,,,
TXN-0007793,ACC_NORM_0232,ACC_NORM_0089,16387.55,2026-08-21T23:56:11,,,0,,,
TXN-0007794,ACC_VIC_1105,ACC_MULE_0480,105678.86,2026-08-22T00:04:50,28.595802,77.063709,1,,,
TXN-0007795,ACC_NORM_1206,ACC_NORM_0951,10064.62,2026-08-22T00:13:28,,,0,,,
TXN-0007796,ACC_VIC_0634,ACC_MULE_0053,207369.39,2026-08-22T00:22:07,28.71765,77.106008,1,2026-08-22T00:49:08,ATM_SBI_141,3.71
TXN-0007797,ACC_NORM_1441,ACC_NORM_2643,10912.27,2026-08-22T00:30:45,,,0,,,
TXN-0007798,ACC_VIC_1410,ACC_MULE_0328,61105.69,2026-08-22T00:39:23,28.689404,77.299376,1,2026-08-22T00:54:06,ATM_BOB_163,3.67
TXN-0007799,ACC_VIC_0324,ACC_MULE_0321,222049.45,2026-08-22T00:48:02,28.625132,77.330194,1,2026-08-22T01:19:04,ATM_BOB_146,7.82
TXN-0007800,ACC_NORM_0422,ACC_NORM_1993,16473.43,2026-08-22T00:56:40,,,0,,,
TXN-0007801,ACC_VIC_0583,ACC_MULE_0478,54448.91,2026-08-22T01:05:19,28.620207,77.316685,1,2026-08-22T01:12:40,ATM_BOB_152,3.11
TXN-0007802,ACC_NORM_1794,ACC_NORM_1025,4977.59,2026-08-22T01:13:57,,,0,,,
TXN-0007803,ACC_NORM_0012,ACC_NORM_2954,24725.0,2026-08-22T01:22:35,,,0,,,
TXN-0007804,ACC_VIC_0434,ACC_MULE_0484,223231.6,2026-08-22T01:31:14,28.563689,77.237685,1,2026-08-22T01:41:02,ATM_PNB_052,3.23
TXN-0007805,ACC_VIC_1186,ACC_MULE_0457,205740.29,2026-08-22T01:39:52,28.722961,77.11012,1,,,
TXN-0007806,ACC_MULE_0588,ACC_MULE_0493,86319.57,2026-08-22T01:48:31,28.510856,77.194387,2,2026-08-22T02:07:52,ATM_ICICI_087,7.88
TXN-0007807,ACC_NORM_1034,ACC_NORM_0930,10687.21,2026-08-22T01:57:09,,,0,,,
TXN-0007808,ACC_MULE_0197,ACC_MULE_0485,57841.8,2026-08-22T02:05:47,28.711827,77.112972,2,2026-08-22T02:15:59,ATM_HDFC_130,4.72
TXN-0007809,ACC_VIC_0108,ACC_MULE_0097,81531.95,2026-08-22T02:14:26,28.652815,77.308392,1,2026-08-22T02:46:48,ATM_BOB_167,7.51
TXN-0007810,ACC_NORM_1406,ACC_NORM_1474,24693.58,2026-08-22T02:23:04,,,0,,,
TXN-0007811,ACC_NORM_1620,ACC_NORM_1066,18341.43,2026-08-22T02:31:43,,,0,,,
TXN-0007812,ACC_NORM_2682,ACC_NORM_2933,9516.93,2026-08-22T02:40:21,,,0,,,
TXN-0007813,ACC_NORM_0444,ACC_NORM_2448,11568.08,2026-08-22T02:48:59,,,0,,,
TXN-0007814,ACC_VIC_1037,ACC_MULE_0454,179383.2,2026-08-22T02:57:38,28.608527,77.299857,1,,,
TXN-0007815,ACC_NORM_2107,ACC_NORM_0267,9738.35,2026-08-22T03:06:16,,,0,,,
TXN-0007816,ACC_NORM_1276,ACC_NORM_0484,6820.17,2026-08-22T03:14:55,,,0,,,
TXN-0007817,ACC_VIC_1498,ACC_MULE_0428,142306.79,2026-08-22T03:23:33,28.616919,77.230895,1,2026-08-22T03:47:34,ATM_ICICI_004,7.27
TXN-0007818,ACC_NORM_1284,ACC_NORM_1818,3209.73,2026-08-22T03:32:11,,,0,,,
TXN-0007819,ACC_NORM_2026,ACC_NORM_1978,15074.35,2026-08-22T03:40:50,,,0,,,
TXN-0007820,ACC_NORM_1042,ACC_NORM_1126,9687.31,2026-08-22T03:49:28,,,0,,,
TXN-0007821,ACC_VIC_0127,ACC_MULE_0342,129611.81,2026-08-22T03:58:07,28.59598,77.066533,1,,,
TXN-0007822,ACC_NORM_0207,ACC_NORM_0347,16655.78,2026-08-22T04:06:45,,,0,,,
TXN-0007823,ACC_NORM_1365,ACC_NORM_0571,17738.57,2026-08-22T04:15:23,,,0,,,
TXN-0007824,ACC_NORM_0355,ACC_NORM_1103,14730.08,2026-08-22T04:24:02,,,0,,,
TXN-0007825,ACC_MULE_0020,ACC_MULE_0423,160958.95,2026-08-22T04:32:40,28.651031,77.188441,2,2026-08-22T04:38:40,ATM_UBI_016,1.65
TXN-0007826,ACC_NORM_1127,ACC_NORM_2962,12457.19,2026-08-22T04:41:19,,,0,,,
TXN-0007827,ACC_NORM_1243,ACC_NORM_0119,20801.07,2026-08-22T04:49:57,,,0,,,
TXN-0007828,ACC_MULE_0563,ACC_MULE_0031,93503.31,2026-08-22T04:58:35,28.620642,77.288137,2,2026-08-22T05:44:26,ATM_UBI_150,3.72
TXN-0007829,ACC_NORM_2219,ACC_NORM_0729,14649.74,2026-08-22T05:07:14,,,0,,,
TXN-0007830,ACC_VIC_0052,ACC_MULE_0537,155462.26,2026-08-22T05:15:52,28.549832,77.230026,1,,,
TXN-0007831,ACC_NORM_2233,ACC_NORM_0815,21340.89,2026-08-22T05:24:31,,,0,,,
TXN-0007832,ACC_VIC_0946,ACC_MULE_0306,244905.37,2026-08-22T05:33:09,28.687317,77.304442,1,2026-08-22T05:55:21,ATM_UBI_165,9.19
TXN-0007833,ACC_NORM_1928,ACC_NORM_0448,24200.93,2026-08-22T05:41:47,,,0,,,
TXN-0007834,ACC_NORM_2001,ACC_NORM_1985,11525.49,2026-08-22T05:50:26,,,0,,,
TXN-0007835,ACC_VIC_1468,ACC_MULE_0348,109742.55,2026-08-22T05:59:04,28.551143,77.16178,1,,,
TXN-0007836,ACC_VIC_0708,ACC_MULE_0014,127988.06,2026-08-22T06:07:43,28.709534,77.133779,1,2026-08-22T06:26:59,ATM_ICICI_142,4.37
TXN-0007837,ACC_MULE_0222,ACC_MULE_0338,155251.53,2026-08-22T06:16:21,28.660678,77.300695,2,2026-08-22T06:34:40,ATM_HDFC_170,6.7
TXN-0007838,ACC_VIC_1426,ACC_MULE_0260,147208.11,2026-08-22T06:24:59,28.537935,77.231422,1,,,
TXN-0007839,ACC_NORM_1414,ACC_NORM_2289,15100.32,2026-08-22T06:33:38,,,0,,,
TXN-0007840,ACC_NORM_1762,ACC_NORM_2957,11218.43,2026-08-22T06:42:16,,,0,,,
TXN-0007841,ACC_NORM_2773,ACC_NORM_0762,893.19,2026-08-22T06:50:55,,,0,,,
TXN-0007842,ACC_VIC_1131,ACC_MULE_0192,199304.14,2026-08-22T06:59:33,28.532698,77.251487,1,,,
TXN-0007843,ACC_NORM_0029,ACC_NORM_2320,20375.71,2026-08-22T07:08:11,,,0,,,
TXN-0007844,ACC_VIC_0397,ACC_MULE_0256,128803.9,2026-08-22T07:16:50,28.658249,77.173416,1,2026-08-22T07:33:30,ATM_UBI_016,6.3
TXN-0007845,ACC_NORM_2828,ACC_NORM_0294,17895.65,2026-08-22T07:25:28,,,0,,,
TXN-0007846,ACC_NORM_1140,ACC_NORM_1836,674.29,2026-08-22T07:34:07,,,0,,,
TXN-0007847,ACC_MULE_0132,ACC_MULE_0052,228719.19,2026-08-22T07:42:45,28.702431,77.095115,2,,,
TXN-0007848,ACC_VIC_1129,ACC_MULE_0348,143022.75,2026-08-22T07:51:23,28.551143,77.16178,1,2026-08-22T08:14:11,ATM_BOB_094,10.59
TXN-0007849,ACC_NORM_2804,ACC_NORM_2674,17402.13,2026-08-22T08:00:02,,,0,,,
TXN-0007850,ACC_VIC_0472,ACC_MULE_0234,50066.5,2026-08-22T08:08:40,28.535512,77.216346,1,,,
TXN-0007851,ACC_NORM_1466,ACC_NORM_2794,12726.47,2026-08-22T08:17:19,,,0,,,
TXN-0007852,ACC_VIC_0228,ACC_MULE_0039,212953.45,2026-08-22T08:25:57,28.532661,77.239363,1,2026-08-22T08:41:33,ATM_ICICI_068,2.76
TXN-0007853,ACC_NORM_0792,ACC_NORM_1959,4123.24,2026-08-22T08:34:35,,,0,,,
TXN-0007854,ACC_NORM_0691,ACC_NORM_2088,1597.46,2026-08-22T08:43:14,,,0,,,
TXN-0007855,ACC_MULE_0564,ACC_MULE_0218,225201.72,2026-08-22T08:51:52,28.514165,77.219838,2,,,
TXN-0007856,ACC_NORM_0612,ACC_NORM_0101,8358.18,2026-08-22T09:00:31,,,0,,,
TXN-0007857,ACC_VIC_0328,ACC_MULE_0259,175370.85,2026-08-22T09:09:09,28.629945,77.334516,1,2026-08-22T09:35:50,ATM_UBI_150,9.72
TXN-0007858,ACC_VIC_0824,ACC_MULE_0232,202797.64,2026-08-22T09:17:47,28.700281,77.118178,1,2026-08-22T09:29:57,ATM_HDFC_130,1.68
TXN-0007859,ACC_NORM_1334,ACC_NORM_0488,24656.31,2026-08-22T09:26:26,,,0,,,
TXN-0007860,ACC_VIC_0258,ACC_MULE_0575,55293.28,2026-08-22T09:35:04,28.621209,77.302376,1,2026-08-22T09:42:47,ATM_UBI_150,0.93
TXN-0007861,ACC_NORM_2071,ACC_NORM_2673,18247.17,2026-08-22T09:43:43,,,0,,,
TXN-0007862,ACC_NORM_1694,ACC_NORM_2448,7280.39,2026-08-22T09:52:21,,,0,,,
TXN-0007863,ACC_NORM_0531,ACC_NORM_1570,11554.35,2026-08-22T10:00:59,,,0,,,
TXN-0007864,ACC_NORM_0353,ACC_NORM_2016,20572.32,2026-08-22T10:09:38,,,0,,,
TXN-0007865,ACC_NORM_0956,ACC_NORM_2948,21659.66,2026-08-22T10:18:16,,,0,,,
TXN-0007866,ACC_NORM_2124,ACC_NORM_1986,17813.55,2026-08-22T10:26:55,,,0,,,
TXN-0007867,ACC_NORM_2221,ACC_NORM_1788,19221.32,2026-08-22T10:35:33,,,0,,,
TXN-0007868,ACC_VIC_0980,ACC_MULE_0319,219925.31,2026-08-22T10:44:11,28.642361,77.191435,1,2026-08-22T11:06:16,ATM_SBI_011,4.12
TXN-0007869,ACC_NORM_1673,ACC_NORM_2823,16493.34,2026-08-22T10:52:50,,,0,,,
TXN-0007870,ACC_NORM_0342,ACC_NORM_2054,22035.98,2026-08-22T11:01:28,,,0,,,
TXN-0007871,ACC_NORM_2577,ACC_NORM_2427,3151.38,2026-08-22T11:10:07,,,0,,,
TXN-0007872,ACC_VIC_1117,ACC_MULE_0453,188952.21,2026-08-22T11:18:45,28.581104,77.069827,1,,,
TXN-0007873,ACC_NORM_1689,ACC_NORM_2084,16375.91,2026-08-22T11:27:23,,,0,,,
TXN-0007874,ACC_NORM_2505,ACC_NORM_2289,16751.59,2026-08-22T11:36:02,,,0,,,
TXN-0007875,ACC_VIC_1254,ACC_MULE_0503,232572.84,2026-08-22T11:44:40,28.722124,77.142255,1,,,
TXN-0007876,ACC_NORM_1399,ACC_NORM_2517,6684.03,2026-08-22T11:53:19,,,0,,,
TXN-0007877,ACC_NORM_0599,ACC_NORM_1523,7040.94,2026-08-22T12:01:57,,,0,,,
TXN-0007878,ACC_NORM_1466,ACC_NORM_0302,12225.13,2026-08-22T12:10:35,,,0,,,
TXN-0007879,ACC_NORM_2816,ACC_NORM_2152,24487.15,2026-08-22T12:19:14,,,0,,,
TXN-0007880,ACC_NORM_2439,ACC_NORM_0994,1201.54,2026-08-22T12:27:52,,,0,,,
TXN-0007881,ACC_NORM_0862,ACC_NORM_2015,14346.23,2026-08-22T12:36:31,,,0,,,
TXN-0007882,ACC_NORM_1757,ACC_NORM_2092,10014.05,2026-08-22T12:45:09,,,0,,,
TXN-0007883,ACC_NORM_2419,ACC_NORM_2721,5237.0,2026-08-22T12:53:47,,,0,,,
TXN-0007884,ACC_NORM_1974,ACC_NORM_2723,12102.05,2026-08-22T13:02:26,,,0,,,
TXN-0007885,ACC_NORM_1934,ACC_NORM_1942,14610.68,2026-08-22T13:11:04,,,0,,,
TXN-0007886,ACC_VIC_1397,ACC_MULE_0440,55808.36,2026-08-22T13:19:43,28.689197,77.28974,1,2026-08-22T13:45:09,ATM_BOB_163,2.69
TXN-0007887,ACC_VIC_0391,ACC_MULE_0100,243487.4,2026-08-22T13:28:21,28.652871,77.232094,1,2026-08-22T13:57:07,ATM_ICICI_004,10.43
TXN-0007888,ACC_NORM_0890,ACC_NORM_1998,12795.19,2026-08-22T13:36:59,,,0,,,
TXN-0007889,ACC_NORM_0725,ACC_NORM_0183,15370.34,2026-08-22T13:45:38,,,0,,,
TXN-0007890,ACC_NORM_0034,ACC_NORM_1094,2524.26,2026-08-22T13:54:16,,,0,,,
TXN-0007891,ACC_NORM_0302,ACC_NORM_1868,6567.56,2026-08-22T14:02:55,,,0,,,
TXN-0007892,ACC_NORM_2776,ACC_NORM_2206,6296.64,2026-08-22T14:11:33,,,0,,,
TXN-0007893,ACC_MULE_0468,ACC_MULE_0208,193382.94,2026-08-22T14:20:11,28.615026,77.33018,2,2026-08-22T14:40:15,ATM_UBI_150,8.75
TXN-0007894,ACC_VIC_0941,ACC_MULE_0161,228619.45,2026-08-22T14:28:50,28.726696,77.148605,1,2026-08-22T15:00:03,ATM_ICICI_142,11.16
TXN-0007895,ACC_NORM_0852,ACC_NORM_1848,1137.13,2026-08-22T14:37:28,,,0,,,
TXN-0007896,ACC_VIC_0571,ACC_MULE_0255,187326.13,2026-08-22T14:46:07,28.687329,77.274353,1,2026-08-22T15:14:02,ATM_BOB_163,5.07
TXN-0007897,ACC_MULE_0508,ACC_MULE_0266,196746.97,2026-08-22T14:54:45,28.637716,77.177033,2,2026-08-22T15:32:39,ATM_BOB_012,6.42
TXN-0007898,ACC_NORM_2467,ACC_NORM_2388,12910.25,2026-08-22T15:03:23,,,0,,,
TXN-0007899,ACC_NORM_0071,ACC_NORM_0497,5593.93,2026-08-22T15:12:02,,,0,,,
TXN-0007900,ACC_VIC_0965,ACC_MULE_0443,172180.21,2026-08-22T15:20:40,28.68019,77.297611,1,2026-08-22T15:32:38,ATM_BOB_163,1.95
TXN-0007901,ACC_NORM_2309,ACC_NORM_0990,3196.53,2026-08-22T15:29:19,,,0,,,
TXN-0007902,ACC_NORM_0104,ACC_NORM_2224,13773.5,2026-08-22T15:37:57,,,0,,,
TXN-0007903,ACC_VIC_1386,ACC_MULE_0222,187343.88,2026-08-22T15:46:35,28.539127,77.200688,1,2026-08-22T15:56:56,ATM_HDFC_086,2.98
TXN-0007904,ACC_VIC_1080,ACC_MULE_0548,119917.87,2026-08-22T15:55:14,28.536449,77.203918,1,2026-08-22T16:04:13,ATM_ICICI_087,0.99
TXN-0007905,ACC_NORM_1081,ACC_NORM_0594,10629.9,2026-08-22T16:03:52,,,0,,,
TXN-0007906,ACC_VIC_0049,ACC_MULE_0575,85957.67,2026-08-22T16:12:31,28.621209,77.302376,1,2026-08-22T16:32:22,ATM_UBI_150,0.93
TXN-0007907,ACC_NORM_0855,ACC_NORM_0425,11313.58,2026-08-22T16:21:09,,,0,,,
TXN-0007908,ACC_NORM_1180,ACC_NORM_2182,16051.9,2026-08-22T16:29:47,,,0,,,
TXN-0007909,ACC_NORM_1151,ACC_NORM_0929,1062.44,2026-08-22T16:38:26,,,0,,,
TXN-0007910,ACC_NORM_0057,ACC_NORM_2454,17485.24,2026-08-22T16:47:04,,,0,,,
TXN-0007911,ACC_NORM_1805,ACC_NORM_1986,4479.32,2026-08-22T16:55:43,,,0,,,
TXN-0007912,ACC_NORM_2055,ACC_NORM_2027,18688.33,2026-08-22T17:04:21,,,0,,,
TXN-0007913,ACC_NORM_1896,ACC_NORM_0080,1764.67,2026-08-22T17:12:59,,,0,,,
TXN-0007914,ACC_NORM_1067,ACC_NORM_2384,20488.08,2026-08-22T17:21:38,,,0,,,
TXN-0007915,ACC_NORM_2810,ACC_NORM_0637,9269.94,2026-08-22T17:30:16,,,0,,,
TXN-0007916,ACC_NORM_2378,ACC_NORM_2195,23050.54,2026-08-22T17:38:55,,,0,,,
TXN-0007917,ACC_NORM_2445,ACC_NORM_1109,5971.93,2026-08-22T17:47:33,,,0,,,
TXN-0007918,ACC_VIC_1478,ACC_MULE_0138,209719.57,2026-08-22T17:56:11,28.548841,77.227947,1,2026-08-22T18:12:24,ATM_PNB_062,6.01
TXN-0007919,ACC_VIC_0191,ACC_MULE_0272,147836.18,2026-08-22T18:04:50,28.527983,77.255174,1,2026-08-22T18:21:52,ATM_ICICI_068,4.36
TXN-0007920,ACC_NORM_2654,ACC_NORM_2046,19499.94,2026-08-22T18:13:28,,,0,,,
TXN-0007921,ACC_VIC_1200,ACC_MULE_0468,85456.18,2026-08-22T18:22:07,28.716727,77.128868,1,2026-08-22T18:38:13,ATM_ICICI_142,5.26
TXN-0007922,ACC_MULE_0505,ACC_MULE_0480,223113.25,2026-08-22T18:30:45,28.595802,77.063709,2,2026-08-22T18:42:21,ATM_PNB_102,3.02
TXN-0007923,ACC_NORM_2334,ACC_NORM_1072,1022.45,2026-08-22T18:39:23,,,0,,,
TXN-0007924,ACC_NORM_1678,ACC_NORM_0506,11656.55,2026-08-22T18:48:02,,,0,,,
TXN-0007925,ACC_NORM_1336,ACC_NORM_0374,3786.15,2026-08-22T18:56:40,,,0,,,
TXN-0007926,ACC_NORM_0085,ACC_NORM_0337,9244.86,2026-08-22T19:05:19,,,0,,,
TXN-0007927,ACC_VIC_0731,ACC_MULE_0092,175087.96,2026-08-22T19:13:57,28.582136,77.232581,1,2026-08-22T19:29:26,ATM_KOTAK_053,5.22
TXN-0007928,ACC_NORM_2783,ACC_NORM_1312,10874.04,2026-08-22T19:22:35,,,0,,,
TXN-0007929,ACC_NORM_0395,ACC_NORM_1533,3735.05,2026-08-22T19:31:14,,,0,,,
TXN-0007930,ACC_NORM_0933,ACC_NORM_2941,19006.98,2026-08-22T19:39:52,,,0,,,
TXN-0007931,ACC_NORM_0075,ACC_NORM_2934,2207.96,2026-08-22T19:48:31,,,0,,,
TXN-0007932,ACC_NORM_1396,ACC_NORM_0949,643.88,2026-08-22T19:57:09,,,0,,,
TXN-0007933,ACC_NORM_2163,ACC_NORM_2964,3623.97,2026-08-22T20:05:47,,,0,,,
TXN-0007934,ACC_NORM_0164,ACC_NORM_1424,7629.31,2026-08-22T20:14:26,,,0,,,
TXN-0007935,ACC_NORM_2544,ACC_NORM_0123,698.63,2026-08-22T20:23:04,,,0,,,
TXN-0007936,ACC_NORM_0041,ACC_NORM_0162,17940.47,2026-08-22T20:31:43,,,0,,,
TXN-0007937,ACC_NORM_2707,ACC_NORM_1065,1897.92,2026-08-22T20:40:21,,,0,,,
TXN-0007938,ACC_NORM_0851,ACC_NORM_0056,21819.32,2026-08-22T20:48:59,,,0,,,
TXN-0007939,ACC_NORM_2752,ACC_NORM_2040,17871.23,2026-08-22T20:57:38,,,0,,,
TXN-0007940,ACC_NORM_0671,ACC_NORM_0276,7462.05,2026-08-22T21:06:16,,,0,,,
TXN-0007941,ACC_NORM_1080,ACC_NORM_2662,10360.57,2026-08-22T21:14:55,,,0,,,
TXN-0007942,ACC_VIC_0301,ACC_MULE_0054,206353.98,2026-08-22T21:23:33,28.664781,77.206332,1,2026-08-22T21:33:40,ATM_HDFC_035,2.98
TXN-0007943,ACC_MULE_0270,ACC_MULE_0509,85562.59,2026-08-22T21:32:11,28.567136,77.252322,2,2026-08-22T21:49:35,ATM_PNB_052,1.05
TXN-0007944,ACC_VIC_0455,ACC_MULE_0476,215305.84,2026-08-22T21:40:50,28.639323,77.307183,1,2026-08-22T21:58:15,ATM_UBI_150,5.32
TXN-0007945,ACC_NORM_0215,ACC_NORM_0782,22820.8,2026-08-22T21:49:28,,,0,,,
TXN-0007946,ACC_VIC_1053,ACC_MULE_0147,224833.88,2026-08-22T21:58:07,28.61323,77.312138,1,,,
TXN-0007947,ACC_VIC_0245,ACC_MULE_0025,154123.78,2026-08-22T22:06:45,28.642855,77.225146,1,2026-08-22T22:24:09,ATM_HDFC_007,2.57
TXN-0007948,ACC_NORM_1768,ACC_NORM_2052,2141.45,2026-08-22T22:15:23,,,0,,,
TXN-0007949,ACC_VIC_0133,ACC_MULE_0341,113586.33,2026-08-22T22:24:02,28.613924,77.221086,1,2026-08-22T22:58:51,ATM_HDFC_007,6.82
TXN-0007950,ACC_NORM_2430,ACC_NORM_0471,18477.32,2026-08-22T22:32:40,,,0,,,
TXN-0007951,ACC_NORM_1029,ACC_NORM_0195,5512.21,2026-08-22T22:41:19,,,0,,,
TXN-0007952,ACC_NORM_0204,ACC_NORM_2271,2634.13,2026-08-22T22:49:57,,,0,,,
TXN-0007953,ACC_NORM_0817,ACC_NORM_0664,17428.35,2026-08-22T22:58:35,,,0,,,
TXN-0007954,ACC_MULE_0493,ACC_MULE_0148,150166.72,2026-08-22T23:07:14,28.628464,77.3112,2,2026-08-22T23:24:07,ATM_BOB_146,3.2
TXN-0007955,ACC_VIC_0923,ACC_MULE_0525,129639.53,2026-08-22T23:15:52,28.707854,77.11485,1,,,
TXN-0007956,ACC_NORM_0922,ACC_NORM_0786,2644.11,2026-08-22T23:24:31,,,0,,,
TXN-0007957,ACC_NORM_2638,ACC_NORM_1237,23054.11,2026-08-22T23:33:09,,,0,,,
TXN-0007958,ACC_NORM_0224,ACC_NORM_2814,8139.35,2026-08-22T23:41:47,,,0,,,
TXN-0007959,ACC_NORM_1651,ACC_NORM_1350,944.94,2026-08-22T23:50:26,,,0,,,
TXN-0007960,ACC_NORM_2100,ACC_NORM_0807,683.03,2026-08-22T23:59:04,,,0,,,
TXN-0007961,ACC_NORM_0391,ACC_NORM_0773,17193.23,2026-08-23T00:07:43,,,0,,,
TXN-0007962,ACC_VIC_1418,ACC_MULE_0067,58810.19,2026-08-23T00:16:21,28.617482,77.293913,1,2026-08-23T00:29:46,ATM_UBI_150,2.81
TXN-0007963,ACC_MULE_0046,ACC_MULE_0358,117079.89,2026-08-23T00:24:59,28.570589,77.05818,2,2026-08-23T00:41:08,ATM_PNB_102,6.11
TXN-0007964,ACC_MULE_0124,ACC_MULE_0128,127031.82,2026-08-23T00:33:38,28.611213,77.326477,2,,,
TXN-0007965,ACC_NORM_1498,ACC_NORM_1176,4314.36,2026-08-23T00:42:16,,,0,,,
TXN-0007966,ACC_NORM_0880,ACC_NORM_2494,12988.0,2026-08-23T00:50:55,,,0,,,
TXN-0007967,ACC_NORM_2032,ACC_NORM_0746,12303.94,2026-08-23T00:59:33,,,0,,,
TXN-0007968,ACC_NORM_0964,ACC_NORM_1792,21354.88,2026-08-23T01:08:11,,,0,,,
TXN-0007969,ACC_NORM_1901,ACC_NORM_0815,24015.69,2026-08-23T01:16:50,,,0,,,
TXN-0007970,ACC_NORM_1207,ACC_NORM_0665,15752.44,2026-08-23T01:25:28,,,0,,,
TXN-0007971,ACC_MULE_0510,ACC_MULE_0264,248421.28,2026-08-23T01:34:07,28.558829,77.239068,2,2026-08-23T01:50:40,ATM_PNB_052,3.62
TXN-0007972,ACC_NORM_1900,ACC_NORM_1922,7069.14,2026-08-23T01:42:45,,,0,,,
TXN-0007973,ACC_NORM_1407,ACC_NORM_1024,3162.86,2026-08-23T01:51:23,,,0,,,
TXN-0007974,ACC_NORM_1304,ACC_NORM_0234,11170.87,2026-08-23T02:00:02,,,0,,,
TXN-0007975,ACC_NORM_0308,ACC_NORM_0901,10255.5,2026-08-23T02:08:40,,,0,,,
TXN-0007976,ACC_NORM_0331,ACC_NORM_0539,23223.8,2026-08-23T02:17:19,,,0,,,
TXN-0007977,ACC_NORM_2247,ACC_NORM_2261,19277.1,2026-08-23T02:25:57,,,0,,,
TXN-0007978,ACC_MULE_0030,ACC_MULE_0352,53961.57,2026-08-23T02:34:35,28.543881,77.135483,2,2026-08-23T02:55:07,ATM_UBI_095,9.33
TXN-0007979,ACC_MULE_0499,ACC_MULE_0078,71941.85,2026-08-23T02:43:14,28.665132,77.292064,2,2026-08-23T02:55:21,ATM_HDFC_170,4.27
TXN-0007980,ACC_MULE_0280,ACC_MULE_0379,136972.25,2026-08-23T02:51:52,28.688001,77.103054,2,2026-08-23T03:03:51,ATM_ICICI_142,6.75
TXN-0007981,ACC_MULE_0285,ACC_MULE_0087,169302.63,2026-08-23T03:00:31,28.663976,77.284863,2,2026-08-23T03:10:35,ATM_HDFC_170,4.42
TXN-0007982,ACC_NORM_2464,ACC_NORM_1101,14892.49,2026-08-23T03:09:09,,,0,,,
TXN-0007983,ACC_VIC_1066,ACC_MULE_0317,136188.67,2026-08-23T03:17:47,28.67538,77.285525,1,,,
TXN-0007984,ACC_NORM_1210,ACC_NORM_0434,20617.92,2026-08-23T03:26:26,,,0,,,
TXN-0007985,ACC_VIC_0046,ACC_MULE_0597,107239.32,2026-08-23T03:35:04,28.546026,77.223609,1,2026-08-23T03:44:11,ATM_PNB_064,1.53
TXN-0007986,ACC_VIC_0277,ACC_MULE_0493,181243.08,2026-08-23T03:43:43,28.510856,77.194387,1,2026-08-23T04:06:49,ATM_ICICI_087,7.88
TXN-0007987,ACC_NORM_1653,ACC_NORM_0159,6846.9,2026-08-23T03:52:21,,,0,,,
TXN-0007988,ACC_VIC_0324,ACC_MULE_0581,231714.46,2026-08-23T04:00:59,28.664761,77.281279,1,2026-08-23T04:12:53,ATM_HDFC_170,4.42
TXN-0007989,ACC_NORM_0145,ACC_NORM_2129,1387.84,2026-08-23T04:09:38,,,0,,,
TXN-0007990,ACC_NORM_0724,ACC_NORM_1924,20906.89,2026-08-23T04:18:16,,,0,,,
TXN-0007991,ACC_NORM_1689,ACC_NORM_0803,11205.34,2026-08-23T04:26:55,,,0,,,
TXN-0007992,ACC_NORM_0880,ACC_NORM_2890,8965.5,2026-08-23T04:35:33,,,0,,,
TXN-0007993,ACC_NORM_0155,ACC_NORM_1009,21140.29,2026-08-23T04:44:11,,,0,,,
TXN-0007994,ACC_NORM_1765,ACC_NORM_1291,17787.29,2026-08-23T04:52:50,,,0,,,
TXN-0007995,ACC_NORM_1987,ACC_NORM_0204,4474.93,2026-08-23T05:01:28,,,0,,,
TXN-0007996,ACC_NORM_0667,ACC_NORM_2837,2674.74,2026-08-23T05:10:07,,,0,,,
TXN-0007997,ACC_MULE_0345,ACC_MULE_0214,231380.2,2026-08-23T05:18:45,28.708835,77.129734,2,2026-08-23T05:30:54,ATM_ICICI_142,3.33
TXN-0007998,ACC_NORM_1502,ACC_NORM_1860,10443.46,2026-08-23T05:27:23,,,0,,,
TXN-0007999,ACC_VIC_0154,ACC_MULE_0325,162489.93,2026-08-23T05:36:02,28.640025,77.300016,1,2026-08-23T05:59:27,ATM_UBI_150,5.24
TXN-0008000,ACC_NORM_0784,ACC_NORM_2561,15515.37,2026-08-23T05:44:40,,,0,,,
TXN-0008001,ACC_NORM_1742,ACC_NORM_1638,13583.31,2026-08-23T05:53:19,,,0,,,
TXN-0008002,ACC_NORM_1364,ACC_NORM_2082,4279.04,2026-08-23T06:01:57,,,0,,,
TXN-0008003,ACC_NORM_2736,ACC_NORM_0220,15494.05,2026-08-23T06:10:35,,,0,,,
TXN-0008004,ACC_NORM_2372,ACC_NORM_2712,15894.18,2026-08-23T06:19:14,,,0,,,
TXN-0008005,ACC_MULE_0568,ACC_MULE_0313,99697.78,2026-08-23T06:27:52,28.611215,77.289128,2,2026-08-23T06:37:40,ATM_BOB_146,5.15
TXN-0008006,ACC_NORM_1202,ACC_NORM_0901,11523.54,2026-08-23T06:36:31,,,0,,,
TXN-0008007,ACC_NORM_2012,ACC_NORM_0527,8806.38,2026-08-23T06:45:09,,,0,,,
TXN-0008008,ACC_NORM_2351,ACC_NORM_1960,900.11,2026-08-23T06:53:47,,,0,,,
TXN-0008009,ACC_NORM_1342,ACC_NORM_1181,9848.72,2026-08-23T07:02:26,,,0,,,
TXN-0008010,ACC_VIC_1131,ACC_MULE_0083,209169.77,2026-08-23T07:11:04,28.527368,77.242008,1,2026-08-23T07:41:38,ATM_ICICI_087,11.8
TXN-0008011,ACC_NORM_1665,ACC_NORM_2809,21454.54,2026-08-23T07:19:43,,,0,,,
TXN-0008012,ACC_NORM_2207,ACC_NORM_2875,19853.57,2026-08-23T07:28:21,,,0,,,
TXN-0008013,ACC_NORM_1278,ACC_NORM_0493,9762.89,2026-08-23T07:36:59,,,0,,,
TXN-0008014,ACC_VIC_0976,ACC_MULE_0590,121430.66,2026-08-23T07:45:38,28.673592,77.292828,1,,,
TXN-0008015,ACC_NORM_1153,ACC_NORM_1577,21690.95,2026-08-23T07:54:16,,,0,,,
TXN-0008016,ACC_VIC_0551,ACC_MULE_0288,154385.9,2026-08-23T08:02:55,28.548084,77.258085,1,2026-08-23T08:37:28,ATM_PNB_065,3.81
TXN-0008017,ACC_NORM_0094,ACC_NORM_2277,18334.52,2026-08-23T08:11:33,,,0,,,
TXN-0008018,ACC_NORM_0128,ACC_NORM_2832,17738.16,2026-08-23T08:20:11,,,0,,,
TXN-0008019,ACC_NORM_1040,ACC_NORM_0020,2792.31,2026-08-23T08:28:50,,,0,,,
TXN-0008020,ACC_NORM_2666,ACC_NORM_1973,24451.94,2026-08-23T08:37:28,,,0,,,
TXN-0008021,ACC_NORM_2611,ACC_NORM_1223,1414.25,2026-08-23T08:46:07,,,0,,,
TXN-0008022,ACC_NORM_1424,ACC_NORM_0258,11350.98,2026-08-23T08:54:45,,,0,,,
TXN-0008023,ACC_NORM_0464,ACC_NORM_0143,14593.61,2026-08-23T09:03:23,,,0,,,
TXN-0008024,ACC_NORM_0370,ACC_NORM_1504,11484.81,2026-08-23T09:12:02,,,0,,,
TXN-0008025,ACC_NORM_1596,ACC_NORM_1100,3121.42,2026-08-23T09:20:40,,,0,,,
TXN-0008026,ACC_NORM_2167,ACC_NORM_1489,15663.21,2026-08-23T09:29:19,,,0,,,
TXN-0008027,ACC_MULE_0162,ACC_MULE_0255,188081.5,2026-08-23T09:37:57,28.687329,77.274353,2,2026-08-23T09:53:07,ATM_BOB_163,5.07
TXN-0008028,ACC_NORM_1940,ACC_NORM_2726,7771.01,2026-08-23T09:46:35,,,0,,,
TXN-0008029,ACC_VIC_0376,ACC_MULE_0054,215602.87,2026-08-23T09:55:14,28.664781,77.206332,1,2026-08-23T10:14:55,ATM_HDFC_035,2.98
TXN-0008030,ACC_VIC_0538,ACC_MULE_0208,225812.11,2026-08-23T10:03:52,28.615026,77.33018,1,,,
TXN-0008031,ACC_NORM_2104,ACC_NORM_1987,7902.01,2026-08-23T10:12:31,,,0,,,
TXN-0008032,ACC_NORM_0387,ACC_NORM_1940,11581.13,2026-08-23T10:21:09,,,0,,,
TXN-0008033,ACC_VIC_0875,ACC_MULE_0205,62774.6,2026-08-23T10:29:47,28.601069,77.335143,1,2026-08-23T10:50:21,ATM_PNB_180,10.08
TXN-0008034,ACC_NORM_1811,ACC_NORM_2191,23888.44,2026-08-23T10:38:26,,,0,,,
TXN-0008035,ACC_NORM_1476,ACC_NORM_0549,1886.29,2026-08-23T10:47:04,,,0,,,
TXN-0008036,ACC_NORM_1195,ACC_NORM_0336,5635.64,2026-08-23T10:55:43,,,0,,,
TXN-0008037,ACC_NORM_1235,ACC_NORM_2146,15327.33,2026-08-23T11:04:21,,,0,,,
TXN-0008038,ACC_VIC_0375,ACC_MULE_0466,139249.31,2026-08-23T11:12:59,28.642823,77.208144,1,2026-08-23T11:35:34,ATM_UBI_016,4.91
TXN-0008039,ACC_VIC_0215,ACC_MULE_0162,143033.06,2026-08-23T11:21:38,28.684367,77.28354,1,2026-08-23T11:34:37,ATM_HDFC_170,2.37
TXN-0008040,ACC_NORM_0929,ACC_NORM_2292,21227.95,2026-08-23T11:30:16,,,0,,,
TXN-0008041,ACC_VIC_0300,ACC_MULE_0134,215977.01,2026-08-23T11:38:55,28.571381,77.042904,1,2026-08-23T12:08:51,ATM_PNB_102,6.86
TXN-0008042,ACC_NORM_2139,ACC_NORM_1849,16355.73,2026-08-23T11:47:33,,,0,,,
TXN-0008043,ACC_NORM_1456,ACC_NORM_0150,19915.15,2026-08-23T11:56:11,,,0,,,
TXN-0008044,ACC_NORM_2251,ACC_NORM_0208,15266.2,2026-08-23T12:04:50,,,0,,,
TXN-0008045,ACC_NORM_1708,ACC_NORM_2674,10972.77,2026-08-23T12:13:28,,,0,,,
TXN-0008046,ACC_NORM_0222,ACC_NORM_1903,9889.7,2026-08-23T12:22:07,,,0,,,
TXN-0008047,ACC_NORM_1265,ACC_NORM_0556,18612.73,2026-08-23T12:30:45,,,0,,,
TXN-0008048,ACC_VIC_0615,ACC_MULE_0338,71892.77,2026-08-23T12:39:23,28.660678,77.300695,1,,,
TXN-0008049,ACC_NORM_2230,ACC_NORM_0133,12831.63,2026-08-23T12:48:02,,,0,,,
TXN-0008050,ACC_NORM_1492,ACC_NORM_0025,16492.92,2026-08-23T12:56:40,,,0,,,
TXN-0008051,ACC_NORM_0504,ACC_NORM_0715,16796.66,2026-08-23T13:05:19,,,0,,,
TXN-0008052,ACC_NORM_1799,ACC_NORM_1858,18513.13,2026-08-23T13:13:57,,,0,,,
TXN-0008053,ACC_VIC_0947,ACC_MULE_0182,69188.7,2026-08-23T13:22:35,28.66639,77.203843,1,2026-08-23T13:35:08,ATM_HDFC_035,3.32
TXN-0008054,ACC_NORM_2595,ACC_NORM_1703,5094.05,2026-08-23T13:31:14,,,0,,,
TXN-0008055,ACC_NORM_0822,ACC_NORM_0231,23872.38,2026-08-23T13:39:52,,,0,,,
TXN-0008056,ACC_NORM_1335,ACC_NORM_1285,22959.9,2026-08-23T13:48:31,,,0,,,
TXN-0008057,ACC_NORM_2499,ACC_NORM_2529,6638.44,2026-08-23T13:57:09,,,0,,,
TXN-0008058,ACC_NORM_0776,ACC_NORM_1259,8413.39,2026-08-23T14:05:47,,,0,,,
TXN-0008059,ACC_NORM_0171,ACC_NORM_2180,3752.87,2026-08-23T14:14:26,,,0,,,
TXN-0008060,ACC_MULE_0519,ACC_MULE_0036,216124.89,2026-08-23T14:23:04,28.610238,77.303453,2,,,
TXN-0008061,ACC_VIC_1076,ACC_MULE_0413,101849.39,2026-08-23T14:31:43,28.624014,77.300456,1,2026-08-23T14:45:52,ATM_UBI_150,0.14
TXN-0008062,ACC_MULE_0264,ACC_MULE_0534,158362.65,2026-08-23T14:40:21,28.563443,77.25562,2,2026-08-23T15:11:17,ATM_PNB_052,2.14
TXN-0008063,ACC_MULE_0219,ACC_MULE_0439,110228.16,2026-08-23T14:48:59,28.547624,77.151443,2,2026-08-23T15:14:17,ATM_BOB_094,8.63
TXN-0008064,ACC_NORM_0440,ACC_NORM_2876,20241.2,2026-08-23T14:57:38,,,0,,,
TXN-0008065,ACC_VIC_1060,ACC_MULE_0488,167047.97,2026-08-23T15:06:16,28.598523,77.049541,1,2026-08-23T15:21:41,ATM_PNB_102,3.41
TXN-0008066,ACC_VIC_0287,ACC_MULE_0083,54780.13,2026-08-23T15:14:55,28.527368,77.242008,1,2026-08-23T15:22:34,ATM_HDFC_066,1.68
TXN-0008067,ACC_NORM_1989,ACC_NORM_1052,16355.36,2026-08-23T15:23:33,,,0,,,
TXN-0008068,ACC_NORM_2370,ACC_NORM_2438,17997.54,2026-08-23T15:32:11,,,0,,,
TXN-0008069,ACC_VIC_0646,ACC_MULE_0550,198709.39,2026-08-23T15:40:50,28.545421,77.194688,1,2026-08-23T15:53:02,ATM_ICICI_087,3.91
TXN-0008070,ACC_NORM_0054,ACC_NORM_0028,11050.97,2026-08-23T15:49:28,,,0,,,
TXN-0008071,ACC_NORM_2709,ACC_NORM_1538,6143.7,2026-08-23T15:58:07,,,0,,,
TXN-0008072,ACC_NORM_2202,ACC_NORM_0576,9529.36,2026-08-23T16:06:45,,,0,,,
TXN-0008073,ACC_NORM_0635,ACC_NORM_0984,9174.63,2026-08-23T16:15:23,,,0,,,
TXN-0008074,ACC_NORM_0328,ACC_NORM_2202,8684.5,2026-08-23T16:24:02,,,0,,,
TXN-0008075,ACC_NORM_2514,ACC_NORM_1537,23676.05,2026-08-23T16:32:40,,,0,,,
TXN-0008076,ACC_NORM_1054,ACC_NORM_2575,4681.04,2026-08-23T16:41:19,,,0,,,
TXN-0008077,ACC_NORM_2518,ACC_NORM_1731,1136.51,2026-08-23T16:49:57,,,0,,,
TXN-0008078,ACC_NORM_0531,ACC_NORM_1771,17373.17,2026-08-23T16:58:35,,,0,,,
TXN-0008079,ACC_VIC_0652,ACC_MULE_0462,66727.83,2026-08-23T17:07:14,28.710721,77.124013,1,2026-08-23T17:35:11,ATM_ICICI_142,2.96
TXN-0008080,ACC_VIC_0036,ACC_MULE_0092,211988.95,2026-08-23T17:15:52,28.582136,77.232581,1,,,
TXN-0008081,ACC_NORM_1641,ACC_NORM_1682,12498.28,2026-08-23T17:24:31,,,0,,,
TXN-0008082,ACC_MULE_0026,ACC_MULE_0207,134634.62,2026-08-23T17:33:09,28.61187,77.290621,2,2026-08-23T17:45:03,ATM_UBI_150,4.79
TXN-0008083,ACC_NORM_0555,ACC_NORM_1233,12070.6,2026-08-23T17:41:47,,,0,,,
TXN-0008084,ACC_NORM_0965,ACC_NORM_1306,18770.92,2026-08-23T17:50:26,,,0,,,
TXN-0008085,ACC_NORM_0299,ACC_NORM_0363,10903.46,2026-08-23T17:59:04,,,0,,,
TXN-0008086,ACC_NORM_0055,ACC_NORM_0669,13174.75,2026-08-23T18:07:43,,,0,,,
TXN-0008087,ACC_NORM_1191,ACC_NORM_0063,8406.83,2026-08-23T18:16:21,,,0,,,
TXN-0008088,ACC_NORM_1324,ACC_NORM_1680,14876.61,2026-08-23T18:24:59,,,0,,,
TXN-0008089,ACC_VIC_0548,ACC_MULE_0348,174801.31,2026-08-23T18:33:38,28.551143,77.16178,1,,,
TXN-0008090,ACC_NORM_2474,ACC_NORM_0711,8975.54,2026-08-23T18:42:16,,,0,,,
TXN-0008091,ACC_NORM_1377,ACC_NORM_1157,20260.87,2026-08-23T18:50:55,,,0,,,
TXN-0008092,ACC_NORM_0012,ACC_NORM_0117,8322.48,2026-08-23T18:59:33,,,0,,,
TXN-0008093,ACC_NORM_0241,ACC_NORM_2551,20990.67,2026-08-23T19:08:11,,,0,,,
TXN-0008094,ACC_NORM_0283,ACC_NORM_1686,16915.2,2026-08-23T19:16:50,,,0,,,
TXN-0008095,ACC_NORM_0031,ACC_NORM_1348,21987.65,2026-08-23T19:25:28,,,0,,,
TXN-0008096,ACC_VIC_1371,ACC_MULE_0262,137965.33,2026-08-23T19:34:07,28.55077,77.131248,1,2026-08-23T20:01:14,ATM_BOB_094,10.42
TXN-0008097,ACC_VIC_0069,ACC_MULE_0055,81981.98,2026-08-23T19:42:45,28.609486,77.32273,1,,,
TXN-0008098,ACC_VIC_1105,ACC_MULE_0105,230822.65,2026-08-23T19:51:23,28.611145,77.339163,1,2026-08-23T20:15:37,ATM_BOB_152,9.73
TXN-0008099,ACC_NORM_1640,ACC_NORM_1012,17837.04,2026-08-23T20:00:02,,,0,,,
TXN-0008100,ACC_MULE_0002,ACC_MULE_0010,246920.66,2026-08-23T20:08:40,28.523741,77.139855,2,2026-08-23T20:22:05,ATM_BOB_094,1.99
TXN-0008101,ACC_NORM_0209,ACC_NORM_1153,728.06,2026-08-23T20:17:19,,,0,,,
TXN-0008102,ACC_NORM_2077,ACC_NORM_0067,3156.61,2026-08-23T20:25:57,,,0,,,
TXN-0008103,ACC_NORM_1050,ACC_NORM_1277,24098.8,2026-08-23T20:34:35,,,0,,,
TXN-0008104,ACC_NORM_2790,ACC_NORM_1272,1047.36,2026-08-23T20:43:14,,,0,,,
TXN-0008105,ACC_VIC_0020,ACC_MULE_0460,220561.33,2026-08-23T20:51:52,28.526293,77.23739,1,2026-08-23T21:15:34,ATM_ICICI_068,4.74
TXN-0008106,ACC_NORM_1360,ACC_NORM_0094,12794.18,2026-08-23T21:00:31,,,0,,,
TXN-0008107,ACC_VIC_0450,ACC_MULE_0477,228271.11,2026-08-23T21:09:09,28.635079,77.206753,1,2026-08-23T21:24:28,ATM_ICICI_004,2.33
TXN-0008108,ACC_VIC_0265,ACC_MULE_0444,82982.52,2026-08-23T21:17:47,28.591843,77.050184,1,2026-08-23T21:40:43,ATM_PNB_102,1.76
TXN-0008109,ACC_MULE_0076,ACC_MULE_0194,127305.43,2026-08-23T21:26:26,28.718865,77.132984,2,2026-08-23T21:57:51,ATM_SBI_041,17.67
TXN-0008110,ACC_NORM_2972,ACC_NORM_1294,5411.12,2026-08-23T21:35:04,,,0,,,
TXN-0008111,ACC_VIC_1149,ACC_MULE_0443,183343.06,2026-08-23T21:43:43,28.68019,77.297611,1,2026-08-23T21:57:53,ATM_BOB_167,3.28
TXN-0008112,ACC_VIC_1382,ACC_MULE_0054,81555.84,2026-08-23T21:52:21,28.664781,77.206332,1,2026-08-23T22:06:27,ATM_HDFC_035,2.98
TXN-0008113,ACC_NORM_1724,ACC_NORM_1280,15006.41,2026-08-23T22:00:59,,,0,,,
TXN-0008114,ACC_VIC_0778,ACC_MULE_0321,58761.74,2026-08-23T22:09:38,28.625132,77.330194,1,,,
TXN-0008115,ACC_VIC_0164,ACC_MULE_0378,162283.08,2026-08-23T22:18:16,28.715632,77.107089,1,2026-08-23T22:50:04,ATM_SBI_141,3.0
TXN-0008116,ACC_NORM_1938,ACC_NORM_2373,20081.62,2026-08-23T22:26:55,,,0,,,
TXN-0008117,ACC_NORM_1615,ACC_NORM_2003,7358.05,2026-08-23T22:35:33,,,0,,,
TXN-0008118,ACC_NORM_0805,ACC_NORM_2925,20969.61,2026-08-23T22:44:11,,,0,,,
TXN-0008119,ACC_NORM_1642,ACC_NORM_1052,6480.11,2026-08-23T22:52:50,,,0,,,
TXN-0008120,ACC_VIC_0696,ACC_MULE_0543,239992.82,2026-08-23T23:01:28,28.601263,77.305578,1,,,
TXN-0008121,ACC_NORM_2955,ACC_NORM_1797,23817.88,2026-08-23T23:10:07,,,0,,,
TXN-0008122,ACC_NORM_0290,ACC_NORM_1210,15257.09,2026-08-23T23:18:45,,,0,,,
TXN-0008123,ACC_VIC_0974,ACC_MULE_0492,105660.99,2026-08-23T23:27:23,28.71825,77.109715,1,2026-08-23T23:41:59,ATM_BOB_144,2.88
TXN-0008124,ACC_NORM_2484,ACC_NORM_2397,24086.97,2026-08-23T23:36:02,,,0,,,
TXN-0008125,ACC_NORM_1993,ACC_NORM_2247,4561.57,2026-08-23T23:44:40,,,0,,,
TXN-0008126,ACC_NORM_1115,ACC_NORM_2569,5397.52,2026-08-23T23:53:19,,,0,,,
TXN-0008127,ACC_NORM_2295,ACC_NORM_1151,11969.93,2026-08-24T00:01:57,,,0,,,
TXN-0008128,ACC_MULE_0475,ACC_MULE_0539,203211.76,2026-08-24T00:10:35,28.628311,77.297556,2,,,
TXN-0008129,ACC_NORM_0661,ACC_NORM_1560,1965.91,2026-08-24T00:19:14,,,0,,,
TXN-0008130,ACC_NORM_1947,ACC_NORM_2120,16803.88,2026-08-24T00:27:52,,,0,,,
TXN-0008131,ACC_NORM_0262,ACC_NORM_2835,2320.62,2026-08-24T00:36:31,,,0,,,
TXN-0008132,ACC_NORM_0666,ACC_NORM_0675,5267.15,2026-08-24T00:45:09,,,0,,,
TXN-0008133,ACC_NORM_1046,ACC_NORM_2349,696.63,2026-08-24T00:53:47,,,0,,,
TXN-0008134,ACC_NORM_0170,ACC_NORM_2032,2015.06,2026-08-24T01:02:26,,,0,,,
TXN-0008135,ACC_NORM_2319,ACC_NORM_2404,9699.76,2026-08-24T01:11:04,,,0,,,
TXN-0008136,ACC_NORM_1514,ACC_NORM_1824,10557.81,2026-08-24T01:19:43,,,0,,,
TXN-0008137,ACC_NORM_1068,ACC_NORM_1281,7439.68,2026-08-24T01:28:21,,,0,,,
TXN-0008138,ACC_VIC_0612,ACC_MULE_0136,113130.06,2026-08-24T01:36:59,28.534737,77.212677,1,2026-08-24T02:15:18,ATM_AXIS_074,6.31
TXN-0008139,ACC_NORM_2105,ACC_NORM_0308,7697.43,2026-08-24T01:45:38,,,0,,,
TXN-0008140,ACC_MULE_0158,ACC_MULE_0137,195236.4,2026-08-24T01:54:16,28.632054,77.323926,2,2026-08-24T02:12:10,ATM_UBI_150,7.05
TXN-0008141,ACC_NORM_1710,ACC_NORM_0576,7705.17,2026-08-24T02:02:55,,,0,,,
TXN-0008142,ACC_NORM_0164,ACC_NORM_1057,3332.34,2026-08-24T02:11:33,,,0,,,
TXN-0008143,ACC_VIC_0806,ACC_MULE_0567,243916.0,2026-08-24T02:20:11,28.530284,77.250424,1,2026-08-24T02:43:53,ATM_ICICI_068,3.04
TXN-0008144,ACC_MULE_0058,ACC_MULE_0313,91556.8,2026-08-24T02:28:50,28.611215,77.289128,2,2026-08-24T02:43:08,ATM_BOB_146,5.15
TXN-0008145,ACC_MULE_0147,ACC_MULE_0273,152435.67,2026-08-24T02:37:28,28.537905,77.224465,2,2026-08-24T03:00:33,ATM_PNB_064,2.06
TXN-0008146,ACC_NORM_2112,ACC_NORM_2763,7073.26,2026-08-24T02:46:07,,,0,,,
TXN-0008147,ACC_MULE_0493,ACC_MULE_0522,172434.8,2026-08-24T02:54:45,28.613981,77.217538,2,2026-08-24T03:15:08,ATM_ICICI_004,5.19
TXN-0008148,ACC_NORM_0958,ACC_NORM_0892,22532.93,2026-08-24T03:03:23,,,0,,,
TXN-0008149,ACC_NORM_1521,ACC_NORM_0765,21796.64,2026-08-24T03:12:02,,,0,,,
TXN-0008150,ACC_NORM_1853,ACC_NORM_1795,15560.21,2026-08-24T03:20:40,,,0,,,
TXN-0008151,ACC_NORM_1864,ACC_NORM_2623,3821.4,2026-08-24T03:29:19,,,0,,,
TXN-0008152,ACC_VIC_0713,ACC_MULE_0325,212882.13,2026-08-24T03:37:57,28.640025,77.300016,1,2026-08-24T04:00:53,ATM_UBI_150,5.24
TXN-0008153,ACC_VIC_0466,ACC_MULE_0117,175734.1,2026-08-24T03:46:35,28.519749,77.21164,1,2026-08-24T04:03:48,ATM_HDFC_086,4.78
TXN-0008154,ACC_NORM_1095,ACC_NORM_0526,11993.53,2026-08-24T03:55:14,,,0,,,
TXN-0008155,ACC_NORM_2428,ACC_NORM_2438,21723.5,2026-08-24T04:03:52,,,0,,,
TXN-0008156,ACC_NORM_0411,ACC_NORM_2033,20074.69,2026-08-24T04:12:31,,,0,,,
TXN-0008157,ACC_VIC_1325,ACC_MULE_0231,147803.01,2026-08-24T04:21:09,28.661257,77.299731,1,2026-08-24T04:44:54,ATM_HDFC_170,6.4
TXN-0008158,ACC_VIC_0743,ACC_MULE_0032,117063.02,2026-08-24T04:29:47,28.547107,77.223341,1,2026-08-24T05:04:30,ATM_ICICI_087,7.46
TXN-0008159,ACC_NORM_1139,ACC_NORM_2853,22282.67,2026-08-24T04:38:26,,,0,,,
TXN-0008160,ACC_NORM_0078,ACC_NORM_0166,2424.78,2026-08-24T04:47:04,,,0,,,
TXN-0008161,ACC_VIC_0713,ACC_MULE_0541,73120.43,2026-08-24T04:55:43,28.645199,77.323633,1,2026-08-24T05:19:01,ATM_UBI_150,9.44
TXN-0008162,ACC_NORM_1966,ACC_NORM_0452,23607.78,2026-08-24T05:04:21,,,0,,,
TXN-0008163,ACC_VIC_0225,ACC_MULE_0183,197377.97,2026-08-24T05:12:59,28.650624,77.20998,1,2026-08-24T05:27:10,ATM_AXIS_017,6.5
TXN-0008164,ACC_NORM_1196,ACC_NORM_2917,3505.42,2026-08-24T05:21:38,,,0,,,
TXN-0008165,ACC_NORM_2719,ACC_NORM_0044,12438.81,2026-08-24T05:30:16,,,0,,,
TXN-0008166,ACC_NORM_2038,ACC_NORM_1963,21785.18,2026-08-24T05:38:55,,,0,,,
TXN-0008167,ACC_NORM_1359,ACC_NORM_0749,20151.58,2026-08-24T05:47:33,,,0,,,
TXN-0008168,ACC_VIC_0421,ACC_MULE_0204,136554.35,2026-08-24T05:56:11,28.564804,77.248221,1,2026-08-24T06:12:19,ATM_PNB_052,0.48
TXN-0008169,ACC_MULE_0419,ACC_MULE_0181,138686.03,2026-08-24T06:04:50,28.593034,77.065414,2,2026-08-24T06:11:39,ATM_PNB_102,2.95
TXN-0008170,ACC_VIC_1116,ACC_MULE_0069,51177.37,2026-08-24T06:13:28,28.537504,77.206242,1,2026-08-24T06:28:37,ATM_ICICI_087,1.72
TXN-0008171,ACC_VIC_0653,ACC_MULE_0386,232834.4,2026-08-24T06:22:07,28.509158,77.229527,1,2026-08-24T06:44:26,ATM_AXIS_084,8.36
TXN-0008172,ACC_VIC_0085,ACC_MULE_0273,183835.37,2026-08-24T06:30:45,28.537905,77.224465,1,2026-08-24T06:41:17,ATM_PNB_064,2.06
TXN-0008173,ACC_MULE_0256,ACC_MULE_0091,66799.81,2026-08-24T06:39:23,28.670926,77.270481,2,2026-08-24T06:54:02,ATM_HDFC_170,5.09
TXN-0008174,ACC_MULE_0379,ACC_MULE_0467,126479.55,2026-08-24T06:48:02,28.595233,77.040218,2,2026-08-24T07:05:40,ATM_AXIS_101,2.66
TXN-0008175,ACC_VIC_0004,ACC_MULE_0582,109952.62,2026-08-24T06:56:40,28.534738,77.25854,1,2026-08-24T07:19:25,ATM_HDFC_066,5.55
TXN-0008176,ACC_VIC_0294,ACC_MULE_0290,153309.41,2026-08-24T07:05:19,28.632126,77.205782,1,2026-08-24T07:37:54,ATM_ICICI_004,1.53
TXN-0008177,ACC_NORM_0529,ACC_NORM_1234,6875.11,2026-08-24T07:13:57,,,0,,,
TXN-0008178,ACC_VIC_0349,ACC_MULE_0204,177911.51,2026-08-24T07:22:35,28.564804,77.248221,1,2026-08-24T07:38:22,ATM_PNB_052,0.48
TXN-0008179,ACC_VIC_0169,ACC_MULE_0290,92632.82,2026-08-24T07:31:14,28.632126,77.205782,1,2026-08-24T07:43:49,ATM_ICICI_004,1.53
TXN-0008180,ACC_MULE_0420,ACC_MULE_0579,180033.22,2026-08-24T07:39:52,28.641588,77.197249,2,2026-08-24T08:02:12,ATM_ICICI_004,5.4
TXN-0008181,ACC_MULE_0126,ACC_MULE_0225,139753.01,2026-08-24T07:48:31,28.585154,77.052379,2,,,
TXN-0008182,ACC_NORM_2632,ACC_NORM_0393,8020.67,2026-08-24T07:57:09,,,0,,,
TXN-0008183,ACC_NORM_1431,ACC_NORM_1351,8770.18,2026-08-24T08:05:47,,,0,,,
TXN-0008184,ACC_NORM_1403,ACC_NORM_1399,2246.3,2026-08-24T08:14:26,,,0,,,
TXN-0008185,ACC_VIC_1145,ACC_MULE_0460,236676.62,2026-08-24T08:23:04,28.526293,77.23739,1,,,
TXN-0008186,ACC_NORM_1583,ACC_NORM_2346,1606.48,2026-08-24T08:31:43,,,0,,,
TXN-0008187,ACC_VIC_0428,ACC_MULE_0311,233434.73,2026-08-24T08:40:21,28.621302,77.339561,1,,,
TXN-0008188,ACC_NORM_2879,ACC_NORM_1141,871.48,2026-08-24T08:48:59,,,0,,,
TXN-0008189,ACC_NORM_2016,ACC_NORM_2842,15220.18,2026-08-24T08:57:38,,,0,,,
TXN-0008190,ACC_NORM_1019,ACC_NORM_0520,1352.92,2026-08-24T09:06:16,,,0,,,
TXN-0008191,ACC_VIC_0778,ACC_MULE_0525,172852.21,2026-08-24T09:14:55,28.707854,77.11485,1,2026-08-24T09:23:00,ATM_SBI_141,1.08
TXN-0008192,ACC_NORM_0186,ACC_NORM_2020,6475.52,2026-08-24T09:23:33,,,0,,,
TXN-0008193,ACC_VIC_1002,ACC_MULE_0337,205246.8,2026-08-24T09:32:11,28.698848,77.148253,1,2026-08-24T09:50:56,ATM_ICICI_142,7.77
TXN-0008194,ACC_NORM_0390,ACC_NORM_1338,7321.67,2026-08-24T09:40:50,,,0,,,
TXN-0008195,ACC_NORM_0372,ACC_NORM_0359,20330.55,2026-08-24T09:49:28,,,0,,,
TXN-0008196,ACC_NORM_1450,ACC_NORM_2658,24284.61,2026-08-24T09:58:07,,,0,,,
TXN-0008197,ACC_NORM_2939,ACC_NORM_1615,15964.63,2026-08-24T10:06:45,,,0,,,
TXN-0008198,ACC_VIC_0434,ACC_MULE_0067,94224.83,2026-08-24T10:15:23,28.617482,77.293913,1,2026-08-24T10:25:05,ATM_PNB_160,2.97
TXN-0008199,ACC_VIC_0877,ACC_MULE_0122,165757.77,2026-08-24T10:24:02,28.615224,77.228496,1,2026-08-24T10:45:14,ATM_ICICI_004,7.0
TXN-0008200,ACC_NORM_0818,ACC_NORM_2438,16519.28,2026-08-24T10:32:40,,,0,,,
TXN-0008201,ACC_NORM_2736,ACC_NORM_2998,7129.65,2026-08-24T10:41:19,,,0,,,
TXN-0008202,ACC_VIC_1049,ACC_MULE_0418,166714.29,2026-08-24T10:49:57,28.701646,77.105106,1,2026-08-24T11:04:59,ATM_SBI_141,2.43
TXN-0008203,ACC_VIC_0276,ACC_MULE_0582,152097.54,2026-08-24T10:58:35,28.534738,77.25854,1,,,
TXN-0008204,ACC_NORM_2195,ACC_NORM_0096,5247.57,2026-08-24T11:07:14,,,0,,,
TXN-0008205,ACC_NORM_1495,ACC_NORM_1177,14374.41,2026-08-24T11:15:52,,,0,,,
TXN-0008206,ACC_NORM_0475,ACC_NORM_0153,6577.57,2026-08-24T11:24:31,,,0,,,
TXN-0008207,ACC_VIC_0999,ACC_MULE_0301,201491.67,2026-08-24T11:33:09,28.637479,77.213017,1,,,
TXN-0008208,ACC_VIC_0439,ACC_MULE_0165,209348.05,2026-08-24T11:41:47,28.661172,77.300555,1,2026-08-24T11:54:15,ATM_HDFC_170,6.55
TXN-0008209,ACC_VIC_0061,ACC_MULE_0184,213683.67,2026-08-24T11:50:26,28.648668,77.17126,1,,,
TXN-0008210,ACC_VIC_1474,ACC_MULE_0155,173264.23,2026-08-24T11:59:04,28.642411,77.234861,1,,,
TXN-0008211,ACC_NORM_0351,ACC_NORM_2430,11963.25,2026-08-24T12:07:43,,,0,,,
TXN-0008212,ACC_NORM_0625,ACC_NORM_0130,6107.12,2026-08-24T12:16:21,,,0,,,
TXN-0008213,ACC_NORM_2925,ACC_NORM_0315,20597.61,2026-08-24T12:24:59,,,0,,,
TXN-0008214,ACC_NORM_1118,ACC_NORM_2907,8821.7,2026-08-24T12:33:38,,,0,,,
TXN-0008215,ACC_NORM_0364,ACC_NORM_2055,15294.96,2026-08-24T12:42:16,,,0,,,
TXN-0008216,ACC_NORM_2244,ACC_NORM_0038,508.03,2026-08-24T12:50:55,,,0,,,
TXN-0008217,ACC_NORM_1621,ACC_NORM_0076,19430.53,2026-08-24T12:59:33,,,0,,,
TXN-0008218,ACC_NORM_1648,ACC_NORM_2943,8683.5,2026-08-24T13:08:11,,,0,,,
TXN-0008219,ACC_MULE_0361,ACC_MULE_0461,149781.78,2026-08-24T13:16:50,28.689614,77.308003,2,2026-08-24T13:32:20,ATM_BOB_163,5.62
TXN-0008220,ACC_NORM_2210,ACC_NORM_0824,15873.18,2026-08-24T13:25:28,,,0,,,
TXN-0008221,ACC_NORM_2568,ACC_NORM_2531,2629.6,2026-08-24T13:34:07,,,0,,,
TXN-0008222,ACC_NORM_2663,ACC_NORM_0362,23769.99,2026-08-24T13:42:45,,,0,,,
TXN-0008223,ACC_NORM_1635,ACC_NORM_1606,6144.52,2026-08-24T13:51:23,,,0,,,
TXN-0008224,ACC_VIC_0668,ACC_MULE_0003,186218.04,2026-08-24T14:00:02,28.705348,77.141585,1,2026-08-24T14:13:50,ATM_ICICI_142,5.93
TXN-0008225,ACC_MULE_0472,ACC_MULE_0072,99555.16,2026-08-24T14:08:40,28.611247,77.285614,2,2026-08-24T14:18:50,ATM_PNB_160,2.85
TXN-0008226,ACC_VIC_1012,ACC_MULE_0466,188261.58,2026-08-24T14:17:19,28.642823,77.208144,1,2026-08-24T14:41:56,ATM_BOB_012,7.1
TXN-0008227,ACC_VIC_0988,ACC_MULE_0068,78210.17,2026-08-24T14:25:57,28.641434,77.228969,1,2026-08-24T14:39:40,ATM_ICICI_004,7.23
TXN-0008228,ACC_MULE_0143,ACC_MULE_0330,82047.97,2026-08-24T14:34:35,28.561635,77.261392,2,2026-08-24T14:47:33,ATM_PNB_052,3.87
TXN-0008229,ACC_MULE_0284,ACC_MULE_0116,115738.08,2026-08-24T14:43:14,28.527634,77.162972,2,2026-08-24T15:01:09,ATM_BOB_094,5.16
TXN-0008230,ACC_NORM_0075,ACC_NORM_0757,16430.95,2026-08-24T14:51:52,,,0,,,
TXN-0008231,ACC_VIC_0196,ACC_MULE_0052,68916.77,2026-08-24T15:00:31,28.702431,77.095115,1,2026-08-24T15:14:44,ATM_SBI_141,4.76
TXN-0008232,ACC_NORM_0608,ACC_NORM_2090,16468.97,2026-08-24T15:09:09,,,0,,,
TXN-0008233,ACC_NORM_2922,ACC_NORM_0180,8858.74,2026-08-24T15:17:47,,,0,,,
TXN-0008234,ACC_NORM_0875,ACC_NORM_0531,19710.32,2026-08-24T15:26:26,,,0,,,
TXN-0008235,ACC_MULE_0306,ACC_MULE_0597,101350.49,2026-08-24T15:35:04,28.546026,77.223609,2,2026-08-24T15:45:37,ATM_PNB_062,5.78
TXN-0008236,ACC_VIC_0684,ACC_MULE_0119,76270.9,2026-08-24T15:43:43,28.576051,77.034342,1,2026-08-24T15:58:20,ATM_AXIS_104,2.94
TXN-0008237,ACC_MULE_0192,ACC_MULE_0198,214568.6,2026-08-24T15:52:21,28.521018,77.132706,2,2026-08-24T16:06:49,ATM_BOB_094,3.83
TXN-0008238,ACC_VIC_1140,ACC_MULE_0307,188239.95,2026-08-24T16:00:59,28.533081,77.253527,1,2026-08-24T16:17:01,ATM_ICICI_068,2.82
TXN-0008239,ACC_NORM_1007,ACC_NORM_2524,13197.91,2026-08-24T16:09:38,,,0,,,
TXN-0008240,ACC_VIC_0734,ACC_MULE_0428,228883.7,2026-08-24T16:18:16,28.616919,77.230895,1,,,
TXN-0008241,ACC_NORM_1743,ACC_NORM_2543,14178.98,2026-08-24T16:26:55,,,0,,,
TXN-0008242,ACC_NORM_0225,ACC_NORM_0633,7605.22,2026-08-24T16:35:33,,,0,,,
TXN-0008243,ACC_VIC_0981,ACC_MULE_0512,177479.47,2026-08-24T16:44:11,28.590833,77.035335,1,2026-08-24T16:58:24,ATM_AXIS_103,3.96
TXN-0008244,ACC_VIC_0357,ACC_MULE_0367,221217.46,2026-08-24T16:52:50,28.685441,77.275268,1,2026-08-24T17:06:23,ATM_HDFC_170,4.12
TXN-0008245,ACC_NORM_1015,ACC_NORM_1630,13182.71,2026-08-24T17:01:28,,,0,,,
TXN-0008246,ACC_NORM_0694,ACC_NORM_0314,6840.88,2026-08-24T17:10:07,,,0,,,
TXN-0008247,ACC_NORM_2093,ACC_NORM_0487,24684.05,2026-08-24T17:18:45,,,0,,,
TXN-0008248,ACC_MULE_0128,ACC_MULE_0210,225504.07,2026-08-24T17:27:23,28.66205,77.270957,2,,,
TXN-0008249,ACC_NORM_2138,ACC_NORM_1072,17232.25,2026-08-24T17:36:02,,,0,,,
TXN-0008250,ACC_NORM_1214,ACC_NORM_0850,7566.98,2026-08-24T17:44:40,,,0,,,
TXN-0008251,ACC_NORM_1845,ACC_NORM_2986,17075.12,2026-08-24T17:53:19,,,0,,,
TXN-0008252,ACC_MULE_0211,ACC_MULE_0536,172680.67,2026-08-24T18:01:57,28.6335,77.170266,2,2026-08-24T18:18:10,ATM_UBI_016,7.26
TXN-0008253,ACC_NORM_1829,ACC_NORM_0033,12606.9,2026-08-24T18:10:35,,,0,,,
TXN-0008254,ACC_NORM_2177,ACC_NORM_1460,15926.95,2026-08-24T18:19:14,,,0,,,
TXN-0008255,ACC_NORM_2499,ACC_NORM_0262,18336.92,2026-08-24T18:27:52,,,0,,,
TXN-0008256,ACC_NORM_0302,ACC_NORM_1678,17635.45,2026-08-24T18:36:31,,,0,,,
TXN-0008257,ACC_MULE_0423,ACC_MULE_0553,233215.28,2026-08-24T18:45:09,28.617239,77.322976,2,2026-08-24T18:57:32,ATM_BOB_146,5.9
TXN-0008258,ACC_NORM_1759,ACC_NORM_2428,1104.97,2026-08-24T18:53:47,,,0,,,
TXN-0008259,ACC_VIC_1220,ACC_MULE_0584,189175.96,2026-08-24T19:02:26,28.619341,77.220988,1,2026-08-24T19:20:28,ATM_ICICI_004,4.51
TXN-0008260,ACC_NORM_0920,ACC_NORM_0308,13985.42,2026-08-24T19:11:04,,,0,,,
TXN-0008261,ACC_NORM_0124,ACC_NORM_1355,10269.51,2026-08-24T19:19:43,,,0,,,
TXN-0008262,ACC_NORM_0608,ACC_NORM_1958,2948.41,2026-08-24T19:28:21,,,0,,,
TXN-0008263,ACC_VIC_0033,ACC_MULE_0073,177264.03,2026-08-24T19:36:59,28.595209,77.064355,1,2026-08-24T19:48:59,ATM_AXIS_103,4.44
TXN-0008264,ACC_VIC_1337,ACC_MULE_0128,113856.55,2026-08-24T19:45:38,28.611213,77.326477,1,2026-08-24T20:01:38,ATM_BOB_146,7.53
TXN-0008265,ACC_NORM_2329,ACC_NORM_1308,3451.4,2026-08-24T19:54:16,,,0,,,
TXN-0008266,ACC_NORM_2360,ACC_NORM_1149,22779.97,2026-08-24T20:02:55,,,0,,,
TXN-0008267,ACC_NORM_2624,ACC_NORM_0628,3886.92,2026-08-24T20:11:33,,,0,,,
TXN-0008268,ACC_VIC_0106,ACC_MULE_0494,235510.01,2026-08-24T20:20:11,28.552264,77.243004,1,2026-08-24T20:36:03,ATM_PNB_052,4.77
TXN-0008269,ACC_VIC_1074,ACC_MULE_0290,113882.01,2026-08-24T20:28:50,28.632126,77.205782,1,2026-08-24T20:37:35,ATM_HDFC_002,0.76
TXN-0008270,ACC_VIC_0636,ACC_MULE_0166,227726.5,2026-08-24T20:37:28,28.693343,77.123259,1,2026-08-24T20:57:30,ATM_HDFC_131,1.7
TXN-0008271,ACC_NORM_2306,ACC_NORM_0068,732.37,2026-08-24T20:46:07,,,0,,,
TXN-0008272,ACC_NORM_0112,ACC_NORM_2699,3883.58,2026-08-24T20:54:45,,,0,,,
TXN-0008273,ACC_NORM_2728,ACC_NORM_2851,5147.4,2026-08-24T21:03:23,,,0,,,
TXN-0008274,ACC_NORM_2772,ACC_NORM_0172,20483.12,2026-08-24T21:12:02,,,0,,,
TXN-0008275,ACC_NORM_2733,ACC_NORM_0631,23916.3,2026-08-24T21:20:40,,,0,,,
TXN-0008276,ACC_MULE_0425,ACC_MULE_0188,129754.84,2026-08-24T21:29:19,28.576781,77.047736,2,2026-08-24T21:38:52,ATM_PNB_102,4.67
TXN-0008277,ACC_NORM_2913,ACC_NORM_1576,21884.5,2026-08-24T21:37:57,,,0,,,
TXN-0008278,ACC_NORM_0238,ACC_NORM_1232,6766.23,2026-08-24T21:46:35,,,0,,,
TXN-0008279,ACC_VIC_0756,ACC_MULE_0167,232508.57,2026-08-24T21:55:14,28.639343,77.180666,1,2026-08-24T22:08:42,ATM_UBI_016,3.78
TXN-0008280,ACC_NORM_2638,ACC_NORM_1076,11811.55,2026-08-24T22:03:52,,,0,,,
TXN-0008281,ACC_NORM_2869,ACC_NORM_0357,21432.87,2026-08-24T22:12:31,,,0,,,
TXN-0008282,ACC_NORM_1582,ACC_NORM_2123,20945.39,2026-08-24T22:21:09,,,0,,,
TXN-0008283,ACC_VIC_0921,ACC_MULE_0126,244669.45,2026-08-24T22:29:47,28.655625,77.302481,1,2026-08-24T22:56:42,ATM_HDFC_170,8.34
TXN-0008284,ACC_VIC_0885,ACC_MULE_0474,236979.2,2026-08-24T22:38:26,28.710122,77.116817,1,2026-08-24T22:53:17,ATM_SBI_141,1.88
TXN-0008285,ACC_VIC_1494,ACC_MULE_0173,229052.37,2026-08-24T22:47:04,28.644169,77.217228,1,,,
TXN-0008286,ACC_NORM_2981,ACC_NORM_0083,16825.81,2026-08-24T22:55:43,,,0,,,
TXN-0008287,ACC_NORM_1979,ACC_NORM_2162,5799.9,2026-08-24T23:04:21,,,0,,,
TXN-0008288,ACC_MULE_0560,ACC_MULE_0415,220897.21,2026-08-24T23:12:59,28.585531,77.256799,2,2026-08-24T23:30:06,ATM_PNB_052,6.61
TXN-0008289,ACC_NORM_1672,ACC_NORM_0427,9325.38,2026-08-24T23:21:38,,,0,,,
TXN-0008290,ACC_VIC_0828,ACC_MULE_0032,118203.32,2026-08-24T23:30:16,28.547107,77.223341,1,2026-08-24T23:45:58,ATM_ICICI_087,7.46
TXN-0008291,ACC_NORM_0382,ACC_NORM_2462,2592.73,2026-08-24T23:38:55,,,0,,,
TXN-0008292,ACC_MULE_0034,ACC_MULE_0557,116798.37,2026-08-24T23:47:33,28.565197,77.251381,2,,,
TXN-0008293,ACC_NORM_2078,ACC_NORM_1067,1182.2,2026-08-24T23:56:11,,,0,,,
TXN-0008294,ACC_NORM_0521,ACC_NORM_1792,13337.57,2026-08-25T00:04:50,,,0,,,
TXN-0008295,ACC_NORM_0781,ACC_NORM_2797,18383.32,2026-08-25T00:13:28,,,0,,,
TXN-0008296,ACC_NORM_1753,ACC_NORM_2146,13151.4,2026-08-25T00:22:07,,,0,,,
TXN-0008297,ACC_NORM_1134,ACC_NORM_2248,16982.6,2026-08-25T00:30:45,,,0,,,
TXN-0008298,ACC_NORM_2904,ACC_NORM_2035,24696.1,2026-08-25T00:39:23,,,0,,,
TXN-0008299,ACC_NORM_2958,ACC_NORM_2801,6626.9,2026-08-25T00:48:02,,,0,,,
TXN-0008300,ACC_NORM_2315,ACC_NORM_0812,3008.85,2026-08-25T00:56:40,,,0,,,
TXN-0008301,ACC_NORM_2504,ACC_NORM_1059,18329.51,2026-08-25T01:05:19,,,0,,,
TXN-0008302,ACC_NORM_1280,ACC_NORM_0139,22694.81,2026-08-25T01:13:57,,,0,,,
TXN-0008303,ACC_VIC_0299,ACC_MULE_0090,174521.9,2026-08-25T01:22:35,28.722036,77.134927,1,,,
TXN-0008304,ACC_NORM_1090,ACC_NORM_0943,18518.01,2026-08-25T01:31:14,,,0,,,
TXN-0008305,ACC_NORM_1702,ACC_NORM_1817,16318.39,2026-08-25T01:39:52,,,0,,,
TXN-0008306,ACC_MULE_0193,ACC_MULE_0136,221811.34,2026-08-25T01:48:31,28.534737,77.212677,2,2026-08-25T02:06:39,ATM_HDFC_086,0.8
TXN-0008307,ACC_NORM_1453,ACC_NORM_1200,23028.53,2026-08-25T01:57:09,,,0,,,
TXN-0008308,ACC_NORM_1012,ACC_NORM_0265,9672.92,2026-08-25T02:05:47,,,0,,,
TXN-0008309,ACC_MULE_0433,ACC_MULE_0529,89997.93,2026-08-25T02:14:26,28.591663,77.042561,2,,,
TXN-0008310,ACC_NORM_2918,ACC_NORM_1970,13379.02,2026-08-25T02:23:04,,,0,,,
TXN-0008311,ACC_VIC_0708,ACC_MULE_0416,65059.6,2026-08-25T02:31:43,28.557808,77.140332,1,2026-08-25T03:01:03,ATM_BOB_094,11.9
TXN-0008312,ACC_NORM_0143,ACC_NORM_2060,23023.58,2026-08-25T02:40:21,,,0,,,
TXN-0008313,ACC_NORM_2940,ACC_NORM_0053,20457.37,2026-08-25T02:48:59,,,0,,,
TXN-0008314,ACC_VIC_0166,ACC_MULE_0088,202037.65,2026-08-25T02:57:38,28.560897,77.255243,1,2026-08-25T03:15:13,ATM_PNB_052,2.51
TXN-0008315,ACC_NORM_1216,ACC_NORM_2474,24826.15,2026-08-25T03:06:16,,,0,,,
TXN-0008316,ACC_NORM_0459,ACC_NORM_2621,14809.1,2026-08-25T03:14:55,,,0,,,
TXN-0008317,ACC_VIC_0203,ACC_MULE_0137,75357.32,2026-08-25T03:23:33,28.632054,77.323926,1,2026-08-25T03:50:10,ATM_PNB_160,11.98
TXN-0008318,ACC_VIC_1075,ACC_MULE_0338,181133.94,2026-08-25T03:32:11,28.660678,77.300695,1,2026-08-25T03:43:18,ATM_AXIS_169,2.97
TXN-0008319,ACC_NORM_1968,ACC_NORM_2708,24999.2,2026-08-25T03:40:50,,,0,,,
TXN-0008320,ACC_NORM_0646,ACC_NORM_1874,13600.89,2026-08-25T03:49:28,,,0,,,
TXN-0008321,ACC_VIC_1128,ACC_MULE_0350,67115.11,2026-08-25T03:58:07,28.558774,77.252025,1,,,
TXN-0008322,ACC_NORM_1950,ACC_NORM_2348,2229.01,2026-08-25T04:06:45,,,0,,,
TXN-0008323,ACC_MULE_0392,ACC_MULE_0058,108231.54,2026-08-25T04:15:23,28.540632,77.198499,2,2026-08-25T04:26:11,ATM_ICICI_087,2.06
TXN-0008324,ACC_VIC_1256,ACC_MULE_0283,194305.73,2026-08-25T04:24:02,28.680518,77.273289,1,2026-08-25T04:44:22,ATM_HDFC_170,3.93
TXN-0008325,ACC_MULE_0245,ACC_MULE_0577,129838.91,2026-08-25T04:32:40,28.644012,77.218891,2,2026-08-25T04:40:32,ATM_HDFC_007,3.14
TXN-0008326,ACC_NORM_2880,ACC_NORM_1133,19305.35,2026-08-25T04:41:19,,,0,,,
TXN-0008327,ACC_MULE_0075,ACC_MULE_0390,107071.69,2026-08-25T04:49:57,28.540695,77.137784,2,2026-08-25T05:25:15,ATM_BOB_094,6.72
TXN-0008328,ACC_VIC_1433,ACC_MULE_0098,221805.94,2026-08-25T04:58:35,28.653867,77.182218,1,2026-08-25T05:15:20,ATM_UBI_016,3.48
TXN-0008329,ACC_NORM_0427,ACC_NORM_0759,6791.61,2026-08-25T05:07:14,,,0,,,
TXN-0008330,ACC_MULE_0357,ACC_MULE_0595,180250.55,2026-08-25T05:15:52,28.716011,77.123088,2,2026-08-25T05:24:36,ATM_ICICI_142,4.58
TXN-0008331,ACC_NORM_2887,ACC_NORM_0251,10696.37,2026-08-25T05:24:31,,,0,,,
TXN-0008332,ACC_NORM_2263,ACC_NORM_0165,13565.36,2026-08-25T05:33:09,,,0,,,
TXN-0008333,ACC_MULE_0046,ACC_MULE_0354,190474.36,2026-08-25T05:41:47,28.720119,77.104607,2,2026-08-25T06:00:06,ATM_SBI_141,4.6
TXN-0008334,ACC_VIC_0786,ACC_MULE_0044,128766.71,2026-08-25T05:50:26,28.608768,77.327906,1,2026-08-25T06:12:37,ATM_UBI_150,9.04
TXN-0008335,ACC_VIC_1203,ACC_MULE_0441,184071.07,2026-08-25T05:59:04,28.544226,77.131951,1,2026-08-25T06:37:31,ATM_BOB_094,8.44
TXN-0008336,ACC_NORM_1085,ACC_NORM_0100,6336.29,2026-08-25T06:07:43,,,0,,,
TXN-0008337,ACC_VIC_0370,ACC_MULE_0327,166120.19,2026-08-25T06:16:21,28.707756,77.121879,1,2026-08-25T06:39:50,ATM_BOB_144,3.44
TXN-0008338,ACC_NORM_2428,ACC_NORM_1826,22221.22,2026-08-25T06:24:59,,,0,,,
TXN-0008339,ACC_VIC_0343,ACC_MULE_0196,53697.39,2026-08-25T06:33:38,28.547758,77.220439,1,,,
TXN-0008340,ACC_NORM_2323,ACC_NORM_2329,24291.33,2026-08-25T06:42:16,,,0,,,
TXN-0008341,ACC_NORM_0818,ACC_NORM_0109,5740.71,2026-08-25T06:50:55,,,0,,,
TXN-0008342,ACC_NORM_1321,ACC_NORM_0859,16106.7,2026-08-25T06:59:33,,,0,,,
TXN-0008343,ACC_NORM_1098,ACC_NORM_1421,17511.94,2026-08-25T07:08:11,,,0,,,
TXN-0008344,ACC_NORM_2272,ACC_NORM_1742,17306.07,2026-08-25T07:16:50,,,0,,,
TXN-0008345,ACC_MULE_0352,ACC_MULE_0336,130169.61,2026-08-25T07:25:28,28.624148,77.293549,2,2026-08-25T07:31:28,ATM_UBI_150,2.06
TXN-0008346,ACC_NORM_1996,ACC_NORM_0978,19581.25,2026-08-25T07:34:07,,,0,,,
TXN-0008347,ACC_NORM_2699,ACC_NORM_0751,21679.94,2026-08-25T07:42:45,,,0,,,
TXN-0008348,ACC_NORM_2968,ACC_NORM_0116,15078.42,2026-08-25T07:51:23,,,0,,,
TXN-0008349,ACC_VIC_1000,ACC_MULE_0395,242487.16,2026-08-25T08:00:02,28.57649,77.24057,1,2026-08-25T08:22:00,ATM_PNB_052,4.03
TXN-0008350,ACC_NORM_0930,ACC_NORM_0482,2673.68,2026-08-25T08:08:40,,,0,,,
TXN-0008351,ACC_NORM_2348,ACC_NORM_1673,14293.77,2026-08-25T08:17:19,,,0,,,
TXN-0008352,ACC_MULE_0158,ACC_MULE_0137,123185.54,2026-08-25T08:25:57,28.632054,77.323926,2,2026-08-25T08:40:36,ATM_UBI_150,7.05
TXN-0008353,ACC_VIC_0191,ACC_MULE_0154,201758.87,2026-08-25T08:34:35,28.617262,77.287712,1,2026-08-25T08:48:44,ATM_BOB_152,5.13
TXN-0008354,ACC_NORM_0736,ACC_NORM_1857,7058.71,2026-08-25T08:43:14,,,0,,,
TXN-0008355,ACC_NORM_0592,ACC_NORM_0075,4731.94,2026-08-25T08:51:52,,,0,,,
TXN-0008356,ACC_NORM_1044,ACC_NORM_0981,13381.4,2026-08-25T09:00:31,,,0,,,
TXN-0008357,ACC_NORM_1048,ACC_NORM_1726,12629.72,2026-08-25T09:09:09,,,0,,,
TXN-0008358,ACC_NORM_2599,ACC_NORM_2785,6671.27,2026-08-25T09:17:47,,,0,,,
TXN-0008359,ACC_NORM_2401,ACC_NORM_0486,19822.7,2026-08-25T09:26:26,,,0,,,
TXN-0008360,ACC_NORM_1241,ACC_NORM_1343,14864.46,2026-08-25T09:35:04,,,0,,,
TXN-0008361,ACC_NORM_0983,ACC_NORM_1735,12407.07,2026-08-25T09:43:43,,,0,,,
TXN-0008362,ACC_NORM_1270,ACC_NORM_0356,16968.36,2026-08-25T09:52:21,,,0,,,
TXN-0008363,ACC_VIC_0330,ACC_MULE_0474,80814.47,2026-08-25T10:00:59,28.710122,77.116817,1,2026-08-25T10:15:10,ATM_SBI_141,1.88
TXN-0008364,ACC_NORM_2899,ACC_NORM_0903,11836.26,2026-08-25T10:09:38,,,0,,,
TXN-0008365,ACC_NORM_1925,ACC_NORM_0330,1386.74,2026-08-25T10:18:16,,,0,,,
TXN-0008366,ACC_MULE_0027,ACC_MULE_0083,71537.58,2026-08-25T10:26:55,28.527368,77.242008,2,2026-08-25T10:45:43,ATM_ICICI_087,11.8
TXN-0008367,ACC_VIC_0474,ACC_MULE_0135,179814.03,2026-08-25T10:35:33,28.650398,77.214128,1,2026-08-25T10:55:06,ATM_KOTAK_014,3.74
TXN-0008368,ACC_NORM_0159,ACC_NORM_2284,12572.36,2026-08-25T10:44:11,,,0,,,
TXN-0008369,ACC_NORM_0667,ACC_NORM_2664,24588.71,2026-08-25T10:52:50,,,0,,,
TXN-0008370,ACC_NORM_0524,ACC_NORM_0548,17908.72,2026-08-25T11:01:28,,,0,,,
TXN-0008371,ACC_NORM_1934,ACC_NORM_2892,8907.81,2026-08-25T11:10:07,,,0,,,
TXN-0008372,ACC_VIC_1129,ACC_MULE_0393,218734.98,2026-08-25T11:18:45,28.540055,77.228029,1,2026-08-25T11:37:26,ATM_HDFC_086,5.43
TXN-0008373,ACC_NORM_0052,ACC_NORM_0224,6975.35,2026-08-25T11:27:23,,,0,,,
TXN-0008374,ACC_VIC_0182,ACC_MULE_0086,80749.91,2026-08-25T11:36:02,28.635581,77.285281,1,2026-08-25T11:55:13,ATM_UBI_150,5.81
TXN-0008375,ACC_VIC_0932,ACC_MULE_0517,99236.87,2026-08-25T11:44:40,28.639274,77.313685,1,2026-08-25T12:01:48,ATM_UBI_150,6.17
TXN-0008376,ACC_NORM_0946,ACC_NORM_2261,20927.35,2026-08-25T11:53:19,,,0,,,
TXN-0008377,ACC_NORM_2808,ACC_NORM_0516,8695.09,2026-08-25T12:01:57,,,0,,,
TXN-0008378,ACC_NORM_0866,ACC_NORM_0380,866.93,2026-08-25T12:10:35,,,0,,,
TXN-0008379,ACC_MULE_0308,ACC_MULE_0127,141822.55,2026-08-25T12:19:14,28.623299,77.328534,2,,,
TXN-0008380,ACC_NORM_1209,ACC_NORM_1040,5585.24,2026-08-25T12:27:52,,,0,,,
TXN-0008381,ACC_VIC_0229,ACC_MULE_0279,59985.13,2026-08-25T12:36:31,28.563536,77.228945,1,,,
TXN-0008382,ACC_NORM_1690,ACC_NORM_2627,15967.42,2026-08-25T12:45:09,,,0,,,
TXN-0008383,ACC_NORM_2852,ACC_NORM_2840,11673.99,2026-08-25T12:53:47,,,0,,,
TXN-0008384,ACC_NORM_2247,ACC_NORM_0659,19619.91,2026-08-25T13:02:26,,,0,,,
TXN-0008385,ACC_NORM_1788,ACC_NORM_1614,1060.68,2026-08-25T13:11:04,,,0,,,
TXN-0008386,ACC_VIC_0510,ACC_MULE_0275,224569.89,2026-08-25T13:19:43,28.689215,77.101291,1,2026-08-25T13:36:55,ATM_BOB_144,6.89
TXN-0008387,ACC_NORM_2968,ACC_NORM_0955,7262.4,2026-08-25T13:28:21,,,0,,,
TXN-0008388,ACC_NORM_1273,ACC_NORM_1957,21416.01,2026-08-25T13:36:59,,,0,,,
TXN-0008389,ACC_NORM_1103,ACC_NORM_2686,8876.57,2026-08-25T13:45:38,,,0,,,
TXN-0008390,ACC_MULE_0132,ACC_MULE_0253,80479.85,2026-08-25T13:54:16,28.600625,77.319051,2,2026-08-25T14:29:50,ATM_UBI_150,9.04
TXN-0008391,ACC_VIC_0894,ACC_MULE_0105,213936.17,2026-08-25T14:02:55,28.611145,77.339163,1,2026-08-25T14:34:28,ATM_BOB_152,9.73
TXN-0008392,ACC_NORM_1198,ACC_NORM_2023,1228.39,2026-08-25T14:11:33,,,0,,,
TXN-0008393,ACC_MULE_0118,ACC_MULE_0441,217101.63,2026-08-25T14:20:11,28.544226,77.131951,2,2026-08-25T14:39:51,ATM_BOB_094,8.44
TXN-0008394,ACC_NORM_1266,ACC_NORM_0922,15892.14,2026-08-25T14:28:50,,,0,,,
TXN-0008395,ACC_VIC_0523,ACC_MULE_0438,196355.43,2026-08-25T14:37:28,28.642882,77.17967,1,2026-08-25T14:50:19,ATM_AXIS_017,2.48
TXN-0008396,ACC_NORM_1970,ACC_NORM_1091,1881.94,2026-08-25T14:46:07,,,0,,,
TXN-0008397,ACC_NORM_2704,ACC_NORM_0796,4105.37,2026-08-25T14:54:45,,,0,,,
TXN-0008398,ACC_NORM_2247,ACC_NORM_2349,17391.88,2026-08-25T15:03:23,,,0,,,
TXN-0008399,ACC_MULE_0438,ACC_MULE_0430,170275.72,2026-08-25T15:12:02,28.58049,77.25331,2,2026-08-25T15:26:29,ATM_PNB_052,4.77
TXN-0008400,ACC_VIC_0776,ACC_MULE_0365,60643.15,2026-08-25T15:20:40,28.689727,77.274274,1,2026-08-25T15:36:24,ATM_BOB_163,5.45
TXN-0008401,ACC_NORM_1549,ACC_NORM_2340,12554.85,2026-08-25T15:29:19,,,0,,,
TXN-0008402,ACC_NORM_2939,ACC_NORM_1243,15372.84,2026-08-25T15:37:57,,,0,,,
TXN-0008403,ACC_NORM_1107,ACC_NORM_1707,12236.76,2026-08-25T15:46:35,,,0,,,
TXN-0008404,ACC_NORM_0509,ACC_NORM_2402,7859.4,2026-08-25T15:55:14,,,0,,,
TXN-0008405,ACC_VIC_0313,ACC_MULE_0137,148558.61,2026-08-25T16:03:52,28.632054,77.323926,1,2026-08-25T16:24:56,ATM_UBI_150,7.05
TXN-0008406,ACC_NORM_1994,ACC_NORM_0465,537.92,2026-08-25T16:12:31,,,0,,,
TXN-0008407,ACC_VIC_0618,ACC_MULE_0330,143703.43,2026-08-25T16:21:09,28.561635,77.261392,1,2026-08-25T16:59:28,ATM_PNB_052,3.87
TXN-0008408,ACC_NORM_0238,ACC_NORM_2536,24931.52,2026-08-25T16:29:47,,,0,,,
TXN-0008409,ACC_NORM_1509,ACC_NORM_0591,14346.88,2026-08-25T16:38:26,,,0,,,
TXN-0008410,ACC_VIC_0957,ACC_MULE_0231,229137.27,2026-08-25T16:47:04,28.661257,77.299731,1,2026-08-25T17:12:15,ATM_BOB_167,3.87
TXN-0008411,ACC_NORM_1681,ACC_NORM_2226,22472.91,2026-08-25T16:55:43,,,0,,,
TXN-0008412,ACC_NORM_2674,ACC_NORM_1434,13341.11,2026-08-25T17:04:21,,,0,,,
TXN-0008413,ACC_NORM_1596,ACC_NORM_2350,6547.71,2026-08-25T17:12:59,,,0,,,
TXN-0008414,ACC_NORM_1282,ACC_NORM_1104,15779.57,2026-08-25T17:21:38,,,0,,,
TXN-0008415,ACC_NORM_2602,ACC_NORM_1464,22168.44,2026-08-25T17:30:16,,,0,,,
TXN-0008416,ACC_VIC_0846,ACC_MULE_0244,210162.83,2026-08-25T17:38:55,28.538626,77.165085,1,,,
TXN-0008417,ACC_VIC_1005,ACC_MULE_0262,206270.7,2026-08-25T17:47:33,28.55077,77.131248,1,2026-08-25T18:04:12,ATM_BOB_094,10.42
TXN-0008418,ACC_NORM_2731,ACC_NORM_1701,4531.85,2026-08-25T17:56:11,,,0,,,
TXN-0008419,ACC_VIC_0185,ACC_MULE_0563,106897.62,2026-08-25T18:04:50,28.64675,77.220403,1,2026-08-25T18:28:12,ATM_ICICI_004,6.92
TXN-0008420,ACC_MULE_0003,ACC_MULE_0260,202761.9,2026-08-25T18:13:28,28.537935,77.231422,2,2026-08-25T18:30:47,ATM_UBI_067,5.85
TXN-0008421,ACC_NORM_2285,ACC_NORM_0183,22318.61,2026-08-25T18:22:07,,,0,,,
TXN-0008422,ACC_NORM_2243,ACC_NORM_2990,10386.44,2026-08-25T18:30:45,,,0,,,
TXN-0008423,ACC_NORM_0505,ACC_NORM_0632,22433.61,2026-08-25T18:39:23,,,0,,,
TXN-0008424,ACC_VIC_1346,ACC_MULE_0010,218816.57,2026-08-25T18:48:02,28.523741,77.139855,1,,,
TXN-0008425,ACC_VIC_0632,ACC_MULE_0414,131731.7,2026-08-25T18:56:40,28.595983,77.061147,1,2026-08-25T19:11:45,ATM_PNB_102,2.58
TXN-0008426,ACC_NORM_0474,ACC_NORM_1015,11035.08,2026-08-25T19:05:19,,,0,,,
TXN-0008427,ACC_NORM_2365,ACC_NORM_1102,21917.71,2026-08-25T19:13:57,,,0,,,
TXN-0008428,ACC_MULE_0181,ACC_MULE_0014,203998.2,2026-08-25T19:22:35,28.709534,77.133779,2,2026-08-25T19:42:35,ATM_UBI_135,8.27
TXN-0008429,ACC_NORM_2914,ACC_NORM_1241,21785.22,2026-08-25T19:31:14,,,0,,,
TXN-0008430,ACC_NORM_0827,ACC_NORM_1740,5625.64,2026-08-25T19:39:52,,,0,,,
TXN-0008431,ACC_VIC_0826,ACC_MULE_0318,76571.59,2026-08-25T19:48:31,28.551186,77.232912,1,,,
TXN-0008432,ACC_NORM_0222,ACC_NORM_0041,12987.69,2026-08-25T19:57:09,,,0,,,
TXN-0008433,ACC_VIC_0735,ACC_MULE_0449,121519.16,2026-08-25T20:05:47,28.574794,77.231103,1,2026-08-25T20:17:31,ATM_BOB_046,2.35
TXN-0008434,ACC_NORM_1956,ACC_NORM_0019,19915.84,2026-08-25T20:14:26,,,0,,,
TXN-0008435,ACC_VIC_0956,ACC_MULE_0091,225719.27,2026-08-25T20:23:04,28.670926,77.270481,1,2026-08-25T20:47:45,ATM_HDFC_170,5.09
TXN-0008436,ACC_VIC_0373,ACC_MULE_0249,176169.53,2026-08-25T20:31:43,28.52105,77.207071,1,2026-08-25T20:54:04,ATM_HDFC_082,5.18
TXN-0008437,ACC_NORM_1565,ACC_NORM_1277,9630.85,2026-08-25T20:40:21,,,0,,,
TXN-0008438,ACC_NORM_2875,ACC_NORM_2635,799.48,2026-08-25T20:48:59,,,0,,,
TXN-0008439,ACC_NORM_0434,ACC_NORM_1838,3103.91,2026-08-25T20:57:38,,,0,,,
TXN-0008440,ACC_NORM_1111,ACC_NORM_0955,5326.56,2026-08-25T21:06:16,,,0,,,
TXN-0008441,ACC_VIC_1362,ACC_MULE_0561,104378.68,2026-08-25T21:14:55,28.594233,77.328214,1,,,
TXN-0008442,ACC_VIC_1034,ACC_MULE_0062,125059.22,2026-08-25T21:23:33,28.549729,77.247417,1,2026-08-25T21:38:43,ATM_PNB_052,5.32
TXN-0008443,ACC_NORM_0229,ACC_NORM_0658,18658.93,2026-08-25T21:32:11,,,0,,,
TXN-0008444,ACC_NORM_2246,ACC_NORM_2373,10459.04,2026-08-25T21:40:50,,,0,,,
TXN-0008445,ACC_NORM_1503,ACC_NORM_1136,18512.36,2026-08-25T21:49:28,,,0,,,
TXN-0008446,ACC_NORM_0111,ACC_NORM_0257,21858.06,2026-08-25T21:58:07,,,0,,,
TXN-0008447,ACC_VIC_0516,ACC_MULE_0124,208724.32,2026-08-25T22:06:45,28.610608,77.324859,1,2026-08-25T22:27:05,ATM_UBI_150,7.99
TXN-0008448,ACC_NORM_0168,ACC_NORM_1761,9087.77,2026-08-25T22:15:23,,,0,,,
TXN-0008449,ACC_NORM_0364,ACC_NORM_2586,8778.39,2026-08-25T22:24:02,,,0,,,
TXN-0008450,ACC_NORM_0277,ACC_NORM_0362,3874.33,2026-08-25T22:32:40,,,0,,,
TXN-0008451,ACC_NORM_1877,ACC_NORM_0672,7832.84,2026-08-25T22:41:19,,,0,,,
TXN-0008452,ACC_VIC_1162,ACC_MULE_0006,105454.53,2026-08-25T22:49:57,28.684818,77.28595,1,2026-08-25T23:13:03,ATM_HDFC_170,2.34
TXN-0008453,ACC_NORM_0265,ACC_NORM_2037,2839.11,2026-08-25T22:58:35,,,0,,,
TXN-0008454,ACC_VIC_1032,ACC_MULE_0283,72632.32,2026-08-25T23:07:14,28.680518,77.273289,1,2026-08-25T23:26:05,ATM_HDFC_170,3.93
TXN-0008455,ACC_NORM_2136,ACC_NORM_1732,18830.57,2026-08-25T23:15:52,,,0,,,
TXN-0008456,ACC_MULE_0382,ACC_MULE_0561,110807.23,2026-08-25T23:24:31,28.594233,77.328214,2,2026-08-25T23:48:57,ATM_BOB_152,10.11
TXN-0008457,ACC_NORM_2536,ACC_NORM_2281,6489.81,2026-08-25T23:33:09,,,0,,,
TXN-0008458,ACC_MULE_0470,ACC_MULE_0557,100851.52,2026-08-25T23:41:47,28.565197,77.251381,2,2026-08-25T23:52:11,ATM_PNB_052,0.81
TXN-0008459,ACC_NORM_2548,ACC_NORM_2152,18105.46,2026-08-25T23:50:26,,,0,,,
TXN-0008460,ACC_NORM_1750,ACC_NORM_1200,6030.15,2026-08-25T23:59:04,,,0,,,
TXN-0008461,ACC_NORM_2852,ACC_NORM_0554,23786.95,2026-08-26T00:07:43,,,0,,,
TXN-0008462,ACC_VIC_0999,ACC_MULE_0192,88586.73,2026-08-26T00:16:21,28.532698,77.251487,1,2026-08-26T00:30:52,ATM_ICICI_068,2.52
TXN-0008463,ACC_NORM_0278,ACC_NORM_1633,19559.81,2026-08-26T00:24:59,,,0,,,
TXN-0008464,ACC_VIC_0591,ACC_MULE_0478,217541.83,2026-08-26T00:33:38,28.620207,77.316685,1,2026-08-26T00:47:50,ATM_BOB_152,3.11
TXN-0008465,ACC_NORM_1094,ACC_NORM_2664,16555.27,2026-08-26T00:42:16,,,0,,,
TXN-0008466,ACC_VIC_1193,ACC_MULE_0053,99272.67,2026-08-26T00:50:55,28.71765,77.106008,1,2026-08-26T01:04:42,ATM_SBI_141,3.71
TXN-0008467,ACC_VIC_0474,ACC_MULE_0365,92826.12,2026-08-26T00:59:33,28.689727,77.274274,1,2026-08-26T01:10:45,ATM_HDFC_170,5.27
TXN-0008468,ACC_NORM_1482,ACC_NORM_2646,3559.03,2026-08-26T01:08:11,,,0,,,
TXN-0008469,ACC_NORM_1690,ACC_NORM_2741,21548.98,2026-08-26T01:16:50,,,0,,,
TXN-0008470,ACC_MULE_0191,ACC_MULE_0302,222205.42,2026-08-26T01:25:28,28.71834,77.120332,2,2026-08-26T01:41:41,ATM_SBI_141,4.47
TXN-0008471,ACC_NORM_2898,ACC_NORM_1926,2952.33,2026-08-26T01:34:07,,,0,,,
TXN-0008472,ACC_NORM_0880,ACC_NORM_1899,615.09,2026-08-26T01:42:45,,,0,,,
TXN-0008473,ACC_NORM_0733,ACC_NORM_0335,4689.45,2026-08-26T01:51:23,,,0,,,
TXN-0008474,ACC_MULE_0495,ACC_MULE_0387,177599.55,2026-08-26T02:00:02,28.623283,77.231737,2,2026-08-26T02:19:03,ATM_HDFC_007,4.48
TXN-0008475,ACC_VIC_0571,ACC_MULE_0345,109880.67,2026-08-26T02:08:40,28.695081,77.130814,1,,,
TXN-0008476,ACC_NORM_0658,ACC_NORM_2251,17929.61,2026-08-26T02:17:19,,,0,,,
TXN-0008477,ACC_NORM_0048,ACC_NORM_1575,21908.1,2026-08-26T02:25:57,,,0,,,
TXN-0008478,ACC_NORM_0364,ACC_NORM_2748,19451.0,2026-08-26T02:34:35,,,0,,,
TXN-0008479,ACC_VIC_0856,ACC_MULE_0593,109763.84,2026-08-26T02:43:14,28.68636,77.12063,1,2026-08-26T02:58:16,ATM_ICICI_134,4.95
TXN-0008480,ACC_NORM_2094,ACC_NORM_0711,2946.87,2026-08-26T02:51:52,,,0,,,
TXN-0008481,ACC_MULE_0461,ACC_MULE_0221,210924.66,2026-08-26T03:00:31,28.638591,77.221445,2,2026-08-26T03:06:31,ATM_HDFC_007,1.25
TXN-0008482,ACC_NORM_2870,ACC_NORM_2499,9934.29,2026-08-26T03:09:09,,,0,,,
TXN-0008483,ACC_VIC_1320,ACC_MULE_0061,228539.96,2026-08-26T03:17:47,28.628233,77.308638,1,2026-08-26T03:35:35,ATM_PNB_160,7.5
TXN-0008484,ACC_NORM_1650,ACC_NORM_1424,20530.45,2026-08-26T03:26:26,,,0,,,
TXN-0008485,ACC_VIC_0488,ACC_MULE_0527,155765.7,2026-08-26T03:35:04,28.713956,77.140458,1,2026-08-26T03:57:07,ATM_HDFC_130,6.24
TXN-0008486,ACC_NORM_1443,ACC_NORM_1253,4951.38,2026-08-26T03:43:43,,,0,,,
TXN-0008487,ACC_NORM_1835,ACC_NORM_1224,23068.8,2026-08-26T03:52:21,,,0,,,
TXN-0008488,ACC_VIC_0348,ACC_MULE_0494,117740.03,2026-08-26T04:00:59,28.552264,77.243004,1,2026-08-26T04:23:42,ATM_HDFC_086,10.97
TXN-0008489,ACC_NORM_1340,ACC_NORM_1886,8571.58,2026-08-26T04:09:38,,,0,,,
TXN-0008490,ACC_NORM_0465,ACC_NORM_1359,13309.55,2026-08-26T04:18:16,,,0,,,
TXN-0008491,ACC_NORM_1703,ACC_NORM_1152,20251.19,2026-08-26T04:26:55,,,0,,,
TXN-0008492,ACC_NORM_1836,ACC_NORM_1189,4422.73,2026-08-26T04:35:33,,,0,,,
TXN-0008493,ACC_VIC_0864,ACC_MULE_0130,214598.14,2026-08-26T04:44:11,28.592238,77.041454,1,2026-08-26T04:56:04,ATM_AXIS_103,2.18
TXN-0008494,ACC_NORM_1177,ACC_NORM_0211,18471.44,2026-08-26T04:52:50,,,0,,,
TXN-0008495,ACC_VIC_1425,ACC_MULE_0598,109900.19,2026-08-26T05:01:28,28.60682,77.055404,1,2026-08-26T05:37:50,ATM_AXIS_101,5.39
TXN-0008496,ACC_NORM_2811,ACC_NORM_0707,16314.36,2026-08-26T05:10:07,,,0,,,
TXN-0008497,ACC_VIC_0973,ACC_MULE_0182,200644.4,2026-08-26T05:18:45,28.66639,77.203843,1,2026-08-26T05:29:13,ATM_HDFC_035,3.32
TXN-0008498,ACC_VIC_1245,ACC_MULE_0578,167181.55,2026-08-26T05:27:23,28.653891,77.189816,1,2026-08-26T05:39:02,ATM_UBI_016,2.4
TXN-0008499,ACC_NORM_2732,ACC_NORM_1526,11895.69,2026-08-26T05:36:02,,,0,,,
TXN-0008500,ACC_NORM_1075,ACC_NORM_2184,7554.31,2026-08-26T05:44:40,,,0,,,
TXN-0008501,ACC_VIC_0600,ACC_MULE_0276,154174.25,2026-08-26T05:53:19,28.620835,77.213399,1,2026-08-26T06:13:28,ATM_HDFC_007,5.35
TXN-0008502,ACC_NORM_1538,ACC_NORM_2009,1027.11,2026-08-26T06:01:57,,,0,,,
TXN-0008503,ACC_NORM_1722,ACC_NORM_0604,7895.75,2026-08-26T06:10:35,,,0,,,
TXN-0008504,ACC_NORM_1250,ACC_NORM_0805,4772.59,2026-08-26T06:19:14,,,0,,,
TXN-0008505,ACC_NORM_0843,ACC_NORM_0241,10429.84,2026-08-26T06:27:52,,,0,,,
TXN-0008506,ACC_NORM_2333,ACC_NORM_0749,24927.42,2026-08-26T06:36:31,,,0,,,
TXN-0008507,ACC_NORM_1199,ACC_NORM_1993,20791.61,2026-08-26T06:45:09,,,0,,,
TXN-0008508,ACC_NORM_0738,ACC_NORM_1969,14861.8,2026-08-26T06:53:47,,,0,,,
TXN-0008509,ACC_NORM_1424,ACC_NORM_1319,16146.84,2026-08-26T07:02:26,,,0,,,
TXN-0008510,ACC_NORM_2546,ACC_NORM_1088,10428.28,2026-08-26T07:11:04,,,0,,,
TXN-0008511,ACC_VIC_0483,ACC_MULE_0300,162140.62,2026-08-26T07:19:43,28.583371,77.262183,1,,,
TXN-0008512,ACC_NORM_2071,ACC_NORM_2307,14951.07,2026-08-26T07:28:21,,,0,,,
TXN-0008513,ACC_VIC_1091,ACC_MULE_0294,157340.26,2026-08-26T07:36:59,28.595291,77.308885,1,2026-08-26T07:54:36,ATM_UBI_150,9.43
TXN-0008514,ACC_VIC_0449,ACC_MULE_0559,87269.43,2026-08-26T07:45:38,28.64573,77.206167,1,,,
TXN-0008515,ACC_MULE_0191,ACC_MULE_0542,166003.43,2026-08-26T07:54:16,28.619675,77.302753,2,2026-08-26T08:05:22,ATM_UBI_150,1.42
TXN-0008516,ACC_NORM_0700,ACC_NORM_1314,6049.97,2026-08-26T08:02:55,,,0,,,
TXN-0008517,ACC_NORM_1690,ACC_NORM_1768,9237.62,2026-08-26T08:11:33,,,0,,,
TXN-0008518,ACC_VIC_0856,ACC_MULE_0160,193897.49,2026-08-26T08:20:11,28.593766,77.042139,1,2026-08-26T08:39:32,ATM_PNB_102,4.1
TXN-0008519,ACC_NORM_1317,ACC_NORM_2774,16184.79,2026-08-26T08:28:50,,,0,,,
TXN-0008520,ACC_NORM_2671,ACC_NORM_2785,10387.31,2026-08-26T08:37:28,,,0,,,
TXN-0008521,ACC_NORM_0090,ACC_NORM_1137,16871.36,2026-08-26T08:46:07,,,0,,,
TXN-0008522,ACC_VIC_0659,ACC_MULE_0250,246350.88,2026-08-26T08:54:45,28.630999,77.210563,1,2026-08-26T09:11:34,ATM_HDFC_007,3.81
TXN-0008523,ACC_NORM_0274,ACC_NORM_0325,8301.82,2026-08-26T09:03:23,,,0,,,
TXN-0008524,ACC_NORM_0827,ACC_NORM_1860,7832.04,2026-08-26T09:12:02,,,0,,,
TXN-0008525,ACC_NORM_0592,ACC_NORM_1980,11197.57,2026-08-26T09:20:40,,,0,,,
TXN-0008526,ACC_VIC_0451,ACC_MULE_0286,122741.0,2026-08-26T09:29:19,28.596603,77.317959,1,2026-08-26T09:45:06,ATM_BOB_152,7.91
TXN-0008527,ACC_MULE_0369,ACC_MULE_0576,215868.14,2026-08-26T09:37:57,28.702423,77.125698,2,2026-08-26T10:00:44,ATM_HDFC_131,2.7
TXN-0008528,ACC_NORM_1050,ACC_NORM_2764,5064.6,2026-08-26T09:46:35,,,0,,,
TXN-0008529,ACC_NORM_0352,ACC_NORM_1820,23209.82,2026-08-26T09:55:14,,,0,,,
TXN-0008530,ACC_NORM_0718,ACC_NORM_0683,15086.43,2026-08-26T10:03:52,,,0,,,
TXN-0008531,ACC_NORM_2226,ACC_NORM_2189,14475.96,2026-08-26T10:12:31,,,0,,,
TXN-0008532,ACC_NORM_0782,ACC_NORM_2140,14806.72,2026-08-26T10:21:09,,,0,,,
TXN-0008533,ACC_NORM_2413,ACC_NORM_1115,4581.63,2026-08-26T10:29:47,,,0,,,
TXN-0008534,ACC_NORM_2220,ACC_NORM_2891,23253.3,2026-08-26T10:38:26,,,0,,,
TXN-0008535,ACC_NORM_0120,ACC_NORM_0007,23188.46,2026-08-26T10:47:04,,,0,,,
TXN-0008536,ACC_NORM_0574,ACC_NORM_2266,663.51,2026-08-26T10:55:43,,,0,,,
TXN-0008537,ACC_VIC_0747,ACC_MULE_0322,245432.62,2026-08-26T11:04:21,28.620846,77.309693,1,2026-08-26T11:18:31,ATM_UBI_150,2.67
TXN-0008538,ACC_VIC_0606,ACC_MULE_0376,147474.1,2026-08-26T11:12:59,28.628703,77.305683,1,2026-08-26T11:38:32,ATM_UBI_150,2.1
TXN-0008539,ACC_MULE_0315,ACC_MULE_0357,249566.59,2026-08-26T11:21:38,28.646429,77.31436,2,2026-08-26T11:41:39,ATM_UBI_150,8.23
TXN-0008540,ACC_NORM_2671,ACC_NORM_0892,6707.33,2026-08-26T11:30:16,,,0,,,
TXN-0008541,ACC_NORM_1254,ACC_NORM_0391,1408.08,2026-08-26T11:38:55,,,0,,,
TXN-0008542,ACC_VIC_0464,ACC_MULE_0257,189946.73,2026-08-26T11:47:33,28.708939,77.114045,1,2026-08-26T11:59:28,ATM_SBI_141,1.02
TXN-0008543,ACC_NORM_0349,ACC_NORM_0298,22237.56,2026-08-26T11:56:11,,,0,,,
TXN-0008544,ACC_NORM_0878,ACC_NORM_2228,20979.85,2026-08-26T12:04:50,,,0,,,
TXN-0008545,ACC_MULE_0351,ACC_MULE_0483,230024.14,2026-08-26T12:13:28,28.701011,77.126097,2,2026-08-26T12:33:53,ATM_ICICI_142,1.48
TXN-0008546,ACC_NORM_0439,ACC_NORM_1312,19865.72,2026-08-26T12:22:07,,,0,,,
TXN-0008547,ACC_VIC_1316,ACC_MULE_0258,177170.67,2026-08-26T12:30:45,28.690594,77.305966,1,2026-08-26T12:44:11,ATM_KOTAK_168,4.26
TXN-0008548,ACC_NORM_2810,ACC_NORM_1004,16103.22,2026-08-26T12:39:23,,,0,,,
TXN-0008549,ACC_NORM_2182,ACC_NORM_2593,20723.7,2026-08-26T12:48:02,,,0,,,
TXN-0008550,ACC_VIC_1426,ACC_MULE_0524,81374.47,2026-08-26T12:56:40,28.630137,77.233788,1,2026-08-26T13:23:11,ATM_HDFC_007,3.37
TXN-0008551,ACC_NORM_0005,ACC_NORM_2565,9453.41,2026-08-26T13:05:19,,,0,,,
TXN-0008552,ACC_MULE_0300,ACC_MULE_0151,150351.51,2026-08-26T13:13:57,28.57373,77.059051,2,2026-08-26T13:28:49,ATM_AXIS_103,7.38
TXN-0008553,ACC_NORM_1821,ACC_NORM_0217,13467.96,2026-08-26T13:22:35,,,0,,,
TXN-0008554,ACC_VIC_1263,ACC_MULE_0578,103402.15,2026-08-26T13:31:14,28.653891,77.189816,1,2026-08-26T13:46:37,ATM_UBI_016,2.4
TXN-0008555,ACC_NORM_0681,ACC_NORM_1182,6187.87,2026-08-26T13:39:52,,,0,,,
TXN-0008556,ACC_NORM_2535,ACC_NORM_0882,19841.2,2026-08-26T13:48:31,,,0,,,
TXN-0008557,ACC_NORM_0613,ACC_NORM_0892,14285.61,2026-08-26T13:57:09,,,0,,,
TXN-0008558,ACC_NORM_0484,ACC_NORM_1159,11111.15,2026-08-26T14:05:47,,,0,,,
TXN-0008559,ACC_NORM_0325,ACC_NORM_2345,8461.24,2026-08-26T14:14:26,,,0,,,
TXN-0008560,ACC_VIC_0974,ACC_MULE_0319,138565.22,2026-08-26T14:23:04,28.642361,77.191435,1,2026-08-26T14:49:33,ATM_SBI_011,4.12
TXN-0008561,ACC_NORM_1830,ACC_NORM_0952,24962.22,2026-08-26T14:31:43,,,0,,,
TXN-0008562,ACC_NORM_1289,ACC_NORM_0614,7322.55,2026-08-26T14:40:21,,,0,,,
TXN-0008563,ACC_NORM_0096,ACC_NORM_0312,19900.28,2026-08-26T14:48:59,,,0,,,
TXN-0008564,ACC_NORM_0624,ACC_NORM_1004,17690.56,2026-08-26T14:57:38,,,0,,,
TXN-0008565,ACC_NORM_2903,ACC_NORM_0219,20572.35,2026-08-26T15:06:16,,,0,,,
TXN-0008566,ACC_NORM_2700,ACC_NORM_2125,17455.25,2026-08-26T15:14:55,,,0,,,
TXN-0008567,ACC_NORM_0657,ACC_NORM_1862,8323.8,2026-08-26T15:23:33,,,0,,,
TXN-0008568,ACC_NORM_1218,ACC_NORM_0293,18658.48,2026-08-26T15:32:11,,,0,,,
TXN-0008569,ACC_NORM_0005,ACC_NORM_2324,9646.11,2026-08-26T15:40:50,,,0,,,
TXN-0008570,ACC_VIC_0168,ACC_MULE_0587,181951.86,2026-08-26T15:49:28,28.713739,77.137598,1,2026-08-26T16:15:33,ATM_ICICI_134,9.89
TXN-0008571,ACC_NORM_1190,ACC_NORM_0333,17953.36,2026-08-26T15:58:07,,,0,,,
TXN-0008572,ACC_NORM_2668,ACC_NORM_2733,9692.61,2026-08-26T16:06:45,,,0,,,
TXN-0008573,ACC_VIC_0970,ACC_MULE_0309,114482.83,2026-08-26T16:15:23,28.668543,77.180372,1,2026-08-26T16:35:27,ATM_SBI_011,6.02
TXN-0008574,ACC_NORM_0023,ACC_NORM_2871,1908.09,2026-08-26T16:24:02,,,0,,,
TXN-0008575,ACC_VIC_0972,ACC_MULE_0019,220881.3,2026-08-26T16:32:40,28.531571,77.161816,1,2026-08-26T16:46:05,ATM_BOB_094,5.53
TXN-0008576,ACC_NORM_0573,ACC_NORM_1726,21714.4,2026-08-26T16:41:19,,,0,,,
TXN-0008577,ACC_VIC_0303,ACC_MULE_0271,106880.52,2026-08-26T16:49:57,28.60341,77.322026,1,2026-08-26T17:06:35,ATM_UBI_150,8.87
TXN-0008578,ACC_NORM_1455,ACC_NORM_1905,3963.47,2026-08-26T16:58:35,,,0,,,
TXN-0008579,ACC_VIC_0096,ACC_MULE_0192,244407.99,2026-08-26T17:07:14,28.532698,77.251487,1,2026-08-26T17:30:18,ATM_ICICI_068,2.52
TXN-0008580,ACC_NORM_0752,ACC_NORM_0271,12079.52,2026-08-26T17:15:52,,,0,,,
TXN-0008581,ACC_NORM_2879,ACC_NORM_2553,5854.85,2026-08-26T17:24:31,,,0,,,
TXN-0008582,ACC_NORM_1511,ACC_NORM_0684,15476.37,2026-08-26T17:33:09,,,0,,,
TXN-0008583,ACC_VIC_1216,ACC_MULE_0449,217644.33,2026-08-26T17:41:47,28.574794,77.231103,1,2026-08-26T18:00:27,ATM_PNB_052,5.7
TXN-0008584,ACC_NORM_0950,ACC_NORM_2904,4531.87,2026-08-26T17:50:26,,,0,,,
TXN-0008585,ACC_NORM_1980,ACC_NORM_0748,22145.71,2026-08-26T17:59:04,,,0,,,
TXN-0008586,ACC_NORM_1895,ACC_NORM_0792,8811.17,2026-08-26T18:07:43,,,0,,,
TXN-0008587,ACC_VIC_0371,ACC_MULE_0412,117068.19,2026-08-26T18:16:21,28.509739,77.222115,1,2026-08-26T18:32:49,ATM_HDFC_089,9.62
TXN-0008588,ACC_NORM_2704,ACC_NORM_1259,15907.2,2026-08-26T18:24:59,,,0,,,
TXN-0008589,ACC_NORM_1624,ACC_NORM_1401,16007.11,2026-08-26T18:33:38,,,0,,,
TXN-0008590,ACC_NORM_2978,ACC_NORM_2376,16758.67,2026-08-26T18:42:16,,,0,,,
TXN-0008591,ACC_MULE_0582,ACC_MULE_0538,72809.58,2026-08-26T18:50:55,28.633129,77.175305,2,,,
TXN-0008592,ACC_NORM_2463,ACC_NORM_1531,1208.23,2026-08-26T18:59:33,,,0,,,
TXN-0008593,ACC_NORM_1055,ACC_NORM_2920,20485.59,2026-08-26T19:08:11,,,0,,,
TXN-0008594,ACC_NORM_2571,ACC_NORM_2338,23888.73,2026-08-26T19:16:50,,,0,,,
TXN-0008595,ACC_VIC_1117,ACC_MULE_0184,109342.0,2026-08-26T19:25:28,28.648668,77.17126,1,2026-08-26T19:32:22,ATM_SBI_011,2.38
TXN-0008596,ACC_NORM_0485,ACC_NORM_0208,5562.58,2026-08-26T19:34:07,,,0,,,
TXN-0008597,ACC_NORM_0353,ACC_NORM_0350,16858.61,2026-08-26T19:42:45,,,0,,,
TXN-0008598,ACC_NORM_0681,ACC_NORM_0898,3752.06,2026-08-26T19:51:23,,,0,,,
TXN-0008599,ACC_VIC_0230,ACC_MULE_0320,80050.31,2026-08-26T20:00:02,28.697783,77.111569,1,2026-08-26T20:07:46,ATM_ICICI_142,2.96
TXN-0008600,ACC_MULE_0180,ACC_MULE_0040,99147.93,2026-08-26T20:08:40,28.536184,77.140115,2,2026-08-26T20:36:48,ATM_BOB_094,5.13
TXN-0008601,ACC_NORM_1115,ACC_NORM_0749,23926.43,2026-08-26T20:17:19,,,0,,,
TXN-0008602,ACC_MULE_0039,ACC_MULE_0151,61586.83,2026-08-26T20:25:57,28.57373,77.059051,2,,,
TXN-0008603,ACC_VIC_1406,ACC_MULE_0302,162763.53,2026-08-26T20:34:35,28.71834,77.120332,1,2026-08-26T20:46:55,ATM_ICICI_142,5.29
TXN-0008604,ACC_NORM_0804,ACC_NORM_0620,2176.71,2026-08-26T20:43:14,,,0,,,
TXN-0008605,ACC_NORM_1068,ACC_NORM_2994,654.73,2026-08-26T20:51:52,,,0,,,
TXN-0008606,ACC_NORM_1968,ACC_NORM_2956,13440.39,2026-08-26T21:00:31,,,0,,,
TXN-0008607,ACC_NORM_0747,ACC_NORM_2861,18814.57,2026-08-26T21:09:09,,,0,,,
TXN-0008608,ACC_NORM_2709,ACC_NORM_0438,9685.38,2026-08-26T21:17:47,,,0,,,
TXN-0008609,ACC_NORM_0353,ACC_NORM_2591,9482.94,2026-08-26T21:26:26,,,0,,,
TXN-0008610,ACC_NORM_1740,ACC_NORM_2632,1764.77,2026-08-26T21:35:04,,,0,,,
TXN-0008611,ACC_NORM_0368,ACC_NORM_1557,12848.4,2026-08-26T21:43:43,,,0,,,
TXN-0008612,ACC_NORM_0934,ACC_NORM_1326,19659.35,2026-08-26T21:52:21,,,0,,,
TXN-0008613,ACC_VIC_1092,ACC_MULE_0441,76026.59,2026-08-26T22:00:59,28.544226,77.131951,1,2026-08-26T22:27:05,ATM_BOB_094,8.44
TXN-0008614,ACC_VIC_0927,ACC_MULE_0127,222694.3,2026-08-26T22:09:38,28.623299,77.328534,1,2026-08-26T22:35:37,ATM_UBI_150,7.82
TXN-0008615,ACC_NORM_2197,ACC_NORM_1995,10984.97,2026-08-26T22:18:16,,,0,,,
TXN-0008616,ACC_VIC_0351,ACC_MULE_0398,139414.52,2026-08-26T22:26:55,28.597446,77.314515,1,2026-08-26T22:58:01,ATM_BOB_152,7.28
TXN-0008617,ACC_VIC_1138,ACC_MULE_0543,229056.21,2026-08-26T22:35:33,28.601263,77.305578,1,2026-08-26T22:54:04,ATM_BOB_146,6.67
TXN-0008618,ACC_NORM_1418,ACC_NORM_0352,2853.16,2026-08-26T22:44:11,,,0,,,
TXN-0008619,ACC_NORM_0759,ACC_NORM_1574,17863.06,2026-08-26T22:52:50,,,0,,,
TXN-0008620,ACC_NORM_0275,ACC_NORM_2188,21352.94,2026-08-26T23:01:28,,,0,,,
TXN-0008621,ACC_NORM_0011,ACC_NORM_1854,10045.33,2026-08-26T23:10:07,,,0,,,
TXN-0008622,ACC_NORM_1154,ACC_NORM_1368,19992.71,2026-08-26T23:18:45,,,0,,,
TXN-0008623,ACC_NORM_0369,ACC_NORM_0956,11380.03,2026-08-26T23:27:23,,,0,,,
TXN-0008624,ACC_NORM_0304,ACC_NORM_0750,947.08,2026-08-26T23:36:02,,,0,,,
TXN-0008625,ACC_NORM_1422,ACC_NORM_1938,17143.89,2026-08-26T23:44:40,,,0,,,
TXN-0008626,ACC_NORM_2920,ACC_NORM_0204,2958.63,2026-08-26T23:53:19,,,0,,,
TXN-0008627,ACC_NORM_1795,ACC_NORM_0658,3627.29,2026-08-27T00:01:57,,,0,,,
TXN-0008628,ACC_NORM_2979,ACC_NORM_1475,1524.33,2026-08-27T00:10:35,,,0,,,
TXN-0008629,ACC_NORM_0689,ACC_NORM_1205,17998.82,2026-08-27T00:19:14,,,0,,,
TXN-0008630,ACC_MULE_0371,ACC_MULE_0360,245712.72,2026-08-27T00:27:52,28.527679,77.249452,2,2026-08-27T00:41:34,ATM_ICICI_068,3.74
TXN-0008631,ACC_MULE_0012,ACC_MULE_0156,105204.13,2026-08-27T00:36:31,28.649301,77.236957,2,2026-08-27T01:02:12,ATM_KOTAK_008,6.97
TXN-0008632,ACC_NORM_0064,ACC_NORM_2931,16024.91,2026-08-27T00:45:09,,,0,,,
TXN-0008633,ACC_MULE_0361,ACC_MULE_0120,115395.72,2026-08-27T00:53:47,28.560001,77.225808,2,2026-08-27T01:11:14,ATM_PNB_064,5.37
TXN-0008634,ACC_NORM_0221,ACC_NORM_1022,19520.88,2026-08-27T01:02:26,,,0,,,
TXN-0008635,ACC_VIC_1473,ACC_MULE_0508,227829.55,2026-08-27T01:11:04,28.704011,77.109571,1,,,
TXN-0008636,ACC_NORM_0848,ACC_NORM_0769,17141.44,2026-08-27T01:19:43,,,0,,,
TXN-0008637,ACC_NORM_0963,ACC_NORM_2913,5030.54,2026-08-27T01:28:21,,,0,,,
TXN-0008638,ACC_NORM_1081,ACC_NORM_2956,13651.17,2026-08-27T01:36:59,,,0,,,
TXN-0008639,ACC_NORM_2517,ACC_NORM_2304,16103.41,2026-08-27T01:45:38,,,0,,,
TXN-0008640,ACC_VIC_0053,ACC_MULE_0029,220507.67,2026-08-27T01:54:16,28.544787,77.140471,1,2026-08-27T02:12:26,ATM_BOB_094,7.77
TXN-0008641,ACC_VIC_1230,ACC_MULE_0361,136574.98,2026-08-27T02:02:55,28.581471,77.039621,1,2026-08-27T02:16:35,ATM_AXIS_101,6.96
TXN-0008642,ACC_NORM_2790,ACC_NORM_2041,8964.58,2026-08-27T02:11:33,,,0,,,
TXN-0008643,ACC_NORM_1722,ACC_NORM_0633,17855.27,2026-08-27T02:20:11,,,0,,,
TXN-0008644,ACC_NORM_0037,ACC_NORM_2934,13578.7,2026-08-27T02:28:50,,,0,,,
TXN-0008645,ACC_NORM_2238,ACC_NORM_2123,2759.64,2026-08-27T02:37:28,,,0,,,
TXN-0008646,ACC_MULE_0019,ACC_MULE_0085,86485.28,2026-08-27T02:46:07,28.590882,77.066664,2,2026-08-27T02:58:33,ATM_PNB_102,3.1
TXN-0008647,ACC_NORM_1168,ACC_NORM_1051,17155.94,2026-08-27T02:54:45,,,0,,,
TXN-0008648,ACC_NORM_1932,ACC_NORM_0457,10703.88,2026-08-27T03:03:23,,,0,,,
TXN-0008649,ACC_NORM_2269,ACC_NORM_2901,12847.63,2026-08-27T03:12:02,,,0,,,
TXN-0008650,ACC_NORM_2117,ACC_NORM_1728,1087.15,2026-08-27T03:20:40,,,0,,,
TXN-0008651,ACC_MULE_0332,ACC_MULE_0592,57867.43,2026-08-27T03:29:19,28.52389,77.155182,2,2026-08-27T03:38:02,ATM_BOB_094,2.67
TXN-0008652,ACC_NORM_0850,ACC_NORM_0450,12494.57,2026-08-27T03:37:57,,,0,,,
TXN-0008653,ACC_NORM_1721,ACC_NORM_0352,19935.91,2026-08-27T03:46:35,,,0,,,
TXN-0008654,ACC_VIC_1156,ACC_MULE_0065,92877.79,2026-08-27T03:55:14,28.538557,77.148302,1,2026-08-27T04:29:09,ATM_BOB_094,5.62
TXN-0008655,ACC_NORM_0315,ACC_NORM_0182,4546.53,2026-08-27T04:03:52,,,0,,,
TXN-0008656,ACC_NORM_0999,ACC_NORM_0471,21554.22,2026-08-27T04:12:31,,,0,,,
TXN-0008657,ACC_NORM_1744,ACC_NORM_1984,12142.68,2026-08-27T04:21:09,,,0,,,
TXN-0008658,ACC_NORM_1317,ACC_NORM_0310,15588.11,2026-08-27T04:29:47,,,0,,,
TXN-0008659,ACC_NORM_1994,ACC_NORM_0164,14959.65,2026-08-27T04:38:26,,,0,,,
TXN-0008660,ACC_NORM_0404,ACC_NORM_2577,9418.48,2026-08-27T04:47:04,,,0,,,
TXN-0008661,ACC_NORM_1730,ACC_NORM_2527,10803.61,2026-08-27T04:55:43,,,0,,,
TXN-0008662,ACC_VIC_0788,ACC_MULE_0449,241956.03,2026-08-27T05:04:21,28.574794,77.231103,1,2026-08-27T05:37:07,ATM_AXIS_061,2.04
TXN-0008663,ACC_VIC_0140,ACC_MULE_0506,127465.93,2026-08-27T05:12:59,28.62333,77.226669,1,2026-08-27T05:29:53,ATM_HDFC_007,3.89
TXN-0008664,ACC_NORM_1836,ACC_NORM_1799,13402.61,2026-08-27T05:21:38,,,0,,,
TXN-0008665,ACC_MULE_0527,ACC_MULE_0473,207244.31,2026-08-27T05:30:16,28.685541,77.288141,2,,,
TXN-0008666,ACC_NORM_0297,ACC_NORM_2056,10275.96,2026-08-27T05:38:55,,,0,,,
TXN-0008667,ACC_VIC_1283,ACC_MULE_0195,50697.57,2026-08-27T05:47:33,28.645333,77.202553,1,2026-08-27T06:05:54,ATM_UBI_016,3.21
TXN-0008668,ACC_NORM_1636,ACC_NORM_1095,10369.52,2026-08-27T05:56:11,,,0,,,
TXN-0008669,ACC_NORM_2235,ACC_NORM_2525,19612.54,2026-08-27T06:04:50,,,0,,,
TXN-0008670,ACC_NORM_1964,ACC_NORM_1537,1791.19,2026-08-27T06:13:28,,,0,,,
TXN-0008671,ACC_NORM_1540,ACC_NORM_1893,15560.13,2026-08-27T06:22:07,,,0,,,
TXN-0008672,ACC_VIC_0191,ACC_MULE_0315,189286.13,2026-08-27T06:30:45,28.654859,77.284695,1,2026-08-27T06:55:48,ATM_PNB_156,10.28
TXN-0008673,ACC_NORM_1178,ACC_NORM_1857,12251.37,2026-08-27T06:39:23,,,0,,,
TXN-0008674,ACC_NORM_2397,ACC_NORM_1999,15250.38,2026-08-27T06:48:02,,,0,,,
TXN-0008675,ACC_NORM_0817,ACC_NORM_1685,16145.0,2026-08-27T06:56:40,,,0,,,
TXN-0008676,ACC_NORM_1221,ACC_NORM_1760,12120.9,2026-08-27T07:05:19,,,0,,,
TXN-0008677,ACC_NORM_1681,ACC_NORM_1923,7769.77,2026-08-27T07:13:57,,,0,,,
TXN-0008678,ACC_NORM_0245,ACC_NORM_0164,6625.13,2026-08-27T07:22:35,,,0,,,
TXN-0008679,ACC_VIC_0154,ACC_MULE_0458,200407.51,2026-08-27T07:31:14,28.650784,77.215449,1,2026-08-27T07:48:25,ATM_ICICI_019,5.66
TXN-0008680,ACC_NORM_1288,ACC_NORM_2896,4670.85,2026-08-27T07:39:52,,,0,,,
TXN-0008681,ACC_NORM_1753,ACC_NORM_0889,6108.59,2026-08-27T07:48:31,,,0,,,
TXN-0008682,ACC_VIC_0647,ACC_MULE_0143,161315.64,2026-08-27T07:57:09,28.623659,77.314846,1,2026-08-27T08:14:28,ATM_PNB_160,8.85
TXN-0008683,ACC_NORM_1361,ACC_NORM_2587,10556.09,2026-08-27T08:05:47,,,0,,,
TXN-0008684,ACC_NORM_1215,ACC_NORM_2456,20683.52,2026-08-27T08:14:26,,,0,,,
TXN-0008685,ACC_VIC_0354,ACC_MULE_0509,85449.7,2026-08-27T08:23:04,28.567136,77.252322,1,2026-08-27T08:34:10,ATM_PNB_052,1.05
TXN-0008686,ACC_VIC_0947,ACC_MULE_0019,74497.79,2026-08-27T08:31:43,28.531571,77.161816,1,2026-08-27T08:44:34,ATM_BOB_094,5.53
TXN-0008687,ACC_NORM_1491,ACC_NORM_1379,21167.67,2026-08-27T08:40:21,,,0,,,
TXN-0008688,ACC_NORM_2920,ACC_NORM_2715,19233.4,2026-08-27T08:48:59,,,0,,,
TXN-0008689,ACC_NORM_2159,ACC_NORM_2162,24315.07,2026-08-27T08:57:38,,,0,,,
TXN-0008690,ACC_VIC_1136,ACC_MULE_0485,237760.9,2026-08-27T09:06:16,28.711827,77.112972,1,2026-08-27T09:24:33,ATM_AXIS_128,3.6
TXN-0008691,ACC_NORM_0738,ACC_NORM_0763,10328.32,2026-08-27T09:14:55,,,0,,,
TXN-0008692,ACC_NORM_1546,ACC_NORM_0636,9295.39,2026-08-27T09:23:33,,,0,,,
TXN-0008693,ACC_VIC_0759,ACC_MULE_0421,106892.89,2026-08-27T09:32:11,28.618462,77.306543,1,,,
TXN-0008694,ACC_NORM_2342,ACC_NORM_2779,20422.51,2026-08-27T09:40:50,,,0,,,
TXN-0008695,ACC_VIC_1172,ACC_MULE_0584,54866.58,2026-08-27T09:49:28,28.619341,77.220988,1,2026-08-27T10:02:13,ATM_ICICI_004,4.51
TXN-0008696,ACC_NORM_1856,ACC_NORM_0516,1793.89,2026-08-27T09:58:07,,,0,,,
TXN-0008697,ACC_NORM_1177,ACC_NORM_2081,10190.05,2026-08-27T10:06:45,,,0,,,
TXN-0008698,ACC_NORM_2978,ACC_NORM_2705,16859.75,2026-08-27T10:15:23,,,0,,,
TXN-0008699,ACC_NORM_2339,ACC_NORM_1841,6915.15,2026-08-27T10:24:02,,,0,,,
TXN-0008700,ACC_NORM_1413,ACC_NORM_1228,5600.42,2026-08-27T10:32:40,,,0,,,
TXN-0008701,ACC_NORM_1967,ACC_NORM_1434,21953.14,2026-08-27T10:41:19,,,0,,,
TXN-0008702,ACC_VIC_0875,ACC_MULE_0342,168650.9,2026-08-27T10:49:57,28.59598,77.066533,1,2026-08-27T11:03:44,ATM_PNB_102,3.68
TXN-0008703,ACC_NORM_0155,ACC_NORM_1565,2514.85,2026-08-27T10:58:35,,,0,,,
TXN-0008704,ACC_NORM_0553,ACC_NORM_1753,14632.4,2026-08-27T11:07:14,,,0,,,
TXN-0008705,ACC_NORM_2097,ACC_NORM_2748,18357.7,2026-08-27T11:15:52,,,0,,,
TXN-0008706,ACC_VIC_0241,ACC_MULE_0443,189041.0,2026-08-27T11:24:31,28.68019,77.297611,1,2026-08-27T11:42:29,ATM_AXIS_169,6.43
TXN-0008707,ACC_VIC_0716,ACC_MULE_0504,127021.81,2026-08-27T11:33:09,28.703413,77.121207,1,,,
TXN-0008708,ACC_VIC_0767,ACC_MULE_0334,215016.27,2026-08-27T11:41:47,28.526225,77.192776,1,2026-08-27T11:56:44,ATM_ICICI_087,3.58
TXN-0008709,ACC_NORM_1967,ACC_NORM_0069,5647.26,2026-08-27T11:50:26,,,0,,,
TXN-0008710,ACC_NORM_0039,ACC_NORM_1819,10504.05,2026-08-27T11:59:04,,,0,,,
TXN-0008711,ACC_MULE_0165,ACC_MULE_0263,238234.46,2026-08-27T12:07:43,28.611892,77.293125,2,2026-08-27T12:22:08,ATM_UBI_150,4.39
TXN-0008712,ACC_NORM_0137,ACC_NORM_1286,5734.92,2026-08-27T12:16:21,,,0,,,
TXN-0008713,ACC_NORM_2332,ACC_NORM_0399,22530.03,2026-08-27T12:24:59,,,0,,,
TXN-0008714,ACC_NORM_0137,ACC_NORM_2857,22309.77,2026-08-27T12:33:38,,,0,,,
TXN-0008715,ACC_VIC_0573,ACC_MULE_0086,115194.84,2026-08-27T12:42:16,28.635581,77.285281,1,2026-08-27T13:05:06,ATM_UBI_150,5.81
TXN-0008716,ACC_NORM_2112,ACC_NORM_1020,2285.44,2026-08-27T12:50:55,,,0,,,
TXN-0008717,ACC_NORM_1688,ACC_NORM_0338,761.59,2026-08-27T12:59:33,,,0,,,
TXN-0008718,ACC_NORM_1425,ACC_NORM_1400,22943.02,2026-08-27T13:08:11,,,0,,,
TXN-0008719,ACC_VIC_0367,ACC_MULE_0114,81606.29,2026-08-27T13:16:50,28.616054,77.317915,1,2026-08-27T13:44:33,ATM_KOTAK_145,4.51
TXN-0008720,ACC_NORM_2432,ACC_NORM_0460,16816.82,2026-08-27T13:25:28,,,0,,,
TXN-0008721,ACC_NORM_2258,ACC_NORM_0420,8250.25,2026-08-27T13:34:07,,,0,,,
TXN-0008722,ACC_NORM_0891,ACC_NORM_0938,8918.24,2026-08-27T13:42:45,,,0,,,
TXN-0008723,ACC_VIC_1294,ACC_MULE_0378,105382.59,2026-08-27T13:51:23,28.715632,77.107089,1,2026-08-27T14:15:40,ATM_SBI_141,3.0
TXN-0008724,ACC_VIC_0181,ACC_MULE_0090,50503.39,2026-08-27T14:00:02,28.722036,77.134927,1,2026-08-27T14:17:53,ATM_ICICI_142,7.58
TXN-0008725,ACC_VIC_0519,ACC_MULE_0580,78795.21,2026-08-27T14:08:40,28.69757,77.118788,1,2026-08-27T14:29:24,ATM_ICICI_142,1.52
TXN-0008726,ACC_NORM_0936,ACC_NORM_0163,17060.96,2026-08-27T14:17:19,,,0,,,
TXN-0008727,ACC_NORM_2367,ACC_NORM_1943,9268.25,2026-08-27T14:25:57,,,0,,,
TXN-0008728,ACC_NORM_2689,ACC_NORM_1156,4689.66,2026-08-27T14:34:35,,,0,,,
TXN-0008729,ACC_VIC_0961,ACC_MULE_0064,143749.27,2026-08-27T14:43:14,28.720608,77.120972,1,,,
TXN-0008730,ACC_NORM_1228,ACC_NORM_0200,19734.88,2026-08-27T14:51:52,,,0,,,
TXN-0008731,ACC_NORM_1016,ACC_NORM_0473,12197.61,2026-08-27T15:00:31,,,0,,,
TXN-0008732,ACC_VIC_1499,ACC_MULE_0330,85901.17,2026-08-27T15:09:09,28.561635,77.261392,1,2026-08-27T15:27:44,ATM_PNB_052,3.87
TXN-0008733,ACC_NORM_2901,ACC_NORM_1688,3758.59,2026-08-27T15:17:47,,,0,,,
TXN-0008734,ACC_NORM_0025,ACC_NORM_2557,18471.32,2026-08-27T15:26:26,,,0,,,
TXN-0008735,ACC_NORM_2077,ACC_NORM_0392,14170.09,2026-08-27T15:35:04,,,0,,,
TXN-0008736,ACC_NORM_2882,ACC_NORM_1665,14474.72,2026-08-27T15:43:43,,,0,,,
TXN-0008737,ACC_NORM_2686,ACC_NORM_1535,3928.07,2026-08-27T15:52:21,,,0,,,
TXN-0008738,ACC_NORM_0904,ACC_NORM_1392,22239.55,2026-08-27T16:00:59,,,0,,,
TXN-0008739,ACC_VIC_0574,ACC_MULE_0348,128106.87,2026-08-27T16:09:38,28.551143,77.16178,1,2026-08-27T16:28:46,ATM_BOB_094,10.59
TXN-0008740,ACC_VIC_0057,ACC_MULE_0339,110772.46,2026-08-27T16:18:16,28.701356,77.1234,1,2026-08-27T16:38:01,ATM_ICICI_142,0.71
TXN-0008741,ACC_NORM_2978,ACC_NORM_2618,8070.92,2026-08-27T16:26:55,,,0,,,
TXN-0008742,ACC_NORM_0400,ACC_NORM_2363,8936.44,2026-08-27T16:35:33,,,0,,,
TXN-0008743,ACC_VIC_1330,ACC_MULE_0270,64675.19,2026-08-27T16:44:11,28.712035,77.132388,1,2026-08-27T17:02:22,ATM_ICICI_142,4.59
TXN-0008744,ACC_VIC_0228,ACC_MULE_0287,210454.52,2026-08-27T16:52:50,28.525337,77.201046,1,,,
TXN-0008745,ACC_NORM_0337,ACC_NORM_2410,14868.48,2026-08-27T17:01:28,,,0,,,
TXN-0008746,ACC_VIC_0007,ACC_MULE_0577,234153.87,2026-08-27T17:10:07,28.644012,77.218891,1,2026-08-27T17:41:14,ATM_ICICI_004,5.94
TXN-0008747,ACC_NORM_1173,ACC_NORM_0022,2645.27,2026-08-27T17:18:45,,,0,,,
TXN-0008748,ACC_NORM_0348,ACC_NORM_0951,7660.74,2026-08-27T17:27:23,,,0,,,
TXN-0008749,ACC_VIC_0187,ACC_MULE_0399,136328.89,2026-08-27T17:36:02,28.558712,77.244798,1,,,
TXN-0008750,ACC_VIC_0526,ACC_MULE_0381,186473.11,2026-08-27T17:44:40,28.715625,77.126471,1,2026-08-27T18:17:17,ATM_HDFC_130,4.79
TXN-0008751,ACC_VIC_0778,ACC_MULE_0173,87719.46,2026-08-27T17:53:19,28.644169,77.217228,1,2026-08-27T18:06:12,ATM_HDFC_001,3.02
TXN-0008752,ACC_NORM_0380,ACC_NORM_0052,21612.9,2026-08-27T18:01:57,,,0,,,
TXN-0008753,ACC_NORM_0810,ACC_NORM_1875,6760.05,2026-08-27T18:10:35,,,0,,,
TXN-0008754,ACC_NORM_2646,ACC_NORM_1586,3565.22,2026-08-27T18:19:14,,,0,,,
TXN-0008755,ACC_NORM_2970,ACC_NORM_2773,6520.05,2026-08-27T18:27:52,,,0,,,
TXN-0008756,ACC_VIC_1268,ACC_MULE_0534,87470.29,2026-08-27T18:36:31,28.563443,77.25562,1,2026-08-27T18:51:43,ATM_BOB_046,5.48
TXN-0008757,ACC_NORM_0975,ACC_NORM_0683,24530.17,2026-08-27T18:45:09,,,0,,,
TXN-0008758,ACC_NORM_0092,ACC_NORM_0285,878.52,2026-08-27T18:53:47,,,0,,,
TXN-0008759,ACC_NORM_0746,ACC_NORM_1385,14137.59,2026-08-27T19:02:26,,,0,,,
TXN-0008760,ACC_NORM_2179,ACC_NORM_0171,12129.66,2026-08-27T19:11:04,,,0,,,
TXN-0008761,ACC_NORM_0192,ACC_NORM_1264,15220.72,2026-08-27T19:19:43,,,0,,,
TXN-0008762,ACC_VIC_0545,ACC_MULE_0162,204748.94,2026-08-27T19:28:21,28.684367,77.28354,1,2026-08-27T19:41:43,ATM_HDFC_170,2.37
TXN-0008763,ACC_NORM_2687,ACC_NORM_0247,4740.4,2026-08-27T19:36:59,,,0,,,
TXN-0008764,ACC_VIC_0603,ACC_MULE_0392,176547.81,2026-08-27T19:45:38,28.531446,77.24032,1,2026-08-27T20:00:00,ATM_ICICI_068,2.89
TXN-0008765,ACC_NORM_0143,ACC_NORM_2506,24777.7,2026-08-27T19:54:16,,,0,,,
TXN-0008766,ACC_VIC_0293,ACC_MULE_0050,123694.65,2026-08-27T20:02:55,28.657763,77.302814,1,2026-08-27T20:20:51,ATM_BOB_146,11.55
TXN-0008767,ACC_NORM_2972,ACC_NORM_1530,12076.7,2026-08-27T20:11:33,,,0,,,
TXN-0008768,ACC_MULE_0421,ACC_MULE_0236,122820.55,2026-08-27T20:20:11,28.69102,77.130705,2,2026-08-27T20:36:50,ATM_AXIS_128,6.24
TXN-0008769,ACC_VIC_0540,ACC_MULE_0428,72516.27,2026-08-27T20:28:50,28.616919,77.230895,1,,,
TXN-0008770,ACC_NORM_1011,ACC_NORM_0639,15194.46,2026-08-27T20:37:28,,,0,,,
TXN-0008771,ACC_NORM_2433,ACC_NORM_2329,3884.24,2026-08-27T20:46:07,,,0,,,
TXN-0008772,ACC_NORM_1658,ACC_NORM_0751,19334.18,2026-08-27T20:54:45,,,0,,,
TXN-0008773,ACC_NORM_1778,ACC_NORM_1779,13394.78,2026-08-27T21:03:23,,,0,,,
TXN-0008774,ACC_NORM_1177,ACC_NORM_1536,11213.98,2026-08-27T21:12:02,,,0,,,
TXN-0008775,ACC_NORM_0516,ACC_NORM_2691,11403.35,2026-08-27T21:20:40,,,0,,,
TXN-0008776,ACC_NORM_2589,ACC_NORM_1228,4507.46,2026-08-27T21:29:19,,,0,,,
TXN-0008777,ACC_NORM_0091,ACC_NORM_2961,6908.9,2026-08-27T21:37:57,,,0,,,
TXN-0008778,ACC_VIC_1474,ACC_MULE_0012,91227.46,2026-08-27T21:46:35,28.626871,77.324184,1,,,
TXN-0008779,ACC_VIC_1066,ACC_MULE_0435,136999.04,2026-08-27T21:55:14,28.627355,77.322151,1,2026-08-27T22:08:31,ATM_BOB_152,5.38
TXN-0008780,ACC_NORM_2587,ACC_NORM_0398,18681.99,2026-08-27T22:03:52,,,0,,,
TXN-0008781,ACC_NORM_2239,ACC_NORM_0263,16968.5,2026-08-27T22:12:31,,,0,,,
TXN-0008782,ACC_NORM_1727,ACC_NORM_1465,20407.26,2026-08-27T22:21:09,,,0,,,
TXN-0008783,ACC_NORM_0310,ACC_NORM_2541,11691.68,2026-08-27T22:29:47,,,0,,,
TXN-0008784,ACC_VIC_0416,ACC_MULE_0331,159945.42,2026-08-27T22:38:26,28.700707,77.149733,1,2026-08-27T23:00:27,ATM_AXIS_143,6.32
TXN-0008785,ACC_NORM_2156,ACC_NORM_0410,1670.93,2026-08-27T22:47:04,,,0,,,
TXN-0008786,ACC_VIC_1416,ACC_MULE_0282,117605.61,2026-08-27T22:55:43,28.718405,77.12842,1,2026-08-27T23:15:33,ATM_SBI_141,6.09
TXN-0008787,ACC_VIC_0196,ACC_MULE_0360,175890.51,2026-08-27T23:04:21,28.527679,77.249452,1,2026-08-27T23:26:08,ATM_PNB_064,7.87
TXN-0008788,ACC_NORM_2754,ACC_NORM_0845,9913.75,2026-08-27T23:12:59,,,0,,,
TXN-0008789,ACC_NORM_2804,ACC_NORM_0728,20371.19,2026-08-27T23:21:38,,,0,,,
TXN-0008790,ACC_NORM_1350,ACC_NORM_0069,21081.06,2026-08-27T23:30:16,,,0,,,
TXN-0008791,ACC_NORM_0821,ACC_NORM_2783,20282.43,2026-08-27T23:38:55,,,0,,,
TXN-0008792,ACC_NORM_0567,ACC_NORM_2552,21457.52,2026-08-27T23:47:33,,,0,,,
TXN-0008793,ACC_NORM_2901,ACC_NORM_1333,4966.68,2026-08-27T23:56:11,,,0,,,
TXN-0008794,ACC_NORM_2797,ACC_NORM_0849,24686.97,2026-08-28T00:04:50,,,0,,,
TXN-0008795,ACC_VIC_0599,ACC_MULE_0193,156867.21,2026-08-28T00:13:28,28.545072,77.15726,1,2026-08-28T00:45:38,ATM_BOB_094,8.29
TXN-0008796,ACC_MULE_0057,ACC_MULE_0589,219263.58,2026-08-28T00:22:07,28.639613,77.199065,2,,,
TXN-0008797,ACC_NORM_0506,ACC_NORM_0088,2165.1,2026-08-28T00:30:45,,,0,,,
TXN-0008798,ACC_NORM_2634,ACC_NORM_0950,18428.65,2026-08-28T00:39:23,,,0,,,
TXN-0008799,ACC_NORM_0516,ACC_NORM_1323,4869.28,2026-08-28T00:48:02,,,0,,,
TXN-0008800,ACC_VIC_1208,ACC_MULE_0165,219512.27,2026-08-28T00:56:40,28.661172,77.300555,1,2026-08-28T01:14:22,ATM_BOB_167,4.03
TXN-0008801,ACC_NORM_2632,ACC_NORM_1578,8155.96,2026-08-28T01:05:19,,,0,,,
TXN-0008802,ACC_NORM_2860,ACC_NORM_1393,10713.83,2026-08-28T01:13:57,,,0,,,
TXN-0008803,ACC_VIC_1133,ACC_MULE_0319,51222.05,2026-08-28T01:22:35,28.642361,77.191435,1,2026-08-28T01:30:28,ATM_AXIS_010,1.95
TXN-0008804,ACC_NORM_0592,ACC_NORM_0623,1931.14,2026-08-28T01:31:14,,,0,,,
TXN-0008805,ACC_VIC_1152,ACC_MULE_0588,225780.19,2026-08-28T01:39:52,28.593453,77.03263,1,2026-08-28T01:52:35,ATM_AXIS_101,3.28
TXN-0008806,ACC_NORM_0370,ACC_NORM_2219,7128.39,2026-08-28T01:48:31,,,0,,,
TXN-0008807,ACC_NORM_1675,ACC_NORM_1508,22784.69,2026-08-28T01:57:09,,,0,,,
TXN-0008808,ACC_NORM_1933,ACC_NORM_2898,23695.23,2026-08-28T02:05:47,,,0,,,
TXN-0008809,ACC_NORM_2100,ACC_NORM_1799,9936.82,2026-08-28T02:14:26,,,0,,,
TXN-0008810,ACC_NORM_2418,ACC_NORM_2071,7583.36,2026-08-28T02:23:04,,,0,,,
TXN-0008811,ACC_VIC_1075,ACC_MULE_0290,102691.07,2026-08-28T02:31:43,28.632126,77.205782,1,,,
TXN-0008812,ACC_NORM_1774,ACC_NORM_0573,13537.85,2026-08-28T02:40:21,,,0,,,
TXN-0008813,ACC_NORM_2080,ACC_NORM_1103,8090.79,2026-08-28T02:48:59,,,0,,,
TXN-0008814,ACC_NORM_1638,ACC_NORM_0872,20951.76,2026-08-28T02:57:38,,,0,,,
TXN-0008815,ACC_NORM_1744,ACC_NORM_0861,1832.36,2026-08-28T03:06:16,,,0,,,
TXN-0008816,ACC_NORM_0122,ACC_NORM_2813,18074.86,2026-08-28T03:14:55,,,0,,,
TXN-0008817,ACC_NORM_2746,ACC_NORM_1783,21728.11,2026-08-28T03:23:33,,,0,,,
TXN-0008818,ACC_MULE_0190,ACC_MULE_0467,114604.11,2026-08-28T03:32:11,28.595233,77.040218,2,2026-08-28T03:51:16,ATM_PNB_102,4.78
TXN-0008819,ACC_NORM_2449,ACC_NORM_1526,18845.87,2026-08-28T03:40:50,,,0,,,
TXN-0008820,ACC_NORM_0987,ACC_NORM_0085,8522.84,2026-08-28T03:49:28,,,0,,,
TXN-0008821,ACC_NORM_0271,ACC_NORM_2696,13185.28,2026-08-28T03:58:07,,,0,,,
TXN-0008822,ACC_NORM_0771,ACC_NORM_0258,1656.38,2026-08-28T04:06:45,,,0,,,
TXN-0008823,ACC_NORM_2826,ACC_NORM_0007,2627.46,2026-08-28T04:15:23,,,0,,,
TXN-0008824,ACC_NORM_1814,ACC_NORM_2921,19317.88,2026-08-28T04:24:02,,,0,,,
TXN-0008825,ACC_NORM_0661,ACC_NORM_0234,17960.7,2026-08-28T04:32:40,,,0,,,
TXN-0008826,ACC_NORM_2890,ACC_NORM_2474,11162.41,2026-08-28T04:41:19,,,0,,,
TXN-0008827,ACC_NORM_0610,ACC_NORM_2688,19830.18,2026-08-28T04:49:57,,,0,,,
TXN-0008828,ACC_VIC_0605,ACC_MULE_0209,70437.85,2026-08-28T04:58:35,28.633132,77.323579,1,2026-08-28T05:27:48,ATM_PNB_160,12.01
TXN-0008829,ACC_NORM_1240,ACC_NORM_2958,20766.61,2026-08-28T05:07:14,,,0,,,
TXN-0008830,ACC_NORM_2117,ACC_NORM_1112,13813.35,2026-08-28T05:15:52,,,0,,,
TXN-0008831,ACC_MULE_0442,ACC_MULE_0571,193837.48,2026-08-28T05:24:31,28.573181,77.042964,2,2026-08-28T05:51:39,ATM_AXIS_101,9.74
TXN-0008832,ACC_NORM_1310,ACC_NORM_2307,2651.83,2026-08-28T05:33:09,,,0,,,
TXN-0008833,ACC_NORM_2030,ACC_NORM_0035,2012.6,2026-08-28T05:41:47,,,0,,,
TXN-0008834,ACC_VIC_1128,ACC_MULE_0015,112608.46,2026-08-28T05:50:26,28.54994,77.13289,1,2026-08-28T06:16:01,ATM_BOB_094,9.99
TXN-0008835,ACC_NORM_0877,ACC_NORM_1268,21885.52,2026-08-28T05:59:04,,,0,,,
TXN-0008836,ACC_NORM_2453,ACC_NORM_2010,15470.77,2026-08-28T06:07:43,,,0,,,
TXN-0008837,ACC_NORM_1235,ACC_NORM_1129,17452.25,2026-08-28T06:16:21,,,0,,,
TXN-0008838,ACC_MULE_0118,ACC_MULE_0402,141340.2,2026-08-28T06:24:59,28.656316,77.30534,2,,,
TXN-0008839,ACC_VIC_0783,ACC_MULE_0162,161754.77,2026-08-28T06:33:38,28.684367,77.28354,1,2026-08-28T06:44:37,ATM_HDFC_170,2.37
TXN-0008840,ACC_NORM_0386,ACC_NORM_2419,23452.27,2026-08-28T06:42:16,,,0,,,
TXN-0008841,ACC_NORM_0263,ACC_NORM_2308,21880.27,2026-08-28T06:50:55,,,0,,,
TXN-0008842,ACC_NORM_2126,ACC_NORM_2092,13369.41,2026-08-28T06:59:33,,,0,,,
TXN-0008843,ACC_NORM_2974,ACC_NORM_1699,22248.95,2026-08-28T07:08:11,,,0,,,
TXN-0008844,ACC_MULE_0318,ACC_MULE_0292,91841.73,2026-08-28T07:16:50,28.625493,77.301359,2,,,
TXN-0008845,ACC_NORM_2784,ACC_NORM_2798,11916.25,2026-08-28T07:25:28,,,0,,,
TXN-0008846,ACC_MULE_0495,ACC_MULE_0071,95395.01,2026-08-28T07:34:07,28.666123,77.295209,2,2026-08-28T07:45:22,ATM_BOB_167,1.87
TXN-0008847,ACC_NORM_1231,ACC_NORM_1355,12565.71,2026-08-28T07:42:45,,,0,,,
TXN-0008848,ACC_NORM_1534,ACC_NORM_2785,802.96,2026-08-28T07:51:23,,,0,,,
TXN-0008849,ACC_NORM_0129,ACC_NORM_1288,23092.37,2026-08-28T08:00:02,,,0,,,
TXN-0008850,ACC_VIC_0537,ACC_MULE_0153,243003.0,2026-08-28T08:08:40,28.686499,77.117832,1,2026-08-28T08:21:33,ATM_SBI_132,3.11
TXN-0008851,ACC_NORM_1639,ACC_NORM_0231,9321.26,2026-08-28T08:17:19,,,0,,,
TXN-0008852,ACC_VIC_0589,ACC_MULE_0458,57528.03,2026-08-28T08:25:57,28.650784,77.215449,1,2026-08-28T08:37:31,ATM_HDFC_007,5.52
TXN-0008853,ACC_NORM_0165,ACC_NORM_0605,9560.3,2026-08-28T08:34:35,,,0,,,
TXN-0008854,ACC_NORM_0728,ACC_NORM_0530,13881.66,2026-08-28T08:43:14,,,0,,,
TXN-0008855,ACC_NORM_1614,ACC_NORM_0196,2358.71,2026-08-28T08:51:52,,,0,,,
TXN-0008856,ACC_VIC_0815,ACC_MULE_0022,59055.29,2026-08-28T09:00:31,28.661062,77.182292,1,2026-08-28T09:20:40,ATM_UBI_016,5.32
TXN-0008857,ACC_NORM_1781,ACC_NORM_2876,24254.59,2026-08-28T09:09:09,,,0,,,
TXN-0008858,ACC_NORM_1011,ACC_NORM_0707,21015.05,2026-08-28T09:17:47,,,0,,,
TXN-0008859,ACC_NORM_0964,ACC_NORM_2049,5191.7,2026-08-28T09:26:26,,,0,,,
TXN-0008860,ACC_MULE_0433,ACC_MULE_0527,171290.62,2026-08-28T09:35:04,28.713956,77.140458,2,,,
TXN-0008861,ACC_NORM_2958,ACC_NORM_2726,8050.8,2026-08-28T09:43:43,,,0,,,
TXN-0008862,ACC_NORM_2092,ACC_NORM_1542,8754.59,2026-08-28T09:52:21,,,0,,,
TXN-0008863,ACC_NORM_0257,ACC_NORM_1646,23689.07,2026-08-28T10:00:59,,,0,,,
TXN-0008864,ACC_NORM_1892,ACC_NORM_2114,15411.31,2026-08-28T10:09:38,,,0,,,
TXN-0008865,ACC_VIC_0301,ACC_MULE_0288,234111.84,2026-08-28T10:18:16,28.548084,77.258085,1,2026-08-28T10:33:43,ATM_UBI_067,2.48
TXN-0008866,ACC_NORM_0438,ACC_NORM_1763,2325.41,2026-08-28T10:26:55,,,0,,,
TXN-0008867,ACC_NORM_0341,ACC_NORM_1694,924.4,2026-08-28T10:35:33,,,0,,,
TXN-0008868,ACC_VIC_0755,ACC_MULE_0131,172511.32,2026-08-28T10:44:11,28.606603,77.040184,1,2026-08-28T11:00:41,ATM_AXIS_101,1.5
TXN-0008869,ACC_NORM_1318,ACC_NORM_1366,12368.57,2026-08-28T10:52:50,,,0,,,
TXN-0008870,ACC_NORM_0053,ACC_NORM_0785,15301.07,2026-08-28T11:01:28,,,0,,,
TXN-0008871,ACC_VIC_0550,ACC_MULE_0105,106881.83,2026-08-28T11:10:07,28.611145,77.339163,1,2026-08-28T11:28:16,ATM_BOB_146,10.85
TXN-0008872,ACC_NORM_1808,ACC_NORM_1353,8205.24,2026-08-28T11:18:45,,,0,,,
TXN-0008873,ACC_NORM_2258,ACC_NORM_2641,13864.2,2026-08-28T11:27:23,,,0,,,
TXN-0008874,ACC_VIC_0949,ACC_MULE_0517,192975.33,2026-08-28T11:36:02,28.639274,77.313685,1,2026-08-28T11:48:08,ATM_UBI_150,6.17
TXN-0008875,ACC_NORM_2293,ACC_NORM_2040,14033.82,2026-08-28T11:44:40,,,0,,,
TXN-0008876,ACC_VIC_0800,ACC_MULE_0497,86059.84,2026-08-28T11:53:19,28.572002,77.034111,1,2026-08-28T12:13:29,ATM_AXIS_104,4.2
TXN-0008877,ACC_NORM_1912,ACC_NORM_1399,5795.48,2026-08-28T12:01:57,,,0,,,
TXN-0008878,ACC_NORM_1919,ACC_NORM_2386,14213.71,2026-08-28T12:10:35,,,0,,,
TXN-0008879,ACC_NORM_2132,ACC_NORM_0669,21561.66,2026-08-28T12:19:14,,,0,,,
TXN-0008880,ACC_NORM_1525,ACC_NORM_2357,2110.13,2026-08-28T12:27:52,,,0,,,
TXN-0008881,ACC_NORM_1120,ACC_NORM_0697,1239.4,2026-08-28T12:36:31,,,0,,,
TXN-0008882,ACC_MULE_0154,ACC_MULE_0035,92876.29,2026-08-28T12:45:09,28.630198,77.226643,2,2026-08-28T12:55:53,ATM_HDFC_007,1.83
TXN-0008883,ACC_NORM_0203,ACC_NORM_2598,19196.93,2026-08-28T12:53:47,,,0,,,
TXN-0008884,ACC_VIC_0610,ACC_MULE_0570,51446.2,2026-08-28T13:02:26,28.651917,77.207641,1,2026-08-28T13:20:18,ATM_UBI_016,4.93
TXN-0008885,ACC_NORM_1530,ACC_NORM_0356,3427.77,2026-08-28T13:11:04,,,0,,,
TXN-0008886,ACC_VIC_1401,ACC_MULE_0291,119351.62,2026-08-28T13:19:43,28.573339,77.035929,1,2026-08-28T13:30:43,ATM_AXIS_108,5.33
TXN-0008887,ACC_NORM_2364,ACC_NORM_0644,11485.88,2026-08-28T13:28:21,,,0,,,
TXN-0008888,ACC_NORM_2487,ACC_NORM_1292,7438.38,2026-08-28T13:36:59,,,0,,,
TXN-0008889,ACC_NORM_0082,ACC_NORM_1256,18547.51,2026-08-28T13:45:38,,,0,,,
TXN-0008890,ACC_MULE_0339,ACC_MULE_0402,54072.26,2026-08-28T13:54:16,28.656316,77.30534,2,2026-08-28T14:08:18,ATM_HDFC_170,8.61
TXN-0008891,ACC_VIC_1078,ACC_MULE_0585,230539.55,2026-08-28T14:02:55,28.720563,77.11882,1,2026-08-28T14:19:10,ATM_SBI_141,4.86
TXN-0008892,ACC_NORM_1555,ACC_NORM_2377,20624.6,2026-08-28T14:11:33,,,0,,,
TXN-0008893,ACC_NORM_2046,ACC_NORM_1361,9743.96,2026-08-28T14:20:11,,,0,,,
TXN-0008894,ACC_VIC_1442,ACC_MULE_0399,100030.81,2026-08-28T14:28:50,28.558712,77.244798,1,2026-08-28T14:54:29,ATM_SBI_047,3.44
TXN-0008895,ACC_NORM_1060,ACC_NORM_0209,24366.84,2026-08-28T14:37:28,,,0,,,
TXN-0008896,ACC_VIC_0165,ACC_MULE_0097,139632.18,2026-08-28T14:46:07,28.652815,77.308392,1,,,
TXN-0008897,ACC_NORM_1085,ACC_NORM_0676,1626.71,2026-08-28T14:54:45,,,0,,,
TXN-0008898,ACC_NORM_2699,ACC_NORM_0921,9853.65,2026-08-28T15:03:23,,,0,,,
TXN-0008899,ACC_VIC_1046,ACC_MULE_0016,157132.12,2026-08-28T15:12:02,28.584076,77.227153,1,2026-08-28T15:34:22,ATM_SBI_047,6.86
TXN-0008900,ACC_VIC_0475,ACC_MULE_0303,163514.92,2026-08-28T15:20:40,28.596125,77.032914,1,2026-08-28T15:32:14,ATM_AXIS_101,2.46
TXN-0008901,ACC_VIC_0261,ACC_MULE_0489,78829.47,2026-08-28T15:29:19,28.727881,77.137992,1,2026-08-28T15:52:55,ATM_SBI_132,12.85
TXN-0008902,ACC_NORM_1736,ACC_NORM_0846,17054.89,2026-08-28T15:37:57,,,0,,,
TXN-0008903,ACC_NORM_1108,ACC_NORM_1856,12294.22,2026-08-28T15:46:35,,,0,,,
TXN-0008904,ACC_NORM_0118,ACC_NORM_2420,604.14,2026-08-28T15:55:14,,,0,,,
TXN-0008905,ACC_NORM_0165,ACC_NORM_1076,14230.88,2026-08-28T16:03:52,,,0,,,
TXN-0008906,ACC_VIC_1103,ACC_MULE_0536,84380.59,2026-08-28T16:12:31,28.6335,77.170266,1,2026-08-28T16:33:34,ATM_UBI_016,7.26
TXN-0008907,ACC_NORM_2994,ACC_NORM_0544,5888.75,2026-08-28T16:21:09,,,0,,,
TXN-0008908,ACC_VIC_0022,ACC_MULE_0581,231654.97,2026-08-28T16:29:47,28.664761,77.281279,1,2026-08-28T16:48:57,ATM_HDFC_170,4.42
TXN-0008909,ACC_VIC_0432,ACC_MULE_0110,54349.21,2026-08-28T16:38:26,28.52858,77.259297,1,2026-08-28T16:57:55,ATM_SBI_072,9.25
TXN-0008910,ACC_NORM_1566,ACC_NORM_1322,20786.23,2026-08-28T16:47:04,,,0,,,
TXN-0008911,ACC_NORM_0017,ACC_NORM_1738,20961.84,2026-08-28T16:55:43,,,0,,,
TXN-0008912,ACC_NORM_2432,ACC_NORM_0803,6667.51,2026-08-28T17:04:21,,,0,,,
TXN-0008913,ACC_MULE_0501,ACC_MULE_0036,204404.93,2026-08-28T17:12:59,28.610238,77.303453,2,2026-08-28T17:31:33,ATM_PNB_160,6.37
TXN-0008914,ACC_VIC_1455,ACC_MULE_0018,249417.19,2026-08-28T17:21:38,28.577863,77.059964,1,2026-08-28T17:36:07,ATM_PNB_102,3.91
TXN-0008915,ACC_NORM_0881,ACC_NORM_1524,20127.3,2026-08-28T17:30:16,,,0,,,
TXN-0008916,ACC_VIC_1379,ACC_MULE_0416,84897.99,2026-08-28T17:38:55,28.557808,77.140332,1,2026-08-28T18:07:26,ATM_BOB_094,11.9
TXN-0008917,ACC_NORM_1839,ACC_NORM_0450,5570.9,2026-08-28T17:47:33,,,0,,,
TXN-0008918,ACC_VIC_0357,ACC_MULE_0151,199434.72,2026-08-28T17:56:11,28.57373,77.059051,1,2026-08-28T18:15:05,ATM_AXIS_103,7.38
TXN-0008919,ACC_NORM_1842,ACC_NORM_0253,19803.14,2026-08-28T18:04:50,,,0,,,
TXN-0008920,ACC_NORM_0338,ACC_NORM_0630,12954.25,2026-08-28T18:13:28,,,0,,,
TXN-0008921,ACC_NORM_1012,ACC_NORM_0614,17017.82,2026-08-28T18:22:07,,,0,,,
TXN-0008922,ACC_NORM_0634,ACC_NORM_1306,24445.81,2026-08-28T18:30:45,,,0,,,
TXN-0008923,ACC_NORM_2180,ACC_NORM_0786,16936.27,2026-08-28T18:39:23,,,0,,,
TXN-0008924,ACC_VIC_0878,ACC_MULE_0554,53271.37,2026-08-28T18:48:02,28.63617,77.308748,1,2026-08-28T19:05:26,ATM_UBI_150,4.58
TXN-0008925,ACC_NORM_1651,ACC_NORM_1776,15542.43,2026-08-28T18:56:40,,,0,,,
TXN-0008926,ACC_NORM_1832,ACC_NORM_1796,15133.54,2026-08-28T19:05:19,,,0,,,
TXN-0008927,ACC_VIC_0727,ACC_MULE_0349,128763.72,2026-08-28T19:13:57,28.73,77.111048,1,,,
TXN-0008928,ACC_VIC_0140,ACC_MULE_0333,124677.01,2026-08-28T19:22:35,28.602643,77.321707,1,,,
TXN-0008929,ACC_NORM_0477,ACC_NORM_0497,17392.74,2026-08-28T19:31:14,,,0,,,
TXN-0008930,ACC_NORM_0604,ACC_NORM_0703,977.79,2026-08-28T19:39:52,,,0,,,
TXN-0008931,ACC_NORM_0922,ACC_NORM_1711,5742.65,2026-08-28T19:48:31,,,0,,,
TXN-0008932,ACC_MULE_0400,ACC_MULE_0187,215527.34,2026-08-28T19:57:09,28.669442,77.179095,2,2026-08-28T20:11:00,ATM_BOB_012,5.1
TXN-0008933,ACC_VIC_0558,ACC_MULE_0144,189573.12,2026-08-28T20:05:47,28.61105,77.298229,1,2026-08-28T20:31:01,ATM_UBI_150,4.15
TXN-0008934,ACC_NORM_2645,ACC_NORM_0275,3601.09,2026-08-28T20:14:26,,,0,,,
TXN-0008935,ACC_NORM_0830,ACC_NORM_2755,22035.79,2026-08-28T20:23:04,,,0,,,
TXN-0008936,ACC_NORM_2757,ACC_NORM_0398,3048.16,2026-08-28T20:31:43,,,0,,,
TXN-0008937,ACC_NORM_0215,ACC_NORM_2009,20228.35,2026-08-28T20:40:21,,,0,,,
TXN-0008938,ACC_MULE_0305,ACC_MULE_0419,94471.56,2026-08-28T20:48:59,28.607984,77.055055,2,2026-08-28T20:58:57,ATM_AXIS_103,4.62
TXN-0008939,ACC_VIC_0189,ACC_MULE_0140,162727.51,2026-08-28T20:57:38,28.602415,77.331769,1,,,
TXN-0008940,ACC_NORM_2605,ACC_NORM_0536,21714.35,2026-08-28T21:06:16,,,0,,,
TXN-0008941,ACC_NORM_1756,ACC_NORM_2318,7260.6,2026-08-28T21:14:55,,,0,,,
TXN-0008942,ACC_NORM_2830,ACC_NORM_2016,19187.83,2026-08-28T21:23:33,,,0,,,
TXN-0008943,ACC_VIC_1317,ACC_MULE_0479,230632.26,2026-08-28T21:32:11,28.712485,77.12036,1,2026-08-28T22:00:21,ATM_SBI_141,3.13
TXN-0008944,ACC_NORM_2952,ACC_NORM_2172,22947.95,2026-08-28T21:40:50,,,0,,,
TXN-0008945,ACC_NORM_2576,ACC_NORM_0397,16180.33,2026-08-28T21:49:28,,,0,,,
TXN-0008946,ACC_NORM_2946,ACC_NORM_1512,11031.49,2026-08-28T21:58:07,,,0,,,
TXN-0008947,ACC_MULE_0325,ACC_MULE_0005,108611.03,2026-08-28T22:06:45,28.582553,77.239595,2,2026-08-28T22:22:10,ATM_PNB_052,5.85
TXN-0008948,ACC_VIC_0972,ACC_MULE_0232,116051.16,2026-08-28T22:15:23,28.700281,77.118178,1,,,
TXN-0008949,ACC_NORM_1778,ACC_NORM_1836,12095.82,2026-08-28T22:24:02,,,0,,,
TXN-0008950,ACC_MULE_0525,ACC_MULE_0207,111000.24,2026-08-28T22:32:40,28.61187,77.290621,2,2026-08-28T22:44:12,ATM_UBI_150,4.79
TXN-0008951,ACC_NORM_0384,ACC_NORM_1037,8024.34,2026-08-28T22:41:19,,,0,,,
TXN-0008952,ACC_MULE_0034,ACC_MULE_0295,214681.17,2026-08-28T22:49:57,28.540035,77.229206,2,2026-08-28T23:01:24,ATM_ICICI_068,4.77
TXN-0008953,ACC_VIC_0528,ACC_MULE_0552,163295.8,2026-08-28T22:58:35,28.664857,77.29072,1,2026-08-28T23:24:43,ATM_HDFC_170,4.24
TXN-0008954,ACC_NORM_0435,ACC_NORM_0527,22646.97,2026-08-28T23:07:14,,,0,,,
TXN-0008955,ACC_VIC_1373,ACC_MULE_0451,176742.1,2026-08-28T23:15:52,28.710895,77.118197,1,2026-08-28T23:34:13,ATM_UBI_139,2.12
TXN-0008956,ACC_MULE_0458,ACC_MULE_0155,238593.39,2026-08-28T23:24:31,28.642411,77.234861,2,2026-08-28T23:34:43,ATM_HDFC_007,4.04
TXN-0008957,ACC_NORM_0728,ACC_NORM_1123,14333.64,2026-08-28T23:33:09,,,0,,,
TXN-0008958,ACC_NORM_2102,ACC_NORM_2722,21126.5,2026-08-28T23:41:47,,,0,,,
TXN-0008959,ACC_NORM_2961,ACC_NORM_2180,22592.86,2026-08-28T23:50:26,,,0,,,
TXN-0008960,ACC_MULE_0019,ACC_MULE_0222,104606.24,2026-08-28T23:59:04,28.539127,77.200688,2,2026-08-29T00:08:15,ATM_HDFC_086,2.98
TXN-0008961,ACC_NORM_1921,ACC_NORM_1853,2399.96,2026-08-29T00:07:43,,,0,,,
TXN-0008962,ACC_NORM_0887,ACC_NORM_1059,823.63,2026-08-29T00:16:21,,,0,,,
TXN-0008963,ACC_NORM_0750,ACC_NORM_2858,11624.84,2026-08-29T00:24:59,,,0,,,
TXN-0008964,ACC_NORM_1110,ACC_NORM_0277,19265.27,2026-08-29T00:33:38,,,0,,,
TXN-0008965,ACC_NORM_2582,ACC_NORM_1819,13152.14,2026-08-29T00:42:16,,,0,,,
TXN-0008966,ACC_VIC_1004,ACC_MULE_0349,176852.01,2026-08-29T00:50:55,28.73,77.111048,1,,,
TXN-0008967,ACC_NORM_0277,ACC_NORM_0958,14935.14,2026-08-29T00:59:33,,,0,,,
TXN-0008968,ACC_NORM_0952,ACC_NORM_2144,7128.09,2026-08-29T01:08:11,,,0,,,
TXN-0008969,ACC_VIC_0233,ACC_MULE_0484,105125.51,2026-08-29T01:16:50,28.563689,77.237685,1,2026-08-29T01:40:54,ATM_PNB_056,1.65
TXN-0008970,ACC_NORM_1956,ACC_NORM_1341,17708.53,2026-08-29T01:25:28,,,0,,,
TXN-0008971,ACC_NORM_2229,ACC_NORM_0039,12164.18,2026-08-29T01:34:07,,,0,,,
TXN-0008972,ACC_VIC_0998,ACC_MULE_0307,169684.01,2026-08-29T01:42:45,28.533081,77.253527,1,2026-08-29T01:59:01,ATM_ICICI_068,2.82
TXN-0008973,ACC_NORM_1928,ACC_NORM_2349,19183.78,2026-08-29T01:51:23,,,0,,,
TXN-0008974,ACC_VIC_0355,ACC_MULE_0029,232703.27,2026-08-29T02:00:02,28.544787,77.140471,1,,,
TXN-0008975,ACC_NORM_0661,ACC_NORM_1492,7090.38,2026-08-29T02:08:40,,,0,,,
TXN-0008976,ACC_NORM_2000,ACC_NORM_1582,5236.25,2026-08-29T02:17:19,,,0,,,
TXN-0008977,ACC_NORM_1085,ACC_NORM_2835,1455.32,2026-08-29T02:25:57,,,0,,,
TXN-0008978,ACC_NORM_0378,ACC_NORM_1614,20781.94,2026-08-29T02:34:35,,,0,,,
TXN-0008979,ACC_VIC_1446,ACC_MULE_0559,143639.76,2026-08-29T02:43:14,28.64573,77.206167,1,,,
TXN-0008980,ACC_NORM_0601,ACC_NORM_1108,5008.6,2026-08-29T02:51:52,,,0,,,
TXN-0008981,ACC_MULE_0306,ACC_MULE_0509,245158.33,2026-08-29T03:00:31,28.567136,77.252322,2,2026-08-29T03:13:14,ATM_PNB_052,1.05
TXN-0008982,ACC_VIC_1317,ACC_MULE_0434,81716.62,2026-08-29T03:09:09,28.715924,77.099592,1,,,
TXN-0008983,ACC_VIC_0785,ACC_MULE_0589,131924.44,2026-08-29T03:17:47,28.639613,77.199065,1,2026-08-29T03:38:30,ATM_ICICI_004,4.58
TXN-0008984,ACC_NORM_1234,ACC_NORM_1462,8936.31,2026-08-29T03:26:26,,,0,,,
TXN-0008985,ACC_NORM_1818,ACC_NORM_0112,20148.73,2026-08-29T03:35:04,,,0,,,
TXN-0008986,ACC_VIC_0969,ACC_MULE_0170,200937.13,2026-08-29T03:43:43,28.582543,77.031102,1,2026-08-29T04:09:57,ATM_AXIS_101,6.77
TXN-0008987,ACC_NORM_0426,ACC_NORM_2562,1698.25,2026-08-29T03:52:21,,,0,,,
TXN-0008988,ACC_NORM_2544,ACC_NORM_1713,2200.08,2026-08-29T04:00:59,,,0,,,
TXN-0008989,ACC_MULE_0269,ACC_MULE_0070,177828.96,2026-08-29T04:09:38,28.600094,77.031002,2,2026-08-29T04:21:38,ATM_AXIS_101,1.89
TXN-0008990,ACC_NORM_0743,ACC_NORM_1350,14414.2,2026-08-29T04:18:16,,,0,,,
TXN-0008991,ACC_MULE_0024,ACC_MULE_0268,79197.49,2026-08-29T04:26:55,28.671192,77.170786,2,2026-08-29T04:50:43,ATM_HDFC_035,12.38
TXN-0008992,ACC_NORM_2168,ACC_NORM_1791,16855.86,2026-08-29T04:35:33,,,0,,,
TXN-0008993,ACC_NORM_0904,ACC_NORM_1910,10328.65,2026-08-29T04:44:11,,,0,,,
TXN-0008994,ACC_NORM_0506,ACC_NORM_1243,6622.69,2026-08-29T04:52:50,,,0,,,
TXN-0008995,ACC_MULE_0400,ACC_MULE_0453,141457.16,2026-08-29T05:01:28,28.581104,77.069827,2,,,
TXN-0008996,ACC_VIC_1430,ACC_MULE_0292,229385.19,2026-08-29T05:10:07,28.625493,77.301359,1,,,
TXN-0008997,ACC_NORM_1412,ACC_NORM_0517,6094.58,2026-08-29T05:18:45,,,0,,,
TXN-0008998,ACC_NORM_1108,ACC_NORM_1053,2691.72,2026-08-29T05:27:23,,,0,,,
TXN-0008999,ACC_NORM_2852,ACC_NORM_2287,10586.92,2026-08-29T05:36:02,,,0,,,
TXN-0009000,ACC_NORM_0640,ACC_NORM_1636,17231.72,2026-08-29T05:44:40,,,0,,,
TXN-0009001,ACC_VIC_1285,ACC_MULE_0190,172549.09,2026-08-29T05:53:19,28.572739,77.031343,1,2026-08-29T06:26:52,ATM_UBI_100,9.19
TXN-0009002,ACC_VIC_1193,ACC_MULE_0360,62504.53,2026-08-29T06:01:57,28.527679,77.249452,1,2026-08-29T06:28:00,ATM_HDFC_086,11.41
TXN-0009003,ACC_VIC_1005,ACC_MULE_0419,55186.54,2026-08-29T06:10:35,28.607984,77.055055,1,,,
TXN-0009004,ACC_VIC_1327,ACC_MULE_0115,122960.34,2026-08-29T06:19:14,28.671372,77.272802,1,,,
TXN-0009005,ACC_NORM_0801,ACC_NORM_2720,11164.4,2026-08-29T06:27:52,,,0,,,
TXN-0009006,ACC_MULE_0406,ACC_MULE_0112,217432.65,2026-08-29T06:36:31,28.691292,77.115846,2,,,
TXN-0009007,ACC_NORM_0276,ACC_NORM_1316,4889.87,2026-08-29T06:45:09,,,0,,,
TXN-0009008,ACC_MULE_0400,ACC_MULE_0288,162259.87,2026-08-29T06:53:47,28.548084,77.258085,2,2026-08-29T07:19:46,ATM_HDFC_070,7.78
TXN-0009009,ACC_VIC_1154,ACC_MULE_0190,221141.29,2026-08-29T07:02:26,28.572739,77.031343,1,2026-08-29T07:17:31,ATM_AXIS_103,8.6
TXN-0009010,ACC_NORM_2128,ACC_NORM_0785,16229.59,2026-08-29T07:11:04,,,0,,,
TXN-0009011,ACC_VIC_0709,ACC_MULE_0132,99305.51,2026-08-29T07:19:43,28.703613,77.113556,1,2026-08-29T07:32:12,ATM_ICICI_142,2.16
TXN-0009012,ACC_VIC_1166,ACC_MULE_0489,89274.95,2026-08-29T07:28:21,28.727881,77.137992,1,2026-08-29T07:58:37,ATM_ICICI_142,9.64
TXN-0009013,ACC_NORM_2577,ACC_NORM_2416,849.45,2026-08-29T07:36:59,,,0,,,
TXN-0009014,ACC_VIC_1354,ACC_MULE_0337,197982.73,2026-08-29T07:45:38,28.698848,77.148253,1,2026-08-29T08:02:20,ATM_HDFC_130,6.85
TXN-0009015,ACC_VIC_0837,ACC_MULE_0580,249656.8,2026-08-29T07:54:16,28.69757,77.118788,1,2026-08-29T08:08:45,ATM_ICICI_142,1.52
TXN-0009016,ACC_NORM_0405,ACC_NORM_1000,24183.44,2026-08-29T08:02:55,,,0,,,
TXN-0009017,ACC_VIC_1124,ACC_MULE_0400,236960.54,2026-08-29T08:11:33,28.637563,77.319463,1,2026-08-29T08:34:45,ATM_BOB_146,6.91
TXN-0009018,ACC_MULE_0299,ACC_MULE_0584,51150.88,2026-08-29T08:20:11,28.619341,77.220988,2,2026-08-29T08:39:27,ATM_ICICI_004,4.51
TXN-0009019,ACC_NORM_2494,ACC_NORM_0114,10516.98,2026-08-29T08:28:50,,,0,,,
TXN-0009020,ACC_NORM_0961,ACC_NORM_2699,18812.73,2026-08-29T08:37:28,,,0,,,
TXN-0009021,ACC_VIC_0685,ACC_MULE_0346,143871.41,2026-08-29T08:46:07,28.613147,77.329567,1,2026-08-29T09:05:30,ATM_BOB_146,8.08
TXN-0009022,ACC_NORM_0053,ACC_NORM_0627,23318.4,2026-08-29T08:54:45,,,0,,,
TXN-0009023,ACC_VIC_1065,ACC_MULE_0180,192341.77,2026-08-29T09:03:23,28.543151,77.228039,1,2026-08-29T09:28:27,ATM_HDFC_086,5.84
TXN-0009024,ACC_MULE_0022,ACC_MULE_0206,165467.17,2026-08-29T09:12:02,28.61709,77.314284,2,2026-08-29T09:23:06,ATM_UBI_150,4.36
TXN-0009025,ACC_NORM_2775,ACC_NORM_2536,24519.98,2026-08-29T09:20:40,,,0,,,
TXN-0009026,ACC_VIC_0578,ACC_MULE_0411,152516.23,2026-08-29T09:29:19,28.530139,77.222592,1,2026-08-29T09:54:22,ATM_ICICI_068,7.2
TXN-0009027,ACC_NORM_2382,ACC_NORM_2668,5364.26,2026-08-29T09:37:57,,,0,,,
TXN-0009028,ACC_VIC_0174,ACC_MULE_0440,128308.12,2026-08-29T09:46:35,28.689197,77.28974,1,,,
TXN-0009029,ACC_NORM_2381,ACC_NORM_1265,9342.52,2026-08-29T09:55:14,,,0,,,
TXN-0009030,ACC_NORM_2079,ACC_NORM_2796,16221.82,2026-08-29T10:03:52,,,0,,,
TXN-0009031,ACC_NORM_0736,ACC_NORM_2466,16984.35,2026-08-29T10:12:31,,,0,,,
TXN-0009032,ACC_NORM_2207,ACC_NORM_1505,7998.44,2026-08-29T10:21:09,,,0,,,
TXN-0009033,ACC_MULE_0158,ACC_MULE_0465,167887.9,2026-08-29T10:29:47,28.63428,77.230542,2,2026-08-29T10:46:24,ATM_HDFC_035,12.49
TXN-0009034,ACC_NORM_1439,ACC_NORM_2159,6489.25,2026-08-29T10:38:26,,,0,,,
TXN-0009035,ACC_VIC_1037,ACC_MULE_0326,152498.52,2026-08-29T10:47:04,28.712449,77.130365,1,2026-08-29T11:04:46,ATM_ICICI_142,4.31
TXN-0009036,ACC_NORM_1574,ACC_NORM_2930,3765.93,2026-08-29T10:55:43,,,0,,,
TXN-0009037,ACC_NORM_0776,ACC_NORM_1932,20003.53,2026-08-29T11:04:21,,,0,,,
TXN-0009038,ACC_VIC_1053,ACC_MULE_0163,126378.03,2026-08-29T11:12:59,28.609268,77.309568,1,2026-08-29T11:33:19,ATM_UBI_150,5.27
TXN-0009039,ACC_NORM_2428,ACC_NORM_2953,3144.82,2026-08-29T11:21:38,,,0,,,
TXN-0009040,ACC_NORM_2126,ACC_NORM_0667,21876.56,2026-08-29T11:30:16,,,0,,,
TXN-0009041,ACC_VIC_1429,ACC_MULE_0053,210650.76,2026-08-29T11:38:55,28.71765,77.106008,1,,,
TXN-0009042,ACC_NORM_0269,ACC_NORM_1077,2693.8,2026-08-29T11:47:33,,,0,,,
TXN-0009043,ACC_VIC_0276,ACC_MULE_0455,95648.7,2026-08-29T11:56:11,28.571705,77.039501,1,2026-08-29T12:18:10,ATM_PNB_102,7.34
TXN-0009044,ACC_NORM_2706,ACC_NORM_0694,21550.2,2026-08-29T12:04:50,,,0,,,
TXN-0009045,ACC_NORM_2378,ACC_NORM_1295,7338.23,2026-08-29T12:13:28,,,0,,,
TXN-0009046,ACC_NORM_0620,ACC_NORM_0996,12954.81,2026-08-29T12:22:07,,,0,,,
TXN-0009047,ACC_VIC_1411,ACC_MULE_0280,181516.35,2026-08-29T12:30:45,28.719697,77.122138,1,2026-08-29T12:42:53,ATM_SBI_141,5.12
TXN-0009048,ACC_NORM_0003,ACC_NORM_2325,3862.88,2026-08-29T12:39:23,,,0,,,
TXN-0009049,ACC_NORM_1737,ACC_NORM_2982,21306.3,2026-08-29T12:48:02,,,0,,,
TXN-0009050,ACC_NORM_0752,ACC_NORM_2314,670.14,2026-08-29T12:56:40,,,0,,,
TXN-0009051,ACC_NORM_2165,ACC_NORM_0026,2158.8,2026-08-29T13:05:19,,,0,,,
TXN-0009052,ACC_NORM_2282,ACC_NORM_1813,9541.11,2026-08-29T13:13:57,,,0,,,
TXN-0009053,ACC_NORM_2339,ACC_NORM_2567,3381.07,2026-08-29T13:22:35,,,0,,,
TXN-0009054,ACC_NORM_2741,ACC_NORM_0646,24120.89,2026-08-29T13:31:14,,,0,,,
TXN-0009055,ACC_NORM_0683,ACC_NORM_0977,14754.98,2026-08-29T13:39:52,,,0,,,
TXN-0009056,ACC_NORM_2841,ACC_NORM_0114,24551.38,2026-08-29T13:48:31,,,0,,,
TXN-0009057,ACC_NORM_1556,ACC_NORM_0740,1977.52,2026-08-29T13:57:09,,,0,,,
TXN-0009058,ACC_VIC_0414,ACC_MULE_0365,242880.16,2026-08-29T14:05:47,28.689727,77.274274,1,2026-08-29T14:23:09,ATM_HDFC_170,5.27
TXN-0009059,ACC_NORM_0612,ACC_NORM_1944,8002.11,2026-08-29T14:14:26,,,0,,,
TXN-0009060,ACC_NORM_2737,ACC_NORM_1485,971.57,2026-08-29T14:23:04,,,0,,,
TXN-0009061,ACC_NORM_1630,ACC_NORM_1521,12678.47,2026-08-29T14:31:43,,,0,,,
TXN-0009062,ACC_NORM_1084,ACC_NORM_0871,13372.18,2026-08-29T14:40:21,,,0,,,
TXN-0009063,ACC_MULE_0562,ACC_MULE_0468,231147.65,2026-08-29T14:48:59,28.716727,77.128868,2,2026-08-29T14:57:59,ATM_AXIS_140,1.28
TXN-0009064,ACC_VIC_0955,ACC_MULE_0011,149556.7,2026-08-29T14:57:38,28.639829,77.297549,1,,,
TXN-0009065,ACC_NORM_0833,ACC_NORM_1103,22004.24,2026-08-29T15:06:16,,,0,,,
TXN-0009066,ACC_VIC_0531,ACC_MULE_0513,175599.34,2026-08-29T15:14:55,28.554758,77.140102,1,2026-08-29T15:41:15,ATM_BOB_094,10.94
TXN-0009067,ACC_NORM_1831,ACC_NORM_1810,18952.11,2026-08-29T15:23:33,,,0,,,
TXN-0009068,ACC_NORM_1567,ACC_NORM_1401,13706.24,2026-08-29T15:32:11,,,0,,,
TXN-0009069,ACC_MULE_0386,ACC_MULE_0073,134786.23,2026-08-29T15:40:50,28.595209,77.064355,2,2026-08-29T15:56:31,ATM_PNB_102,3.04
TXN-0009070,ACC_NORM_0344,ACC_NORM_1449,10220.19,2026-08-29T15:49:28,,,0,,,
TXN-0009071,ACC_MULE_0181,ACC_MULE_0298,158041.65,2026-08-29T15:58:07,28.51747,77.192051,2,2026-08-29T16:18:09,ATM_ICICI_087,6.08
TXN-0009072,ACC_VIC_0294,ACC_MULE_0412,90930.01,2026-08-29T16:06:45,28.509739,77.222115,1,,,
TXN-0009073,ACC_MULE_0105,ACC_MULE_0218,233295.18,2026-08-29T16:15:23,28.514165,77.219838,2,2026-08-29T16:48:45,ATM_ICICI_068,10.87
TXN-0009074,ACC_NORM_1603,ACC_NORM_2414,17236.35,2026-08-29T16:24:02,,,0,,,
TXN-0009075,ACC_NORM_2753,ACC_NORM_2650,24171.83,2026-08-29T16:32:40,,,0,,,
TXN-0009076,ACC_NORM_1479,ACC_NORM_2732,19493.05,2026-08-29T16:41:19,,,0,,,
TXN-0009077,ACC_NORM_0248,ACC_NORM_0573,1203.38,2026-08-29T16:49:57,,,0,,,
TXN-0009078,ACC_NORM_2110,ACC_NORM_0295,17475.4,2026-08-29T16:58:35,,,0,,,
TXN-0009079,ACC_VIC_0621,ACC_MULE_0361,213952.13,2026-08-29T17:07:14,28.581471,77.039621,1,2026-08-29T17:34:29,ATM_AXIS_101,6.96
TXN-0009080,ACC_VIC_0774,ACC_MULE_0251,168486.69,2026-08-29T17:15:52,28.683548,77.299162,1,2026-08-29T17:23:28,ATM_BOB_163,2.53
TXN-0009081,ACC_NORM_1451,ACC_NORM_2952,16935.98,2026-08-29T17:24:31,,,0,,,
TXN-0009082,ACC_VIC_0797,ACC_MULE_0159,213114.13,2026-08-29T17:33:09,28.63267,77.298735,1,2026-08-29T17:55:10,ATM_UBI_150,2.93
TXN-0009083,ACC_NORM_1041,ACC_NORM_2340,20899.7,2026-08-29T17:41:47,,,0,,,
TXN-0009084,ACC_VIC_0429,ACC_MULE_0469,220658.33,2026-08-29T17:50:26,28.645181,77.211623,1,,,
TXN-0009085,ACC_NORM_2977,ACC_NORM_2246,23478.41,2026-08-29T17:59:04,,,0,,,
TXN-0009086,ACC_NORM_1329,ACC_NORM_2277,4473.21,2026-08-29T18:07:43,,,0,,,
TXN-0009087,ACC_VIC_0574,ACC_MULE_0507,52760.76,2026-08-29T18:16:21,28.565333,77.249784,1,2026-08-29T18:40:28,ATM_PNB_052,0.41
TXN-0009088,ACC_NORM_2454,ACC_NORM_2279,4045.68,2026-08-29T18:24:59,,,0,,,
TXN-0009089,ACC_NORM_0769,ACC_NORM_0128,4196.48,2026-08-29T18:33:38,,,0,,,
TXN-0009090,ACC_VIC_1045,ACC_MULE_0163,234099.53,2026-08-29T18:42:16,28.609268,77.309568,1,2026-08-29T18:58:07,ATM_UBI_150,5.27
TXN-0009091,ACC_VIC_0796,ACC_MULE_0208,217234.42,2026-08-29T18:50:55,28.615026,77.33018,1,2026-08-29T19:14:02,ATM_BOB_146,8.05
TXN-0009092,ACC_NORM_0987,ACC_NORM_1367,9758.36,2026-08-29T18:59:33,,,0,,,
TXN-0009093,ACC_NORM_1902,ACC_NORM_1906,17194.01,2026-08-29T19:08:11,,,0,,,
TXN-0009094,ACC_NORM_2916,ACC_NORM_2011,889.23,2026-08-29T19:16:50,,,0,,,
TXN-0009095,ACC_NORM_2019,ACC_NORM_0248,2373.51,2026-08-29T19:25:28,,,0,,,
TXN-0009096,ACC_NORM_2947,ACC_NORM_2625,20220.64,2026-08-29T19:34:07,,,0,,,
TXN-0009097,ACC_NORM_1651,ACC_NORM_2694,11329.53,2026-08-29T19:42:45,,,0,,,
TXN-0009098,ACC_NORM_1864,ACC_NORM_1511,1463.91,2026-08-29T19:51:23,,,0,,,
TXN-0009099,ACC_NORM_1674,ACC_NORM_1874,13462.49,2026-08-29T20:00:02,,,0,,,
TXN-0009100,ACC_NORM_0819,ACC_NORM_2151,22250.2,2026-08-29T20:08:40,,,0,,,
TXN-0009101,ACC_NORM_2697,ACC_NORM_1441,9914.56,2026-08-29T20:17:19,,,0,,,
TXN-0009102,ACC_VIC_0169,ACC_MULE_0249,198430.13,2026-08-29T20:25:57,28.52105,77.207071,1,2026-08-29T20:50:12,ATM_HDFC_086,4.41
TXN-0009103,ACC_NORM_0287,ACC_NORM_1434,13503.3,2026-08-29T20:34:35,,,0,,,
TXN-0009104,ACC_NORM_1143,ACC_NORM_2462,16424.99,2026-08-29T20:43:14,,,0,,,
TXN-0009105,ACC_NORM_1154,ACC_NORM_0128,7345.54,2026-08-29T20:51:52,,,0,,,
TXN-0009106,ACC_NORM_0889,ACC_NORM_2150,1793.44,2026-08-29T21:00:31,,,0,,,
TXN-0009107,ACC_NORM_1667,ACC_NORM_2036,23531.41,2026-08-29T21:09:09,,,0,,,
TXN-0009108,ACC_NORM_1739,ACC_NORM_1647,21259.16,2026-08-29T21:17:47,,,0,,,
TXN-0009109,ACC_NORM_0129,ACC_NORM_1230,16131.73,2026-08-29T21:26:26,,,0,,,
TXN-0009110,ACC_NORM_2445,ACC_NORM_0436,13438.91,2026-08-29T21:35:04,,,0,,,
TXN-0009111,ACC_NORM_1079,ACC_NORM_0080,9556.57,2026-08-29T21:43:43,,,0,,,
TXN-0009112,ACC_NORM_2440,ACC_NORM_2718,11857.31,2026-08-29T21:52:21,,,0,,,
TXN-0009113,ACC_NORM_0202,ACC_NORM_1610,19712.17,2026-08-29T22:00:59,,,0,,,
TXN-0009114,ACC_NORM_2726,ACC_NORM_1522,20369.09,2026-08-29T22:09:38,,,0,,,
TXN-0009115,ACC_NORM_0285,ACC_NORM_2190,23808.04,2026-08-29T22:18:16,,,0,,,
TXN-0009116,ACC_NORM_1845,ACC_NORM_1213,15347.56,2026-08-29T22:26:55,,,0,,,
TXN-0009117,ACC_NORM_1815,ACC_NORM_2395,12586.67,2026-08-29T22:35:33,,,0,,,
TXN-0009118,ACC_VIC_0975,ACC_MULE_0426,75135.4,2026-08-29T22:44:11,28.594972,77.313061,1,2026-08-29T23:06:08,ATM_BOB_152,7.92
TXN-0009119,ACC_MULE_0599,ACC_MULE_0490,127617.88,2026-08-29T22:52:50,28.659976,77.176184,2,,,
TXN-0009120,ACC_VIC_0193,ACC_MULE_0459,215824.3,2026-08-29T23:01:28,28.664538,77.270533,1,2026-08-29T23:26:49,ATM_HDFC_170,6.23
TXN-0009121,ACC_VIC_0999,ACC_MULE_0028,177112.37,2026-08-29T23:10:07,28.627319,77.329388,1,2026-08-29T23:24:25,ATM_BOB_146,7.73
TXN-0009122,ACC_VIC_0318,ACC_MULE_0061,205809.17,2026-08-29T23:18:45,28.628233,77.308638,1,,,
TXN-0009123,ACC_NORM_1334,ACC_NORM_2859,15407.07,2026-08-29T23:27:23,,,0,,,
TXN-0009124,ACC_MULE_0289,ACC_MULE_0037,119902.0,2026-08-29T23:36:02,28.654736,77.284097,2,2026-08-29T23:55:57,ATM_SBI_149,7.68
TXN-0009125,ACC_NORM_1559,ACC_NORM_2437,15650.63,2026-08-29T23:44:40,,,0,,,
TXN-0009126,ACC_VIC_0979,ACC_MULE_0063,56659.74,2026-08-29T23:53:19,28.570634,77.035925,1,,,
TXN-0009127,ACC_MULE_0028,ACC_MULE_0462,113244.82,2026-08-30T00:01:57,28.710721,77.124013,2,2026-08-30T00:27:08,ATM_ICICI_142,2.96
TXN-0009128,ACC_VIC_0614,ACC_MULE_0239,72480.59,2026-08-30T00:10:35,28.568324,77.263944,1,2026-08-30T00:30:53,ATM_PNB_052,4.35
TXN-0009129,ACC_VIC_0569,ACC_MULE_0066,101131.48,2026-08-30T00:19:14,28.590834,77.331629,1,2026-08-30T00:45:24,ATM_UBI_150,13.7
TXN-0009130,ACC_VIC_0549,ACC_MULE_0124,138003.69,2026-08-30T00:27:52,28.610608,77.324859,1,2026-08-30T00:49:11,ATM_KOTAK_176,12.46
TXN-0009131,ACC_NORM_0075,ACC_NORM_1318,23991.07,2026-08-30T00:36:31,,,0,,,
TXN-0009132,ACC_NORM_2551,ACC_NORM_2731,19196.12,2026-08-30T00:45:09,,,0,,,
TXN-0009133,ACC_NORM_1559,ACC_NORM_0976,12664.34,2026-08-30T00:53:47,,,0,,,
TXN-0009134,ACC_NORM_0983,ACC_NORM_1696,1078.85,2026-08-30T01:02:26,,,0,,,
TXN-0009135,ACC_MULE_0572,ACC_MULE_0105,203990.32,2026-08-30T01:11:04,28.611145,77.339163,2,2026-08-30T01:37:44,ATM_KOTAK_145,10.67
TXN-0009136,ACC_MULE_0563,ACC_MULE_0095,74001.46,2026-08-30T01:19:43,28.660883,77.294119,2,2026-08-30T01:29:08,ATM_AXIS_169,1.12
TXN-0009137,ACC_NORM_1455,ACC_NORM_1208,18336.62,2026-08-30T01:28:21,,,0,,,
TXN-0009138,ACC_NORM_1017,ACC_NORM_2088,14855.17,2026-08-30T01:36:59,,,0,,,
TXN-0009139,ACC_VIC_1039,ACC_MULE_0265,138384.95,2026-08-30T01:45:38,28.590451,77.046193,1,,,
TXN-0009140,ACC_NORM_0632,ACC_NORM_0255,7183.25,2026-08-30T01:54:16,,,0,,,
TXN-0009141,ACC_MULE_0417,ACC_MULE_0399,162769.27,2026-08-30T02:02:55,28.558712,77.244798,2,2026-08-30T02:16:43,ATM_ICICI_068,6.38
TXN-0009142,ACC_NORM_2944,ACC_NORM_0821,24682.78,2026-08-30T02:11:33,,,0,,,
TXN-0009143,ACC_NORM_1174,ACC_NORM_2263,16679.64,2026-08-30T02:20:11,,,0,,,
TXN-0009144,ACC_NORM_2405,ACC_NORM_2033,1704.34,2026-08-30T02:28:50,,,0,,,
TXN-0009145,ACC_NORM_2932,ACC_NORM_0062,19050.57,2026-08-30T02:37:28,,,0,,,
TXN-0009146,ACC_NORM_2899,ACC_NORM_1250,8964.62,2026-08-30T02:46:07,,,0,,,
TXN-0009147,ACC_VIC_1355,ACC_MULE_0556,101982.33,2026-08-30T02:54:45,28.678295,77.304574,1,2026-08-30T03:11:28,ATM_HDFC_170,5.02
TXN-0009148,ACC_NORM_2181,ACC_NORM_0557,18028.49,2026-08-30T03:03:23,,,0,,,
TXN-0009149,ACC_NORM_2386,ACC_NORM_2290,21134.19,2026-08-30T03:12:02,,,0,,,
TXN-0009150,ACC_NORM_1372,ACC_NORM_2448,13792.51,2026-08-30T03:20:40,,,0,,,
TXN-0009151,ACC_NORM_2707,ACC_NORM_0826,17692.22,2026-08-30T03:29:19,,,0,,,
TXN-0009152,ACC_NORM_0053,ACC_NORM_0960,11510.88,2026-08-30T03:37:57,,,0,,,
TXN-0009153,ACC_NORM_1824,ACC_NORM_1281,8160.41,2026-08-30T03:46:35,,,0,,,
TXN-0009154,ACC_VIC_0627,ACC_MULE_0578,101633.61,2026-08-30T03:55:14,28.653891,77.189816,1,,,
TXN-0009155,ACC_VIC_1061,ACC_MULE_0055,120233.83,2026-08-30T04:03:52,28.609486,77.32273,1,2026-08-30T04:24:43,ATM_UBI_150,7.7
TXN-0009156,ACC_NORM_1815,ACC_NORM_1080,10082.8,2026-08-30T04:12:31,,,0,,,
TXN-0009157,ACC_VIC_0941,ACC_MULE_0149,141229.01,2026-08-30T04:21:09,28.647496,77.20884,1,2026-08-30T04:43:41,ATM_UBI_016,4.97
TXN-0009158,ACC_MULE_0298,ACC_MULE_0327,90185.36,2026-08-30T04:29:47,28.707756,77.121879,2,2026-08-30T04:45:03,ATM_HDFC_131,3.65
TXN-0009159,ACC_VIC_1189,ACC_MULE_0256,202850.82,2026-08-30T04:38:26,28.658249,77.173416,1,2026-08-30T05:17:39,ATM_SBI_132,20.88
TXN-0009160,ACC_MULE_0405,ACC_MULE_0360,155349.86,2026-08-30T04:47:04,28.527679,77.249452,2,2026-08-30T05:04:45,ATM_HDFC_086,11.41
TXN-0009161,ACC_NORM_0435,ACC_NORM_2805,4389.28,2026-08-30T04:55:43,,,0,,,
TXN-0009162,ACC_NORM_2702,ACC_NORM_0773,11247.51,2026-08-30T05:04:21,,,0,,,
TXN-0009163,ACC_NORM_1281,ACC_NORM_2667,12961.66,2026-08-30T05:12:59,,,0,,,
TXN-0009164,ACC_VIC_0058,ACC_MULE_0179,247200.95,2026-08-30T05:21:38,28.534464,77.211713,1,,,
TXN-0009165,ACC_NORM_1316,ACC_NORM_1375,17790.54,2026-08-30T05:30:16,,,0,,,
TXN-0009166,ACC_NORM_2532,ACC_NORM_2046,3762.96,2026-08-30T05:38:55,,,0,,,
TXN-0009167,ACC_NORM_0327,ACC_NORM_0200,8829.88,2026-08-30T05:47:33,,,0,,,
TXN-0009168,ACC_NORM_1730,ACC_NORM_1413,24428.87,2026-08-30T05:56:11,,,0,,,
TXN-0009169,ACC_VIC_0044,ACC_MULE_0462,64264.77,2026-08-30T06:04:50,28.710721,77.124013,1,2026-08-30T06:13:58,ATM_SBI_141,3.82
TXN-0009170,ACC_NORM_0310,ACC_NORM_0371,2314.73,2026-08-30T06:13:28,,,0,,,
TXN-0009171,ACC_VIC_0860,ACC_MULE_0117,55295.63,2026-08-30T06:22:07,28.519749,77.21164,1,,,
TXN-0009172,ACC_VIC_0160,ACC_MULE_0173,53900.75,2026-08-30T06:30:45,28.644169,77.217228,1,2026-08-30T06:49:44,ATM_ICICI_022,8.31
TXN-0009173,ACC_NORM_0375,ACC_NORM_1288,14876.64,2026-08-30T06:39:23,,,0,,,
TXN-0009174,ACC_NORM_0295,ACC_NORM_0368,17936.64,2026-08-30T06:48:02,,,0,,,
TXN-0009175,ACC_VIC_0747,ACC_MULE_0557,141949.31,2026-08-30T06:56:40,28.565197,77.251381,1,2026-08-30T07:04:50,ATM_PNB_052,0.81
TXN-0009176,ACC_VIC_1391,ACC_MULE_0511,223514.76,2026-08-30T07:05:19,28.62191,77.321329,1,2026-08-30T07:20:00,ATM_BOB_152,4.5
TXN-0009177,ACC_NORM_0004,ACC_NORM_0867,23965.23,2026-08-30T07:13:57,,,0,,,
TXN-0009178,ACC_NORM_1822,ACC_NORM_2111,12045.25,2026-08-30T07:22:35,,,0,,,
TXN-0009179,ACC_VIC_0913,ACC_MULE_0461,66688.8,2026-08-30T07:31:14,28.689614,77.308003,1,2026-08-30T07:59:09,ATM_HDFC_170,7.12
TXN-0009180,ACC_VIC_0928,ACC_MULE_0118,113098.82,2026-08-30T07:39:52,28.710969,77.10624,1,2026-08-30T07:53:08,ATM_UBI_135,2.92
TXN-0009181,ACC_NORM_2771,ACC_NORM_1113,16109.74,2026-08-30T07:48:31,,,0,,,
TXN-0009182,ACC_MULE_0132,ACC_MULE_0013,138750.96,2026-08-30T07:57:09,28.529594,77.138039,2,2026-08-30T08:07:46,ATM_BOB_094,3.57
TXN-0009183,ACC_NORM_0933,ACC_NORM_0409,16549.33,2026-08-30T08:05:47,,,0,,,
TXN-0009184,ACC_VIC_1266,ACC_MULE_0156,182108.9,2026-08-30T08:14:26,28.649301,77.236957,1,2026-08-30T08:24:37,ATM_BOB_020,1.51
TXN-0009185,ACC_NORM_2235,ACC_NORM_1336,22168.71,2026-08-30T08:23:04,,,0,,,
TXN-0009186,ACC_NORM_2204,ACC_NORM_1472,13141.81,2026-08-30T08:31:43,,,0,,,
TXN-0009187,ACC_NORM_1506,ACC_NORM_2911,5733.81,2026-08-30T08:40:21,,,0,,,
TXN-0009188,ACC_NORM_2321,ACC_NORM_2816,21917.71,2026-08-30T08:48:59,,,0,,,
TXN-0009189,ACC_VIC_0876,ACC_MULE_0048,153274.3,2026-08-30T08:57:38,28.699004,77.122211,1,2026-08-30T09:17:31,ATM_ICICI_142,1.0
TXN-0009190,ACC_VIC_0755,ACC_MULE_0216,182332.96,2026-08-30T09:06:16,28.710252,77.123284,1,2026-08-30T09:25:55,ATM_HDFC_130,3.02
TXN-0009191,ACC_NORM_0950,ACC_NORM_1373,22011.38,2026-08-30T09:14:55,,,0,,,
TXN-0009192,ACC_MULE_0410,ACC_MULE_0191,183042.66,2026-08-30T09:23:33,28.692562,77.122989,2,,,
TXN-0009193,ACC_NORM_1065,ACC_NORM_1967,14136.92,2026-08-30T09:32:11,,,0,,,
TXN-0009194,ACC_NORM_1306,ACC_NORM_0600,13594.34,2026-08-30T09:40:50,,,0,,,
TXN-0009195,ACC_VIC_1309,ACC_MULE_0334,181729.87,2026-08-30T09:49:28,28.526225,77.192776,1,2026-08-30T10:00:22,ATM_ICICI_087,3.58
TXN-0009196,ACC_NORM_2958,ACC_NORM_0074,4853.82,2026-08-30T09:58:07,,,0,,,
TXN-0009197,ACC_NORM_1684,ACC_NORM_0229,9613.81,2026-08-30T10:06:45,,,0,,,
TXN-0009198,ACC_MULE_0078,ACC_MULE_0055,200162.07,2026-08-30T10:15:23,28.609486,77.32273,2,2026-08-30T10:39:30,ATM_BOB_152,5.63
TXN-0009199,ACC_NORM_2501,ACC_NORM_0290,6318.73,2026-08-30T10:24:02,,,0,,,
TXN-0009200,ACC_NORM_0353,ACC_NORM_1952,15232.89,2026-08-30T10:32:40,,,0,,,
TXN-0009201,ACC_MULE_0409,ACC_MULE_0588,143859.87,2026-08-30T10:41:19,28.593453,77.03263,2,,,
TXN-0009202,ACC_NORM_2856,ACC_NORM_2784,5694.34,2026-08-30T10:49:57,,,0,,,
TXN-0009203,ACC_NORM_1425,ACC_NORM_0331,19399.84,2026-08-30T10:58:35,,,0,,,
TXN-0009204,ACC_MULE_0313,ACC_MULE_0160,151523.62,2026-08-30T11:07:14,28.593766,77.042139,2,2026-08-30T11:20:01,ATM_AXIS_103,1.86
TXN-0009205,ACC_MULE_0260,ACC_MULE_0321,94252.31,2026-08-30T11:15:52,28.625132,77.330194,2,2026-08-30T11:38:04,ATM_BOB_146,7.82
TXN-0009206,ACC_NORM_2276,ACC_NORM_1741,7933.04,2026-08-30T11:24:31,,,0,,,
TXN-0009207,ACC_VIC_0624,ACC_MULE_0595,107563.1,2026-08-30T11:33:09,28.716011,77.123088,1,2026-08-30T11:46:36,ATM_HDFC_130,4.87
TXN-0009208,ACC_NORM_0138,ACC_NORM_1417,7612.0,2026-08-30T11:41:47,,,0,,,
TXN-0009209,ACC_NORM_2227,ACC_NORM_2911,5906.53,2026-08-30T11:50:26,,,0,,,
TXN-0009210,ACC_NORM_1972,ACC_NORM_0880,22569.97,2026-08-30T11:59:04,,,0,,,
TXN-0009211,ACC_NORM_1796,ACC_NORM_1481,19370.96,2026-08-30T12:07:43,,,0,,,
TXN-0009212,ACC_NORM_0704,ACC_NORM_1705,21320.28,2026-08-30T12:16:21,,,0,,,
TXN-0009213,ACC_NORM_0980,ACC_NORM_0812,551.28,2026-08-30T12:24:59,,,0,,,
TXN-0009214,ACC_VIC_1326,ACC_MULE_0025,122857.25,2026-08-30T12:33:38,28.642855,77.225146,1,2026-08-30T12:47:30,ATM_BOB_020,4.37
TXN-0009215,ACC_NORM_2098,ACC_NORM_1083,1787.1,2026-08-30T12:42:16,,,0,,,
TXN-0009216,ACC_NORM_1314,ACC_NORM_1124,10347.76,2026-08-30T12:50:55,,,0,,,
TXN-0009217,ACC_MULE_0562,ACC_MULE_0155,160033.99,2026-08-30T12:59:33,28.642411,77.234861,2,2026-08-30T13:17:15,ATM_ICICI_004,8.79
TXN-0009218,ACC_VIC_0550,ACC_MULE_0064,77246.43,2026-08-30T13:08:11,28.720608,77.120972,1,2026-08-30T13:39:54,ATM_HDFC_131,7.7
TXN-0009219,ACC_NORM_2483,ACC_NORM_0446,737.09,2026-08-30T13:16:50,,,0,,,
TXN-0009220,ACC_NORM_2386,ACC_NORM_1528,16111.07,2026-08-30T13:25:28,,,0,,,
TXN-0009221,ACC_MULE_0209,ACC_MULE_0397,205770.92,2026-08-30T13:34:07,28.59024,77.330658,2,,,
TXN-0009222,ACC_VIC_0253,ACC_MULE_0130,69793.35,2026-08-30T13:42:45,28.592238,77.041454,1,2026-08-30T13:59:13,ATM_AXIS_103,2.18
TXN-0009223,ACC_NORM_1554,ACC_NORM_0301,2608.72,2026-08-30T13:51:23,,,0,,,
TXN-0009224,ACC_NORM_0095,ACC_NORM_2809,15432.1,2026-08-30T14:00:02,,,0,,,
TXN-0009225,ACC_MULE_0598,ACC_MULE_0250,190942.59,2026-08-30T14:08:40,28.630999,77.210563,2,2026-08-30T14:16:26,ATM_ICICI_004,1.14
TXN-0009226,ACC_NORM_2453,ACC_NORM_1247,13866.73,2026-08-30T14:17:19,,,0,,,
TXN-0009227,ACC_NORM_2632,ACC_NORM_0730,10705.24,2026-08-30T14:25:57,,,0,,,
TXN-0009228,ACC_NORM_1702,ACC_NORM_0911,19345.39,2026-08-30T14:34:35,,,0,,,
TXN-0009229,ACC_NORM_0726,ACC_NORM_0210,5955.31,2026-08-30T14:43:14,,,0,,,
TXN-0009230,ACC_NORM_0103,ACC_NORM_0141,23749.37,2026-08-30T14:51:52,,,0,,,
TXN-0009231,ACC_VIC_0958,ACC_MULE_0108,147273.64,2026-08-30T15:00:31,28.512296,77.202855,1,2026-08-30T15:16:28,ATM_HDFC_086,7.42
TXN-0009232,ACC_MULE_0086,ACC_MULE_0182,56329.64,2026-08-30T15:09:09,28.66639,77.203843,2,2026-08-30T15:33:01,ATM_UBI_016,7.31
TXN-0009233,ACC_NORM_1482,ACC_NORM_0584,7327.52,2026-08-30T15:17:47,,,0,,,
TXN-0009234,ACC_NORM_1200,ACC_NORM_2768,21825.01,2026-08-30T15:26:26,,,0,,,
TXN-0009235,ACC_NORM_0717,ACC_NORM_1928,3094.51,2026-08-30T15:35:04,,,0,,,
TXN-0009236,ACC_VIC_1009,ACC_MULE_0396,213383.26,2026-08-30T15:43:43,28.556401,77.232736,1,2026-08-30T16:14:32,ATM_PNB_062,6.23
TXN-0009237,ACC_NORM_2866,ACC_NORM_2070,16580.01,2026-08-30T15:52:21,,,0,,,
TXN-0009238,ACC_NORM_0008,ACC_NORM_0480,13265.28,2026-08-30T16:00:59,,,0,,,
TXN-0009239,ACC_NORM_0508,ACC_NORM_1303,22073.61,2026-08-30T16:09:38,,,0,,,
TXN-0009240,ACC_NORM_2320,ACC_NORM_0177,2648.44,2026-08-30T16:18:16,,,0,,,
TXN-0009241,ACC_NORM_0137,ACC_NORM_2584,12472.71,2026-08-30T16:26:55,,,0,,,
TXN-0009242,ACC_NORM_2449,ACC_NORM_2255,4659.02,2026-08-30T16:35:33,,,0,,,
TXN-0009243,ACC_VIC_0182,ACC_MULE_0357,103823.41,2026-08-30T16:44:11,28.646429,77.31436,1,2026-08-30T17:05:04,ATM_BOB_146,8.56
TXN-0009244,ACC_NORM_0771,ACC_NORM_0084,19444.9,2026-08-30T16:52:50,,,0,,,
TXN-0009245,ACC_VIC_0132,ACC_MULE_0328,79139.91,2026-08-30T17:01:28,28.689404,77.299376,1,,,
TXN-0009246,ACC_VIC_0820,ACC_MULE_0298,150648.69,2026-08-30T17:10:07,28.51747,77.192051,1,2026-08-30T17:29:10,ATM_ICICI_087,6.08
TXN-0009247,ACC_NORM_2836,ACC_NORM_2265,7249.1,2026-08-30T17:18:45,,,0,,,
TXN-0009248,ACC_VIC_1294,ACC_MULE_0213,233861.62,2026-08-30T17:27:23,28.606227,77.057548,1,,,
TXN-0009249,ACC_NORM_2450,ACC_NORM_1942,20229.79,2026-08-30T17:36:02,,,0,,,
TXN-0009250,ACC_NORM_0162,ACC_NORM_2012,6137.03,2026-08-30T17:44:40,,,0,,,
TXN-0009251,ACC_NORM_2639,ACC_NORM_1848,13991.45,2026-08-30T17:53:19,,,0,,,
TXN-0009252,ACC_NORM_2847,ACC_NORM_2321,20076.74,2026-08-30T18:01:57,,,0,,,
TXN-0009253,ACC_VIC_0956,ACC_MULE_0114,145384.54,2026-08-30T18:10:35,28.616054,77.317915,1,2026-08-30T18:43:21,ATM_KOTAK_178,18.02
TXN-0009254,ACC_NORM_0248,ACC_NORM_0803,5423.27,2026-08-30T18:19:14,,,0,,,
TXN-0009255,ACC_NORM_0443,ACC_NORM_0135,19569.05,2026-08-30T18:27:52,,,0,,,
TXN-0009256,ACC_NORM_1688,ACC_NORM_2586,10542.15,2026-08-30T18:36:31,,,0,,,
TXN-0009257,ACC_NORM_1127,ACC_NORM_1818,19703.09,2026-08-30T18:45:09,,,0,,,
TXN-0009258,ACC_NORM_1828,ACC_NORM_0143,11230.03,2026-08-30T18:53:47,,,0,,,
TXN-0009259,ACC_NORM_1438,ACC_NORM_1605,12795.89,2026-08-30T19:02:26,,,0,,,
TXN-0009260,ACC_NORM_1511,ACC_NORM_1497,3703.07,2026-08-30T19:11:04,,,0,,,
TXN-0009261,ACC_VIC_1391,ACC_MULE_0323,104450.71,2026-08-30T19:19:43,28.652306,77.218858,1,2026-08-30T19:41:11,ATM_HDFC_007,5.69
TXN-0009262,ACC_MULE_0234,ACC_MULE_0146,131118.76,2026-08-30T19:28:21,28.642019,77.174016,2,2026-08-30T19:46:08,ATM_UBI_016,5.08
TXN-0009263,ACC_NORM_1686,ACC_NORM_2780,24156.1,2026-08-30T19:36:59,,,0,,,
TXN-0009264,ACC_VIC_0444,ACC_MULE_0452,50715.68,2026-08-30T19:45:38,28.689895,77.308714,1,2026-08-30T20:12:06,ATM_HDFC_170,7.34
TXN-0009265,ACC_NORM_1133,ACC_NORM_2633,13165.06,2026-08-30T19:54:16,,,0,,,
TXN-0009266,ACC_VIC_0704,ACC_MULE_0184,157244.66,2026-08-30T20:02:55,28.648668,77.17126,1,2026-08-30T20:16:08,ATM_UBI_016,5.69
TXN-0009267,ACC_NORM_0056,ACC_NORM_1250,3199.45,2026-08-30T20:11:33,,,0,,,
TXN-0009268,ACC_VIC_0065,ACC_MULE_0400,125924.5,2026-08-30T20:20:11,28.637563,77.319463,1,2026-08-30T20:38:45,ATM_BOB_146,6.91
TXN-0009269,ACC_VIC_1214,ACC_MULE_0411,64918.47,2026-08-30T20:28:50,28.530139,77.222592,1,2026-08-30T20:45:29,ATM_ICICI_068,7.2
TXN-0009270,ACC_NORM_1643,ACC_NORM_1730,4642.75,2026-08-30T20:37:28,,,0,,,
TXN-0009271,ACC_VIC_0376,ACC_MULE_0024,205197.88,2026-08-30T20:46:07,28.653138,77.201013,1,2026-08-30T21:00:20,ATM_UBI_016,3.47
TXN-0009272,ACC_NORM_2213,ACC_NORM_2386,8052.4,2026-08-30T20:54:45,,,0,,,
TXN-0009273,ACC_NORM_2156,ACC_NORM_2517,12594.89,2026-08-30T21:03:23,,,0,,,
TXN-0009274,ACC_NORM_2816,ACC_NORM_1378,3399.23,2026-08-30T21:12:02,,,0,,,
TXN-0009275,ACC_NORM_2861,ACC_NORM_1956,846.67,2026-08-30T21:20:40,,,0,,,
TXN-0009276,ACC_VIC_0516,ACC_MULE_0420,179501.5,2026-08-30T21:29:19,28.695728,77.098577,1,,,
TXN-0009277,ACC_NORM_1394,ACC_NORM_1936,18710.47,2026-08-30T21:37:57,,,0,,,
TXN-0009278,ACC_NORM_1907,ACC_NORM_2624,4220.21,2026-08-30T21:46:35,,,0,,,
TXN-0009279,ACC_NORM_2166,ACC_NORM_2291,15523.14,2026-08-30T21:55:14,,,0,,,
TXN-0009280,ACC_VIC_1050,ACC_MULE_0011,100782.5,2026-08-30T22:03:52,28.639829,77.297549,1,2026-08-30T22:20:56,ATM_UBI_150,5.25
TXN-0009281,ACC_NORM_0243,ACC_NORM_1370,17263.38,2026-08-30T22:12:31,,,0,,,
TXN-0009282,ACC_VIC_0612,ACC_MULE_0144,245443.79,2026-08-30T22:21:09,28.61105,77.298229,1,2026-08-30T22:42:46,ATM_UBI_150,4.15
TXN-0009283,ACC_NORM_0107,ACC_NORM_0119,10269.67,2026-08-30T22:29:47,,,0,,,
TXN-0009284,ACC_NORM_0060,ACC_NORM_0473,9599.7,2026-08-30T22:38:26,,,0,,,
TXN-0009285,ACC_NORM_1407,ACC_NORM_1497,8423.68,2026-08-30T22:47:04,,,0,,,
TXN-0009286,ACC_NORM_0883,ACC_NORM_1967,9603.73,2026-08-30T22:55:43,,,0,,,
TXN-0009287,ACC_VIC_1367,ACC_MULE_0489,193525.36,2026-08-30T23:04:21,28.727881,77.137992,1,2026-08-30T23:25:09,ATM_ICICI_142,9.64
TXN-0009288,ACC_NORM_1024,ACC_NORM_2769,5576.68,2026-08-30T23:12:59,,,0,,,
TXN-0009289,ACC_NORM_2911,ACC_NORM_1169,14175.88,2026-08-30T23:21:38,,,0,,,
TXN-0009290,ACC_NORM_2237,ACC_NORM_1062,8556.42,2026-08-30T23:30:16,,,0,,,
TXN-0009291,ACC_NORM_1388,ACC_NORM_2817,19332.59,2026-08-30T23:38:55,,,0,,,
TXN-0009292,ACC_MULE_0302,ACC_MULE_0423,201634.73,2026-08-30T23:47:33,28.651031,77.188441,2,2026-08-31T00:00:55,ATM_UBI_016,1.65
TXN-0009293,ACC_NORM_0734,ACC_NORM_2906,2371.6,2026-08-30T23:56:11,,,0,,,
TXN-0009294,ACC_VIC_0200,ACC_MULE_0533,64596.12,2026-08-31T00:04:50,28.561287,77.238473,1,2026-08-31T00:29:25,ATM_AXIS_054,0.03
TXN-0009295,ACC_NORM_1100,ACC_NORM_2584,18905.38,2026-08-31T00:13:28,,,0,,,
TXN-0009296,ACC_MULE_0273,ACC_MULE_0489,208513.14,2026-08-31T00:22:07,28.727881,77.137992,2,2026-08-31T00:41:35,ATM_HDFC_130,9.53
TXN-0009297,ACC_MULE_0593,ACC_MULE_0497,215571.25,2026-08-31T00:30:45,28.572002,77.034111,2,2026-08-31T00:44:50,ATM_AXIS_104,4.2
TXN-0009298,ACC_NORM_2718,ACC_NORM_1500,22797.4,2026-08-31T00:39:23,,,0,,,
TXN-0009299,ACC_NORM_1597,ACC_NORM_1474,23021.55,2026-08-31T00:48:02,,,0,,,
TXN-0009300,ACC_NORM_1224,ACC_NORM_2804,18585.82,2026-08-31T00:56:40,,,0,,,
TXN-0009301,ACC_VIC_0967,ACC_MULE_0123,50187.24,2026-08-31T01:05:19,28.696397,77.121268,1,2026-08-31T01:13:06,ATM_ICICI_142,1.78
TXN-0009302,ACC_NORM_1124,ACC_NORM_1882,1981.34,2026-08-31T01:13:57,,,0,,,
TXN-0009303,ACC_NORM_1788,ACC_NORM_0063,22509.2,2026-08-31T01:22:35,,,0,,,
TXN-0009304,ACC_NORM_0650,ACC_NORM_2444,24181.47,2026-08-31T01:31:14,,,0,,,
TXN-0009305,ACC_NORM_2402,ACC_NORM_2956,5195.56,2026-08-31T01:39:52,,,0,,,
TXN-0009306,ACC_MULE_0039,ACC_MULE_0343,77365.94,2026-08-31T01:48:31,28.641875,77.323013,2,2026-08-31T02:03:02,ATM_UBI_150,8.56
TXN-0009307,ACC_NORM_2053,ACC_NORM_2736,24205.28,2026-08-31T01:57:09,,,0,,,
TXN-0009308,ACC_NORM_1056,ACC_NORM_1599,12449.5,2026-08-31T02:05:47,,,0,,,
TXN-0009309,ACC_VIC_0379,ACC_MULE_0449,98094.64,2026-08-31T02:14:26,28.574794,77.231103,1,,,
TXN-0009310,ACC_NORM_2390,ACC_NORM_0032,9045.61,2026-08-31T02:23:04,,,0,,,
TXN-0009311,ACC_MULE_0311,ACC_MULE_0419,225654.51,2026-08-31T02:31:43,28.607984,77.055055,2,2026-08-31T02:41:21,ATM_AXIS_101,5.39
TXN-0009312,ACC_VIC_0871,ACC_MULE_0439,152974.95,2026-08-31T02:40:21,28.547624,77.151443,1,,,
TXN-0009313,ACC_VIC_0030,ACC_MULE_0282,66394.38,2026-08-31T02:48:59,28.718405,77.12842,1,2026-08-31T03:13:03,ATM_SBI_141,6.09
TXN-0009314,ACC_MULE_0060,ACC_MULE_0346,104164.54,2026-08-31T02:57:38,28.613147,77.329567,2,2026-08-31T03:16:15,ATM_UBI_150,8.8
TXN-0009315,ACC_NORM_0372,ACC_NORM_1791,16490.49,2026-08-31T03:06:16,,,0,,,
TXN-0009316,ACC_MULE_0102,ACC_MULE_0188,128582.35,2026-08-31T03:14:55,28.576781,77.047736,2,2026-08-31T03:29:32,ATM_AXIS_101,8.97
TXN-0009317,ACC_NORM_1971,ACC_NORM_1956,12067.32,2026-08-31T03:23:33,,,0,,,
TXN-0009318,ACC_NORM_0746,ACC_NORM_1570,14222.06,2026-08-31T03:32:11,,,0,,,
TXN-0009319,ACC_NORM_0603,ACC_NORM_1069,2371.74,2026-08-31T03:40:50,,,0,,,
TXN-0009320,ACC_NORM_0263,ACC_NORM_0559,6356.65,2026-08-31T03:49:28,,,0,,,
TXN-0009321,ACC_NORM_1734,ACC_NORM_0437,20149.7,2026-08-31T03:58:07,,,0,,,
TXN-0009322,ACC_VIC_1058,ACC_MULE_0205,69808.06,2026-08-31T04:06:45,28.601069,77.335143,1,2026-08-31T04:33:22,ATM_UBI_150,12.13
TXN-0009323,ACC_NORM_1048,ACC_NORM_0532,3111.42,2026-08-31T04:15:23,,,0,,,
TXN-0009324,ACC_VIC_1230,ACC_MULE_0076,226613.41,2026-08-31T04:24:02,28.542826,77.16692,1,,,
TXN-0009325,ACC_NORM_2103,ACC_NORM_1642,19910.75,2026-08-31T04:32:40,,,0,,,
TXN-0009326,ACC_NORM_1021,ACC_NORM_0601,9198.17,2026-08-31T04:41:19,,,0,,,
TXN-0009327,ACC_NORM_2763,ACC_NORM_2315,6108.7,2026-08-31T04:49:57,,,0,,,
TXN-0009328,ACC_NORM_2524,ACC_NORM_1955,10905.01,2026-08-31T04:58:35,,,0,,,
TXN-0009329,ACC_VIC_1112,ACC_MULE_0593,203084.13,2026-08-31T05:07:14,28.68636,77.12063,1,2026-08-31T05:25:48,ATM_ICICI_142,5.0
TXN-0009330,ACC_VIC_0866,ACC_MULE_0007,203208.89,2026-08-31T05:15:52,28.704216,77.121725,1,2026-08-31T05:34:48,ATM_ICICI_142,0.77
TXN-0009331,ACC_NORM_0088,ACC_NORM_1489,1159.86,2026-08-31T05:24:31,,,0,,,
TXN-0009332,ACC_NORM_1411,ACC_NORM_2600,7151.1,2026-08-31T05:33:09,,,0,,,
TXN-0009333,ACC_VIC_0365,ACC_MULE_0562,110499.32,2026-08-31T05:41:47,28.646962,77.307581,1,2026-08-31T06:03:05,ATM_UBI_150,7.71
TXN-0009334,ACC_NORM_0696,ACC_NORM_2688,3602.98,2026-08-31T05:50:26,,,0,,,
TXN-0009335,ACC_NORM_0525,ACC_NORM_1927,4932.29,2026-08-31T05:59:04,,,0,,,
TXN-0009336,ACC_VIC_1206,ACC_MULE_0396,246671.22,2026-08-31T06:07:43,28.556401,77.232736,1,,,
TXN-0009337,ACC_MULE_0187,ACC_MULE_0500,66812.63,2026-08-31T06:16:21,28.547838,77.22962,2,,,
TXN-0009338,ACC_NORM_0060,ACC_NORM_2040,11555.1,2026-08-31T06:24:59,,,0,,,
TXN-0009339,ACC_NORM_1886,ACC_NORM_1682,21326.68,2026-08-31T06:33:38,,,0,,,
TXN-0009340,ACC_MULE_0438,ACC_MULE_0378,112813.9,2026-08-31T06:42:16,28.715632,77.107089,2,2026-08-31T06:55:18,ATM_SBI_141,3.0
TXN-0009341,ACC_NORM_1866,ACC_NORM_0650,2194.58,2026-08-31T06:50:55,,,0,,,
TXN-0009342,ACC_VIC_1449,ACC_MULE_0221,184650.06,2026-08-31T06:59:33,28.638591,77.221445,1,2026-08-31T07:12:53,ATM_HDFC_007,1.25
TXN-0009343,ACC_NORM_1693,ACC_NORM_0949,4928.12,2026-08-31T07:08:11,,,0,,,
TXN-0009344,ACC_NORM_0609,ACC_NORM_2945,24078.6,2026-08-31T07:16:50,,,0,,,
TXN-0009345,ACC_NORM_0575,ACC_NORM_2705,8624.71,2026-08-31T07:25:28,,,0,,,
TXN-0009346,ACC_VIC_0014,ACC_MULE_0441,123335.13,2026-08-31T07:34:07,28.544226,77.131951,1,2026-08-31T07:51:54,ATM_BOB_094,8.44
TXN-0009347,ACC_NORM_0281,ACC_NORM_2985,11906.98,2026-08-31T07:42:45,,,0,,,
TXN-0009348,ACC_NORM_2272,ACC_NORM_1971,2858.12,2026-08-31T07:51:23,,,0,,,
TXN-0009349,ACC_NORM_1997,ACC_NORM_0804,22425.81,2026-08-31T08:00:02,,,0,,,
TXN-0009350,ACC_NORM_0694,ACC_NORM_2301,21246.18,2026-08-31T08:08:40,,,0,,,
TXN-0009351,ACC_NORM_2221,ACC_NORM_0129,21533.07,2026-08-31T08:17:19,,,0,,,
TXN-0009352,ACC_NORM_2632,ACC_NORM_2479,14683.79,2026-08-31T08:25:57,,,0,,,
TXN-0009353,ACC_NORM_1293,ACC_NORM_0805,16926.58,2026-08-31T08:34:35,,,0,,,
TXN-0009354,ACC_NORM_0947,ACC_NORM_1440,23230.24,2026-08-31T08:43:14,,,0,,,
TXN-0009355,ACC_VIC_1082,ACC_MULE_0349,150553.77,2026-08-31T08:51:52,28.73,77.111048,1,2026-08-31T09:33:34,ATM_SBI_141,7.39
TXN-0009356,ACC_VIC_0989,ACC_MULE_0444,186058.51,2026-08-31T09:00:31,28.591843,77.050184,1,2026-08-31T09:14:27,ATM_PNB_102,1.76
TXN-0009357,ACC_NORM_2128,ACC_NORM_1023,13618.31,2026-08-31T09:09:09,,,0,,,
TXN-0009358,ACC_NORM_2748,ACC_NORM_1723,2227.05,2026-08-31T09:17:47,,,0,,,
TXN-0009359,ACC_NORM_2930,ACC_NORM_0352,16545.88,2026-08-31T09:26:26,,,0,,,
TXN-0009360,ACC_VIC_0798,ACC_MULE_0251,173501.37,2026-08-31T09:35:04,28.683548,77.299162,1,2026-08-31T09:49:18,ATM_BOB_163,2.53
TXN-0009361,ACC_VIC_1003,ACC_MULE_0235,207272.38,2026-08-31T09:43:43,28.62328,77.208833,1,2026-08-31T10:08:03,ATM_ICICI_004,1.52
TXN-0009362,ACC_NORM_0526,ACC_NORM_0251,8850.59,2026-08-31T09:52:21,,,0,,,
TXN-0009363,ACC_VIC_1499,ACC_MULE_0505,208023.06,2026-08-31T10:00:59,28.539326,77.211378,1,2026-08-31T10:22:21,ATM_HDFC_089,3.73
TXN-0009364,ACC_MULE_0386,ACC_MULE_0062,67380.95,2026-08-31T10:09:38,28.549729,77.247417,2,2026-08-31T10:24:38,ATM_PNB_052,5.32
TXN-0009365,ACC_NORM_2449,ACC_NORM_2151,7113.19,2026-08-31T10:18:16,,,0,,,
TXN-0009366,ACC_NORM_0167,ACC_NORM_1475,9545.84,2026-08-31T10:26:55,,,0,,,
TXN-0009367,ACC_MULE_0405,ACC_MULE_0350,88775.82,2026-08-31T10:35:33,28.558774,77.252025,2,,,
TXN-0009368,ACC_VIC_0988,ACC_MULE_0268,227559.27,2026-08-31T10:44:11,28.671192,77.170786,1,2026-08-31T11:13:10,ATM_SBI_011,7.31
TXN-0009369,ACC_NORM_1693,ACC_NORM_2161,11224.19,2026-08-31T10:52:50,,,0,,,
TXN-0009370,ACC_NORM_1613,ACC_NORM_1800,3280.2,2026-08-31T11:01:28,,,0,,,
TXN-0009371,ACC_NORM_0077,ACC_NORM_0869,13474.38,2026-08-31T11:10:07,,,0,,,
TXN-0009372,ACC_NORM_0714,ACC_NORM_2676,23202.29,2026-08-31T11:18:45,,,0,,,
TXN-0009373,ACC_NORM_0683,ACC_NORM_2655,14862.04,2026-08-31T11:27:23,,,0,,,
TXN-0009374,ACC_NORM_0753,ACC_NORM_1155,11238.65,2026-08-31T11:36:02,,,0,,,
TXN-0009375,ACC_NORM_0158,ACC_NORM_0594,3437.4,2026-08-31T11:44:40,,,0,,,
TXN-0009376,ACC_NORM_2499,ACC_NORM_1745,16857.64,2026-08-31T11:53:19,,,0,,,
TXN-0009377,ACC_VIC_1335,ACC_MULE_0535,242180.08,2026-08-31T12:01:57,28.530584,77.154526,1,2026-08-31T12:11:58,ATM_BOB_094,3.82
TXN-0009378,ACC_NORM_0328,ACC_NORM_2137,15018.51,2026-08-31T12:10:35,,,0,,,
TXN-0009379,ACC_NORM_1284,ACC_NORM_0109,10485.26,2026-08-31T12:19:14,,,0,,,
TXN-0009380,ACC_NORM_2226,ACC_NORM_2664,2397.69,2026-08-31T12:27:52,,,0,,,
TXN-0009381,ACC_NORM_0963,ACC_NORM_2164,20544.51,2026-08-31T12:36:31,,,0,,,
TXN-0009382,ACC_NORM_1155,ACC_NORM_2906,2719.06,2026-08-31T12:45:09,,,0,,,
TXN-0009383,ACC_NORM_0661,ACC_NORM_2425,19443.0,2026-08-31T12:53:47,,,0,,,
TXN-0009384,ACC_VIC_0320,ACC_MULE_0526,55707.96,2026-08-31T13:02:26,28.62133,77.320726,1,2026-08-31T13:20:27,ATM_BOB_155,12.13
TXN-0009385,ACC_VIC_0361,ACC_MULE_0042,243366.18,2026-08-31T13:11:04,28.676975,77.302079,1,2026-08-31T13:28:59,ATM_HDFC_170,4.31
TXN-0009386,ACC_NORM_0271,ACC_NORM_1527,17482.98,2026-08-31T13:19:43,,,0,,,
TXN-0009387,ACC_MULE_0326,ACC_MULE_0013,216709.91,2026-08-31T13:28:21,28.529594,77.138039,2,2026-08-31T13:40:59,ATM_BOB_094,3.57
TXN-0009388,ACC_NORM_0919,ACC_NORM_1244,14870.01,2026-08-31T13:36:59,,,0,,,
TXN-0009389,ACC_NORM_2203,ACC_NORM_1966,9802.64,2026-08-31T13:45:38,,,0,,,
TXN-0009390,ACC_NORM_2423,ACC_NORM_1105,11107.74,2026-08-31T13:54:16,,,0,,,
TXN-0009391,ACC_NORM_2244,ACC_NORM_0332,20367.94,2026-08-31T14:02:55,,,0,,,
TXN-0009392,ACC_MULE_0521,ACC_MULE_0287,102168.99,2026-08-31T14:11:33,28.525337,77.201046,2,2026-08-31T14:23:22,ATM_ICICI_087,2.99
TXN-0009393,ACC_NORM_0551,ACC_NORM_0952,8540.61,2026-08-31T14:20:11,,,0,,,
TXN-0009394,ACC_NORM_1429,ACC_NORM_2905,4927.05,2026-08-31T14:28:50,,,0,,,
TXN-0009395,ACC_MULE_0547,ACC_MULE_0260,242867.95,2026-08-31T14:37:28,28.537935,77.231422,2,,,
TXN-0009396,ACC_VIC_0643,ACC_MULE_0504,135324.91,2026-08-31T14:46:07,28.703413,77.121207,1,2026-08-31T14:55:00,ATM_SBI_141,3.07
TXN-0009397,ACC_NORM_2498,ACC_NORM_0716,9062.82,2026-08-31T14:54:45,,,0,,,
TXN-0009398,ACC_NORM_2070,ACC_NORM_1578,20898.01,2026-08-31T15:03:23,,,0,,,
TXN-0009399,ACC_NORM_2449,ACC_NORM_2730,18654.35,2026-08-31T15:12:02,,,0,,,
TXN-0009400,ACC_NORM_0842,ACC_NORM_1670,18714.8,2026-08-31T15:20:40,,,0,,,
TXN-0009401,ACC_NORM_0163,ACC_NORM_1942,4257.99,2026-08-31T15:29:19,,,0,,,
TXN-0009402,ACC_NORM_0125,ACC_NORM_2713,12636.24,2026-08-31T15:37:57,,,0,,,
TXN-0009403,ACC_NORM_1054,ACC_NORM_2591,14353.46,2026-08-31T15:46:35,,,0,,,
TXN-0009404,ACC_VIC_0238,ACC_MULE_0287,230581.14,2026-08-31T15:55:14,28.525337,77.201046,1,2026-08-31T16:15:24,ATM_HDFC_086,3.87
TXN-0009405,ACC_NORM_2927,ACC_NORM_0344,20906.53,2026-08-31T16:03:52,,,0,,,
TXN-0009406,ACC_NORM_0013,ACC_NORM_2452,9340.2,2026-08-31T16:12:31,,,0,,,
TXN-0009407,ACC_NORM_0963,ACC_NORM_0752,23732.58,2026-08-31T16:21:09,,,0,,,
TXN-0009408,ACC_NORM_1011,ACC_NORM_2743,15488.85,2026-08-31T16:29:47,,,0,,,
TXN-0009409,ACC_MULE_0002,ACC_MULE_0422,136741.56,2026-08-31T16:38:26,28.640815,77.208538,2,2026-08-31T16:59:18,ATM_UBI_016,5.21
TXN-0009410,ACC_VIC_0873,ACC_MULE_0572,177286.1,2026-08-31T16:47:04,28.689351,77.125333,1,2026-08-31T17:06:16,ATM_SBI_141,6.95
TXN-0009411,ACC_NORM_1171,ACC_NORM_2967,13823.47,2026-08-31T16:55:43,,,0,,,
TXN-0009412,ACC_VIC_0202,ACC_MULE_0104,177929.12,2026-08-31T17:04:21,28.640872,77.199477,1,2026-08-31T17:24:29,ATM_ICICI_004,4.86
TXN-0009413,ACC_MULE_0357,ACC_MULE_0165,144042.78,2026-08-31T17:12:59,28.661172,77.300555,2,2026-08-31T17:30:19,ATM_HDFC_170,6.55
TXN-0009414,ACC_NORM_0904,ACC_NORM_2883,19361.53,2026-08-31T17:21:38,,,0,,,
TXN-0009415,ACC_NORM_2580,ACC_NORM_1156,6525.4,2026-08-31T17:30:16,,,0,,,
TXN-0009416,ACC_NORM_2327,ACC_NORM_0012,11921.14,2026-08-31T17:38:55,,,0,,,
TXN-0009417,ACC_VIC_0102,ACC_MULE_0308,204932.22,2026-08-31T17:47:33,28.628876,77.309839,1,2026-08-31T17:58:54,ATM_BOB_146,3.02
TXN-0009418,ACC_NORM_0209,ACC_NORM_1842,21428.61,2026-08-31T17:56:11,,,0,,,
TXN-0009419,ACC_NORM_0667,ACC_NORM_0410,7887.5,2026-08-31T18:04:50,,,0,,,
TXN-0009420,ACC_NORM_1765,ACC_NORM_0627,16932.61,2026-08-31T18:13:28,,,0,,,
TXN-0009421,ACC_NORM_0372,ACC_NORM_0902,20603.73,2026-08-31T18:22:07,,,0,,,
TXN-0009422,ACC_VIC_0280,ACC_MULE_0135,89695.91,2026-08-31T18:30:45,28.650398,77.214128,1,2026-08-31T18:51:24,ATM_UBI_016,6.57
TXN-0009423,ACC_NORM_0606,ACC_NORM_1397,10425.32,2026-08-31T18:39:23,,,0,,,
TXN-0009424,ACC_MULE_0563,ACC_MULE_0350,198950.84,2026-08-31T18:48:02,28.558774,77.252025,2,2026-08-31T19:00:48,ATM_PNB_052,2.57
TXN-0009425,ACC_NORM_1808,ACC_NORM_1965,6622.36,2026-08-31T18:56:40,,,0,,,
TXN-0009426,ACC_NORM_0595,ACC_NORM_0308,3152.87,2026-08-31T19:05:19,,,0,,,
TXN-0009427,ACC_NORM_0370,ACC_NORM_0537,3662.4,2026-08-31T19:13:57,,,0,,,
TXN-0009428,ACC_MULE_0330,ACC_MULE_0261,225654.62,2026-08-31T19:22:35,28.635448,77.189217,2,,,
TXN-0009429,ACC_NORM_0416,ACC_NORM_2658,8258.34,2026-08-31T19:31:14,,,0,,,
TXN-0009430,ACC_NORM_1113,ACC_NORM_0684,1851.46,2026-08-31T19:39:52,,,0,,,
TXN-0009431,ACC_NORM_0631,ACC_NORM_2870,16396.17,2026-08-31T19:48:31,,,0,,,
TXN-0009432,ACC_VIC_1459,ACC_MULE_0034,234309.51,2026-08-31T19:57:09,28.547679,77.166269,1,2026-08-31T20:13:15,ATM_BOB_094,10.23
TXN-0009433,ACC_VIC_1232,ACC_MULE_0122,71571.93,2026-08-31T20:05:47,28.615224,77.228496,1,,,
TXN-0009434,ACC_MULE_0077,ACC_MULE_0060,177611.96,2026-08-31T20:14:26,28.711229,77.121922,2,,,
TXN-0009435,ACC_VIC_1450,ACC_MULE_0450,131649.33,2026-08-31T20:23:04,28.699299,77.103691,1,2026-08-31T20:37:50,ATM_HDFC_130,5.78
TXN-0009436,ACC_NORM_0011,ACC_NORM_2928,1896.52,2026-08-31T20:31:43,,,0,,,
TXN-0009437,ACC_NORM_0569,ACC_NORM_1310,8962.21,2026-08-31T20:40:21,,,0,,,
TXN-0009438,ACC_NORM_2742,ACC_NORM_1857,904.27,2026-08-31T20:48:59,,,0,,,
TXN-0009439,ACC_MULE_0457,ACC_MULE_0449,148411.01,2026-08-31T20:57:38,28.574794,77.231103,2,2026-08-31T21:15:49,ATM_BOB_046,2.35
TXN-0009440,ACC_NORM_2063,ACC_NORM_0809,6063.92,2026-08-31T21:06:16,,,0,,,
TXN-0009441,ACC_NORM_0078,ACC_NORM_0573,11401.06,2026-08-31T21:14:55,,,0,,,
TXN-0009442,ACC_NORM_2024,ACC_NORM_0191,10508.88,2026-08-31T21:23:33,,,0,,,
TXN-0009443,ACC_VIC_0532,ACC_MULE_0101,71890.78,2026-08-31T21:32:11,28.723092,77.12303,1,2026-08-31T21:57:52,ATM_UBI_139,3.51
TXN-0009444,ACC_VIC_1218,ACC_MULE_0397,249398.1,2026-08-31T21:40:50,28.59024,77.330658,1,,,
TXN-0009445,ACC_NORM_1900,ACC_NORM_1233,13681.76,2026-08-31T21:49:28,,,0,,,
TXN-0009446,ACC_NORM_2523,ACC_NORM_2468,9913.17,2026-08-31T21:58:07,,,0,,,
TXN-0009447,ACC_MULE_0406,ACC_MULE_0411,154104.29,2026-08-31T22:06:45,28.530139,77.222592,2,2026-08-31T22:12:45,ATM_SBI_072,2.8
TXN-0009448,ACC_NORM_1875,ACC_NORM_1670,9849.02,2026-08-31T22:15:23,,,0,,,
TXN-0009449,ACC_NORM_2014,ACC_NORM_1058,2838.37,2026-08-31T22:24:02,,,0,,,
TXN-0009450,ACC_VIC_0644,ACC_MULE_0410,162625.58,2026-08-31T22:32:40,28.552688,77.223813,1,,,
TXN-0009451,ACC_VIC_1285,ACC_MULE_0251,152245.86,2026-08-31T22:41:19,28.683548,77.299162,1,2026-08-31T22:56:51,ATM_HDFC_170,3.97
TXN-0009452,ACC_VIC_0268,ACC_MULE_0490,68987.57,2026-08-31T22:49:57,28.659976,77.176184,1,2026-08-31T23:12:22,ATM_UBI_016,6.07
TXN-0009453,ACC_VIC_1415,ACC_MULE_0384,111126.12,2026-08-31T22:58:35,28.665219,77.286204,1,,,
TXN-0009454,ACC_VIC_0983,ACC_MULE_0129,63499.9,2026-08-31T23:07:14,28.641962,77.206697,1,2026-08-31T23:20:49,ATM_UBI_016,4.59
TXN-0009455,ACC_MULE_0284,ACC_MULE_0175,77960.66,2026-08-31T23:15:52,28.516377,77.217225,2,2026-08-31T23:33:09,ATM_HDFC_086,6.2
TXN-0009456,ACC_NORM_1914,ACC_NORM_2387,3610.43,2026-08-31T23:24:31,,,0,,,
TXN-0009457,ACC_NORM_2550,ACC_NORM_1050,15935.69,2026-08-31T23:33:09,,,0,,,
TXN-0009458,ACC_MULE_0217,ACC_MULE_0203,114648.33,2026-08-31T23:41:47,28.574578,77.031617,2,2026-09-01T00:00:29,ATM_UBI_105,3.51
TXN-0009459,ACC_NORM_2937,ACC_NORM_0336,7692.72,2026-08-31T23:50:26,,,0,,,
TXN-0009460,ACC_VIC_0429,ACC_MULE_0310,174708.09,2026-08-31T23:59:04,28.583326,77.064633,1,2026-09-01T00:18:50,ATM_PNB_102,3.18
TXN-0009461,ACC_NORM_1349,ACC_NORM_1234,23573.09,2026-09-01T00:07:43,,,0,,,
TXN-0009462,ACC_VIC_0923,ACC_MULE_0225,202912.84,2026-09-01T00:16:21,28.585154,77.052379,1,2026-09-01T00:37:14,ATM_PNB_102,1.69
TXN-0009463,ACC_VIC_1227,ACC_MULE_0587,175460.92,2026-09-01T00:24:59,28.713739,77.137598,1,2026-09-01T00:48:03,ATM_ICICI_142,6.05
TXN-0009464,ACC_NORM_1056,ACC_NORM_0966,8059.84,2026-09-01T00:33:38,,,0,,,
TXN-0009465,ACC_VIC_1144,ACC_MULE_0142,66908.11,2026-09-01T00:42:16,28.537116,77.158638,1,2026-09-01T01:04:19,ATM_BOB_094,6.21
TXN-0009466,ACC_NORM_0791,ACC_NORM_0642,9436.3,2026-09-01T00:50:55,,,0,,,
TXN-0009467,ACC_NORM_0060,ACC_NORM_0019,5837.49,2026-09-01T00:59:33,,,0,,,
TXN-0009468,ACC_VIC_1089,ACC_MULE_0221,54140.3,2026-09-01T01:08:11,28.638591,77.221445,1,2026-09-01T01:24:13,ATM_HDFC_007,1.25
TXN-0009469,ACC_MULE_0237,ACC_MULE_0023,189322.56,2026-09-01T01:16:50,28.549456,77.227232,2,2026-09-01T01:34:03,ATM_PNB_064,1.95
TXN-0009470,ACC_NORM_1591,ACC_NORM_2578,24440.68,2026-09-01T01:25:28,,,0,,,
TXN-0009471,ACC_NORM_0187,ACC_NORM_2520,5429.33,2026-09-01T01:34:07,,,0,,,
TXN-0009472,ACC_NORM_1102,ACC_NORM_0905,18610.06,2026-09-01T01:42:45,,,0,,,
TXN-0009473,ACC_NORM_0945,ACC_NORM_0796,1059.81,2026-09-01T01:51:23,,,0,,,
TXN-0009474,ACC_NORM_2233,ACC_NORM_1158,9829.59,2026-09-01T02:00:02,,,0,,,
TXN-0009475,ACC_NORM_0643,ACC_NORM_0336,13757.74,2026-09-01T02:08:40,,,0,,,
TXN-0009476,ACC_NORM_0430,ACC_NORM_2532,7294.01,2026-09-01T02:17:19,,,0,,,
TXN-0009477,ACC_NORM_1468,ACC_NORM_0885,2316.21,2026-09-01T02:25:57,,,0,,,
TXN-0009478,ACC_NORM_0236,ACC_NORM_0283,13887.26,2026-09-01T02:34:35,,,0,,,
TXN-0009479,ACC_NORM_2073,ACC_NORM_0071,20439.25,2026-09-01T02:43:14,,,0,,,
TXN-0009480,ACC_MULE_0138,ACC_MULE_0508,190964.84,2026-09-01T02:51:52,28.704011,77.109571,2,,,
TXN-0009481,ACC_NORM_0566,ACC_NORM_1396,5864.7,2026-09-01T03:00:31,,,0,,,
TXN-0009482,ACC_VIC_0358,ACC_MULE_0299,231737.58,2026-09-01T03:09:09,28.582516,77.058304,1,2026-09-01T03:29:19,ATM_PNB_102,2.35
TXN-0009483,ACC_NORM_0483,ACC_NORM_1068,22170.92,2026-09-01T03:17:47,,,0,,,
TXN-0009484,ACC_NORM_0897,ACC_NORM_2821,14896.47,2026-09-01T03:26:26,,,0,,,
TXN-0009485,ACC_NORM_2641,ACC_NORM_0158,9159.9,2026-09-01T03:35:04,,,0,,,
TXN-0009486,ACC_NORM_0118,ACC_NORM_0937,8036.51,2026-09-01T03:43:43,,,0,,,
TXN-0009487,ACC_NORM_0953,ACC_NORM_0043,9462.69,2026-09-01T03:52:21,,,0,,,
TXN-0009488,ACC_NORM_0840,ACC_NORM_2410,11861.46,2026-09-01T04:00:59,,,0,,,
TXN-0009489,ACC_NORM_0543,ACC_NORM_2386,685.01,2026-09-01T04:09:38,,,0,,,
TXN-0009490,ACC_NORM_0245,ACC_NORM_0232,6994.05,2026-09-01T04:18:16,,,0,,,
TXN-0009491,ACC_NORM_2765,ACC_NORM_2804,15006.68,2026-09-01T04:26:55,,,0,,,
TXN-0009492,ACC_NORM_1573,ACC_NORM_0048,1994.24,2026-09-01T04:35:33,,,0,,,
TXN-0009493,ACC_VIC_0080,ACC_MULE_0031,131749.74,2026-09-01T04:44:11,28.620642,77.288137,1,2026-09-01T04:56:26,ATM_UBI_150,3.72
TXN-0009494,ACC_NORM_0594,ACC_NORM_1179,20845.36,2026-09-01T04:52:50,,,0,,,
TXN-0009495,ACC_NORM_2660,ACC_NORM_0653,19490.31,2026-09-01T05:01:28,,,0,,,
TXN-0009496,ACC_VIC_1036,ACC_MULE_0370,182850.81,2026-09-01T05:10:07,28.616595,77.311886,1,,,
TXN-0009497,ACC_NORM_0560,ACC_NORM_1475,11985.98,2026-09-01T05:18:45,,,0,,,
TXN-0009498,ACC_NORM_2907,ACC_NORM_2658,15973.33,2026-09-01T05:27:23,,,0,,,
TXN-0009499,ACC_NORM_0660,ACC_NORM_2042,7680.97,2026-09-01T05:36:02,,,0,,,
TXN-0009500,ACC_NORM_0937,ACC_NORM_2615,11995.22,2026-09-01T05:44:40,,,0,,,
TXN-0009501,ACC_VIC_1493,ACC_MULE_0067,61841.68,2026-09-01T05:53:19,28.617482,77.293913,1,,,
TXN-0009502,ACC_MULE_0166,ACC_MULE_0565,145853.24,2026-09-01T06:01:57,28.529488,77.238655,2,,,
TXN-0009503,ACC_NORM_1044,ACC_NORM_2587,13947.21,2026-09-01T06:10:35,,,0,,,
TXN-0009504,ACC_NORM_2849,ACC_NORM_1126,14166.1,2026-09-01T06:19:14,,,0,,,
TXN-0009505,ACC_NORM_0480,ACC_NORM_1584,15941.26,2026-09-01T06:27:52,,,0,,,
TXN-0009506,ACC_NORM_2900,ACC_NORM_1277,19042.51,2026-09-01T06:36:31,,,0,,,
TXN-0009507,ACC_NORM_2279,ACC_NORM_0526,20085.34,2026-09-01T06:45:09,,,0,,,
TXN-0009508,ACC_NORM_0297,ACC_NORM_1181,24865.82,2026-09-01T06:53:47,,,0,,,
TXN-0009509,ACC_NORM_2980,ACC_NORM_1400,16818.04,2026-09-01T07:02:26,,,0,,,
TXN-0009510,ACC_NORM_1139,ACC_NORM_2680,24057.02,2026-09-01T07:11:04,,,0,,,
TXN-0009511,ACC_NORM_0252,ACC_NORM_2306,4819.27,2026-09-01T07:19:43,,,0,,,
TXN-0009512,ACC_MULE_0580,ACC_MULE_0375,222637.93,2026-09-01T07:28:21,28.529185,77.224222,2,2026-09-01T07:42:29,ATM_ICICI_087,6.77
TXN-0009513,ACC_NORM_2562,ACC_NORM_1657,13269.67,2026-09-01T07:36:59,,,0,,,
TXN-0009514,ACC_VIC_1193,ACC_MULE_0250,102518.31,2026-09-01T07:45:38,28.630999,77.210563,1,2026-09-01T07:57:15,ATM_HDFC_002,1.51
TXN-0009515,ACC_NORM_2381,ACC_NORM_1334,11934.99,2026-09-01T07:54:16,,,0,,,
TXN-0009516,ACC_NORM_2929,ACC_NORM_0440,8941.7,2026-09-01T08:02:55,,,0,,,
TXN-0009517,ACC_NORM_1523,ACC_NORM_1086,16527.34,2026-09-01T08:11:33,,,0,,,
TXN-0009518,ACC_NORM_1907,ACC_NORM_1922,6176.41,2026-09-01T08:20:11,,,0,,,
TXN-0009519,ACC_NORM_1612,ACC_NORM_0050,17770.59,2026-09-01T08:28:50,,,0,,,
TXN-0009520,ACC_VIC_0660,ACC_MULE_0384,166278.7,2026-09-01T08:37:28,28.665219,77.286204,1,2026-09-01T08:53:46,ATM_HDFC_170,3.99
TXN-0009521,ACC_NORM_2412,ACC_NORM_1036,748.11,2026-09-01T08:46:07,,,0,,,
TXN-0009522,ACC_MULE_0589,ACC_MULE_0179,50597.94,2026-09-01T08:54:45,28.534464,77.211713,2,,,
TXN-0009523,ACC_NORM_1317,ACC_NORM_2463,11566.06,2026-09-01T09:03:23,,,0,,,
TXN-0009524,ACC_NORM_0250,ACC_NORM_2168,18427.16,2026-09-01T09:12:02,,,0,,,
TXN-0009525,ACC_NORM_1745,ACC_NORM_2187,7657.6,2026-09-01T09:20:40,,,0,,,
TXN-0009526,ACC_VIC_1258,ACC_MULE_0442,230561.96,2026-09-01T09:29:19,28.696744,77.110089,1,2026-09-01T09:45:52,ATM_SBI_141,3.32
TXN-0009527,ACC_NORM_2516,ACC_NORM_0385,14678.76,2026-09-01T09:37:57,,,0,,,
TXN-0009528,ACC_NORM_0305,ACC_NORM_1723,6265.62,2026-09-01T09:46:35,,,0,,,
TXN-0009529,ACC_VIC_1052,ACC_MULE_0197,227296.79,2026-09-01T09:55:14,28.667701,77.189541,1,2026-09-01T10:04:26,ATM_BOB_012,3.99
TXN-0009530,ACC_NORM_1237,ACC_NORM_1196,19515.62,2026-09-01T10:03:52,,,0,,,
TXN-0009531,ACC_NORM_1176,ACC_NORM_1016,7350.97,2026-09-01T10:12:31,,,0,,,
TXN-0009532,ACC_NORM_2138,ACC_NORM_0497,13920.46,2026-09-01T10:21:09,,,0,,,
TXN-0009533,ACC_NORM_1739,ACC_NORM_2713,17453.19,2026-09-01T10:29:47,,,0,,,
TXN-0009534,ACC_NORM_0434,ACC_NORM_2169,20454.56,2026-09-01T10:38:26,,,0,,,
TXN-0009535,ACC_NORM_0140,ACC_NORM_0604,10142.12,2026-09-01T10:47:04,,,0,,,
TXN-0009536,ACC_VIC_0205,ACC_MULE_0302,183933.75,2026-09-01T10:55:43,28.71834,77.120332,1,2026-09-01T11:11:17,ATM_UBI_139,2.06
TXN-0009537,ACC_NORM_2051,ACC_NORM_1230,5987.82,2026-09-01T11:04:21,,,0,,,
TXN-0009538,ACC_NORM_1544,ACC_NORM_1630,16345.47,2026-09-01T11:12:59,,,0,,,
TXN-0009539,ACC_NORM_2836,ACC_NORM_2752,2157.75,2026-09-01T11:21:38,,,0,,,
TXN-0009540,ACC_NORM_0892,ACC_NORM_1233,7400.02,2026-09-01T11:30:16,,,0,,,
TXN-0009541,ACC_NORM_0127,ACC_NORM_0102,9426.61,2026-09-01T11:38:55,,,0,,,
TXN-0009542,ACC_NORM_2708,ACC_NORM_0505,17716.74,2026-09-01T11:47:33,,,0,,,
TXN-0009543,ACC_NORM_0807,ACC_NORM_0133,6295.34,2026-09-01T11:56:11,,,0,,,
TXN-0009544,ACC_NORM_2148,ACC_NORM_0551,20302.56,2026-09-01T12:04:50,,,0,,,
TXN-0009545,ACC_NORM_0013,ACC_NORM_1397,16696.95,2026-09-01T12:13:28,,,0,,,
TXN-0009546,ACC_NORM_2233,ACC_NORM_1671,9949.1,2026-09-01T12:22:07,,,0,,,
TXN-0009547,ACC_NORM_2568,ACC_NORM_2250,2152.31,2026-09-01T12:30:45,,,0,,,
TXN-0009548,ACC_NORM_2150,ACC_NORM_2478,10041.09,2026-09-01T12:39:23,,,0,,,
TXN-0009549,ACC_NORM_0040,ACC_NORM_0026,13519.43,2026-09-01T12:48:02,,,0,,,
TXN-0009550,ACC_NORM_1178,ACC_NORM_1139,16918.77,2026-09-01T12:56:40,,,0,,,
TXN-0009551,ACC_NORM_2346,ACC_NORM_2043,19826.06,2026-09-01T13:05:19,,,0,,,
TXN-0009552,ACC_MULE_0180,ACC_MULE_0218,73664.63,2026-09-01T13:13:57,28.514165,77.219838,2,2026-09-01T13:21:25,ATM_KOTAK_085,2.75
TXN-0009553,ACC_NORM_0587,ACC_NORM_1989,12510.71,2026-09-01T13:22:35,,,0,,,
TXN-0009554,ACC_MULE_0230,ACC_MULE_0299,110459.8,2026-09-01T13:31:14,28.582516,77.058304,2,2026-09-01T13:49:21,ATM_AXIS_103,4.79
TXN-0009555,ACC_NORM_0807,ACC_NORM_0848,24662.89,2026-09-01T13:39:52,,,0,,,
TXN-0009556,ACC_VIC_0345,ACC_MULE_0429,194162.74,2026-09-01T13:48:31,28.584213,77.049455,1,2026-09-01T14:11:27,ATM_PNB_102,2.46
TXN-0009557,ACC_NORM_2927,ACC_NORM_1399,1645.92,2026-09-01T13:57:09,,,0,,,
TXN-0009558,ACC_NORM_2824,ACC_NORM_1900,24760.63,2026-09-01T14:05:47,,,0,,,
TXN-0009559,ACC_NORM_2941,ACC_NORM_2756,20192.16,2026-09-01T14:14:26,,,0,,,
TXN-0009560,ACC_VIC_1408,ACC_MULE_0382,57030.53,2026-09-01T14:23:04,28.652092,77.178336,1,2026-09-01T14:30:43,ATM_SBI_011,0.81
TXN-0009561,ACC_VIC_0062,ACC_MULE_0328,101608.08,2026-09-01T14:31:43,28.689404,77.299376,1,2026-09-01T14:41:51,ATM_BOB_163,3.67
TXN-0009562,ACC_NORM_1643,ACC_NORM_2762,1775.15,2026-09-01T14:40:21,,,0,,,
TXN-0009563,ACC_VIC_0054,ACC_MULE_0186,131947.51,2026-09-01T14:48:59,28.534602,77.13424,1,2026-09-01T15:04:13,ATM_BOB_094,5.49
TXN-0009564,ACC_NORM_0915,ACC_NORM_2115,18231.18,2026-09-01T14:57:38,,,0,,,
TXN-0009565,ACC_VIC_0028,ACC_MULE_0259,100240.26,2026-09-01T15:06:16,28.629945,77.334516,1,2026-09-01T15:49:24,ATM_BOB_152,8.87
TXN-0009566,ACC_NORM_1117,ACC_NORM_0110,4816.87,2026-09-01T15:14:55,,,0,,,
TXN-0009567,ACC_NORM_2161,ACC_NORM_2092,15375.67,2026-09-01T15:23:33,,,0,,,
TXN-0009568,ACC_NORM_0316,ACC_NORM_0283,3069.03,2026-09-01T15:32:11,,,0,,,
TXN-0009569,ACC_MULE_0428,ACC_MULE_0458,201323.53,2026-09-01T15:40:50,28.650784,77.215449,2,,,
TXN-0009570,ACC_NORM_1665,ACC_NORM_0089,2656.69,2026-09-01T15:49:28,,,0,,,
TXN-0009571,ACC_NORM_2010,ACC_NORM_2718,11526.01,2026-09-01T15:58:07,,,0,,,
TXN-0009572,ACC_NORM_0594,ACC_NORM_1896,1340.01,2026-09-01T16:06:45,,,0,,,
TXN-0009573,ACC_NORM_0448,ACC_NORM_2502,13053.45,2026-09-01T16:15:23,,,0,,,
TXN-0009574,ACC_VIC_0604,ACC_MULE_0136,144497.4,2026-09-01T16:24:02,28.534737,77.212677,1,2026-09-01T17:01:31,ATM_HDFC_086,0.8
TXN-0009575,ACC_NORM_1837,ACC_NORM_2208,4247.41,2026-09-01T16:32:40,,,0,,,
TXN-0009576,ACC_NORM_1640,ACC_NORM_1317,8720.2,2026-09-01T16:41:19,,,0,,,
TXN-0009577,ACC_NORM_1622,ACC_NORM_1794,8065.01,2026-09-01T16:49:57,,,0,,,
TXN-0009578,ACC_VIC_1062,ACC_MULE_0486,218871.74,2026-09-01T16:58:35,28.535819,77.227432,1,2026-09-01T17:16:35,ATM_KOTAK_053,9.81
TXN-0009579,ACC_VIC_1448,ACC_MULE_0340,119098.2,2026-09-01T17:07:14,28.53437,77.208411,1,2026-09-01T17:17:02,ATM_ICICI_087,2.07
TXN-0009580,ACC_VIC_0283,ACC_MULE_0535,98182.53,2026-09-01T17:15:52,28.530584,77.154526,1,2026-09-01T17:27:23,ATM_BOB_094,3.82
TXN-0009581,ACC_NORM_1272,ACC_NORM_1918,15293.99,2026-09-01T17:24:31,,,0,,,
TXN-0009582,ACC_NORM_2728,ACC_NORM_1309,14896.11,2026-09-01T17:33:09,,,0,,,
TXN-0009583,ACC_NORM_2602,ACC_NORM_1617,2322.87,2026-09-01T17:41:47,,,0,,,
TXN-0009584,ACC_MULE_0380,ACC_MULE_0331,53766.03,2026-09-01T17:50:26,28.700707,77.149733,2,2026-09-01T18:06:33,ATM_SBI_141,11.07
TXN-0009585,ACC_MULE_0448,ACC_MULE_0131,231568.38,2026-09-01T17:59:04,28.606603,77.040184,2,2026-09-01T18:19:32,ATM_AXIS_101,1.5
TXN-0009586,ACC_NORM_1657,ACC_NORM_1112,16053.52,2026-09-01T18:07:43,,,0,,,
TXN-0009587,ACC_NORM_0814,ACC_NORM_1612,11108.09,2026-09-01T18:16:21,,,0,,,
TXN-0009588,ACC_NORM_1884,ACC_NORM_1148,13214.35,2026-09-01T18:24:59,,,0,,,
TXN-0009589,ACC_NORM_2442,ACC_NORM_2061,15276.19,2026-09-01T18:33:38,,,0,,,
TXN-0009590,ACC_NORM_1481,ACC_NORM_2317,12477.3,2026-09-01T18:42:16,,,0,,,
TXN-0009591,ACC_NORM_0451,ACC_NORM_2896,6643.68,2026-09-01T18:50:55,,,0,,,
TXN-0009592,ACC_NORM_1231,ACC_NORM_0657,20223.1,2026-09-01T18:59:33,,,0,,,
TXN-0009593,ACC_NORM_1538,ACC_NORM_2432,6207.24,2026-09-01T19:08:11,,,0,,,
TXN-0009594,ACC_NORM_0315,ACC_NORM_0292,6864.14,2026-09-01T19:16:50,,,0,,,
TXN-0009595,ACC_NORM_1758,ACC_NORM_2571,16079.15,2026-09-01T19:25:28,,,0,,,
TXN-0009596,ACC_NORM_1977,ACC_NORM_1756,14996.61,2026-09-01T19:34:07,,,0,,,
TXN-0009597,ACC_NORM_1335,ACC_NORM_1446,6702.18,2026-09-01T19:42:45,,,0,,,
TXN-0009598,ACC_VIC_0811,ACC_MULE_0033,172537.19,2026-09-01T19:51:23,28.635181,77.214082,1,2026-09-01T20:02:38,ATM_ICICI_004,2.81
TXN-0009599,ACC_NORM_2971,ACC_NORM_1843,10490.37,2026-09-01T20:00:02,,,0,,,
TXN-0009600,ACC_VIC_1472,ACC_MULE_0383,99544.66,2026-09-01T20:08:40,28.534033,77.207564,1,,,
TXN-0009601,ACC_NORM_2334,ACC_NORM_2267,4620.69,2026-09-01T20:17:19,,,0,,,
TXN-0009602,ACC_NORM_0236,ACC_NORM_0279,24485.4,2026-09-01T20:25:57,,,0,,,
TXN-0009603,ACC_MULE_0470,ACC_MULE_0178,78990.6,2026-09-01T20:34:35,28.550068,77.252257,2,2026-09-01T20:49:35,ATM_ICICI_068,4.0
TXN-0009604,ACC_NORM_0581,ACC_NORM_1946,20875.35,2026-09-01T20:43:14,,,0,,,
TXN-0009605,ACC_NORM_0297,ACC_NORM_1580,2127.47,2026-09-01T20:51:52,,,0,,,
TXN-0009606,ACC_NORM_1351,ACC_NORM_0790,12984.19,2026-09-01T21:00:31,,,0,,,
TXN-0009607,ACC_VIC_0498,ACC_MULE_0049,138100.81,2026-09-01T21:09:09,28.532206,77.228628,1,,,
TXN-0009608,ACC_NORM_2155,ACC_NORM_1866,20336.27,2026-09-01T21:17:47,,,0,,,
TXN-0009609,ACC_NORM_2667,ACC_NORM_2019,10922.85,2026-09-01T21:26:26,,,0,,,
TXN-0009610,ACC_VIC_1156,ACC_MULE_0147,176442.45,2026-09-01T21:35:04,28.61323,77.312138,1,2026-09-01T22:09:07,ATM_UBI_150,4.65
TXN-0009611,ACC_NORM_0679,ACC_NORM_0183,24591.04,2026-09-01T21:43:43,,,0,,,
TXN-0009612,ACC_NORM_0638,ACC_NORM_2286,6005.09,2026-09-01T21:52:21,,,0,,,
TXN-0009613,ACC_VIC_0790,ACC_MULE_0055,85407.19,2026-09-01T22:00:59,28.609486,77.32273,1,,,
TXN-0009614,ACC_VIC_0139,ACC_MULE_0306,120027.34,2026-09-01T22:09:38,28.687317,77.304442,1,2026-09-01T22:27:02,ATM_BOB_163,4.39
TXN-0009615,ACC_NORM_1831,ACC_NORM_0035,10800.75,2026-09-01T22:18:16,,,0,,,
TXN-0009616,ACC_NORM_1360,ACC_NORM_1229,5150.51,2026-09-01T22:26:55,,,0,,,
TXN-0009617,ACC_NORM_0194,ACC_NORM_2454,9030.6,2026-09-01T22:35:33,,,0,,,
TXN-0009618,ACC_NORM_1593,ACC_NORM_1100,10612.49,2026-09-01T22:44:11,,,0,,,
TXN-0009619,ACC_NORM_2735,ACC_NORM_1119,24997.79,2026-09-01T22:52:50,,,0,,,
TXN-0009620,ACC_NORM_0397,ACC_NORM_2072,2149.83,2026-09-01T23:01:28,,,0,,,
TXN-0009621,ACC_NORM_0874,ACC_NORM_0765,22219.82,2026-09-01T23:10:07,,,0,,,
TXN-0009622,ACC_NORM_1568,ACC_NORM_0769,7723.0,2026-09-01T23:18:45,,,0,,,
TXN-0009623,ACC_NORM_1542,ACC_NORM_1980,7274.8,2026-09-01T23:27:23,,,0,,,
TXN-0009624,ACC_NORM_1926,ACC_NORM_1276,13978.1,2026-09-01T23:36:02,,,0,,,
TXN-0009625,ACC_NORM_2700,ACC_NORM_0390,18758.55,2026-09-01T23:44:40,,,0,,,
TXN-0009626,ACC_NORM_1643,ACC_NORM_0585,4606.36,2026-09-01T23:53:19,,,0,,,
TXN-0009627,ACC_NORM_2180,ACC_NORM_0597,23896.19,2026-09-02T00:01:57,,,0,,,
TXN-0009628,ACC_NORM_0254,ACC_NORM_1948,21563.54,2026-09-02T00:10:35,,,0,,,
TXN-0009629,ACC_NORM_0767,ACC_NORM_2433,14774.93,2026-09-02T00:19:14,,,0,,,
TXN-0009630,ACC_VIC_0400,ACC_MULE_0051,79350.74,2026-09-02T00:27:52,28.599468,77.332524,1,2026-09-02T00:48:09,ATM_BOB_146,11.07
TXN-0009631,ACC_MULE_0201,ACC_MULE_0439,137806.68,2026-09-02T00:36:31,28.547624,77.151443,2,2026-09-02T00:58:44,ATM_BOB_094,8.63
TXN-0009632,ACC_NORM_2040,ACC_NORM_1702,24743.11,2026-09-02T00:45:09,,,0,,,
TXN-0009633,ACC_VIC_0534,ACC_MULE_0234,176463.26,2026-09-02T00:53:47,28.535512,77.216346,1,,,
TXN-0009634,ACC_NORM_0315,ACC_NORM_1066,4550.14,2026-09-02T01:02:26,,,0,,,
TXN-0009635,ACC_NORM_1436,ACC_NORM_0774,22498.32,2026-09-02T01:11:04,,,0,,,
TXN-0009636,ACC_NORM_1520,ACC_NORM_1586,7049.67,2026-09-02T01:19:43,,,0,,,
TXN-0009637,ACC_NORM_2699,ACC_NORM_2885,16655.24,2026-09-02T01:28:21,,,0,,,
TXN-0009638,ACC_NORM_2047,ACC_NORM_1234,6367.23,2026-09-02T01:36:59,,,0,,,
TXN-0009639,ACC_MULE_0556,ACC_MULE_0179,60367.6,2026-09-02T01:45:38,28.534464,77.211713,2,2026-09-02T01:55:32,ATM_HDFC_086,0.53
TXN-0009640,ACC_NORM_2363,ACC_NORM_2712,6366.25,2026-09-02T01:54:16,,,0,,,
TXN-0009641,ACC_NORM_0721,ACC_NORM_0889,4021.46,2026-09-02T02:02:55,,,0,,,
TXN-0009642,ACC_NORM_1620,ACC_NORM_1747,1832.28,2026-09-02T02:11:33,,,0,,,
TXN-0009643,ACC_NORM_0108,ACC_NORM_1297,8481.96,2026-09-02T02:20:11,,,0,,,
TXN-0009644,ACC_NORM_0412,ACC_NORM_1564,17015.47,2026-09-02T02:28:50,,,0,,,
TXN-0009645,ACC_NORM_2148,ACC_NORM_0508,11403.52,2026-09-02T02:37:28,,,0,,,
TXN-0009646,ACC_NORM_1304,ACC_NORM_0431,2125.71,2026-09-02T02:46:07,,,0,,,
TXN-0009647,ACC_VIC_0378,ACC_MULE_0230,61381.1,2026-09-02T02:54:45,28.727179,77.129184,1,2026-09-02T03:17:52,ATM_UBI_139,5.68
TXN-0009648,ACC_NORM_0428,ACC_NORM_1192,15725.63,2026-09-02T03:03:23,,,0,,,
TXN-0009649,ACC_NORM_2688,ACC_NORM_2375,10630.68,2026-09-02T03:12:02,,,0,,,
TXN-0009650,ACC_NORM_1934,ACC_NORM_2834,20360.52,2026-09-02T03:20:40,,,0,,,
TXN-0009651,ACC_NORM_0647,ACC_NORM_2856,24629.11,2026-09-02T03:29:19,,,0,,,
TXN-0009652,ACC_NORM_0742,ACC_NORM_1942,23649.19,2026-09-02T03:37:57,,,0,,,
TXN-0009653,ACC_NORM_0830,ACC_NORM_2871,7586.15,2026-09-02T03:46:35,,,0,,,
TXN-0009654,ACC_NORM_0115,ACC_NORM_1555,16333.12,2026-09-02T03:55:14,,,0,,,
TXN-0009655,ACC_NORM_2811,ACC_NORM_0220,12180.12,2026-09-02T04:03:52,,,0,,,
TXN-0009656,ACC_NORM_0113,ACC_NORM_0983,2168.64,2026-09-02T04:12:31,,,0,,,
TXN-0009657,ACC_VIC_0184,ACC_MULE_0587,63305.54,2026-09-02T04:21:09,28.713739,77.137598,1,2026-09-02T04:38:09,ATM_HDFC_130,5.62
TXN-0009658,ACC_VIC_0962,ACC_MULE_0436,67930.52,2026-09-02T04:29:47,28.727817,77.129517,1,,,
TXN-0009659,ACC_MULE_0574,ACC_MULE_0150,241653.56,2026-09-02T04:38:26,28.716756,77.132043,2,2026-09-02T04:55:01,ATM_ICICI_142,5.71
TXN-0009660,ACC_NORM_0854,ACC_NORM_1650,7314.14,2026-09-02T04:47:04,,,0,,,
TXN-0009661,ACC_NORM_1939,ACC_NORM_2208,12886.75,2026-09-02T04:55:43,,,0,,,
TXN-0009662,ACC_VIC_1025,ACC_MULE_0084,237959.76,2026-09-02T05:04:21,28.717805,77.133938,1,2026-09-02T05:36:06,ATM_SBI_141,7.3
TXN-0009663,ACC_NORM_2284,ACC_NORM_0779,20603.4,2026-09-02T05:12:59,,,0,,,
TXN-0009664,ACC_NORM_0865,ACC_NORM_1666,19392.89,2026-09-02T05:21:38,,,0,,,
TXN-0009665,ACC_NORM_0819,ACC_NORM_0063,8411.14,2026-09-02T05:30:16,,,0,,,
TXN-0009666,ACC_NORM_2565,ACC_NORM_0357,20712.6,2026-09-02T05:38:55,,,0,,,
TXN-0009667,ACC_NORM_2411,ACC_NORM_1263,22575.5,2026-09-02T05:47:33,,,0,,,
TXN-0009668,ACC_NORM_1466,ACC_NORM_2906,11627.42,2026-09-02T05:56:11,,,0,,,
TXN-0009669,ACC_NORM_1924,ACC_NORM_0158,23057.75,2026-09-02T06:04:50,,,0,,,
TXN-0009670,ACC_NORM_2529,ACC_NORM_2304,18575.33,2026-09-02T06:13:28,,,0,,,
TXN-0009671,ACC_NORM_1231,ACC_NORM_0510,16244.46,2026-09-02T06:22:07,,,0,,,
TXN-0009672,ACC_NORM_2266,ACC_NORM_0121,19385.21,2026-09-02T06:30:45,,,0,,,
TXN-0009673,ACC_VIC_1132,ACC_MULE_0098,173535.62,2026-09-02T06:39:23,28.653867,77.182218,1,2026-09-02T07:00:38,ATM_UBI_016,3.48
TXN-0009674,ACC_VIC_0695,ACC_MULE_0110,195124.86,2026-09-02T06:48:02,28.52858,77.259297,1,2026-09-02T07:00:34,ATM_UBI_067,6.53
TXN-0009675,ACC_NORM_0380,ACC_NORM_0256,13917.93,2026-09-02T06:56:40,,,0,,,
TXN-0009676,ACC_NORM_2215,ACC_NORM_2826,18494.42,2026-09-02T07:05:19,,,0,,,
TXN-0009677,ACC_VIC_0106,ACC_MULE_0056,225288.5,2026-09-02T07:13:57,28.534151,77.15558,1,2026-09-02T07:32:28,ATM_BOB_094,4.94
TXN-0009678,ACC_NORM_0519,ACC_NORM_1765,10937.68,2026-09-02T07:22:35,,,0,,,
TXN-0009679,ACC_NORM_1546,ACC_NORM_2953,13117.74,2026-09-02T07:31:14,,,0,,,
TXN-0009680,ACC_NORM_1124,ACC_NORM_2536,9585.71,2026-09-02T07:39:52,,,0,,,
TXN-0009681,ACC_VIC_0541,ACC_MULE_0339,224350.46,2026-09-02T07:48:31,28.701356,77.1234,1,2026-09-02T08:06:31,ATM_SBI_132,3.75
TXN-0009682,ACC_NORM_2785,ACC_NORM_1376,978.12,2026-09-02T07:57:09,,,0,,,
TXN-0009683,ACC_MULE_0588,ACC_MULE_0050,209743.21,2026-09-02T08:05:47,28.657763,77.302814,2,2026-09-02T08:19:33,ATM_BOB_155,7.65
TXN-0009684,ACC_VIC_1116,ACC_MULE_0480,182946.95,2026-09-02T08:14:26,28.595802,77.063709,1,2026-09-02T08:38:13,ATM_AXIS_104,8.07
TXN-0009685,ACC_NORM_2944,ACC_NORM_2672,14293.37,2026-09-02T08:23:04,,,0,,,
TXN-0009686,ACC_VIC_0410,ACC_MULE_0394,65743.4,2026-09-02T08:31:43,28.531384,77.222509,1,2026-09-02T08:46:52,ATM_PNB_064,4.19
TXN-0009687,ACC_MULE_0572,ACC_MULE_0280,81980.29,2026-09-02T08:40:21,28.719697,77.122138,2,,,
TXN-0009688,ACC_NORM_0289,ACC_NORM_2376,5310.63,2026-09-02T08:48:59,,,0,,,
TXN-0009689,ACC_NORM_0637,ACC_NORM_2664,3253.84,2026-09-02T08:57:38,,,0,,,
TXN-0009690,ACC_VIC_0755,ACC_MULE_0148,121400.54,2026-09-02T09:06:16,28.628464,77.3112,1,2026-09-02T09:14:21,ATM_BOB_146,3.2
TXN-0009691,ACC_NORM_0387,ACC_NORM_1588,963.52,2026-09-02T09:14:55,,,0,,,
TXN-0009692,ACC_NORM_2785,ACC_NORM_0752,19449.0,2026-09-02T09:23:33,,,0,,,
TXN-0009693,ACC_VIC_1267,ACC_MULE_0290,247952.67,2026-09-02T09:32:11,28.632126,77.205782,1,2026-09-02T09:53:19,ATM_HDFC_007,5.02
TXN-0009694,ACC_NORM_0801,ACC_NORM_2132,13383.73,2026-09-02T09:40:50,,,0,,,
TXN-0009695,ACC_NORM_2665,ACC_NORM_0583,23933.22,2026-09-02T09:49:28,,,0,,,
TXN-0009696,ACC_VIC_1192,ACC_MULE_0510,135472.13,2026-09-02T09:58:07,28.698115,77.105357,1,,,
TXN-0009697,ACC_VIC_1110,ACC_MULE_0597,129637.79,2026-09-02T10:06:45,28.546026,77.223609,1,,,
TXN-0009698,ACC_NORM_2511,ACC_NORM_0880,1573.73,2026-09-02T10:15:23,,,0,,,
TXN-0009699,ACC_NORM_0287,ACC_NORM_1864,3119.95,2026-09-02T10:24:02,,,0,,,
TXN-0009700,ACC_NORM_1385,ACC_NORM_0370,16044.79,2026-09-02T10:32:40,,,0,,,
TXN-0009701,ACC_NORM_2215,ACC_NORM_2730,24959.13,2026-09-02T10:41:19,,,0,,,
TXN-0009702,ACC_VIC_0498,ACC_MULE_0336,164877.62,2026-09-02T10:49:57,28.624148,77.293549,1,2026-09-02T11:01:47,ATM_UBI_150,2.06
TXN-0009703,ACC_NORM_1734,ACC_NORM_0635,2676.62,2026-09-02T10:58:35,,,0,,,
TXN-0009704,ACC_NORM_2240,ACC_NORM_2503,21687.53,2026-09-02T11:07:14,,,0,,,
TXN-0009705,ACC_NORM_0363,ACC_NORM_2088,3932.4,2026-09-02T11:15:52,,,0,,,
TXN-0009706,ACC_VIC_1351,ACC_MULE_0250,107294.99,2026-09-02T11:24:31,28.630999,77.210563,1,2026-09-02T11:49:23,ATM_ICICI_004,1.14
TXN-0009707,ACC_VIC_0940,ACC_MULE_0321,89944.61,2026-09-02T11:33:09,28.625132,77.330194,1,2026-09-02T11:52:06,ATM_UBI_150,8.3
TXN-0009708,ACC_NORM_2911,ACC_NORM_0359,23160.83,2026-09-02T11:41:47,,,0,,,
TXN-0009709,ACC_NORM_2615,ACC_NORM_2285,1882.01,2026-09-02T11:50:26,,,0,,,
TXN-0009710,ACC_NORM_0241,ACC_NORM_1225,20007.5,2026-09-02T11:59:04,,,0,,,
TXN-0009711,ACC_VIC_1362,ACC_MULE_0207,164836.87,2026-09-02T12:07:43,28.61187,77.290621,1,2026-09-02T12:18:30,ATM_PNB_160,3.24
TXN-0009712,ACC_NORM_0610,ACC_NORM_0656,17697.07,2026-09-02T12:16:21,,,0,,,
TXN-0009713,ACC_NORM_2370,ACC_NORM_2146,6185.89,2026-09-02T12:24:59,,,0,,,
TXN-0009714,ACC_VIC_0347,ACC_MULE_0530,213744.55,2026-09-02T12:33:38,28.673459,77.274678,1,2026-09-02T12:49:16,ATM_HDFC_170,3.68
TXN-0009715,ACC_MULE_0082,ACC_MULE_0314,99444.32,2026-09-02T12:42:16,28.670647,77.306933,2,,,
TXN-0009716,ACC_NORM_2774,ACC_NORM_2787,23457.79,2026-09-02T12:50:55,,,0,,,
TXN-0009717,ACC_NORM_0479,ACC_NORM_2404,5959.8,2026-09-02T12:59:33,,,0,,,
TXN-0009718,ACC_VIC_0428,ACC_MULE_0217,188090.04,2026-09-02T13:08:11,28.543055,77.229509,1,2026-09-02T13:33:16,ATM_BOB_077,9.57
TXN-0009719,ACC_NORM_0847,ACC_NORM_1329,2137.32,2026-09-02T13:16:50,,,0,,,
TXN-0009720,ACC_NORM_0672,ACC_NORM_2417,19109.9,2026-09-02T13:25:28,,,0,,,
TXN-0009721,ACC_MULE_0572,ACC_MULE_0443,241978.45,2026-09-02T13:34:07,28.68019,77.297611,2,2026-09-02T13:44:34,ATM_BOB_163,1.95
TXN-0009722,ACC_NORM_2607,ACC_NORM_2367,13536.65,2026-09-02T13:42:45,,,0,,,
TXN-0009723,ACC_VIC_0085,ACC_MULE_0241,61064.14,2026-09-02T13:51:23,28.646924,77.17685,1,,,
TXN-0009724,ACC_NORM_2284,ACC_NORM_0045,562.18,2026-09-02T14:00:02,,,0,,,
TXN-0009725,ACC_VIC_0192,ACC_MULE_0092,145921.73,2026-09-02T14:08:40,28.582136,77.232581,1,2026-09-02T14:27:17,ATM_KOTAK_053,5.22
TXN-0009726,ACC_NORM_1920,ACC_NORM_1825,23043.7,2026-09-02T14:17:19,,,0,,,
TXN-0009727,ACC_VIC_0820,ACC_MULE_0587,116854.7,2026-09-02T14:25:57,28.713739,77.137598,1,2026-09-02T14:44:41,ATM_BOB_144,7.97
TXN-0009728,ACC_VIC_0273,ACC_MULE_0022,213456.83,2026-09-02T14:34:35,28.661062,77.182292,1,2026-09-02T14:46:10,ATM_UBI_016,5.32
TXN-0009729,ACC_NORM_0576,ACC_NORM_1153,11156.95,2026-09-02T14:43:14,,,0,,,
TXN-0009730,ACC_VIC_0308,ACC_MULE_0159,182831.74,2026-09-02T14:51:52,28.63267,77.298735,1,2026-09-02T15:07:28,ATM_UBI_150,2.93
TXN-0009731,ACC_NORM_0387,ACC_NORM_1187,17784.48,2026-09-02T15:00:31,,,0,,,
TXN-0009732,ACC_VIC_0300,ACC_MULE_0470,215568.05,2026-09-02T15:09:09,28.549505,77.168189,1,2026-09-02T15:26:56,ATM_BOB_094,11.02
TXN-0009733,ACC_MULE_0235,ACC_MULE_0594,186237.91,2026-09-02T15:17:47,28.577339,77.035151,2,2026-09-02T15:39:32,ATM_AXIS_101,8.26
TXN-0009734,ACC_NORM_1686,ACC_NORM_1353,8463.05,2026-09-02T15:26:26,,,0,,,
TXN-0009735,ACC_VIC_0508,ACC_MULE_0017,150120.5,2026-09-02T15:35:04,28.6384,77.204881,1,2026-09-02T15:56:51,ATM_ICICI_004,3.5
TXN-0009736,ACC_NORM_2336,ACC_NORM_1959,597.37,2026-09-02T15:43:43,,,0,,,
TXN-0009737,ACC_NORM_2093,ACC_NORM_2617,10608.24,2026-09-02T15:52:21,,,0,,,
TXN-0009738,ACC_NORM_1670,ACC_NORM_2807,16475.16,2026-09-02T16:00:59,,,0,,,
TXN-0009739,ACC_VIC_0984,ACC_MULE_0534,201281.66,2026-09-02T16:09:38,28.563443,77.25562,1,2026-09-02T16:22:29,ATM_PNB_052,2.14
TXN-0009740,ACC_VIC_0722,ACC_MULE_0132,81540.3,2026-09-02T16:18:16,28.703613,77.113556,1,2026-09-02T16:32:15,ATM_HDFC_130,3.1
TXN-0009741,ACC_VIC_1035,ACC_MULE_0034,66924.26,2026-09-02T16:26:55,28.547679,77.166269,1,2026-09-02T16:55:28,ATM_PNB_080,7.91
TXN-0009742,ACC_NORM_1622,ACC_NORM_1981,14336.58,2026-09-02T16:35:33,,,0,,,
TXN-0009743,ACC_MULE_0597,ACC_MULE_0230,186279.36,2026-09-02T16:44:11,28.727179,77.129184,2,,,
TXN-0009744,ACC_NORM_1287,ACC_NORM_2881,14204.44,2026-09-02T16:52:50,,,0,,,
TXN-0009745,ACC_VIC_0200,ACC_MULE_0510,89515.95,2026-09-02T17:01:28,28.698115,77.105357,1,2026-09-02T17:10:16,ATM_SBI_141,3.3
TXN-0009746,ACC_NORM_2651,ACC_NORM_2054,22762.92,2026-09-02T17:10:07,,,0,,,
TXN-0009747,ACC_VIC_1482,ACC_MULE_0350,73456.7,2026-09-02T17:18:45,28.558774,77.252025,1,2026-09-02T17:31:17,ATM_PNB_052,2.57
TXN-0009748,ACC_NORM_2372,ACC_NORM_1611,18343.13,2026-09-02T17:27:23,,,0,,,
TXN-0009749,ACC_VIC_0822,ACC_MULE_0432,117951.33,2026-09-02T17:36:02,28.582481,77.053743,1,2026-09-02T17:48:08,ATM_AXIS_108,1.01
TXN-0009750,ACC_MULE_0279,ACC_MULE_0054,71352.98,2026-09-02T17:44:40,28.664781,77.206332,2,,,
TXN-0009751,ACC_NORM_1199,ACC_NORM_2036,22788.36,2026-09-02T17:53:19,,,0,,,
TXN-0009752,ACC_NORM_1626,ACC_NORM_1867,14565.07,2026-09-02T18:01:57,,,0,,,
TXN-0009753,ACC_NORM_0421,ACC_NORM_2529,5897.08,2026-09-02T18:10:35,,,0,,,
TXN-0009754,ACC_NORM_2572,ACC_NORM_2872,24171.81,2026-09-02T18:19:14,,,0,,,
TXN-0009755,ACC_NORM_2300,ACC_NORM_1379,14257.11,2026-09-02T18:27:52,,,0,,,
TXN-0009756,ACC_NORM_2078,ACC_NORM_0777,20415.7,2026-09-02T18:36:31,,,0,,,
TXN-0009757,ACC_MULE_0584,ACC_MULE_0210,218853.31,2026-09-02T18:45:09,28.66205,77.270957,2,2026-09-02T19:00:21,ATM_HDFC_170,6.71
TXN-0009758,ACC_MULE_0342,ACC_MULE_0066,249348.05,2026-09-02T18:53:47,28.590834,77.331629,2,2026-09-02T19:14:09,ATM_UBI_150,13.7
TXN-0009759,ACC_NORM_0719,ACC_NORM_1976,705.46,2026-09-02T19:02:26,,,0,,,
TXN-0009760,ACC_NORM_2144,ACC_NORM_0821,19421.41,2026-09-02T19:11:04,,,0,,,
TXN-0009761,ACC_NORM_2587,ACC_NORM_1280,16401.41,2026-09-02T19:19:43,,,0,,,
TXN-0009762,ACC_NORM_1697,ACC_NORM_1516,16475.42,2026-09-02T19:28:21,,,0,,,
TXN-0009763,ACC_MULE_0126,ACC_MULE_0216,172717.52,2026-09-02T19:36:59,28.710252,77.123284,2,2026-09-02T19:47:36,ATM_SBI_141,3.58
TXN-0009764,ACC_MULE_0572,ACC_MULE_0151,212293.67,2026-09-02T19:45:38,28.57373,77.059051,2,2026-09-02T20:08:46,ATM_PNB_102,5.14
TXN-0009765,ACC_NORM_2953,ACC_NORM_2799,22394.7,2026-09-02T19:54:16,,,0,,,
TXN-0009766,ACC_MULE_0209,ACC_MULE_0218,71108.93,2026-09-02T20:02:55,28.514165,77.219838,2,2026-09-02T20:15:21,ATM_KOTAK_085,2.75
TXN-0009767,ACC_NORM_0815,ACC_NORM_0960,7725.32,2026-09-02T20:11:33,,,0,,,
TXN-0009768,ACC_MULE_0263,ACC_MULE_0087,202344.56,2026-09-02T20:20:11,28.663976,77.284863,2,2026-09-02T20:42:01,ATM_AXIS_169,1.73
TXN-0009769,ACC_NORM_0384,ACC_NORM_0319,20998.95,2026-09-02T20:28:50,,,0,,,
TXN-0009770,ACC_VIC_0624,ACC_MULE_0503,75756.59,2026-09-02T20:37:28,28.722124,77.142255,1,,,
TXN-0009771,ACC_NORM_1875,ACC_NORM_1612,23199.76,2026-09-02T20:46:07,,,0,,,
TXN-0009772,ACC_MULE_0326,ACC_MULE_0568,156598.58,2026-09-02T20:54:45,28.526541,77.244943,2,,,
TXN-0009773,ACC_MULE_0232,ACC_MULE_0077,71029.6,2026-09-02T21:03:23,28.630225,77.224223,2,2026-09-02T21:18:41,ATM_ICICI_004,4.52
TXN-0009774,ACC_NORM_1383,ACC_NORM_0624,23164.86,2026-09-02T21:12:02,,,0,,,
TXN-0009775,ACC_NORM_0931,ACC_NORM_0620,11482.81,2026-09-02T21:20:40,,,0,,,
TXN-0009776,ACC_NORM_0016,ACC_NORM_0143,14944.2,2026-09-02T21:29:19,,,0,,,
TXN-0009777,ACC_MULE_0544,ACC_MULE_0145,84665.68,2026-09-02T21:37:57,28.595729,77.040826,2,,,
TXN-0009778,ACC_NORM_1782,ACC_NORM_2815,19181.85,2026-09-02T21:46:35,,,0,,,
TXN-0009779,ACC_NORM_0152,ACC_NORM_0570,3069.73,2026-09-02T21:55:14,,,0,,,
TXN-0009780,ACC_NORM_1027,ACC_NORM_2574,1181.7,2026-09-02T22:03:52,,,0,,,
TXN-0009781,ACC_MULE_0111,ACC_MULE_0403,200077.19,2026-09-02T22:12:31,28.592128,77.033882,2,2026-09-02T22:24:44,ATM_PNB_102,6.25
TXN-0009782,ACC_VIC_1128,ACC_MULE_0022,170599.2,2026-09-02T22:21:09,28.661062,77.182292,1,2026-09-02T22:43:26,ATM_SBI_011,3.69
TXN-0009783,ACC_NORM_2368,ACC_NORM_0383,15505.37,2026-09-02T22:29:47,,,0,,,
TXN-0009784,ACC_VIC_0388,ACC_MULE_0523,76819.01,2026-09-02T22:38:26,28.533695,77.217872,1,,,
TXN-0009785,ACC_NORM_1016,ACC_NORM_0518,21330.73,2026-09-02T22:47:04,,,0,,,
TXN-0009786,ACC_NORM_0960,ACC_NORM_2016,8518.39,2026-09-02T22:55:43,,,0,,,
TXN-0009787,ACC_NORM_0313,ACC_NORM_0442,19632.68,2026-09-02T23:04:21,,,0,,,
TXN-0009788,ACC_NORM_2256,ACC_NORM_1453,11176.34,2026-09-02T23:12:59,,,0,,,
TXN-0009789,ACC_NORM_1292,ACC_NORM_0346,17461.51,2026-09-02T23:21:38,,,0,,,
TXN-0009790,ACC_NORM_0530,ACC_NORM_2895,17108.73,2026-09-02T23:30:16,,,0,,,
TXN-0009791,ACC_NORM_2348,ACC_NORM_1132,12288.51,2026-09-02T23:38:55,,,0,,,
TXN-0009792,ACC_MULE_0282,ACC_MULE_0355,142404.52,2026-09-02T23:47:33,28.537536,77.256148,2,2026-09-03T00:07:22,ATM_PNB_052,9.46
TXN-0009793,ACC_NORM_2920,ACC_NORM_1523,4698.96,2026-09-02T23:56:11,,,0,,,
TXN-0009794,ACC_NORM_2881,ACC_NORM_2921,24152.27,2026-09-03T00:04:50,,,0,,,
TXN-0009795,ACC_NORM_2868,ACC_NORM_2884,23674.9,2026-09-03T00:13:28,,,0,,,
TXN-0009796,ACC_NORM_2901,ACC_NORM_2101,16417.47,2026-09-03T00:22:07,,,0,,,
TXN-0009797,ACC_VIC_1264,ACC_MULE_0286,196479.62,2026-09-03T00:30:45,28.596603,77.317959,1,2026-09-03T00:46:55,ATM_BOB_146,9.19
TXN-0009798,ACC_NORM_1009,ACC_NORM_0498,24312.26,2026-09-03T00:39:23,,,0,,,
TXN-0009799,ACC_MULE_0456,ACC_MULE_0443,148205.34,2026-09-03T00:48:02,28.68019,77.297611,2,2026-09-03T01:01:45,ATM_HDFC_170,3.16
TXN-0009800,ACC_VIC_1439,ACC_MULE_0357,104869.13,2026-09-03T00:56:40,28.646429,77.31436,1,2026-09-03T01:10:28,ATM_UBI_150,8.23
TXN-0009801,ACC_NORM_0240,ACC_NORM_2217,22479.05,2026-09-03T01:05:19,,,0,,,
TXN-0009802,ACC_NORM_1388,ACC_NORM_0431,22612.48,2026-09-03T01:13:57,,,0,,,
TXN-0009803,ACC_NORM_2480,ACC_NORM_2626,4429.65,2026-09-03T01:22:35,,,0,,,
TXN-0009804,ACC_VIC_0620,ACC_MULE_0284,201347.22,2026-09-03T01:31:14,28.549021,77.255684,1,2026-09-03T01:44:35,ATM_PNB_052,5.87
TXN-0009805,ACC_NORM_1859,ACC_NORM_2116,20410.21,2026-09-03T01:39:52,,,0,,,
TXN-0009806,ACC_NORM_2854,ACC_NORM_2975,12465.98,2026-09-03T01:48:31,,,0,,,
TXN-0009807,ACC_NORM_1745,ACC_NORM_2307,8049.84,2026-09-03T01:57:09,,,0,,,
TXN-0009808,ACC_NORM_2091,ACC_NORM_2033,17577.95,2026-09-03T02:05:47,,,0,,,
TXN-0009809,ACC_VIC_0045,ACC_MULE_0162,138466.07,2026-09-03T02:14:26,28.684367,77.28354,1,2026-09-03T02:44:04,ATM_BOB_163,2.32
TXN-0009810,ACC_MULE_0559,ACC_MULE_0303,125715.38,2026-09-03T02:23:04,28.596125,77.032914,2,2026-09-03T02:40:20,ATM_AXIS_101,2.46
TXN-0009811,ACC_NORM_2880,ACC_NORM_2610,17161.08,2026-09-03T02:31:43,,,0,,,
TXN-0009812,ACC_MULE_0154,ACC_MULE_0271,212981.84,2026-09-03T02:40:21,28.60341,77.322026,2,2026-09-03T02:56:29,ATM_BOB_146,8.06
TXN-0009813,ACC_NORM_1688,ACC_NORM_1610,1270.86,2026-09-03T02:48:59,,,0,,,
TXN-0009814,ACC_NORM_1132,ACC_NORM_0501,19287.15,2026-09-03T02:57:38,,,0,,,
TXN-0009815,ACC_VIC_1343,ACC_MULE_0530,175345.08,2026-09-03T03:06:16,28.673459,77.274678,1,2026-09-03T03:24:15,ATM_HDFC_170,3.68
TXN-0009816,ACC_NORM_2597,ACC_NORM_0423,14445.19,2026-09-03T03:14:55,,,0,,,
TXN-0009817,ACC_NORM_1065,ACC_NORM_0113,15047.0,2026-09-03T03:23:33,,,0,,,
TXN-0009818,ACC_NORM_0910,ACC_NORM_1227,16650.71,2026-09-03T03:32:11,,,0,,,
TXN-0009819,ACC_NORM_2737,ACC_NORM_1822,23445.75,2026-09-03T03:40:50,,,0,,,
TXN-0009820,ACC_VIC_0682,ACC_MULE_0318,85578.67,2026-09-03T03:49:28,28.551186,77.232912,1,2026-09-03T04:05:04,ATM_ICICI_068,5.42
TXN-0009821,ACC_NORM_1178,ACC_NORM_0420,9643.42,2026-09-03T03:58:07,,,0,,,
TXN-0009822,ACC_VIC_0498,ACC_MULE_0197,73397.66,2026-09-03T04:06:45,28.667701,77.189541,1,2026-09-03T04:28:55,ATM_UBI_016,6.83
TXN-0009823,ACC_NORM_2614,ACC_NORM_0497,22880.57,2026-09-03T04:15:23,,,0,,,
TXN-0009824,ACC_NORM_1288,ACC_NORM_1798,23653.11,2026-09-03T04:24:02,,,0,,,
TXN-0009825,ACC_NORM_2484,ACC_NORM_2506,16619.63,2026-09-03T04:32:40,,,0,,,
TXN-0009826,ACC_VIC_0437,ACC_MULE_0181,201701.68,2026-09-03T04:41:19,28.593034,77.065414,1,2026-09-03T04:55:55,ATM_PNB_102,2.95
TXN-0009827,ACC_NORM_2658,ACC_NORM_0560,16322.81,2026-09-03T04:49:57,,,0,,,
TXN-0009828,ACC_NORM_0744,ACC_NORM_1664,17685.5,2026-09-03T04:58:35,,,0,,,
TXN-0009829,ACC_VIC_0749,ACC_MULE_0356,94239.57,2026-09-03T05:07:14,28.706895,77.124282,1,2026-09-03T05:14:42,ATM_ICICI_142,1.86
TXN-0009830,ACC_NORM_0407,ACC_NORM_2917,11929.65,2026-09-03T05:15:52,,,0,,,
TXN-0009831,ACC_VIC_0606,ACC_MULE_0224,188104.24,2026-09-03T05:24:31,28.600858,77.061482,1,2026-09-03T05:38:20,ATM_PNB_102,4.0
TXN-0009832,ACC_NORM_0607,ACC_NORM_1562,8252.64,2026-09-03T05:33:09,,,0,,,
TXN-0009833,ACC_NORM_2460,ACC_NORM_1319,23195.61,2026-09-03T05:41:47,,,0,,,
TXN-0009834,ACC_NORM_0844,ACC_NORM_0995,17180.47,2026-09-03T05:50:26,,,0,,,
TXN-0009835,ACC_NORM_1174,ACC_NORM_0226,4169.22,2026-09-03T05:59:04,,,0,,,
TXN-0009836,ACC_NORM_1892,ACC_NORM_2944,20114.35,2026-09-03T06:07:43,,,0,,,
TXN-0009837,ACC_VIC_0427,ACC_MULE_0011,191157.18,2026-09-03T06:16:21,28.639829,77.297549,1,2026-09-03T06:37:38,ATM_UBI_150,5.25
TXN-0009838,ACC_NORM_0695,ACC_NORM_0632,13606.45,2026-09-03T06:24:59,,,0,,,
TXN-0009839,ACC_NORM_1047,ACC_NORM_2272,15069.89,2026-09-03T06:33:38,,,0,,,
TXN-0009840,ACC_NORM_2372,ACC_NORM_2256,23349.0,2026-09-03T06:42:16,,,0,,,
TXN-0009841,ACC_NORM_2084,ACC_NORM_2838,16011.08,2026-09-03T06:50:55,,,0,,,
TXN-0009842,ACC_VIC_0517,ACC_MULE_0254,145257.12,2026-09-03T06:59:33,28.64577,77.178906,1,2026-09-03T07:15:25,ATM_UBI_016,3.5
TXN-0009843,ACC_MULE_0368,ACC_MULE_0459,102680.44,2026-09-03T07:08:11,28.664538,77.270533,2,2026-09-03T07:30:26,ATM_HDFC_170,6.23
TXN-0009844,ACC_VIC_0339,ACC_MULE_0460,155610.76,2026-09-03T07:16:50,28.526293,77.23739,1,,,
TXN-0009845,ACC_MULE_0537,ACC_MULE_0092,110874.98,2026-09-03T07:25:28,28.582136,77.232581,2,2026-09-03T07:36:07,ATM_KOTAK_053,5.22
TXN-0009846,ACC_NORM_1204,ACC_NORM_1684,18153.98,2026-09-03T07:34:07,,,0,,,
TXN-0009847,ACC_NORM_2574,ACC_NORM_1686,15872.52,2026-09-03T07:42:45,,,0,,,
TXN-0009848,ACC_NORM_2013,ACC_NORM_1099,9766.88,2026-09-03T07:51:23,,,0,,,
TXN-0009849,ACC_VIC_0475,ACC_MULE_0283,72435.75,2026-09-03T08:00:02,28.680518,77.273289,1,2026-09-03T08:11:14,ATM_HDFC_170,3.93
TXN-0009850,ACC_VIC_0614,ACC_MULE_0413,109898.82,2026-09-03T08:08:40,28.624014,77.300456,1,2026-09-03T08:31:55,ATM_PNB_160,4.88
TXN-0009851,ACC_NORM_1978,ACC_NORM_1479,14747.61,2026-09-03T08:17:19,,,0,,,
TXN-0009852,ACC_NORM_2296,ACC_NORM_2110,5587.34,2026-09-03T08:25:57,,,0,,,
TXN-0009853,ACC_NORM_2376,ACC_NORM_1185,17106.06,2026-09-03T08:34:35,,,0,,,
TXN-0009854,ACC_VIC_0841,ACC_MULE_0312,54959.85,2026-09-03T08:43:14,28.531185,77.209685,1,,,
TXN-0009855,ACC_NORM_0041,ACC_NORM_1722,19047.11,2026-09-03T08:51:52,,,0,,,
TXN-0009856,ACC_VIC_0284,ACC_MULE_0247,183647.32,2026-09-03T09:00:31,28.520006,77.20675,1,,,
TXN-0009857,ACC_MULE_0280,ACC_MULE_0480,211555.28,2026-09-03T09:09:09,28.595802,77.063709,2,2026-09-03T09:30:13,ATM_PNB_102,3.02
TXN-0009858,ACC_VIC_1454,ACC_MULE_0523,69926.97,2026-09-03T09:17:47,28.533695,77.217872,1,2026-09-03T09:38:17,ATM_ICICI_087,4.75
TXN-0009859,ACC_NORM_2534,ACC_NORM_0631,10131.28,2026-09-03T09:26:26,,,0,,,
TXN-0009860,ACC_MULE_0138,ACC_MULE_0282,192196.02,2026-09-03T09:35:04,28.718405,77.12842,2,2026-09-03T09:49:13,ATM_ICICI_142,5.71
TXN-0009861,ACC_VIC_0781,ACC_MULE_0319,197873.34,2026-09-03T09:43:43,28.642361,77.191435,1,,,
TXN-0009862,ACC_NORM_0170,ACC_NORM_2247,18431.1,2026-09-03T09:52:21,,,0,,,
TXN-0009863,ACC_NORM_2320,ACC_NORM_2528,7372.65,2026-09-03T10:00:59,,,0,,,
TXN-0009864,ACC_VIC_0024,ACC_MULE_0195,90567.71,2026-09-03T10:09:38,28.645333,77.202553,1,2026-09-03T10:29:39,ATM_UBI_016,3.21
TXN-0009865,ACC_NORM_1630,ACC_NORM_1055,19414.27,2026-09-03T10:18:16,,,0,,,
TXN-0009866,ACC_VIC_1035,ACC_MULE_0350,178147.65,2026-09-03T10:26:55,28.558774,77.252025,1,2026-09-03T10:37:48,ATM_PNB_052,2.57
TXN-0009867,ACC_VIC_1025,ACC_MULE_0349,187907.89,2026-09-03T10:35:33,28.73,77.111048,1,2026-09-03T10:59:07,ATM_ICICI_142,9.46
TXN-0009868,ACC_NORM_2374,ACC_NORM_0107,24523.29,2026-09-03T10:44:11,,,0,,,
TXN-0009869,ACC_NORM_2781,ACC_NORM_0078,13674.98,2026-09-03T10:52:50,,,0,,,
TXN-0009870,ACC_VIC_1494,ACC_MULE_0072,81755.89,2026-09-03T11:01:28,28.611247,77.285614,1,,,
TXN-0009871,ACC_VIC_1048,ACC_MULE_0521,206301.06,2026-09-03T11:10:07,28.559429,77.251699,1,2026-09-03T11:28:39,ATM_PNB_056,5.81
TXN-0009872,ACC_NORM_1135,ACC_NORM_0847,21114.75,2026-09-03T11:18:45,,,0,,,
TXN-0009873,ACC_VIC_0841,ACC_MULE_0219,210044.37,2026-09-03T11:27:23,28.536018,77.227644,1,2026-09-03T11:47:34,ATM_AXIS_084,4.24
TXN-0009874,ACC_NORM_1009,ACC_NORM_1863,23691.5,2026-09-03T11:36:02,,,0,,,
TXN-0009875,ACC_NORM_0536,ACC_NORM_1781,24860.63,2026-09-03T11:44:40,,,0,,,
TXN-0009876,ACC_VIC_0089,ACC_MULE_0164,124332.46,2026-09-03T11:53:19,28.688414,77.287486,1,2026-09-03T12:10:11,ATM_HDFC_170,3.48
TXN-0009877,ACC_NORM_1671,ACC_NORM_2853,24387.63,2026-09-03T12:01:57,,,0,,,
TXN-0009878,ACC_NORM_1140,ACC_NORM_0691,7938.94,2026-09-03T12:10:35,,,0,,,
TXN-0009879,ACC_NORM_1294,ACC_NORM_2692,18549.41,2026-09-03T12:19:14,,,0,,,
TXN-0009880,ACC_NORM_0751,ACC_NORM_2366,23358.81,2026-09-03T12:27:52,,,0,,,
TXN-0009881,ACC_NORM_2193,ACC_NORM_1022,24927.81,2026-09-03T12:36:31,,,0,,,
TXN-0009882,ACC_NORM_0137,ACC_NORM_1981,8484.3,2026-09-03T12:45:09,,,0,,,
TXN-0009883,ACC_VIC_1352,ACC_MULE_0343,86952.47,2026-09-03T12:53:47,28.641875,77.323013,1,2026-09-03T13:18:06,ATM_UBI_150,8.56
TXN-0009884,ACC_NORM_0910,ACC_NORM_1790,21569.14,2026-09-03T13:02:26,,,0,,,
TXN-0009885,ACC_NORM_2390,ACC_NORM_2821,24674.13,2026-09-03T13:11:04,,,0,,,
TXN-0009886,ACC_VIC_0541,ACC_MULE_0335,209494.06,2026-09-03T13:19:43,28.533166,77.242232,1,2026-09-03T13:33:40,ATM_KOTAK_071,2.77
TXN-0009887,ACC_NORM_2993,ACC_NORM_0101,24013.56,2026-09-03T13:28:21,,,0,,,
TXN-0009888,ACC_NORM_1081,ACC_NORM_2895,16556.29,2026-09-03T13:36:59,,,0,,,
TXN-0009889,ACC_NORM_2076,ACC_NORM_2602,17889.16,2026-09-03T13:45:38,,,0,,,
TXN-0009890,ACC_NORM_1720,ACC_NORM_2776,19979.21,2026-09-03T13:54:16,,,0,,,
TXN-0009891,ACC_MULE_0326,ACC_MULE_0481,65162.75,2026-09-03T14:02:55,28.713822,77.124297,2,2026-09-03T14:32:20,ATM_AXIS_128,5.54
TXN-0009892,ACC_VIC_0645,ACC_MULE_0506,186923.94,2026-09-03T14:11:33,28.62333,77.226669,1,2026-09-03T14:25:03,ATM_ICICI_004,5.36
TXN-0009893,ACC_NORM_0250,ACC_NORM_1556,14276.1,2026-09-03T14:20:11,,,0,,,
TXN-0009894,ACC_NORM_1993,ACC_NORM_0996,1939.47,2026-09-03T14:28:50,,,0,,,
TXN-0009895,ACC_NORM_1349,ACC_NORM_2227,22261.62,2026-09-03T14:37:28,,,0,,,
TXN-0009896,ACC_NORM_2091,ACC_NORM_2264,12441.27,2026-09-03T14:46:07,,,0,,,
TXN-0009897,ACC_MULE_0561,ACC_MULE_0411,180434.19,2026-09-03T14:54:45,28.530139,77.222592,2,2026-09-03T15:08:39,ATM_ICICI_068,7.2
TXN-0009898,ACC_NORM_2152,ACC_NORM_2609,10925.37,2026-09-03T15:03:23,,,0,,,
TXN-0009899,ACC_VIC_1480,ACC_MULE_0235,163231.24,2026-09-03T15:12:02,28.62328,77.208833,1,2026-09-03T15:30:24,ATM_ICICI_004,1.52
TXN-0009900,ACC_NORM_1484,ACC_NORM_0364,24564.09,2026-09-03T15:20:40,,,0,,,
TXN-0009901,ACC_NORM_0272,ACC_NORM_2435,21702.57,2026-09-03T15:29:19,,,0,,,
TXN-0009902,ACC_NORM_2937,ACC_NORM_1624,17413.1,2026-09-03T15:37:57,,,0,,,
TXN-0009903,ACC_NORM_0085,ACC_NORM_0795,8648.06,2026-09-03T15:46:35,,,0,,,
TXN-0009904,ACC_VIC_0426,ACC_MULE_0298,206103.28,2026-09-03T15:55:14,28.51747,77.192051,1,2026-09-03T16:17:27,ATM_ICICI_087,6.08
TXN-0009905,ACC_NORM_0247,ACC_NORM_0672,17501.11,2026-09-03T16:03:52,,,0,,,
TXN-0009906,ACC_NORM_0827,ACC_NORM_1006,22137.45,2026-09-03T16:12:31,,,0,,,
TXN-0009907,ACC_MULE_0311,ACC_MULE_0519,69809.04,2026-09-03T16:21:09,28.523996,77.169312,2,2026-09-03T16:36:25,ATM_BOB_094,6.58
TXN-0009908,ACC_NORM_2402,ACC_NORM_2194,10685.66,2026-09-03T16:29:47,,,0,,,
TXN-0009909,ACC_VIC_0587,ACC_MULE_0557,81666.92,2026-09-03T16:38:26,28.565197,77.251381,1,2026-09-03T16:54:22,ATM_PNB_052,0.81
TXN-0009910,ACC_NORM_2620,ACC_NORM_0070,24408.3,2026-09-03T16:47:04,,,0,,,
TXN-0009911,ACC_NORM_2073,ACC_NORM_2857,10486.43,2026-09-03T16:55:43,,,0,,,
TXN-0009912,ACC_VIC_1194,ACC_MULE_0344,110913.1,2026-09-03T17:04:21,28.532284,77.243599,1,2026-09-03T17:12:55,ATM_ICICI_068,2.24
TXN-0009913,ACC_NORM_0242,ACC_NORM_2435,13303.25,2026-09-03T17:12:59,,,0,,,
TXN-0009914,ACC_NORM_2103,ACC_NORM_1258,8843.63,2026-09-03T17:21:38,,,0,,,
TXN-0009915,ACC_NORM_1787,ACC_NORM_2861,8088.06,2026-09-03T17:30:16,,,0,,,
TXN-0009916,ACC_NORM_2371,ACC_NORM_2655,18064.04,2026-09-03T17:38:55,,,0,,,
TXN-0009917,ACC_NORM_2295,ACC_NORM_0395,22728.62,2026-09-03T17:47:33,,,0,,,
TXN-0009918,ACC_NORM_1050,ACC_NORM_0785,17474.09,2026-09-03T17:56:11,,,0,,,
TXN-0009919,ACC_VIC_0150,ACC_MULE_0447,56836.68,2026-09-03T18:04:50,28.673019,77.29684,1,2026-09-03T18:17:30,ATM_HDFC_170,3.19
TXN-0009920,ACC_MULE_0151,ACC_MULE_0322,112777.75,2026-09-03T18:13:28,28.620846,77.309693,2,2026-09-03T18:29:51,ATM_UBI_150,2.67
TXN-0009921,ACC_VIC_1493,ACC_MULE_0495,144166.62,2026-09-03T18:22:07,28.538433,77.258555,1,2026-09-03T18:36:02,ATM_ICICI_068,3.54
TXN-0009922,ACC_MULE_0315,ACC_MULE_0481,176873.12,2026-09-03T18:30:45,28.713822,77.124297,2,2026-09-03T18:38:38,ATM_ICICI_142,3.95
TXN-0009923,ACC_VIC_0167,ACC_MULE_0194,99432.61,2026-09-03T18:39:23,28.718865,77.132984,1,2026-09-03T19:01:22,ATM_HDFC_130,6.3
TXN-0009924,ACC_MULE_0318,ACC_MULE_0029,127489.63,2026-09-03T18:48:02,28.544787,77.140471,2,2026-09-03T19:07:08,ATM_BOB_094,7.77
TXN-0009925,ACC_VIC_0775,ACC_MULE_0532,64388.44,2026-09-03T18:56:40,28.51466,77.219559,1,2026-09-03T19:20:01,ATM_BOB_090,5.75
TXN-0009926,ACC_VIC_1027,ACC_MULE_0140,147946.55,2026-09-03T19:05:19,28.602415,77.331769,1,2026-09-03T19:21:44,ATM_UBI_150,11.11
TXN-0009927,ACC_NORM_2312,ACC_NORM_1199,22223.51,2026-09-03T19:13:57,,,0,,,
TXN-0009928,ACC_VIC_0599,ACC_MULE_0180,141754.85,2026-09-03T19:22:35,28.543151,77.228039,1,2026-09-03T19:40:54,ATM_ICICI_087,8.09
TXN-0009929,ACC_VIC_0700,ACC_MULE_0025,101387.0,2026-09-03T19:31:14,28.642855,77.225146,1,2026-09-03T19:43:42,ATM_BOB_020,4.37
TXN-0009930,ACC_NORM_0810,ACC_NORM_0128,24385.67,2026-09-03T19:39:52,,,0,,,
TXN-0009931,ACC_NORM_2882,ACC_NORM_0424,17706.9,2026-09-03T19:48:31,,,0,,,
TXN-0009932,ACC_NORM_1161,ACC_NORM_2774,13358.94,2026-09-03T19:57:09,,,0,,,
TXN-0009933,ACC_VIC_0639,ACC_MULE_0538,190184.08,2026-09-03T20:05:47,28.633129,77.175305,1,2026-09-03T20:21:51,ATM_UBI_016,6.24
TXN-0009934,ACC_NORM_1328,ACC_NORM_0097,16424.22,2026-09-03T20:14:26,,,0,,,
TXN-0009935,ACC_VIC_1462,ACC_MULE_0359,127180.13,2026-09-03T20:23:04,28.603829,77.03151,1,2026-09-03T20:32:21,ATM_AXIS_101,1.53
TXN-0009936,ACC_NORM_1801,ACC_NORM_2298,16125.07,2026-09-03T20:31:43,,,0,,,
TXN-0009937,ACC_NORM_2765,ACC_NORM_1972,762.93,2026-09-03T20:40:21,,,0,,,
TXN-0009938,ACC_NORM_2903,ACC_NORM_1459,21152.17,2026-09-03T20:48:59,,,0,,,
TXN-0009939,ACC_NORM_1859,ACC_NORM_2277,5583.06,2026-09-03T20:57:38,,,0,,,
TXN-0009940,ACC_NORM_2032,ACC_NORM_0308,7038.44,2026-09-03T21:06:16,,,0,,,
TXN-0009941,ACC_NORM_1438,ACC_NORM_1190,3804.36,2026-09-03T21:14:55,,,0,,,
TXN-0009942,ACC_NORM_0528,ACC_NORM_1929,8213.3,2026-09-03T21:23:33,,,0,,,
TXN-0009943,ACC_VIC_0801,ACC_MULE_0498,229667.2,2026-09-03T21:32:11,28.597738,77.326248,1,2026-09-03T21:53:12,ATM_UBI_150,11.02
TXN-0009944,ACC_VIC_0004,ACC_MULE_0139,223791.73,2026-09-03T21:40:50,28.560107,77.241441,1,,,
TXN-0009945,ACC_MULE_0509,ACC_MULE_0207,139887.92,2026-09-03T21:49:28,28.61187,77.290621,2,,,
TXN-0009946,ACC_VIC_0791,ACC_MULE_0220,199600.11,2026-09-03T21:58:07,28.628564,77.2997,1,2026-09-03T22:13:09,ATM_BOB_146,2.32
TXN-0009947,ACC_NORM_1453,ACC_NORM_1034,6657.86,2026-09-03T22:06:45,,,0,,,
TXN-0009948,ACC_VIC_0551,ACC_MULE_0580,60492.15,2026-09-03T22:15:23,28.69757,77.118788,1,2026-09-03T22:47:06,ATM_AXIS_140,5.79
TXN-0009949,ACC_NORM_1423,ACC_NORM_1222,23930.11,2026-09-03T22:24:02,,,0,,,
TXN-0009950,ACC_NORM_2116,ACC_NORM_1739,10946.13,2026-09-03T22:32:40,,,0,,,
TXN-0009951,ACC_VIC_0892,ACC_MULE_0295,230440.5,2026-09-03T22:41:19,28.540035,77.229206,1,,,
TXN-0009952,ACC_NORM_2269,ACC_NORM_2361,4398.57,2026-09-03T22:49:57,,,0,,,
TXN-0009953,ACC_NORM_0231,ACC_NORM_1602,13906.76,2026-09-03T22:58:35,,,0,,,
TXN-0009954,ACC_VIC_0121,ACC_MULE_0439,92017.96,2026-09-03T23:07:14,28.547624,77.151443,1,2026-09-03T23:26:50,ATM_BOB_094,8.63
TXN-0009955,ACC_MULE_0361,ACC_MULE_0264,125648.07,2026-09-03T23:15:52,28.558829,77.239068,2,2026-09-03T23:28:16,ATM_BOB_046,3.97
TXN-0009956,ACC_NORM_2931,ACC_NORM_0428,1861.44,2026-09-03T23:24:31,,,0,,,
TXN-0009957,ACC_NORM_1491,ACC_NORM_2865,13204.3,2026-09-03T23:33:09,,,0,,,
TXN-0009958,ACC_NORM_2274,ACC_NORM_0238,20561.55,2026-09-03T23:41:47,,,0,,,
TXN-0009959,ACC_NORM_1390,ACC_NORM_1850,7959.59,2026-09-03T23:50:26,,,0,,,
TXN-0009960,ACC_VIC_0885,ACC_MULE_0036,168837.19,2026-09-03T23:59:04,28.610238,77.303453,1,2026-09-04T00:23:12,ATM_UBI_150,4.41
TXN-0009961,ACC_VIC_0290,ACC_MULE_0307,101288.02,2026-09-04T00:07:43,28.533081,77.253527,1,,,
TXN-0009962,ACC_NORM_1566,ACC_NORM_1068,1965.73,2026-09-04T00:16:21,,,0,,,
TXN-0009963,ACC_NORM_1722,ACC_NORM_1802,24599.13,2026-09-04T00:24:59,,,0,,,
TXN-0009964,ACC_VIC_1074,ACC_MULE_0481,187395.97,2026-09-04T00:33:38,28.713822,77.124297,1,2026-09-04T00:47:06,ATM_UBI_139,3.12
TXN-0009965,ACC_NORM_0412,ACC_NORM_1127,23127.86,2026-09-04T00:42:16,,,0,,,
TXN-0009966,ACC_NORM_2782,ACC_NORM_0913,11036.18,2026-09-04T00:50:55,,,0,,,
TXN-0009967,ACC_NORM_1473,ACC_NORM_0601,6125.74,2026-09-04T00:59:33,,,0,,,
TXN-0009968,ACC_NORM_0015,ACC_NORM_0977,11705.99,2026-09-04T01:08:11,,,0,,,
TXN-0009969,ACC_NORM_0610,ACC_NORM_1732,12665.73,2026-09-04T01:16:50,,,0,,,
TXN-0009970,ACC_MULE_0012,ACC_MULE_0036,222096.29,2026-09-04T01:25:28,28.610238,77.303453,2,2026-09-04T01:37:32,ATM_UBI_150,4.41
TXN-0009971,ACC_NORM_2453,ACC_NORM_1194,13331.09,2026-09-04T01:34:07,,,0,,,
TXN-0009972,ACC_NORM_2562,ACC_NORM_2158,18175.61,2026-09-04T01:42:45,,,0,,,
TXN-0009973,ACC_VIC_1483,ACC_MULE_0124,184186.67,2026-09-04T01:51:23,28.610608,77.324859,1,2026-09-04T02:12:26,ATM_UBI_150,7.99
TXN-0009974,ACC_VIC_0894,ACC_MULE_0070,172694.32,2026-09-04T02:00:02,28.600094,77.031002,1,2026-09-04T02:11:47,ATM_AXIS_101,1.89
TXN-0009975,ACC_VIC_1400,ACC_MULE_0484,170823.85,2026-09-04T02:08:40,28.563689,77.237685,1,2026-09-04T02:14:40,ATM_PNB_056,1.65
TXN-0009976,ACC_NORM_2632,ACC_NORM_1502,16566.93,2026-09-04T02:17:19,,,0,,,
TXN-0009977,ACC_NORM_2509,ACC_NORM_1050,18604.01,2026-09-04T02:25:57,,,0,,,
TXN-0009978,ACC_NORM_0575,ACC_NORM_0453,11153.87,2026-09-04T02:34:35,,,0,,,
TXN-0009979,ACC_VIC_0667,ACC_MULE_0404,239357.18,2026-09-04T02:43:14,28.620004,77.319259,1,2026-09-04T03:06:26,ATM_PNB_160,10.01
TXN-0009980,ACC_NORM_0262,ACC_NORM_2519,2213.09,2026-09-04T02:51:52,,,0,,,
TXN-0009981,ACC_NORM_1407,ACC_NORM_1616,12223.6,2026-09-04T03:00:31,,,0,,,
TXN-0009982,ACC_MULE_0576,ACC_MULE_0408,184187.44,2026-09-04T03:09:09,28.686306,77.106749,2,,,
TXN-0009983,ACC_NORM_2780,ACC_NORM_0323,16792.9,2026-09-04T03:17:47,,,0,,,
TXN-0009984,ACC_VIC_1167,ACC_MULE_0539,233706.09,2026-09-04T03:26:26,28.628311,77.297556,1,2026-09-04T03:41:50,ATM_UBI_150,1.73
TXN-0009985,ACC_NORM_0944,ACC_NORM_1862,12374.82,2026-09-04T03:35:04,,,0,,,
TXN-0009986,ACC_NORM_0191,ACC_NORM_1199,17574.2,2026-09-04T03:43:43,,,0,,,
TXN-0009987,ACC_VIC_0493,ACC_MULE_0390,247452.91,2026-09-04T03:52:21,28.540695,77.137784,1,2026-09-04T04:08:57,ATM_BOB_094,6.72
TXN-0009988,ACC_VIC_0635,ACC_MULE_0461,194462.09,2026-09-04T04:00:59,28.689614,77.308003,1,2026-09-04T04:26:44,ATM_HDFC_170,7.12
TXN-0009989,ACC_VIC_0838,ACC_MULE_0085,244583.23,2026-09-04T04:09:38,28.590882,77.066664,1,2026-09-04T04:24:44,ATM_AXIS_101,9.28
TXN-0009990,ACC_NORM_2609,ACC_NORM_0083,5974.73,2026-09-04T04:18:16,,,0,,,
TXN-0009991,ACC_VIC_0219,ACC_MULE_0332,61903.86,2026-09-04T04:26:55,28.577982,77.035446,1,2026-09-04T04:44:06,ATM_PNB_102,6.84
TXN-0009992,ACC_NORM_0498,ACC_NORM_1278,1894.36,2026-09-04T04:35:33,,,0,,,
TXN-0009993,ACC_NORM_0179,ACC_NORM_2697,18462.2,2026-09-04T04:44:11,,,0,,,
TXN-0009994,ACC_NORM_2310,ACC_NORM_0470,5831.23,2026-09-04T04:52:50,,,0,,,
TXN-0009995,ACC_NORM_1066,ACC_NORM_2502,14711.99,2026-09-04T05:01:28,,,0,,,
TXN-0009996,ACC_NORM_2219,ACC_NORM_2510,7472.31,2026-09-04T05:10:07,,,0,,,
TXN-0009997,ACC_NORM_2078,ACC_NORM_2909,2510.27,2026-09-04T05:18:45,,,0,,,
TXN-0009998,ACC_NORM_2164,ACC_NORM_1365,13519.58,2026-09-04T05:27:23,,,0,,,
TXN-0009999,ACC_VIC_0780,ACC_MULE_0383,116075.82,2026-09-04T05:36:02,28.534033,77.207564,1,2026-09-04T05:48:20,ATM_HDFC_086,0.67
TXN-0010000,ACC_VIC_1251,ACC_MULE_0566,190780.76,2026-09-04T05:44:40,28.671747,77.286458,1,2026-09-04T06:04:25,ATM_HDFC_170,1.88
