tree
version=v4
num_class=1
num_tree_per_iteration=1
label_index=0
max_feature_idx=10
objective=lambdarank
feature_names=travel_time_mins distance_km historical_fraud_count h3_fraud_density mule_atm_affinity mule_network_affinity time_of_day_sin time_of_day_cos is_weekend bank_match_score atm_type_encoded
feature_infos=none none [0:10] none none none [-1:1] [-1:1] [0:1] none [0:2]
tree_sizes=3395 3419 3408 3425 3403 3478 3435 3470 3431 3457 3432 3459 3450 3449 3485 3510 3503 3457 3502 3449 3501 3450 3482 3530 3420 3451 3440 3451 3423 3431 3496 3513 3499 3488 3505 3483 3458 3530 3523 3461 3436 3472 3488 3455 3487 3442 3534 3500 3437 3487 3506 3535 3545 3513 3476 3501 3494 3513 3461 3490 3442 3453 3537 3474 3511 3514 3474 3538 3472 3546 3560 3453 3531 3489 3495 3483 3531 3447 3467 3516 3499 3463 3449 3490 3449 3442 3484 3520 3514 3476 3486 3493 3488 3493 3564 3488 3491 3486 3490 3474 3482 3496 3451 3551 3430 3489 3451 3485 3481 3503 3556 3475 3495 3411 3548 3475 3565 3511 3550 3471

Tree=0
num_leaves=31
num_cat=0
split_feature=2 2 2 10 10 6 2 2 10 10 6 6 6 6 6 6 8 6 6 6 6 6 6 6 2 2 6 8 6 6
split_gain=397.921 7.26629 8.45048 11.7747 7.92081 6.99461 4.71199 12.7516 9.29226 4.60004 8.13379 4.01599 6.78803 3.88791 5.21604 3.67034 3.51678 3.67851 7.25366 5.83956 3.34569 3.27409 3.05328 5.68114 4.47247 3.00767 5.14557 2.9757 3.08625 7.43012
threshold=4.5000000000000009 1.0000000180025095e-35 1.5000000000000002 1.5000000000000002 1.5000000000000002 -1.0000000180025095e-35 8.5000000000000018 6.5000000000000009 1.5000000000000002 1.5000000000000002 0.78656609248549325 -0.25881904510252113 -0.70710678118654735 0.12940952255126045 0.78656609248549325 0.98296291314453421 1.0000000180025095e-35 -1.0000000180025095e-35 0.98296291314453421 -0.25881904510252113 -0.5 -0.98296291314453399 -0.60355339059327362 -0.91597561503675329 7.5000000000000009 3.5000000000000004 -0.91597561503675329 1.0000000180025095e-35 0.37940952255126054 -0.70710678118654735
decision_type=2 2 2 2 2 2 2 2 2 2 2 2 2 2 2 2 2 2 2 2 2 2 2 2 2 2 2 2 2 2
left_child=1 9 4 27 20 -6 7 -2 16 13 11 12 -11 -1 -15 -12 17 19 -19 21 -3 -9 23 -23 -24 -5 -27 28 29 -4
right_child=6 2 3 25 5 -7 -8 8 -10 10 15 -13 -14 14 -16 -17 -18 18 -20 -21 -22 22 24 -25 -26 26 -28 -29 -30 -31
leaf_value=-0.1376912607954443 0.11520252515559565 -0.025781918959672551 -0.014562178562348222 -0.14946191110057536 0.10199293159001523 -0.16 0.1388716087213642 0.11493768904720861 0.1384431098900088 -0.15999999999999992 0.032580767727808588 -0.15999999999999995 -0.0074487714967206679 -0.06900768309565955 -0.14050986371088933 -0.15999999999999981 -0.16 -0.030777273136974117 0.1113598463833181 0.13695604743489362 -0.075004666751393778 0.043052186263535984 -0.15999999999999975 -0.15999999999999992 0.084339510340651638 0.12199507207162472 -0.16000000000000003 0.037011638296154191 -0.02988057094416368 -0.15999999999999989
leaf_weight=26.964841155902832 75.487425587445614 14.027978544021606 4.0056026831152876 18.126658255991064 3.689088394283317 0.79222970025148143 20.133342398097739 2.2944590996485195 7.0533010422950602 3.129412097041496 5.0812284057028583 5.1742539731494626 4.6267582910368219 17.837704313409635 10.299806318871559 0.7235669100191443 0.57645193720236321 8.7745992310810816 3.1130965498741725 4.9690945739857897 23.885260651237331 1.959715039469301 0.55177533300593484 1.6033697389066217 3.6575744766741991 0.73098431993275881 0.9553685130085785 2.1031757955206549 8.8446486600878398 5.1238883229380034
leaf_count=4558 3000 3216 1312 1800 558 642 1000 18 400 611 390 1001 468 2322 1720 130 33 291 30 30 6384 39 25 84 50 88 712 352 2368 2368
internal_value=1.86029e-09 -0.0861212 -0.0697721 -0.0962018 -0.0449036 0.0556765 0.103288 0.0967777 0.0565257 -0.104341 -0.0700964 -0.105414 -0.0689992 -0.115984 -0.0951812 0.0085756 0.0355153 0.0397014 0.00644496 0.0659945 -0.0567921 0.0309673 0.00617887 -0.0483202 0.0523107 -0.139955 -0.0377634 -0.0530247 -0.06356 -0.0961885
internal_weight=286.297 156.122 82.2849 39.8903 42.3946 4.48132 130.174 110.041 34.5534 73.8376 18.7352 12.9304 7.75617 55.1024 28.1375 5.8048 27.5001 26.9237 11.8877 15.036 37.9132 10.0669 7.77243 3.56308 4.20935 19.813 1.68635 20.0773 17.9741 9.12949
internal_count=36000 31000 19800 9000 10800 1200 5000 4000 1000 11200 2600 2080 1079 8600 4042 520 600 567 321 246 9600 216 198 123 75 2600 800 6400 6048 3680
is_linear=0
shrinkage=0.08


Tree=1
num_leaves=31
num_cat=0
split_feature=2 2 7 2 2 7 7 7 7 10 2 7 7 7 7 2 7 7 7 8 8 10 7 7 10 2 10 2 7 2
split_gain=136.138 157.776 19.8768 37.6371 16.1858 15.6852 10.7387 8.78384 7.5162 7.18661 10.4453 18.2456 6.41352 12.6382 6.1845 12.22 8.57427 5.86532 5.1174 4.66623 4.36651 17.2736 12.9245 8.17059 5.88663 4.89149 5.85919 4.86555 4.60005 7.5933
threshold=4.5000000000000009 8.5000000000000018 -0.37940952255126015 9.5000000000000018 7.5000000000000009 -0.9159756150367534 -0.98296291314453399 -0.60355339059327384 0.78656609248549303 1.5000000000000002 9.5000000000000018 0.98296291314453421 -0.9159756150367534 -0.98296291314453399 -0.5 1.5000000000000002 -0.60355339059327384 0.98296291314453421 -0.37940952255126015 1.0000000180025095e-35 1.0000000180025095e-35 1.0000000180025095e-35 0.37940952255126048 0.78656609248549303 1.5000000000000002 3.5000000000000004 1.0000000180025095e-35 1.0000000180025095e-35 0.78656609248549303 1.5000000000000002
decision_type=2 2 2 2 2 2 2 2 2 2 2 2 2 2 2 2 2 2 2 2 2 2 2 2 2 2 2 2 2 2
left_child=5 4 3 7 -2 -1 -5 12 -4 10 11 -10 13 -3 15 16 -7 19 -16 -12 24 22 -22 -24 25 -20 -27 -26 -29 -30
right_child=1 2 8 6 -6 14 -8 -9 9 -11 17 -13 -14 -15 18 -17 -18 -19 20 -21 21 -23 23 -25 27 26 -28 28 29 -31
leaf_value=-0.1107793756696504 0.050454564024290972 0.071102712848364807 -0.0070273753930035834 -0.018641606501388321 0.11848872411011774 -0.021014174238506642 -0.14175252670415181 -0.1653827524071749 -0.16406028505330258 -0.16388671654701892 -0.035498726699755366 0.13887597400583093 0.058691742173079646 -0.16211661831926238 -0.14587157515623891 -0.087740037972619839 0.065097774446932488 -0.16180459558479726 -0.072358572246917482 -0.16559190389554421 0.17425597644995225 -0.15557398808637612 -0.14886983330129125 0.045504644208010391 0.0050570319716721247 0.031167987513770853 -0.15208701302147121 -0.081893617583917527 0.044662331712106811 -0.1413445317675141
leaf_weight=26.293847096152604 306.28574884464615 3.0692924000322819 87.297478319145739 5.2836178187280884 24.144235930260038 27.217993215395833 31.98727672919631 1.6599392555654038 1.7766672954894627 3.2808806262910357 19.276396734174348 4.4834515880793333 12.734042823314667 2.8847575401887342 3.7332833031832697 12.963675138773395 10.16374383098446 3.3167800158262244 81.172688868711703 1.942366700619458 3.4028488397598249 3.6452028970234087 2.0834095715545118 4.1232067593373358 15.706869344983714 5.8621510679949997 1.379361833038274 13.386492613470184 5.4651893849950275 1.8904662835411725
leaf_count=4340 3600 14 420 21 400 3740 204 26 35 41 90 6 68 42 775 1890 880 18 13338 15 276 693 276 460 1482 456 228 1482 216 468
internal_value=-1.29744e-09 0.0226578 -0.0378336 -0.076526 0.0554258 -0.0528279 -0.1243 0.0109802 -0.0194654 -0.0513294 -0.0393378 0.0529005 0.0266454 -0.0418928 -0.0448997 -0.0208114 0.00239886 -0.062872 -0.0534491 -0.0474075 -0.0509509 -0.00729281 0.0489554 -0.0197421 -0.0555854 -0.0667383 -0.00373839 -0.0285318 -0.0539668 -0.00314302
internal_weight=727.913 509.423 178.993 57.6189 330.43 218.49 37.2709 20.348 121.374 34.0765 30.7957 6.26012 18.6881 5.95405 192.197 50.3454 37.3817 24.5355 141.851 21.2188 138.118 13.2547 9.60947 6.20662 124.863 88.4142 7.24151 36.449 20.7421 7.35566
internal_count=36000 5000 1000 375 4000 31000 225 150 625 205 164 41 124 56 26660 6510 4620 123 20150 105 19375 1705 1012 736 17670 14022 684 3648 2166 684
is_linear=0
shrinkage=0.08


Tree=2
num_leaves=31
num_cat=0
split_feature=2 2 10 2 7 7 7 7 7 7 7 8 2 7 10 7 8 2 7 2 2 7 10 2 7 7 7 7 7 2
split_gain=103.928 37.1596 21.5184 31.0967 17.3748 13.8296 10.7021 25.1571 9.95806 7.07381 6.25377 6.05453 5.65179 5.25273 4.72898 4.62782 4.01574 8.26431 3.82394 3.46347 3.4594 5.73605 3.90129 3.44707 3.15235 5.04803 3.38735 4.39664 3.10433 2.82941
threshold=4.5000000000000009 8.5000000000000018 1.5000000000000002 5.5000000000000009 -0.37940952255126015 -0.9159756150367534 -0.5 0.1294095225512602 0.25881904510252057 -0.9159756150367534 -0.60355339059327384 1.0000000180025095e-35 6.5000000000000009 -0.70710678118654757 1.5000000000000002 0.37940952255126048 1.0000000180025095e-35 3.5000000000000004 -0.78656609248549325 5.5000000000000009 3.5000000000000004 -0.5 1.0000000180025095e-35 1.5000000000000002 0.78656609248549303 0.60355339059327384 -0.12940952255126037 -0.37940952255126015 0.98296291314453421 2.5000000000000004
decision_type=2 2 2 2 2 2 2 2 2 2 2 2 2 2 2 2 2 2 2 2 2 2 2 2 2 2 2 2 2 2
left_child=5 2 9 10 -3 -1 13 -8 -9 12 18 15 19 -5 16 -10 20 -18 -4 -2 21 -7 24 28 25 26 27 -22 -16 -23
right_child=1 4 3 6 -6 14 7 8 11 -11 -12 -13 -14 -15 23 -17 17 -19 -20 -21 22 29 -24 -25 -26 -27 -28 -29 -30 -31
leaf_value=-0.10358841203015899 0.040758533845691849 0.019381597143589089 0.0034116631471140441 -0.026191331441420013 0.10146162660200815 -0.033153930344144211 -0.16477981737093028 0.056483505473572643 -0.16430867593839538 0.016552021137178474 0.061653456834937073 -0.16418236805186848 0.090485371048528995 0.044266667691455118 -0.0036585189041601668 -0.035779035995158068 0.010871714769031903 -0.16260008477420709 -0.16209727333949164 -0.033879539141975161 -0.13892346685637713 -0.066846325300287029 -0.13672773063144145 -0.060880411340913265 -0.14475630269472448 0.1077636291135272 -0.15187245830741414 0.11098693561458289 -0.14275895941162989 -0.13980992129725814
leaf_weight=24.834710589260794 38.67343737045303 25.425719874212518 7.2499566051992588 19.793619734933603 47.045054760063067 42.081187544768909 11.908748764544724 6.5486000431701532 1.8778969645500172 241.92090658965753 29.790455810027197 2.7495986297726622 14.725488867552484 10.293375198729334 37.070192049490288 39.598836194723845 14.324980687699282 2.0034550883574402 1.0189718939363936 4.4352983413264147 0.68514593981672089 65.166509817587212 1.1820036076242102 9.7202901325072144 0.66790501389186818 3.2301453424151987 1.0526151743251815 1.3157512387260795 1.0560625944053743 3.5887627665651953
leaf_count=4340 280 375 92 156 625 4914 108 27 12 2580 276 24 84 54 3154 219 1287 66 32 56 188 12971 322 2236 144 76 176 60 114 952
internal_value=-1.95315e-09 0.0196659 0.0107458 -0.0163246 0.0726646 -0.0475673 -0.0413062 -0.060131 -0.0355867 0.0225608 0.0445684 -0.0492195 0.0476958 -0.00208621 -0.0399708 -0.0415983 -0.0476154 -0.0104128 -0.0169838 0.0330793 -0.0527214 -0.0564168 -0.00236291 -0.0183537 0.0204837 0.0380475 -0.0357015 0.0254128 -0.00751147 -0.0706547
internal_weight=711.036 503.056 430.585 130.83 72.4708 207.98 92.7707 62.6837 50.7749 299.755 38.0594 44.2263 57.8342 30.087 183.145 41.4767 135.298 16.3284 8.26893 43.1087 118.97 110.836 8.13357 47.8465 6.95156 6.28366 3.05351 2.0009 38.1263 68.7553
internal_count=36000 5000 4000 1000 1000 31000 600 390 282 3000 400 255 420 210 26660 231 21156 1353 124 336 19803 18837 966 5504 644 500 424 248 3268 13923
is_linear=0
shrinkage=0.08


Tree=3
num_leaves=31
num_cat=0
split_feature=2 7 2 8 7 2 8 7 2 7 10 7 7 7 2 2 7 7 10 7 7 7 7 7 10 10 2 2 10 7
split_gain=102.936 9.76243 6.39243 8.32146 2.61058 4.95696 4.68563 11.3438 5.80806 5.97378 5.66091 4.65976 4.35372 4.23067 4.27668 3.34499 3.22619 4.2552 2.57032 8.58646 6.66042 13.6076 6.08022 7.17356 2.54847 4.25959 2.99123 2.49584 2.10456 5.13082
threshold=4.5000000000000009 -0.9159756150367534 9.5000000000000018 1.0000000180025095e-35 -0.5 3.5000000000000004 1.0000000180025095e-35 0.37940952255126048 2.5000000000000004 0.91597561503675351 1.5000000000000002 0.25881904510252057 0.78656609248549303 -0.60355339059327384 1.5000000000000002 2.5000000000000004 0.60355339059327384 0.78656609248549303 1.0000000180025095e-35 0.91597561503675351 -0.98296291314453399 0.25881904510252057 0.37940952255126048 0.60355339059327384 1.5000000000000002 1.0000000180025095e-35 1.0000000180025095e-35 1.5000000000000002 1.0000000180025095e-35 -0.12940952255126037
decision_type=2 2 2 2 2 2 2 2 2 2 2 2 2 2 2 2 2 2 2 2 2 2 2 2 2 2 2 2 2 2
left_child=1 -1 -2 18 13 6 10 15 -9 -10 -6 -12 28 -3 24 -8 -13 -18 19 -4 -20 -22 -23 -24 25 -15 -26 -19 -7 -30
right_child=2 4 3 -5 5 12 7 8 9 -11 11 16 -14 14 -16 -17 17 27 20 -21 21 22 23 -25 26 -27 -28 -29 29 -31
leaf_value=-0.097103538589448674 0.023588679109734154 -0.040223347225920789 0.017179179554769275 -0.16291925725989934 -0.07205725566684397 0.04474438401564311 0.087251218551482226 -0.096296734341112258 -0.14886416138330444 0.13002293535608528 -0.088656592079802532 0.024207366045548056 -0.12752798451146702 0.02151739713886534 -0.13469205740457116 -0.16690626435444089 -0.13777041845933066 -0.00054298464008340212 0.13124879477806026 -0.16357630115290989 -0.16436460001315115 0.11260052120589283 -0.17127475333933037 0.007036918966794742 -0.13933260123000002 -0.14784003909085958 0.092124387949661032 -0.12562002565574104 0.077771097293790031 -0.13155155594795279
leaf_weight=23.09950749296695 417.39291359652998 39.326283911592327 51.693312012794195 2.0009112088009706 69.555422432953492 7.0146544658346084 5.7685964262345832 8.1525531911756826 0.70140355359762829 1.6429875046014786 6.4765503543312688 9.2905467333039287 1.4513768386095751 6.6997249328996968 1.1694543750490982 0.35161274194251735 2.2501352010876863 8.483962271595372 1.6160580860450888 1.7385079744271923 4.1384105107281384 2.5785807669162741 1.7688994407653789 7.8605884108692408 0.39042477635666717 1.1076057509053496 4.2177506419830024 1.1607272876426566 1.3890742526855311 1.6275135058676833
leaf_count=4340 4400 5270 338 33 13923 356 405 1080 70 10 1176 616 410 544 360 30 532 684 7 40 105 4 18 55 104 184 48 324 120 414
internal_value=7.12632e-10 -0.0481703 0.0197601 -0.00201271 -0.0418282 -0.0481195 -0.0531728 -0.0139146 -0.0643856 0.0465845 -0.0598832 -0.0292716 0.00197717 -0.0269277 0.0115609 0.0726496 -0.0111171 -0.0387075 0.00249689 0.0112979 -0.023683 -0.039 0.00349736 -0.0257182 0.0253369 -0.0025089 0.0725143 -0.0155959 0.0207147 -0.0351629
internal_weight=692.116 201.328 490.788 73.3953 178.228 125.317 113.834 16.6172 10.4969 2.34439 97.2173 27.6619 11.4826 52.9112 13.585 6.12021 21.1854 11.8948 71.3944 53.4318 17.9625 16.3465 12.2081 9.62949 12.4155 7.80733 4.60818 9.64469 10.0312 3.01659
internal_count=36000 31000 5000 600 26660 20150 18850 1595 1160 80 17255 3332 1300 6510 1240 435 2156 1540 567 378 189 182 77 73 880 728 152 1008 890 534
is_linear=0
shrinkage=0.08


Tree=4
num_leaves=31
num_cat=0
split_feature=2 2 2 7 7 7 6 6 2 6 7 6 2 7 10 7 6 6 6 6 6 6 10 6 6 10 7 2 10 6
split_gain=74.8525 9.52896 10.3094 13.3741 16.2384 8.38245 5.91402 5.64166 4.10685 9.49608 7.04059 7.38766 6.50542 5.47426 9.12847 3.93251 9.78532 5.14153 9.84167 3.53202 3.46634 3.37925 3.97194 3.10661 3.01225 12.3272 6.91243 2.8772 3.37041 6.00812
threshold=4.5000000000000009 9.5000000000000018 8.5000000000000018 0.98296291314453421 -0.12940952255126037 -0.9159756150367534 -0.91597561503675329 -0.78656609248549303 5.5000000000000009 -0.25881904510252113 -0.12940952255126037 -0.37940952255126059 6.5000000000000009 0.98296291314453421 1.0000000180025095e-35 1.0000000180025095e-35 0.25881904510252091 0.60355339059327384 0.37940952255126054 0.60355339059327384 -0.60355339059327362 0.78656609248549325 1.5000000000000002 0.98296291314453421 -0.91597561503675329 1.0000000180025095e-35 -1.0000000180025095e-35 6.5000000000000009 1.5000000000000002 -0.60355339059327362
decision_type=2 2 2 2 2 2 2 2 2 2 2 2 2 2 2 2 2 2 2 2 2 2 2 2 2 2 2 2 2 2
left_child=5 2 8 4 -4 -1 -3 -8 13 10 12 27 -10 24 -15 16 -9 18 -17 -11 -6 -22 -23 -7 25 26 -2 28 29 -12
right_child=1 6 3 -5 20 23 7 15 9 19 11 -13 -14 14 -16 17 -18 -19 -20 -21 21 22 -24 -25 -26 -27 -28 -29 -30 -31
leaf_value=-0.090371723886708694 0.035380724097344107 0.10024123983449616 0.011073740508323186 0.10492640518362156 -0.046793478586353958 -0.034479442200825737 -0.16425391187269431 0.040178629696844763 -0.16145554589234418 0.063169723411903855 -0.16081940444311243 -0.16312765790199471 -0.019568106122015799 -0.16041116967132354 0.041633187629083565 0.040456847690738831 -0.16383485616667887 0.080306204909223841 -0.16521589539946788 0.02836020665415839 -0.166232118967715 -0.16914301149540309 -0.046429697509249516 -0.091143186273801025 0.015675709484817495 -0.16325221124245556 -0.16218821623072369 0.04690489805775673 0.065039120752608939 0.021173122326919036
leaf_weight=20.841252586687915 11.048728885594754 11.25921781233046 27.472863923758268 5.0741705228574565 11.597498246235775 163.85281169705559 0.89196687994990398 6.0142317646532302 2.4074918054975596 40.686749099259032 1.8942268309183417 1.288298226892947 14.669125574873759 3.0468617137521496 2.698811219073832 12.232949685538188 2.006695451302221 17.811826919962186 1.6953617334365851 34.452447442628909 4.1773117610719046 2.2905856259167177 6.4180080834776163 6.4355820872588074 238.28252646757755 3.105268887942656 1.262924974085762 22.27976570581086 2.4907553066732362 2.9989731502719286
leaf_count=4340 117 66 180 12 64 25110 42 99 93 456 64 48 155 54 18 138 126 111 18 480 90 27 27 1550 2064 66 81 230 46 28
internal_value=1.66334e-09 0.0165181 0.0126907 -0.0190402 -0.0311471 -0.042482 0.0489328 0.0347225 0.0174203 0.0294496 0.00166544 0.0244165 -0.0395716 0.0117096 -0.0655085 0.0391861 -0.010862 0.0518336 0.0154222 0.047209 -0.0785231 -0.10708 -0.0787065 -0.0366209 0.0134584 -0.0208123 0.0151142 0.0325615 -0.0107171 -0.0492788
internal_weight=682.685 491.556 439.643 57.0304 51.9563 191.13 51.9123 40.653 382.613 123.168 48.0286 30.952 17.0766 259.445 5.74567 39.7611 8.02093 31.7401 13.9283 75.1392 24.4834 12.8859 8.70859 170.288 253.699 15.4169 12.3117 29.6637 7.38396 4.8932
internal_count=36000 5000 4400 400 388 31000 600 534 4000 1600 664 416 248 2400 72 492 225 267 156 936 208 144 54 26660 2328 264 198 368 138 92
is_linear=0
shrinkage=0.08


Tree=5
num_leaves=31
num_cat=0
split_feature=2 6 6 2 6 6 8 6 8 6 2 2 2 2 6 6 10 10 2 6 2 10 6 8 6 2 10 8 6 2
split_gain=84.8333 3.95752 5.71748 3.25992 3.1372 2.68834 3.83428 2.58427 3.77909 3.50042 6.69807 3.16147 6.16892 2.50164 3.53261 2.31638 2.29737 2.07417 3.32902 3.10779 3.56452 2.03594 6.13302 2.23669 6.96174 1.85263 4.91605 2.28342 1.83939 1.96154
threshold=4.5000000000000009 -0.25881904510252113 0.37940952255126054 1.0000000180025095e-35 0.98296291314453421 -0.91597561503675329 1.0000000180025095e-35 -0.70710678118654735 1.0000000180025095e-35 -0.37940952255126059 1.5000000000000002 3.5000000000000004 1.5000000000000002 8.5000000000000018 0.98296291314453421 0.98296291314453421 1.0000000180025095e-35 1.0000000180025095e-35 2.5000000000000004 0.91597561503675362 1.0000000180025095e-35 1.5000000000000002 -0.70710678118654735 1.0000000180025095e-35 -0.91597561503675329 2.5000000000000004 1.5000000000000002 1.0000000180025095e-35 0.78656609248549325 1.5000000000000002
decision_type=2 2 2 2 2 2 2 2 2 2 2 2 2 2 2 2 2 2 2 2 2 2 2 2 2 2 2 2 2 2
left_child=1 3 -3 21 17 6 -5 8 11 10 -9 12 -7 15 -15 -2 -13 19 -19 28 -21 23 -23 -1 -25 26 -11 -27 -4 -30
right_child=13 2 4 5 -6 7 -8 9 -10 25 -12 16 -14 14 -16 -17 -18 18 -20 20 -22 22 -24 24 -26 27 -28 -29 29 -31
leaf_value=-0.087919155839280963 0.013407121092342197 -0.084092284389860009 -0.049850283949687497 -0.071844975837166647 -0.092888455714405557 0.02034720244161704 0.0021802196151602077 -0.017336103146556984 -0.12774926563581984 -0.12795181514427439 -0.12818126898570945 0.10329378139114427 -0.12655710338181389 0.032550916013465568 -0.036544771721656544 0.04056137821600312 -0.12045841117374366 -0.013742285667641857 -0.12296226091009026 -0.12173261574695836 0.027947914097694909 -0.12614987692864271 0.027216196288687385 0.12624548220122531 -0.12706320103005772 -0.12009799490683405 0.066132756396718409 0.11616505467824377 -0.12481236541106919 -0.035716234662318234
leaf_weight=13.152596888132395 363.37344298325479 31.27066164201824 24.189442545874048 13.486290128203111 7.3328574800398192 14.192788797430703 6.7044664814602575 12.401818547514273 1.2339938811492164 1.3973387341247865 4.8547232809942207 3.3436108897440131 2.1001566967461249 95.075132290832698 4.9838188691064707 21.283057562075555 0.32196042290888716 26.102273074211556 1.9172308135312039 1.2546249961014826 5.4043512863572687 2.4966647222172469 5.0324373717885456 1.2999252784065904 1.4906290075741697 0.30517615121789288 2.0763799410779029 1.8420687908073887 4.8703542067669323 2.3419171051355079
leaf_count=3096 3800 6665 3128 1881 1550 1188 297 1620 297 396 1350 88 770 950 50 200 132 3456 576 396 708 611 468 129 344 100 78 20 1224 432
internal_value=-7.22294e-10 -0.0449426 -0.0554458 -0.0324101 -0.0432437 -0.0230901 -0.0472644 -0.0120146 0.0081134 -0.0306601 -0.0485198 0.0165135 0.00141127 0.0178408 0.0291093 0.0149096 0.0836408 -0.0377347 -0.0212156 -0.0498957 -0.000253558 -0.0579258 -0.0236403 -0.0741171 -0.00906429 0.0241698 -0.0119397 0.0825863 -0.0604227 -0.0958817
internal_weight=677.132 192.417 104.684 87.733 73.4131 64.2608 20.1908 44.07 21.1925 22.8775 17.2565 19.9585 16.2929 484.715 100.059 384.657 3.66557 66.0802 28.0195 38.0607 6.65898 23.4723 7.5291 15.9432 2.79055 5.62096 3.47372 2.14724 31.4017 7.21227
internal_count=36000 31000 18135 12865 11470 8217 2178 6039 2475 3564 2970 2178 1958 5000 1000 4000 220 9920 4032 5888 1104 4648 1079 3569 473 594 474 120 4784 1656
is_linear=0
shrinkage=0.08


Tree=6
num_leaves=31
num_cat=0
split_feature=2 7 10 7 8 10 2 10 7 7 7 2 2 10 7 7 7 7 2 2 7 2 7 7 7 10 2 2 7 7
split_gain=64.3694 4.17154 3.19159 3.11264 2.99936 3.96911 3.94407 3.63284 3.4513 3.29788 2.72357 2.37807 3.27248 3.74383 2.24738 3.53503 2.37724 2.00329 6.51308 1.85309 1.7657 2.19049 8.04604 8.50408 2.70238 5.303 2.08004 5.01537 1.82128 3.17244
threshold=4.5000000000000009 -0.9159756150367534 1.0000000180025095e-35 -0.5 1.0000000180025095e-35 1.0000000180025095e-35 3.5000000000000004 1.5000000000000002 0.25881904510252057 0.98296291314453421 -0.60355339059327384 1.0000000180025095e-35 1.5000000000000002 1.5000000000000002 -0.12940952255126037 0.60355339059327384 0.78656609248549303 0.98296291314453421 5.5000000000000009 1.5000000000000002 -0.98296291314453399 6.5000000000000009 0.78656609248549303 0.25881904510252057 0.98296291314453421 1.5000000000000002 7.5000000000000009 6.5000000000000009 -0.78656609248549325 0.78656609248549303
decision_type=2 2 2 2 2 2 2 2 2 2 2 2 2 2 2 2 2 2 2 2 2 2 2 2 2 2 2 2 2 2
left_child=1 11 17 10 6 -6 7 -5 -9 -10 -3 -1 13 -13 -8 -16 -17 -2 -19 -12 26 28 23 -23 25 -24 27 -4 -22 -30
right_child=2 3 20 4 5 -7 14 8 9 -11 19 12 -14 -15 15 16 -18 18 -20 -21 21 22 24 -25 -26 -27 -28 -29 29 -31
leaf_value=-0.12039643515656107 0.019428093825844119 -0.032192309628977012 -0.15626175648204987 -0.065578922128121539 -0.0023657626390463909 -0.12178955026945003 0.045294420943596009 -0.083316610604003735 -0.0042837788173577347 -0.12750452321461458 0.016920717620354089 -0.059720611731192898 -0.1136995705058864 0.070185410706033499 -0.12609075416980892 0.014318755962211445 -0.11347250915619191 -0.14386791730611451 0.083747551960418762 -0.11936821247504301 0.044222459142735239 -0.0067641681370860518 -0.041345087650468147 0.04808702143025493 0.022296588473017388 -0.16233752532658749 0.058068962098857563 0.044337203378129644 -0.0041537454469622002 0.033393197744765693
leaf_weight=5.7184063994791385 279.55405199929373 30.07528923987411 1.1082856561988585 61.978321614209563 17.383039919426668 1.9844463085755695 3.647849524160848 5.9251385767711353 18.213326519820843 1.5049658436328162 13.415647276560772 5.2215758295496908 4.1435312243411317 1.9500953727401791 1.9024593367939777 6.4693663266953081 1.0883824009215457 0.90191658027469923 7.4541674815118313 0.67039670154918063 12.290623466135001 68.856937199481763 12.038811584003271 24.535831318295095 2.7028396846726528 2.871330742374993 8.7184747736901027 2.8461629636585712 37.033894302672707 23.566991406027228
leaf_count=1568 2910 5270 28 13923 1012 693 200 1176 1988 168 880 1344 1260 168 440 190 360 54 36 360 156 648 105 264 36 105 28 14 452 164
internal_value=-1.31949e-09 -0.0406645 0.0152166 -0.0367566 -0.0434346 -0.0146023 -0.0489782 -0.055101 -0.0297766 -0.0136884 -0.0185958 -0.0783487 -0.0570989 -0.024397 -0.00805028 -0.02862 -0.00408431 0.0205818 0.0591798 0.0104343 0.00735839 0.00536799 -0.00170722 0.00764615 -0.0513034 -0.0646453 0.0362411 -0.0118833 0.0161428 0.0104478
internal_weight=665.773 181.292 484.48 164.259 120.097 19.3675 100.73 87.6218 25.6434 19.7183 44.1613 17.0336 11.3152 7.17167 13.1081 9.46021 7.55775 287.91 8.35608 14.086 196.57 183.897 111.006 93.3928 17.613 14.9101 12.6729 3.95445 72.8915 60.6009
internal_count=36000 31000 5000 26660 20150 1705 18445 17255 3332 2156 6510 4340 2772 1512 1190 990 550 3000 90 1240 2000 1930 1158 912 246 210 70 42 772 616
is_linear=0
shrinkage=0.08


Tree=7
num_leaves=31
num_cat=0
split_feature=10 7 7 6 10 6 10 8 6 7 7 7 8 10 7 6 6 10 7 6 6 6 6 6 6 7 7 7 6 10
split_gain=0.787107 1.68883 1.65037 1.48789 8.03881 2.91098 4.85552 3.61949 1.28725 2.77861 2.5979 1.07663 1.03978 5.58966 4.44059 2.88142 2.03356 1.02793 3.71722 3.60921 10.3247 2.09537 2.02813 1.71364 1.4787 1.25068 1.20181 1.83968 0.906612 3.66437
threshold=1.0000000180025095e-35 -0.98296291314453399 -0.98296291314453399 -0.98296291314453399 1.5000000000000002 -0.91597561503675329 1.5000000000000002 1.0000000180025095e-35 0.12940952255126045 -0.70710678118654757 0.37940952255126048 0.1294095225512602 1.0000000180025095e-35 1.5000000000000002 0.91597561503675351 -0.78656609248549303 -0.37940952255126059 1.5000000000000002 0.25881904510252057 0.78656609248549325 0.60355339059327384 0.60355339059327384 0.78656609248549325 0.37940952255126054 0.98296291314453421 -0.37940952255126015 0.25881904510252057 0.60355339059327384 -0.78656609248549303 1.5000000000000002
decision_type=2 2 2 2 2 2 2 2 2 2 2 2 2 2 2 2 2 2 2 2 2 2 2 2 2 2 2 2 2 2
left_child=2 -2 -1 4 -3 6 -5 11 10 -10 -7 -8 16 -14 15 -15 28 18 22 20 23 -19 -11 -20 -24 -23 -27 -28 -12 -30
right_child=1 3 -4 5 -6 8 7 -9 9 17 12 -13 13 14 -16 -17 -18 21 19 -21 -22 25 24 -25 -26 26 27 -29 29 -31
leaf_value=-0.027091290143888742 0.024757356046182177 0.072125910721584793 0.0031979724878604195 -0.13072429602619542 -0.1331609517284881 0.014695242817027665 -0.040605723678259563 -0.16420930404240477 -0.035202659913667632 -0.0066165835799790055 -0.0059727480441639034 0.019014457902190279 -0.13301135115998608 -0.1513749820732942 -0.15547248778101502 0.055388631347074585 0.0066695984922856234 -0.026022203703003347 -0.013762702256154842 0.04405563748504264 -0.15228082317163272 -0.011573616620896168 -0.13624449762715593 0.064005713539001141 -0.05385945577929295 0.036430948949600611 -0.012275177382636606 0.034146985023028459 -0.0010979229104297161 -0.06883402450451169
leaf_weight=11.873105483362449 12.992417308269067 5.98290433268994 379.48297170171281 3.0672838153550375 1.5337815782986579 55.166260042926297 2.8344876132905465 0.9479587808018558 22.185991725476924 5.0434545149328178 8.5234661145368573 6.1322667938657105 1.5046126858796895 0.4519845156464698 0.75378072517924088 9.4526567903812975 17.417846728698354 13.190590409212744 3.5596445141127351 9.1095416750758869 2.9204707273747772 12.827967105666167 1.7441823532571996 3.6965313963592052 6.9512998904101551 13.472779603675013 13.664530821610242 9.1032809356693178 9.640102346544154 10.880444978538435
leaf_count=749 511 210 20651 560 228 2482 266 114 1387 350 365 228 280 38 38 228 803 570 315 595 350 570 455 210 350 684 646 380 665 722
internal_value=5.97594e-12 -0.00336888 0.00227905 -0.00482037 0.0302371 -0.00589927 -0.0427613 -0.0155484 -0.00383 -0.00970436 0.00223429 0.000167877 -0.00949152 0.0113317 0.0317081 0.0459533 -0.0149427 -0.00376734 -0.0151762 0.00747705 -0.025266 0.00228444 -0.0469759 0.0258551 -0.0703847 0.00989381 0.0174926 0.00628585 -0.0279038 -0.0370131
internal_weight=656.109 264.753 391.356 251.76 7.51669 244.243 12.982 9.91471 231.261 117.47 113.791 8.96675 58.6249 12.163 10.6584 9.90464 46.4619 95.2843 33.0251 19.2862 10.1766 62.2591 13.7389 7.25618 8.69548 49.0686 36.2406 22.7678 29.044 20.5205
internal_count=36000 14600 21400 14089 438 13651 1168 608 12483 6862 5621 494 3139 584 304 266 2555 5475 2625 1470 875 2850 1155 525 805 2280 1710 1026 1752 1387
is_linear=0
shrinkage=0.08


Tree=8
num_leaves=31
num_cat=0
split_feature=2 2 7 6 6 7 2 6 6 7 8 6 2 6 2 7 7 7 7 6 6 2 8 2 7 7 6 2 6 6
split_gain=60.5134 7.13867 4.72666 2.75418 14.8228 2.47645 3.3185 2.84675 2.83161 5.54164 2.73304 3.02855 2.47336 2.37391 2.33631 3.15204 2.28928 2.18532 1.90966 8.94381 1.71761 2.48868 1.7119 7.73426 1.60781 1.68156 2.40989 4.06339 2.01296 1.58098
threshold=4.5000000000000009 6.5000000000000009 -0.9159756150367534 0.37940952255126054 0.60355339059327384 -0.5 3.5000000000000004 -0.70710678118654735 -0.60355339059327362 -1.0000000180025095e-35 1.0000000180025095e-35 -0.91597561503675329 2.5000000000000004 -0.78656609248549303 8.5000000000000018 0.78656609248549303 -0.12940952255126037 0.98296291314453421 0.37940952255126048 -0.78656609248549303 -0.91597561503675329 2.5000000000000004 1.0000000180025095e-35 9.5000000000000018 0.60355339059327384 0.37940952255126048 0.78656609248549325 5.5000000000000009 -0.25881904510252113 0.12940952255126045
decision_type=2 2 2 2 2 2 2 2 2 2 2 2 2 2 2 2 2 2 2 2 2 2 2 2 2 2 2 2 2 2
left_child=2 24 -1 14 -5 7 10 -4 13 -10 11 -7 -13 16 15 -3 -8 18 -16 -20 -12 -22 23 -21 25 28 -27 -28 -2 -17
right_child=1 3 5 4 -6 6 8 -9 9 -11 20 12 -14 -15 17 29 -18 -19 19 22 21 -23 -24 -25 -26 26 27 -29 -30 -31
leaf_value=-0.080032592781758768 -0.0083789713346799771 0.054719753413919825 0.0098561596827962533 -0.16433286491265739 0.022511170321989526 -0.086295198756597427 0.026874976870387545 -0.032495242864620869 0.046886452366116764 -0.12202580181924728 0.0025517848544072391 -0.042376145551321499 -0.11469006359370551 0.062399250269233521 0.030216053561482617 0.0060294675050720841 -0.12869631714720942 0.074208403738534587 -0.16506888583110602 -0.15954298046984738 -0.070329611914977053 0.010975980702353109 0.073077685776075194 0.026133839021365374 0.015285968307253579 0.0086429011707384127 -0.078519073842505976 0.031092868460077718 0.010818589224246165 -0.15674807866956308
leaf_weight=16.455100069520995 47.693757417611778 45.742446501506492 14.466772119281812 2.8585366640327257 55.029202773992438 14.040060636471024 1.5745209616143259 34.101977737853304 2.2044757903786376 2.8503313401597534 10.585291080060417 67.533525200444274 3.1691278361249706 4.823191617266275 41.387360936088953 6.3770263555925331 0.98350395390298206 5.2404616703279308 1.8986190899740929 1.6047145033953718 7.1240870587062073 3.6406998962629586 2.9591692055109879 13.637130079325289 108.41348682204261 10.513581901788712 7.2430860074236989 3.0869680169271305 130.88583577339887 0.40619683114346106
leaf_count=4340 690 455 1240 140 600 2755 70 5270 130 780 435 13500 1000 110 370 130 210 30 30 66 1080 80 35 99 930 90 156 39 1095 45
internal_value=3.44999e-09 0.0148073 -0.0391233 0.0276022 0.0132847 -0.0350947 -0.041329 -0.0198804 -0.0022313 -0.0483607 -0.045912 -0.0523569 -0.0456175 0.029359 0.0345522 0.047173 -0.0329387 0.0246175 0.020391 0.000159999 -0.0203307 -0.0428317 0.0173957 0.00658514 0.00744457 0.0031817 -0.0183207 -0.0457633 0.00569144 -0.00371807
internal_weight=668.53 484.978 183.553 177.141 57.8877 167.098 118.529 48.5687 12.436 5.05481 106.093 84.7427 70.7027 7.38122 119.253 52.5257 2.55802 66.7275 61.487 20.0996 21.3501 10.7648 18.201 15.2418 307.837 199.423 20.8436 10.3301 178.58 6.78322
internal_count=36000 5000 31000 2000 740 26660 20150 6510 1300 910 18850 17255 14500 390 1260 630 280 630 600 230 1595 1160 200 165 3000 2070 285 195 1785 175
is_linear=0
shrinkage=0.08


Tree=9
num_leaves=31
num_cat=0
split_feature=2 2 7 7 7 2 8 10 7 10 7 7 7 7 7 7 2 2 2 10 2 7 10 7 2 7 7 7 2 7
split_gain=56.0076 3.57735 3.3474 2.07314 1.52085 2.44294 2.91045 3.0584 2.91978 2.50287 2.09578 1.6202 1.47261 1.43447 1.81011 1.37199 1.36635 1.35675 1.35151 1.10197 1.09216 1.92068 1.84729 2.62793 2.71482 4.84155 2.15821 1.92796 1.54381 1.35108
threshold=4.5000000000000009 6.5000000000000009 -0.9159756150367534 0.98296291314453421 -0.5 3.5000000000000004 1.0000000180025095e-35 1.5000000000000002 0.25881904510252057 1.0000000180025095e-35 -0.60355339059327384 -0.12940952255126037 0.98296291314453421 0.37940952255126048 0.91597561503675351 0.78656609248549303 1.0000000180025095e-35 1.5000000000000002 2.5000000000000004 1.5000000000000002 1.0000000180025095e-35 0.91597561503675351 1.0000000180025095e-35 0.78656609248549303 1.5000000000000002 1.0000000180025095e-35 -0.12940952255126037 0.78656609248549303 1.5000000000000002 0.60355339059327384
decision_type=2 2 2 2 2 2 2 2 2 2 2 2 2 2 2 2 2 2 2 2 2 2 2 2 2 2 2 2 2 2
left_child=2 -2 19 4 10 6 7 18 11 13 -4 16 -3 -8 -15 -7 -9 -12 20 -1 29 22 27 24 -24 26 -26 -22 -25 -6
right_child=1 12 3 -5 5 15 9 8 -10 -11 17 -13 -14 14 -16 -17 -18 -19 -20 -21 21 -23 23 28 25 -27 -28 -29 -30 -31
leaf_value=-0.088550781996729194 0.0089569541520013868 0.021708214478657055 -0.031924687847132469 -0.07685457626203096 -0.092279559418318918 0.0017494089434029214 0.014790126832187528 0.012985292688116134 -0.0098352288796521962 -0.11033504049397193 0.0090748122635246394 -0.12052703310819964 0.057786494276649975 -0.06009485661799073 0.014186431252745674 -0.10768043397659816 -0.11324391475424532 -0.11437229950189429 -0.11272581926390672 -0.039995033932244899 -0.046735297309310635 -0.11536629371703841 -0.075354799909968601 0.083816624555045557 -0.11220313909287789 -0.11579067236626105 0.1307233798031586 -0.11853006105596187 -0.11782615730337527 -0.048306927711319253
leaf_weight=10.392345980508251 298.54696711304132 173.23752161109587 33.91782213805709 7.1212634807452551 9.8776791621930915 11.968113457900468 9.6309438273310715 1.589683991391212 18.224755752511555 1.6162242144928303 14.232627737568688 2.7165087665198397 7.5564775285311034 5.1837445849087072 3.5287984840106219 0.7811171688372277 0.83817527210339893 0.59355485206469971 2.8822438415372735 4.2004367689951314 18.943478860543113 2.5127628875197834 4.6307737726019713 2.0607973444275562 0.27193577948492009 1.0553627398330716 1.6803994575748222 2.7400802340125656 0.27548577252309758 8.1714037966448796
leaf_count=3444 3000 1940 5270 930 2752 890 264 260 1988 627 880 616 60 616 88 350 300 360 904 896 3984 924 1079 208 100 285 30 768 80 2107
internal_value=4.39229e-10 0.0143351 -0.0378301 -0.0346202 -0.0327396 -0.0379052 -0.042173 -0.0491109 -0.024859 -0.0148969 -0.0209573 -0.0780832 0.0232161 -0.00648799 -0.0300091 -0.00495512 -0.0305931 0.0041327 -0.0593962 -0.0745743 -0.0564527 -0.0480443 -0.0427009 -0.0142086 -0.036918 0.022261 0.0968868 -0.0558078 0.0600397 -0.0723717
internal_weight=660.979 479.341 181.639 167.046 159.924 111.18 98.4312 78.4715 23.3691 19.9597 48.744 5.14437 180.794 18.3435 8.71254 12.7492 2.42786 14.8262 55.1024 14.5928 52.2202 34.1711 31.6583 9.97475 7.63847 3.0077 1.95234 21.6836 2.33628 18.0491
internal_count=36000 5000 31000 26660 25730 19220 17980 16385 3164 1595 6510 1176 2000 968 704 1240 560 1240 13221 4340 12317 7458 6534 1782 1494 415 130 4752 288 4859
is_linear=0
shrinkage=0.08


Tree=10
num_leaves=31
num_cat=0
split_feature=2 7 10 7 2 7 10 7 6 6 6 10 6 2 6 2 7 6 10 6 6 6 7 10 6 2 2 6 6 6
split_gain=45.9157 3.05591 1.68494 2.8252 2.78205 6.71458 9.34501 5.67184 21.1407 6.82115 10.2078 7.30656 5.51241 3.55867 3.20563 3.59436 2.8826 1.72152 2.96932 1.71384 5.71392 2.00173 1.65462 1.43387 1.87626 1.27452 2.06505 1.25548 1.24198 2.00355
threshold=4.5000000000000009 -0.9159756150367534 1.5000000000000002 0.98296291314453421 5.5000000000000009 0.91597561503675351 1.0000000180025095e-35 -0.12940952255126037 0.78656609248549325 1.0000000180025095e-35 0.37940952255126054 1.0000000180025095e-35 0.25881904510252091 7.5000000000000009 0.98296291314453421 8.5000000000000018 -0.9159756150367534 1.0000000180025095e-35 1.0000000180025095e-35 0.78656609248549325 0.60355339059327384 0.37940952255126054 0.98296291314453421 1.5000000000000002 -1.0000000180025095e-35 1.0000000180025095e-35 1.5000000000000002 0.25881904510252091 -0.98296291314453399 -0.60355339059327362
decision_type=2 2 2 2 2 2 2 2 2 2 2 2 2 2 2 2 2 2 2 2 2 2 2 2 2 2 2 2 2 2
left_child=1 23 3 4 16 7 -7 8 9 -6 11 -11 -13 19 28 -16 17 18 -2 20 21 -9 -3 27 25 -25 -27 -1 -15 -30
right_child=2 22 -4 -5 5 6 -8 13 -10 10 -12 12 -14 14 15 -17 -18 -19 -20 -21 -22 -23 -24 24 -26 26 -28 -29 29 -31
leaf_value=-0.10502365256266848 -0.017602852370026068 -0.030492813505210534 0.021716501589587836 0.051725670584870632 0.025382878711645077 -0.16620923174932753 0.032461329468552215 0.0084229249749929597 -0.16544027857727284 -0.15904342495076551 0.02933194541926382 0.017332962995825315 -0.081186301028555563 0.039136086826893263 0.044125432567604171 -0.066507527688571016 0.011081447344952072 0.04705618487590444 0.094834076007970544 0.067778113971517923 -0.16408876563032387 0.07597828114460968 -0.071868294181918313 -0.1066332011801476 -0.10960191826530372 0.083012928718797188 -0.10675879773953176 -0.035383535423946955 -0.017861927788019209 0.019739420348775509
leaf_weight=7.2209751797490735 7.0514997143764031 153.97439327658503 107.48512956956984 10.252163399010895 33.469779915292747 3.5028225438436484 2.6705119358375669 5.970714813680388 5.3326807029661714 4.0491954310564333 12.543951535742965 6.5050413310527793 8.2377654095180333 11.518496262840925 2.624470226466654 6.6207872703671455 153.60341672378127 25.844568681903183 1.9104702975600956 11.04734624532284 0.9502834780141719 5.2980476130032912 6.4446603106334797 0.48658608121331859 1.276563876424915 1.5341847017989496 0.48236899985931803 2.1501294999616221 12.327224776614456 34.316154611529782
leaf_count=2091 90 25730 1200 114 369 90 45 138 117 108 162 21 33 36 20 40 1660 180 10 81 30 18 930 130 576 60 130 1353 156 282
internal_value=9.70418e-10 -0.0351943 0.0129111 0.0103227 0.00912835 0.00160987 -0.0802667 0.00475299 -0.0123297 0.000269388 -0.0265542 -0.0638591 -0.0377162 0.0179669 0.00865569 -0.0351019 0.0157919 0.0365793 0.00636592 0.0449431 0.0242979 0.0401843 -0.032155 -0.0722687 -0.0306744 0.00957749 0.0376187 -0.0890453 0.0156113 0.00980188
internal_weight=646.702 173.57 473.133 365.647 355.395 166.985 6.17333 160.812 70.1384 64.8057 31.336 18.792 14.7428 90.6735 67.4071 9.24526 188.41 34.8065 8.96197 23.2664 12.219 11.2688 160.419 13.1508 3.7797 2.50314 2.01655 9.3711 58.1619 46.6434
internal_count=36000 31000 5000 3800 3686 1746 135 1611 810 693 324 162 54 801 534 60 1940 280 100 267 186 156 26660 4340 896 320 190 3444 474 438
is_linear=0
shrinkage=0.08


Tree=11
num_leaves=31
num_cat=0
split_feature=2 2 7 2 2 8 10 7 7 2 8 10 10 7 2 10 10 7 7 7 2 2 7 2 10 7 7 7 10 7
split_gain=40.2933 4.14904 2.48486 1.9088 2.67442 1.77479 7.81394 1.64435 3.78295 2.39893 3.15603 2.86381 2.11932 1.58996 1.53429 1.35141 1.77445 1.31769 1.24879 3.10075 2.44447 3.47688 1.75344 1.78056 2.43504 1.56878 1.30988 1.68972 1.11782 1.11563
threshold=4.5000000000000009 5.5000000000000009 -0.9159756150367534 1.0000000180025095e-35 1.5000000000000002 1.0000000180025095e-35 1.5000000000000002 -0.5 -0.60355339059327384 3.5000000000000004 1.0000000180025095e-35 1.0000000180025095e-35 1.0000000180025095e-35 0.78656609248549303 1.5000000000000002 1.5000000000000002 1.0000000180025095e-35 -0.98296291314453399 0.78656609248549303 0.60355339059327384 1.5000000000000002 1.0000000180025095e-35 0.25881904510252057 1.5000000000000002 1.5000000000000002 0.91597561503675351 -0.12940952255126037 1.0000000180025095e-35 1.5000000000000002 0.60355339059327384
decision_type=2 2 2 2 2 2 2 2 2 2 2 2 2 2 2 2 2 2 2 2 2 2 2 2 2 2 2 2 2 2
left_child=2 -2 3 -1 17 -3 -7 8 -4 10 11 -9 -12 29 15 16 -10 -5 19 22 21 25 23 -13 26 -20 -25 -28 -24 -11
right_child=1 5 7 4 -6 6 -8 9 14 13 12 18 -14 -15 -16 -17 -18 -19 20 -21 -22 -23 28 24 -26 -27 27 -29 -30 -31
leaf_value=-0.1068397677623918 0.0048679713510319722 0.020927047088954782 -0.031135654269343258 -0.10151419101837679 -0.10408843376049483 -0.15518312302223614 0.052111469433672043 -0.061713871046977307 0.01767146379397154 -0.018013415250394193 -0.0029927451248972902 -0.079966887957270472 -0.10561199431265809 -0.10173317961825643 -0.10918938942549203 0.060556557956179494 -0.12794679405155196 -0.0076140930931256345 -0.12248307968166387 -0.1133466315489034 -0.10665523802646705 0.027883403867708746 -0.052189899850284556 -0.10669370149758417 -0.10544180023103654 -0.023659884952015948 0.10654045515308783 -0.10613169545219225 0.0051295944002775675 0.032838727710815994
leaf_weight=4.5837189051089835 247.26823317148956 220.81994058724376 32.809885431081057 1.1086212516529483 3.5165921121370038 1.8920090526808042 3.0236654463224113 39.856014955905266 5.8123499688226694 5.6495984910870867 17.773440026910979 6.4792153348680621 1.3886414986918669 0.93638309196103442 0.5452555331867196 4.7546161657664925 0.58992184838280071 6.9680647214991023 1.5959491260582552 3.3914627820486194 1.588429118040948 8.7026888063410297 2.9344911801163098 0.31114027695730362 1.0477045095758515 2.8892635285155848 1.4525592887075616 0.2862082733772694 8.440391817712225 5.4004186126403511
leaf_count=1568 2400 2457 5270 378 1260 99 44 10472 544 680 968 1764 627 410 360 152 184 1134 368 1083 540 684 638 120 378 460 36 96 616 210
internal_value=3.61193e-10 0.0120269 -0.033304 -0.0631363 -0.045857 0.0198687 -0.0276748 -0.0301832 -0.0172074 -0.035428 -0.0395545 -0.0466212 -0.0104294 -0.00164244 0.021844 0.0282478 0.00425382 -0.020503 -0.0312444 -0.0423805 -0.0128983 -0.0016057 -0.0308932 -0.0561157 -0.00622673 -0.0588236 0.0444819 0.0715337 -0.00965768 0.00683929
internal_weight=643.817 473.004 170.813 16.177 11.5933 225.736 4.91567 154.636 44.512 110.124 98.1376 78.9755 19.1621 11.9864 11.7021 11.1569 6.40227 8.07669 39.1195 24.3432 14.7763 13.1879 20.9517 9.57683 3.09761 4.48521 2.04991 1.73877 11.3749 11.05
internal_count=36000 5000 31000 4340 2772 2600 143 26660 6510 20150 18850 17255 1595 1300 1240 880 728 1512 6783 4731 2052 1512 3648 2394 630 828 252 132 1254 890
is_linear=0
shrinkage=0.08


Tree=12
num_leaves=31
num_cat=0
split_feature=2 2 8 7 7 7 10 2 2 7 10 10 7 7 2 8 2 7 7 7 7 2 2 10 7 7 2 7 7 2
split_gain=35.3084 3.18512 2.98889 6.54179 3.85627 1.74944 1.6972 2.44884 2.10644 1.6889 1.33051 1.32402 1.11484 1.83288 1.22846 0.976453 8.42461 0.887598 0.882392 0.820284 2.74589 3.96115 1.63788 2.3436 1.26247 0.924591 1.57682 3.73526 5.02803 1.04977
threshold=4.5000000000000009 5.5000000000000009 1.0000000180025095e-35 0.91597561503675351 0.37940952255126048 -0.98296291314453399 1.5000000000000002 1.0000000180025095e-35 1.5000000000000002 0.91597561503675351 1.0000000180025095e-35 1.0000000180025095e-35 -0.37940952255126015 -0.12940952255126037 3.5000000000000004 1.0000000180025095e-35 8.5000000000000018 0.98296291314453421 -0.9159756150367534 0.78656609248549303 0.60355339059327384 6.5000000000000009 6.5000000000000009 1.0000000180025095e-35 0.98296291314453421 0.1294095225512602 7.5000000000000009 -0.5 1.0000000180025095e-35 7.5000000000000009
decision_type=2 2 2 2 2 2 2 2 2 2 2 2 2 2 2 2 2 2 2 2 2 2 2 2 2 2 2 2 2 2
left_child=2 -2 5 4 -4 -1 7 11 -8 -9 -11 18 -10 14 -14 19 -17 -12 -7 20 25 -22 -21 24 -24 26 27 -3 -29 -27
right_child=1 15 3 -5 -6 6 8 9 12 10 17 -13 13 -15 -16 16 -18 -19 -20 22 21 -23 23 -25 -26 29 -28 28 -30 -31
leaf_value=-0.097704463573788286 0.0048958531186289395 0.017364657796331343 0.013714029531007135 0.12845764378956417 -0.066453132727600103 -0.10465272161782398 -0.011325568208432089 -0.027493943114525007 -0.10811466495562311 -0.10353174744145946 -0.10848897784722122 -0.087322551644543958 -0.10300769359233164 -0.066390884427367736 0.074699201088518435 -0.15497486324303925 0.069239629956119583 -0.0016365828178093993 -0.044972546263547165 0.04815416998266913 -0.1555639322590287 -0.0025391352499988542 0.018552380479422217 -0.011891067027785602 0.071167683871016837 0.042977923750464268 0.023437142926514803 -0.15205998398723997 -0.01055427701504069 0.01858943378821255
leaf_weight=2.8233994687907389 242.74532139219809 32.665385221174802 9.4755668426514621 2.1977831125259391 6.4570996998809269 1.6976450963411505 32.747030066326261 66.172009695437737 2.0602244713227265 3.5159973094705483 0.66415941738523554 7.3959672003984442 0.31619898253120449 4.2154050430981433 1.1708116279914975 1.7659954204573285 2.7312187114439439 1.9832329675555229 24.013862709398381 16.886326266219839 1.1477840009611124 19.070320586906746 7.397098110639492 10.758541930583304 4.8206716722343117 20.756596356164664 72.607897238398436 1.9907835820922599 8.3373596624005586 24.780814413912594
leaf_count=1085 2400 420 465 155 1085 693 3458 12960 884 1180 294 1820 135 1287 60 88 55 126 5313 108 57 190 120 216 24 168 742 156 60 196
internal_value=-1.15314e-10 0.0112568 -0.0315949 -0.000927956 -0.0187757 -0.0353321 -0.0341255 -0.0394726 -0.0202074 -0.0312246 -0.0712785 -0.0574934 -0.0576759 -0.0394529 0.0369115 0.0180976 -0.0188064 -0.028443 -0.048913 0.0188479 0.016564 -0.0112264 0.0292386 0.0153366 0.0393124 0.0200508 0.0162475 0.0041055 -0.03783 0.0297061
internal_weight=635.369 468.462 166.906 18.1304 15.9327 148.776 145.953 105.443 40.5097 72.3354 6.16339 33.1075 7.76264 5.70242 1.48701 225.717 4.49721 2.64739 25.7115 221.22 181.357 20.2181 39.8626 22.9763 12.2178 161.139 115.601 42.9935 10.3281 45.5374
internal_count=36000 5000 31000 1705 1550 29295 28210 22386 5824 14560 1600 7826 2366 1482 195 2600 143 420 6006 2457 1989 247 468 360 144 1742 1378 636 216 364
is_linear=0
shrinkage=0.08


Tree=13
num_leaves=31
num_cat=0
split_feature=2 2 6 6 10 6 6 6 10 6 6 6 2 8 6 6 6 2 10 2 6 6 2 2 6 10 6 6 6 6
split_gain=32.8243 2.6191 2.0275 4.18447 1.8996 2.88213 2.19456 4.52065 1.45518 2.42904 2.73758 8.5576 2.97274 2.02551 1.70107 2.68312 1.67963 2.71036 1.53311 3.46674 1.41612 1.382 1.35533 1.73784 6.08723 3.7596 3.29684 2.39443 1.33377 1.28114
threshold=3.5000000000000004 8.5000000000000018 -0.91597561503675329 -0.78656609248549303 1.5000000000000002 -0.60355339059327362 -1.0000000180025095e-35 -0.37940952255126059 1.5000000000000002 -0.91597561503675329 -1.0000000180025095e-35 0.78656609248549325 1.5000000000000002 1.0000000180025095e-35 0.25881904510252091 -0.5 -0.91597561503675329 1.5000000000000002 1.0000000180025095e-35 1.5000000000000002 -0.98296291314453399 0.78656609248549325 1.5000000000000002 1.0000000180025095e-35 0.60355339059327384 1.0000000180025095e-35 0.37940952255126054 0.37940952255126054 -0.37940952255126059 0.98296291314453421
decision_type=2 2 2 2 2 2 2 2 2 2 2 2 2 2 2 2 2 2 2 2 2 2 2 2 2 2 2 2 2 2
left_child=8 -2 -3 -4 6 -6 7 -5 13 -10 12 -12 28 14 15 16 18 -18 -1 -20 -21 22 23 -16 25 26 -25 -27 -11 -13
right_child=1 2 3 4 5 -7 -8 -9 9 10 11 29 -14 -15 21 -17 17 -19 19 20 -22 -23 -24 24 -26 27 -28 -29 -30 -31
leaf_value=-0.083107642712963142 0.0072662429066933454 0.046658812852259778 -0.15403152568166684 0.0006150223647508014 0.09624341941706463 0.021880539459621109 0.023044458451788249 -0.15040795934974596 -0.10573667319338741 0.0013808768012363568 -0.11351843299420913 0.015097667914199664 -0.10332508714363137 -0.014366927329736622 0.00010894074274717156 -0.076035142123184324 -0.010786782144467768 -0.1064545564993491 -0.10368121534890076 0.097098853785623634 -0.10208689941635753 -0.051045270229826162 0.015486533135522383 0.024144141611312283 -0.12638082705634707 -0.12906643734936998 -0.079622878413196818 0.096039530311982035 0.050262211337248196 -0.10371071793645953
leaf_weight=7.2462862798711303 385.40908073689207 17.591890616109595 0.90965703339315851 18.808661754708741 4.6043290693778571 12.105848113002137 38.23344612956862 1.3602517197141413 1.9637457695498586 12.842813708004545 6.0710594705888061 9.1087500946596229 1.4718411763897155 19.945200558868237 8.3799211134319229 19.245163587213028 15.651254831114786 2.156418618746101 1.515428130165674 1.3735412347596136 0.27400589862372715 14.800180023827123 5.3195053417002773 3.1413515419699234 4.2669297469547027 0.34629834193037767 5.2087734491797164 2.3866349009331316 4.9492639915551999 0.62044006562791842
leaf_count=1672 6000 110 70 164 17 147 428 64 616 1045 1876 840 639 1287 1935 5499 3458 988 437 36 78 4680 1170 385 960 143 490 182 304 280
internal_value=1.1964e-09 0.0101816 0.0221843 0.0165208 0.0185863 0.0423705 0.0117811 -0.00957042 -0.032891 -0.0191538 -0.0143048 -0.0389869 0.00593945 -0.037463 -0.0425078 -0.0530032 -0.0372944 -0.0223717 -0.0628235 -0.0163531 0.063972 -0.0311478 -0.0210104 -0.0291919 -0.045188 -0.0139291 -0.0405853 0.0675157 0.0149783 0.00752114
internal_weight=627.308 479.023 93.6141 76.0222 75.1125 16.7102 58.4024 20.1689 148.285 37.0279 35.0642 15.8002 19.2639 111.257 91.3117 47.4621 28.2169 17.8077 10.4093 3.16298 1.64755 43.8496 29.0494 23.7299 15.35 11.0831 8.35012 2.73293 17.7921 9.72919
internal_count=36000 7000 1000 890 820 164 656 228 29000 5600 4984 2996 1988 23400 22113 12168 6669 4446 2223 551 114 9945 5265 4095 2160 1200 875 325 1349 1120
is_linear=0
shrinkage=0.08


Tree=14
num_leaves=31
num_cat=0
split_feature=2 2 7 2 2 10 7 2 2 8 10 7 2 7 7 2 10 7 10 7 7 10 7 7 2 2 7 7 7 2
split_gain=26.284 1.94454 1.82395 1.26645 1.77531 1.14233 1.1213 2.04455 2.02627 1.76423 2.7378 1.86255 1.72224 1.50239 1.11258 1.18787 1.94176 2.09397 1.24864 0.995379 3.68685 1.29109 0.962115 2.4458 1.9319 2.73224 1.33958 1.15162 1.29928 1.20631
threshold=4.5000000000000009 5.5000000000000009 -0.9159756150367534 1.0000000180025095e-35 1.5000000000000002 1.5000000000000002 -0.5 1.5000000000000002 3.5000000000000004 1.0000000180025095e-35 1.0000000180025095e-35 0.37940952255126048 2.5000000000000004 0.78656609248549303 -0.60355339059327384 1.0000000180025095e-35 1.5000000000000002 -0.70710678118654757 1.0000000180025095e-35 0.60355339059327384 -0.12940952255126037 1.0000000180025095e-35 0.78656609248549303 0.60355339059327384 1.5000000000000002 1.0000000180025095e-35 0.91597561503675351 0.25881904510252057 1.0000000180025095e-35 1.5000000000000002
decision_type=2 2 2 2 2 2 2 2 2 2 2 2 2 2 2 2 2 2 2 2 2 2 2 2 2 2 2 2 2 2
left_child=2 -2 3 -1 5 -5 7 14 9 10 -8 -11 -13 19 15 -4 17 18 -17 20 -10 -21 23 27 25 26 -24 28 29 -12
right_child=1 -3 6 4 -6 -7 8 -9 13 11 22 12 -14 -15 -16 16 -18 -19 -20 21 -22 -23 24 -25 -26 -27 -28 -29 -30 -31
leaf_value=-0.09901031999870967 0.0045076612764136824 0.014857706925469673 0.0030344213141334821 -0.039419349548430335 -0.098680183100101279 0.035185378655100748 -0.055928775006089414 -0.055061954057954283 0.026281791497256606 0.012058831700522538 -0.056076446825926107 -0.062450462955934177 0.0063737776364594066 -0.098734591964270813 0.012915340545126316 0.019867876284720382 -0.13778847722642085 -0.11193563731656637 -0.047073230883643624 0.046462443636888395 -0.11636907829172848 -0.10626390583101039 -0.11473134424300467 -0.10613060125720779 -0.10108037816532325 0.023648713728016746 -0.021084675127737325 -0.0082258671973169991 -0.10058448254354112 0.018867543115190229
leaf_weight=3.3753875950351349 240.48761011351598 224.74564364997786 9.1190234567038715 5.8459382745204476 2.659173751657363 1.6941921250545418 35.168914710171521 6.4656994509277856 4.1593177613103753 9.6896001867135073 3.7461902067298105 6.3291335776448232 3.6799257735256106 0.89152662438573393 12.458351437468083 4.4016627590171984 1.088189868489281 1.4650663014035661 2.9979439250892028 4.7242619341704994 1.6077568610780844 0.38296577241271723 1.4791400474496157 2.7442695805802932 1.3383596725761879 9.4948604466626421 2.8832075346726924 10.816189935198054 2.1999827986583114 2.1712476256070659
leaf_count=1568 2400 2600 1904 1344 1260 168 10472 1890 200 435 1092 1080 80 410 880 840 204 480 312 84 480 126 368 1083 540 684 460 1254 912 390
internal_value=-2.39838e-10 0.00950758 -0.0285228 -0.0565345 -0.0424774 -0.0226564 -0.0258356 -0.0140816 -0.0301503 -0.0341588 -0.0399599 -0.0129429 -0.0371466 0.00110506 -0.00567803 -0.0178238 -0.0369345 -0.0245541 -0.00725325 0.00929038 -0.0134867 0.0350102 -0.0247292 -0.0355484 -0.00929454 -0.000429667 -0.0528374 -0.0253181 -0.048093 -0.0285777
internal_weight=620.311 465.233 155.077 13.5747 10.1993 7.54013 141.503 37.9959 103.507 91.741 72.0424 19.6987 10.0091 11.7658 31.5302 19.0719 9.95286 8.86467 7.39961 10.8743 5.76707 5.10723 36.8734 21.6779 15.1956 13.8572 4.36235 18.9336 8.11742 5.91744
internal_count=36000 5000 31000 4340 2772 1512 26660 6510 20150 18850 17255 1595 1160 1300 4620 3740 1836 1632 1152 890 680 210 6783 4731 2052 1512 828 3648 2394 1482
is_linear=0
shrinkage=0.08


Tree=15
num_leaves=31
num_cat=0
split_feature=2 6 6 2 7 7 10 6 10 7 2 6 2 10 10 7 7 7 7 2 10 10 2 10 7 7 2 7 6 10
split_gain=22.8741 1.83546 2.56487 2.3495 2.84822 2.1585 1.62718 3.16832 1.59039 1.38949 1.14117 0.958252 1.68316 1.03099 0.951794 1.12422 2.49335 0.873024 4.19634 1.31203 0.870785 0.777161 0.808721 0.774316 0.836208 0.681671 0.62478 0.606159 0.672425 0.603034
threshold=4.5000000000000009 -0.25881904510252113 0.25881904510252091 1.0000000180025095e-35 -0.60355339059327384 0.60355339059327384 1.5000000000000002 -0.70710678118654735 1.0000000180025095e-35 -0.60355339059327384 1.5000000000000002 0.98296291314453421 1.0000000180025095e-35 1.0000000180025095e-35 1.5000000000000002 -0.12940952255126037 -0.37940952255126015 -0.12940952255126037 0.78656609248549303 1.5000000000000002 1.0000000180025095e-35 1.5000000000000002 2.5000000000000004 1.0000000180025095e-35 -0.37940952255126015 0.1294095225512602 1.5000000000000002 0.37940952255126048 -0.60355339059327362 1.0000000180025095e-35
decision_type=2 2 2 2 2 2 2 2 2 2 2 2 2 2 2 2 2 2 2 2 2 2 2 2 2 2 2 2 2 2
left_child=1 3 26 6 8 11 9 -8 10 -1 -5 -4 13 -13 15 16 20 -16 -19 -20 -6 22 -7 24 -11 -26 29 -27 -29 -3
right_child=-2 2 5 4 14 21 7 -9 -10 23 -12 12 -14 -15 17 -17 -18 18 19 -21 -22 -23 -24 -25 25 27 -28 28 -30 -31
leaf_value=-0.11242355751369078 0.0089087995070228441 -0.073549302054359139 -0.016709417135983645 -0.010395312592174036 0.0034624823358806738 -0.042032383815611508 -0.10655552421871159 0.015521390982316403 -0.11442907835932487 0.015813521318273648 -0.10602093184924068 0.04959262599107235 -0.10641617840033424 -0.099197823957623346 0.032572307148701254 -0.0029934923061062995 -0.1093715739741512 -0.11157686795214108 0.052765867268477373 -0.098148000748357125 -0.11836566103239644 -0.10652454754965064 -0.11763461294564051 -0.10085543220101269 -0.10023846856841707 -0.016469272913880034 -0.094555596341642914 -0.10262021993746238 -0.032071053356704474 -0.039093353317857994
leaf_weight=2.3806618831586119 460.71857241386897 6.3209527718136105 42.412840411183424 3.5909742519725105 4.4928194340318441 9.0163122524972952 1.7455050258431581 6.1709050624631336 2.1908054098021239 1.5764258666895319 1.0271564894355831 1.0211134138517075 2.0700747995870188 0.42090167116839428 7.7352587595814839 29.818613521521915 2.1911798135843084 1.7559917770558948 3.5404474856331949 0.41155162145150814 0.4097310707438736 1.8144283470464877 1.0066448263823993 1.4187843182007789 1.3293693858431614 3.9365988336503506 3.3530917814932755 1.5055096284486329 2.0312358088558566 6.6929860395612195
leaf_count=688 5000 2176 9145 560 472 1744 611 468 640 264 384 330 990 230 285 4160 560 608 120 260 168 512 224 670 429 297 1440 561 660 1344
internal_value=-1.28687e-09 -0.0267585 -0.0358074 -0.0182953 -0.00973206 -0.0278862 -0.0404501 -0.0113956 -0.0582942 -0.0566722 -0.0316642 -0.0200348 -0.0601927 0.00616302 -0.00316563 -0.00980313 -0.0384275 0.0150595 -0.00867315 0.0370501 -0.00671931 -0.0583469 -0.0496254 -0.0454224 -0.0378449 -0.0474543 -0.0637627 -0.038065 -0.0621022 -0.0558288
internal_weight=614.107 153.389 74.1293 79.2595 57.1645 57.7623 22.095 7.91641 6.80894 14.1786 4.61813 45.9249 3.51209 1.44202 50.3556 36.9123 7.09373 13.4432 5.70799 3.952 4.90255 11.8374 10.023 11.7979 10.3791 8.80271 16.367 7.47334 3.53675 13.0139
internal_count=36000 31000 18135 12865 8217 13175 4648 1079 1584 3569 944 10695 1550 560 6633 5360 1200 1273 988 380 640 2480 1968 2881 2211 1947 4960 1518 1221 3520
is_linear=0
shrinkage=0.08


Tree=16
num_leaves=31
num_cat=0
split_feature=2 7 2 2 7 10 6 10 7 6 7 2 2 6 6 7 2 6 7 7 6 2 7 2 2 7 2 2 7 10
split_gain=19.5498 1.58302 1.13902 1.46393 0.839113 0.835595 1.86792 0.82797 0.909891 2.66011 1.50821 1.08433 1.08661 0.879651 0.811111 0.789241 1.56567 2.57492 0.956253 0.832253 2.01567 1.4701 1.41125 1.87155 1.64368 1.58922 1.09726 1.10029 0.907302 2.37173
threshold=4.5000000000000009 -0.9159756150367534 1.0000000180025095e-35 1.5000000000000002 0.98296291314453421 1.5000000000000002 0.25881904510252091 1.5000000000000002 0.91597561503675351 -1.0000000180025095e-35 0.60355339059327384 1.0000000180025095e-35 1.5000000000000002 0.37940952255126054 -1.0000000180025095e-35 0.25881904510252057 3.5000000000000004 -0.60355339059327362 0.37940952255126048 0.1294095225512602 -1.0000000180025095e-35 1.0000000180025095e-35 -0.70710678118654757 2.5000000000000004 1.5000000000000002 -1.0000000180025095e-35 2.5000000000000004 1.0000000180025095e-35 -0.37940952255126015 1.0000000180025095e-35
decision_type=2 2 2 2 2 2 2 2 2 2 2 2 2 2 2 2 2 2 2 2 2 2 2 2 2 2 2 2 2 2
left_child=1 2 -1 5 7 6 -4 15 10 -10 -9 -12 13 -13 -7 19 18 -18 -17 20 26 -21 -22 24 28 -25 27 -3 29 -24
right_child=-2 4 3 -5 -6 14 -8 8 9 -11 11 12 -14 -15 -16 16 17 -19 -20 21 22 -23 23 25 -26 -27 -28 -29 -30 -31
leaf_value=-0.096524060269733994 0.008191215870678243 -0.068290638551450011 -0.096416531903513777 -0.095926156416764885 -0.055586163579291248 0.049801325871160818 -0.00095685653484261937 -0.0081143981363449597 0.053522724722244973 -0.11551576863832602 -0.10758173356081342 0.022233650630016359 -0.097350892278781589 -0.10969046767281894 -0.1115788215546944 -0.10169721184968461 0.024726304352723542 -0.11227122747871418 -0.037347511618854717 0.050093881246087504 0.026251576374624552 -0.015605339846485156 -0.068447308679729577 0.048706329576570652 -0.11226308444741837 -0.12526634001859505 -0.10880867135527307 -0.025194900925741663 0.0043016989002596512 0.041500607744004048
leaf_weight=2.8783585156779727 459.65692989596573 5.2814253900432986 2.0937192207202298 2.2226146125467494 4.7594199044397092 1.452815198106691 3.5132269058958627 27.046050854230998 3.4294064050773159 0.72108933608978887 1.704960848786867 1.9747712896205492 1.0450765877612864 0.38684247923083592 0.23101990175200615 1.5454258299432684 5.4371852723415941 1.0471502902219061 33.850106415804476 2.8135076285689129 5.7930725143523878 9.6768944353098032 5.1972738411277515 3.281297714740504 1.5142705154721632 0.37439023813931172 1.4843489183695044 13.440884556737727 4.5161198268761016 1.6556681456277145
leaf_count=1568 5000 1591 816 1260 930 60 528 3520 192 288 533 150 533 96 108 468 102 372 8775 387 984 720 1020 322 594 140 518 2442 1638 345
internal_value=8.65598e-10 -0.0250395 -0.0524295 -0.0390883 -0.0225796 -0.0217611 -0.036603 -0.0214004 -0.0110966 0.0241547 -0.0156464 -0.0554984 -0.029432 0.000623913 0.0276602 -0.0252608 -0.0335365 0.00260268 -0.0401571 -0.0189626 -0.0242937 -0.000806356 -0.00772875 -0.0196309 -0.0339662 0.0308893 -0.042601 -0.0373519 -0.0235377 -0.0418839
internal_weight=610.025 150.368 12.3918 9.5134 137.977 7.29078 5.60695 133.217 36.3082 4.1505 32.1577 5.11165 3.40669 2.36161 1.68384 96.909 41.8799 6.48434 35.3955 55.0292 42.5388 12.4904 22.3321 16.539 12.8833 3.65569 20.2067 18.7223 11.3691 6.85294
internal_count=36000 31000 4340 2772 26660 1512 1344 25730 5312 480 4832 1312 779 246 168 20418 9717 474 9243 10701 9594 1107 5043 4059 3597 462 4551 4033 3003 1365
is_linear=0
shrinkage=0.08


Tree=17
num_leaves=31
num_cat=0
split_feature=2 2 8 7 6 7 6 6 7 2 6 6 6 7 6 6 7 6 7 8 7 2 2 6 6 6 6 6 6 7
split_gain=15.1059 2.16264 5.3149 8.48185 2.55404 1.98882 1.50736 1.38299 1.30197 1.06728 3.05534 4.07585 1.85809 1.7174 1.54063 2.37789 2.37045 1.51226 1.01165 0.900842 0.7923 0.573545 1.66057 6.18488 4.6114 1.61777 2.28641 2.95008 1.43218 1.17811
threshold=3.5000000000000004 1.0000000180025095e-35 1.0000000180025095e-35 0.37940952255126048 -0.70710678118654735 -0.9159756150367534 -0.60355339059327362 0.98296291314453421 -0.37940952255126015 1.5000000000000002 0.37940952255126054 -0.98296291314453399 0.91597561503675362 0.78656609248549303 0.60355339059327384 0.91597561503675362 0.25881904510252057 -0.98296291314453399 0.98296291314453421 1.0000000180025095e-35 -0.98296291314453399 7.5000000000000009 6.5000000000000009 0.12940952255126045 0.60355339059327384 -0.78656609248549303 -0.5 -0.70710678118654735 -0.78656609248549303 0.1294095225512602
decision_type=2 2 2 2 2 2 2 2 2 2 2 2 2 2 2 2 2 2 2 2 2 2 2 2 2 2 2 2 2 2
left_child=1 4 7 -4 8 -6 -5 9 -1 14 11 -11 13 -12 17 -16 -17 -3 19 -7 -19 22 28 25 -25 29 27 -27 -2 -24
right_child=21 2 3 6 5 18 -8 -9 -10 10 12 -13 -14 -15 15 16 -18 20 -20 -21 -22 -23 23 24 -26 26 -28 -29 -30 -31
leaf_value=-0.0040848393937987946 -0.0076032634840948812 -0.10321823881777573 0.13551699236188752 -0.10001427329299728 -0.094608858785186475 -0.016421095063471045 0.0012827552182373802 -0.09847493887286729 -0.077283113442213752 0.037296519804186315 0.023380192419160277 -0.098689721858114102 -0.10315907401406632 -0.10344482017808897 -0.07784821713655575 0.067621192289969226 -0.10235786701244796 -0.092440345564232487 -0.093155634257812217 -0.10492225297945566 -0.0070190059525808458 0.011114599874680579 0.00042915805302442476 -0.082685469291085112 -0.0098500993009922374 -0.013714648741460327 0.019581773031899161 -0.16478514206539019 0.0094291098222060218 0.050926919851681539
leaf_weight=1.8010699111036963 36.11672303971136 1.1035227715037752 3.6571905739692721 1.123875224846415 2.5318621810874893 31.971575918723829 5.7515791037585586 1.551823564688674 11.390880815742999 1.7563115560915319 6.4788260970963147 7.1665662394370901 1.0652006859891114 0.76392134954221536 5.5562651507789251 1.7369426225777718 0.75257547630462784 0.70630547788458997 1.2030549214687187 0.75343582720961322 43.124011025298394 133.31077631328662 4.215964948525655 9.2771557198721002 13.896727457991799 3.6495202200021595 10.014593363041056 1.069783859536982 252.39909810395329 9.9001252602902223
leaf_count=448 900 324 267 267 1568 6384 445 890 2184 210 1610 3815 420 210 2052 432 216 378 336 280 6264 1400 63 102 180 33 117 60 4100 45
internal_value=5.83619e-10 -0.0239398 -0.0159843 0.0370834 -0.0371254 -0.0262115 -0.0152755 -0.0237732 -0.0672895 -0.0221221 -0.0394174 -0.0719232 -0.00450564 0.0100035 -0.016497 -0.0487365 0.0162369 -0.0107243 -0.0211074 -0.0184587 -0.00839553 0.00666619 0.00492478 -0.00823104 -0.0390081 0.0164908 -0.00205193 -0.0479597 0.00729698 0.0358451
internal_weight=605.797 131.947 82.2949 10.5326 49.6519 36.4599 6.87545 71.7623 13.192 70.2104 17.2308 8.92288 8.30795 7.24275 52.9796 8.04578 2.48952 44.9338 33.9281 32.725 43.8303 473.85 340.54 52.0239 23.1739 28.85 14.7339 4.7193 288.516 14.1161
internal_count=36000 29000 17800 979 11200 8568 712 16821 2632 15931 6265 4025 2240 1820 9666 2700 648 6966 7000 6664 6642 7000 5600 600 282 318 210 93 5000 108
is_linear=0
shrinkage=0.08


Tree=18
num_leaves=31
num_cat=0
split_feature=10 6 8 6 7 6 6 6 6 7 7 8 10 6 6 6 6 7 6 7 6 6 6 10 7 6 6 6 10 6
split_gain=0.368281 1.84327 1.51734 1.06113 0.812906 0.793033 1.1005 0.752598 1.59055 0.707769 0.789229 0.466517 1.65869 0.455267 0.402223 1.2043 0.51124 0.350457 0.343177 0.294115 0.308679 0.288649 0.563194 3.70248 0.22683 0.22374 0.388958 0.208653 0.201241 6.35803
threshold=1.5000000000000002 -0.98296291314453399 1.0000000180025095e-35 -0.78656609248549303 0.1294095225512602 0.91597561503675362 0.60355339059327384 -0.37940952255126059 -0.60355339059327362 0.98296291314453421 0.37940952255126048 1.0000000180025095e-35 1.0000000180025095e-35 -0.78656609248549303 -0.5 1.0000000180025095e-35 -0.91597561503675329 0.91597561503675351 0.12940952255126045 -0.9159756150367534 0.25881904510252091 -0.91597561503675329 -0.78656609248549303 1.0000000180025095e-35 -1.0000000180025095e-35 0.60355339059327384 0.78656609248549325 -0.91597561503675329 1.0000000180025095e-35 -0.98296291314453399
decision_type=2 2 2 2 2 2 2 2 2 2 2 2 2 2 2 2 2 2 2 2 2 2 2 2 2 2 2 2 2 2
left_child=11 -2 4 -4 5 6 14 8 27 10 -9 21 13 -13 16 -16 -3 -15 -12 20 -17 28 23 24 -23 -20 -27 -6 -1 -30
right_child=1 2 3 -5 7 -7 -8 9 -10 -11 18 12 -14 17 15 19 -18 -19 25 -21 -22 22 -24 -25 -26 26 -28 -29 29 -31
leaf_value=0.0031341498999757811 -0.11426577169690198 -0.015581604702869414 -0.14047795038901742 0.040772590976285779 -0.017394995890880539 0.026132406401714499 -0.01792309434698635 -0.038796268233028529 -0.063304912939291261 -0.032067740840062711 0.023331346838587882 0.0030201481677641254 -0.11522880638861203 -0.024386809319172701 -0.01263587134216127 0.015457155406357477 0.022130994928561267 0.0040528913519112938 -0.004936942851183501 -0.00096137206650245637 0.044355490785137661 -0.011715977437691399 -0.00047692712504385768 -0.12991240440383764 0.0069317896141896963 0.0218804191398577 -0.0018578884644348248 0.00057573665965572011 0.055661809994289158 -0.11818324917110394
leaf_weight=38.771931804541964 0.84581792820244928 2.6198623228119713 0.21183155610924487 8.5741167605156061 6.8134023174643561 12.577554427494759 11.750805867195593 2.4848712681559837 3.8547860027174456 3.6428614327451205 7.2836188395158379 13.816801698761996 0.94330784154590119 10.985358924139289 14.728652866440834 5.5431704494403604 18.875326766690698 3.709512423723937 11.218129631539343 2.9785182485356971 4.1267186144832522 9.720167405204851 361.1357683417591 1.6300345080089744 7.3174916146090263 8.4728278642287478 9.2298311169724911 10.51865080546122 6.0866208394290879 1.7288471824140277
leaf_count=2033 228 266 152 266 228 684 570 152 380 228 190 428 385 642 760 266 532 107 570 304 418 856 22294 455 535 380 494 532 210 455
internal_value=-2.44082e-09 0.00349157 0.00417609 0.0364026 0.00210513 0.00785144 0.00405867 -0.00451704 -0.016826 0.00164349 0.00481763 -0.00112099 -0.0108583 -0.00740521 0.00934394 0.00291308 0.0175345 -0.0172076 0.00781105 0.0210193 0.0277898 -0.000448336 -0.00117733 -0.014727 -0.00370696 0.00390231 0.00950372 -0.00648874 0.0054948 0.0172058
internal_weight=602.197 146.351 145.506 8.78595 136.72 73.2006 60.6231 63.519 21.1868 42.3321 38.6893 455.846 29.455 28.5117 48.8722 27.3771 21.4952 14.6949 36.2044 12.6484 9.66989 426.391 379.803 18.6677 17.0377 28.9208 17.7027 17.3321 46.5874 7.81547
internal_count=36000 7600 7372 418 6954 3800 3116 3154 1140 2014 1786 28400 1562 1177 2546 1748 798 749 1634 988 684 26838 24140 1846 1391 1444 874 760 2698 665
is_linear=0
shrinkage=0.08


Tree=19
num_leaves=31
num_cat=0
split_feature=2 2 6 7 2 7 6 7 6 7 7 6 7 7 7 6 8 7 7 6 2 7 6 7 2 2 6 6 2 7
split_gain=14.2312 1.77924 1.46165 1.19031 0.864625 3.38396 2.97046 2.83382 2.21454 2.21757 3.91289 1.30052 1.09461 1.04505 2.58387 1.15674 0.933498 0.668004 0.614054 1.53859 1.2458 0.539703 1.48501 1.00331 3.14456 1.49922 1.2405 1.26077 1.37161 0.942613
threshold=4.5000000000000009 8.5000000000000018 -0.91597561503675329 -0.98296291314453399 9.5000000000000018 0.98296291314453421 0.12940952255126045 0.60355339059327384 -0.70710678118654735 -0.78656609248549325 -0.98296291314453399 -0.60355339059327362 0.98296291314453421 0.37940952255126048 -1.0000000180025095e-35 0.91597561503675362 1.0000000180025095e-35 0.98296291314453421 0.91597561503675351 -1.0000000180025095e-35 1.0000000180025095e-35 -0.12940952255126037 0.91597561503675362 -0.5 3.5000000000000004 3.5000000000000004 -0.70710678118654735 0.37940952255126054 1.5000000000000002 -0.70710678118654757
decision_type=2 2 2 2 2 2 2 2 2 2 2 2 2 2 2 2 2 2 2 2 2 2 2 2 2 2 2 2 2 2
left_child=3 -2 -3 -1 6 8 12 13 -6 10 -10 -11 16 14 15 -8 -4 18 21 -20 -21 22 23 25 -25 26 -5 28 -28 -29
right_child=1 2 4 17 5 -7 7 -9 9 11 -12 -13 -14 -15 -16 -17 -18 -19 19 20 -22 -23 -24 24 -26 -27 27 29 -30 -31
leaf_value=-0.090016177027730071 0.00435675561055952 0.037735357346239867 0.022993944038817795 0.0069174188545407765 -0.040534311234293144 -0.15188118078089841 -0.023915017900329145 -0.15437999753968953 0.010624273424579079 0.086881034681627473 -0.14866123819808072 0.017945758991515424 0.077840425138862399 0.049462566663739119 -0.15681294269466711 0.041125416725823261 0.078814698070131889 -0.051884438059299702 0.015475491649481013 0.0022724336289809293 -0.10336914354313423 -0.026816765642726816 0.021225006127721827 -0.09838501326501764 0.031001827575649302 -0.10436791665641187 -0.028249530411406716 0.019473408139147094 -0.0968066197925328 -0.022067005655277559
leaf_weight=1.6294428996043269 367.23556103909505 17.297677561058663 12.660842031589715 12.509586556931025 5.2970838306937358 0.8637421359308054 4.4428539421642199 0.81193332024850029 3.3134866524487734 1.8514794716611493 1.4057681899430452 32.442666218848899 4.1630170019343486 2.2203959873877475 0.72301787463947587 2.8873972403816879 2.2595344581641248 4.4129207266960284 8.1860111299320106 1.3738060994073742 1.4885008932324124 66.2918415722379 6.0549572838935992 3.4713120980304657 1.8390313096460884 1.2236513947718766 18.280045724357482 6.1235205798875532 2.0802362192189312 8.1475510204327275
leaf_count=1085 4000 110 140 1160 75 18 68 50 21 18 117 285 12 26 28 16 16 930 930 504 891 13795 1240 1740 120 630 4070 1160 1295 1450
internal_value=-2.01365e-09 0.00685604 0.0167634 -0.0220312 0.0119485 0.00494501 0.0224354 -0.0105005 0.00800202 0.0145921 -0.0368236 0.0216675 0.041568 0.00087042 -0.0125271 0.00170451 0.0314474 -0.0212482 -0.0202619 -0.00217776 -0.0526649 -0.0218473 -0.0163319 -0.0205686 -0.0535769 -0.0169443 -0.014675 -0.0224747 -0.0352541 -0.00424259
internal_weight=602.989 459.876 92.6409 143.112 75.3432 45.1742 30.169 11.0856 44.3105 39.0134 4.71925 34.2941 19.0834 10.2737 8.05327 7.33025 14.9204 141.483 137.07 11.0483 2.86231 126.022 59.7299 53.6749 5.31034 48.3646 47.1409 34.6314 20.3603 14.2711
internal_count=36000 5000 1000 31000 890 534 356 188 516 441 138 303 168 138 112 84 156 29915 28985 2325 1395 26660 12865 11625 1860 9765 9135 7975 5365 2610
is_linear=0
shrinkage=0.08


Tree=20
num_leaves=31
num_cat=0
split_feature=10 6 7 7 7 8 6 7 7 10 6 6 6 7 6 6 6 6 8 6 10 6 7 6 7 7 6 6 8 7
split_gain=0.873667 1.26317 1.18777 1.30322 1.14648 0.638829 0.470566 1.53984 0.339673 1.25314 4.69806 4.42501 3.739 1.43257 3.57527 3.2584 1.87419 1.30535 0.992384 0.885527 0.830367 0.846918 0.631289 2.50931 0.616542 1.02769 1.47555 0.526674 0.351375 0.548637
threshold=1.5000000000000002 -0.98296291314453399 -0.9159756150367534 0.98296291314453421 -0.98296291314453399 1.0000000180025095e-35 -0.37940952255126059 0.60355339059327384 -0.9159756150367534 1.0000000180025095e-35 -0.98296291314453399 -0.78656609248549303 0.98296291314453421 0.60355339059327384 -0.5 0.60355339059327384 0.37940952255126054 0.98296291314453421 1.0000000180025095e-35 -0.98296291314453399 1.0000000180025095e-35 0.25881904510252091 0.25881904510252057 0.78656609248549325 0.98296291314453421 0.91597561503675351 0.12940952255126045 0.37940952255126054 1.0000000180025095e-35 -0.37940952255126015
decision_type=2 2 2 2 2 2 2 2 2 2 2 2 2 2 2 2 2 2 2 2 2 2 2 2 2 2 2 2 2 2
left_child=8 -2 4 5 -3 6 7 -4 20 17 -11 -12 13 14 -13 16 18 19 24 -10 21 -1 23 -16 25 -15 -27 28 29 -21
right_child=1 2 3 -5 -6 -7 -8 -9 9 10 11 12 -14 15 22 -17 -18 -19 -20 27 -22 -23 -24 -25 -26 26 -28 -29 -30 -31
leaf_value=-0.014061543631658388 -0.11122308438768284 0.017203625395596715 0.0084665635480544732 -0.03785157075954787 -0.0269506311778312 0.030882217302705454 0.013054179888571897 -0.031310879110708803 -0.023135307469415025 0.05165221871436871 -0.11782718865483612 -0.13001900565746222 -0.067396126264296585 -0.010366532179213747 0.012879907535360186 -0.13208574291781675 0.03192805759711214 0.020511102409560972 -0.11315402329885327 -0.0050831143557621685 0.017081147236990231 0.0072373416246550902 0.031326846482042127 -0.11896480487354311 0.0061038368499995157 -0.14790908234692463 -0.036608441427732105 -0.0050103303064066608 -0.0062562588486706327 0.0063322288272987812
leaf_weight=21.47588596312562 0.59160652477294107 5.4188191518187532 42.726993447227869 3.7423615367151788 12.321049057878554 8.7660168474540097 63.188478865165962 7.2913520224101367 11.920270676026119 6.6130655129672951 2.7852899952267753 1.1579155536601309 7.508111080445814 9.2737436807947358 13.613036465307236 1.5526799072977144 4.8725069423671803 17.827993131533731 0.75589970336295564 35.788463288627099 20.250410005886806 26.932548802840756 8.5269459125120175 0.99112963181687597 4.5564207202987737 0.88601152383489434 5.4605616286862642 117.96391514781862 28.150309022166766 109.05216182477307
leaf_count=1819 228 266 1596 228 798 418 3344 722 642 210 1050 210 350 665 980 350 210 1070 245 2568 980 1177 595 455 210 175 315 6848 1177 6099
internal_value=-2.4139e-09 0.00543399 0.00591509 0.0086496 -0.0134633 0.0100763 0.00846527 0.00266806 -0.00170938 -0.00262446 -0.0124422 -0.0192852 -0.0146454 -0.00697682 0.00716358 -0.019531 -0.0127587 -0.000525828 -0.0231605 -0.00176411 0.00347859 -0.00221168 0.0140308 0.0039321 -0.019789 -0.0273419 -0.0521465 -0.000888548 0.00192213 0.00351163
internal_weight=601.962 144.047 143.455 125.715 17.7399 121.973 113.207 50.0183 457.915 389.256 68.5533 61.9403 59.155 51.6469 24.289 27.3578 25.8051 320.703 20.9326 302.875 68.6588 48.4084 23.1311 14.6042 20.1767 15.6203 6.34657 290.955 172.991 144.841
internal_count=36000 7600 7372 6308 1064 6080 5662 2318 28400 24424 6020 5810 4760 4410 2240 2170 1820 18404 1610 17334 3976 2996 2030 1435 1365 1155 490 16692 9844 8667
is_linear=0
shrinkage=0.08


Tree=21
num_leaves=31
num_cat=0
split_feature=2 2 7 7 7 7 6 6 2 6 6 7 7 7 7 7 7 2 2 7 6 2 8 6 6 7 2 7 2 6
split_gain=13.68 2.47442 1.07219 0.925383 1.15758 0.870056 2.40371 1.02885 0.85441 1.20337 2.32528 2.72682 1.10135 2.33527 0.809439 0.754803 2.00128 1.64315 1.38412 0.692763 1.42294 1.1211 0.642789 0.547231 0.444643 1.37865 1.35686 1.06005 1.56261 4.70388
threshold=4.5000000000000009 5.5000000000000009 -0.98296291314453399 0.60355339059327384 0.78656609248549303 0.1294095225512602 -0.91597561503675329 -1.0000000180025095e-35 9.5000000000000018 -0.98296291314453399 -0.70710678118654735 0.1294095225512602 -0.78656609248549325 -0.98296291314453399 0.98296291314453421 0.98296291314453421 0.91597561503675351 6.5000000000000009 8.5000000000000018 0.91597561503675351 -1.0000000180025095e-35 1.0000000180025095e-35 1.0000000180025095e-35 -0.60355339059327362 0.60355339059327384 0.60355339059327384 7.5000000000000009 0.1294095225512602 6.5000000000000009 -0.25881904510252113
decision_type=2 2 2 2 2 2 2 2 2 2 2 2 2 2 2 2 2 2 2 2 2 2 2 2 2 2 2 2 2 2
left_child=2 3 -1 5 -5 -2 -7 -8 15 -10 11 -11 13 -12 19 16 24 -18 -17 -4 -21 -22 -6 -14 27 -26 -27 28 29 -3
right_child=1 8 14 4 22 6 7 -9 9 10 12 -13 23 -15 -16 18 17 -19 -20 20 21 -23 -24 -25 25 26 -28 -29 -30 -31
leaf_value=-0.089020595539248543 -0.0002937009588130006 -0.14787502038708319 -0.021511080542256457 0.021653417920775336 -0.0022230331397401744 -0.1446044250470731 0.0036377487271423009 -0.036601652942511297 0.045721160652664121 0.018683288699936677 0.0045248118110193291 -0.048747533329799149 0.054219438515965619 -0.14010544696325522 -0.053744163072322521 0.010924729667060807 -0.015814407567376947 -0.14479816811938023 0.073350309216159704 0.015547425417261873 0.00015633608321189061 -0.10181839123283024 0.020860561742866286 0.014282440731963875 0.014371568535882886 -0.015816395845400809 -0.14891726749074308 0.030813430246054967 0.018866031455166129 0.0071700667412114144
leaf_weight=1.4954964924254444 139.42350200933288 1.4698409400880326 125.15759220748441 26.897891136584803 47.695861344691366 0.9248751078266676 10.344279541168365 6.7008639981504503 4.2881761686876407 6.1258228400256511 3.3904641987755895 10.277448710170573 2.3536500620539291 0.90526942102587682 4.6507553696865207 5.1835565923247469 4.3721068387385449 0.73893492866773147 4.0486024580895901 8.4460436861845647 1.3857578802853816 1.3742192389327099 9.2114648122806084 32.748603880289011 40.774996429099701 3.538324875291436 0.56900552473962296 34.424516313069034 51.80346635018941 8.462850903044453
leaf_count=1085 1272 111 26660 252 432 108 72 204 18 45 21 78 18 117 930 48 45 105 12 930 504 891 60 303 500 60 40 460 511 108
internal_value=6.24051e-10 0.00675262 -0.0216388 0.00118672 0.00797752 -0.00242909 -0.0189969 -0.0121813 0.012983 0.00488209 0.00174372 -0.0235654 0.0122811 -0.0259541 -0.0209242 0.0161156 0.0147143 -0.0344624 0.0383004 -0.0198049 -0.000748697 -0.0506179 0.00151346 0.0169603 0.0164963 0.00992155 -0.0342554 0.0195651 0.0132929 -0.0157735
internal_weight=599.184 456.674 142.51 241.199 83.8052 157.394 17.97 17.0451 215.476 60.0894 55.8013 16.4033 39.398 4.29573 141.014 155.386 146.154 5.11104 9.23216 136.364 11.206 2.75998 56.9073 35.1023 141.043 44.8823 4.10733 96.1607 61.7362 9.93269
internal_count=36000 5000 31000 2400 744 1656 384 276 2600 600 582 123 459 138 29915 2000 1940 150 60 28985 2325 1395 492 321 1790 600 100 1190 730 219
is_linear=0
shrinkage=0.08


Tree=22
num_leaves=31
num_cat=0
split_feature=2 2 8 10 7 2 7 10 2 7 7 7 2 2 7 7 2 2 7 7 2 2 7 7 7 7 7 2 7 7
split_gain=12.4685 2.32112 0.869297 1.2301 1.12821 1.50278 1.44393 0.967322 0.929151 1.09277 1.46237 0.929783 2.19691 1.14519 1.17257 0.882273 1.79067 0.921586 0.757101 0.727494 1.04804 0.621298 2.9933 0.598593 0.731604 1.0252 0.564341 1.18937 0.997458 0.784521
threshold=3.5000000000000004 7.5000000000000009 1.0000000180025095e-35 1.0000000180025095e-35 -0.5 2.5000000000000004 -0.60355339059327384 1.0000000180025095e-35 1.5000000000000002 0.91597561503675351 0.37940952255126048 0.37940952255126048 1.0000000180025095e-35 1.0000000180025095e-35 0.78656609248549303 0.78656609248549303 1.0000000180025095e-35 1.0000000180025095e-35 -0.98296291314453399 0.78656609248549303 4.5000000000000009 2.5000000000000004 -0.70710678118654757 -1.0000000180025095e-35 0.1294095225512602 0.60355339059327384 0.37940952255126048 1.5000000000000002 -0.12940952255126037 0.1294095225512602
decision_type=2 2 2 2 2 2 2 2 2 2 2 2 2 2 2 2 2 2 2 2 2 2 2 2 2 2 2 2 2 2
left_child=2 19 4 8 6 7 18 15 11 10 -10 12 -4 -13 -15 17 -17 23 -1 -2 -21 -20 -23 -6 -25 -26 27 28 -19 -30
right_child=1 -3 3 -5 5 -7 -8 -9 9 -11 -12 13 -14 14 -16 16 -18 26 21 20 -22 22 -24 24 25 -27 -28 -29 29 -31
leaf_value=-0.088190811528683549 0.00066824868792890414 0.015369755856322529 0.13821323631218457 -0.094759385436223489 -0.095708793368893597 -0.096482164574550444 0.0080393376562529571 -0.02032671523471849 -0.019505943411258338 0.018788839188999415 -0.12777933997583951 -0.09790373580402148 0.009362184423830619 -0.095833297585635982 0.055501323160563734 -0.022569733402509111 -0.09903518810176877 0.020782000331118745 -0.024101545845127345 -0.092814836410317472 0.010376896059742853 -0.098219641221191922 0.12113216983553267 -0.0036870363702104724 -0.097540349333381071 -0.012279898802206413 0.00038940731729944598 -0.098695422967759086 -0.098036433431091446 -0.012973502940825289
leaf_weight=1.1300599353853602 267.73023489143816 124.77670495086932 1.1848947638645775 0.92102638108190227 1.6776742349611593 2.2084898145112666 12.449226395750882 34.260221918841125 4.2940474608913046 3.3501800985541195 0.98067506786901493 0.75504403177183133 2.9685785812325776 0.43021353392396133 1.3747907585930077 3.6985127436346366 4.1698686404852197 2.4721418836270486 31.230999949009856 0.63517783116549154 75.76179834397044 0.69938878499669954 0.92439377983100601 2.0984623944386902 2.2099648298462853 1.5257483848254199 5.7106562275439501 1.4249833518988451 1.1955130607821005 1.6538594531593842
leaf_count=1015 4452 1400 99 627 858 1190 1160 6426 60 20 140 264 105 105 175 1188 1728 700 7425 410 738 450 100 330 924 627 1776 598 560 350
internal_value=-8.625e-10 0.00602238 -0.0222356 -0.00496244 -0.0247718 -0.0316334 -0.0152692 -0.029327 0.000429598 -0.016942 -0.0396361 0.0227471 0.0461206 -0.0151746 0.0194315 -0.0404039 -0.0630928 -0.0314639 -0.0238076 0.00263312 0.00951894 -0.0215931 0.0266539 -0.0535956 -0.0414855 -0.0627181 -0.0181181 -0.033784 -0.0164021 -0.0486634
internal_weight=595.904 468.904 127 16.2595 110.74 64.3061 46.4341 62.0976 15.3384 8.6249 5.27472 6.71352 4.15347 2.56005 1.805 27.8374 7.86838 19.969 33.9848 344.127 76.397 32.8548 1.62378 7.51185 5.83418 3.73571 12.4572 6.7465 5.32151 2.84937
internal_count=36000 7000 29000 1595 27405 17255 10150 16065 968 220 200 748 204 544 280 9639 2916 6723 8990 5600 1148 7975 550 2739 1881 1551 3984 2208 1610 910
is_linear=0
shrinkage=0.08


Tree=23
num_leaves=31
num_cat=0
split_feature=10 6 8 6 6 10 10 6 6 7 10 7 6 10 7 8 8 10 7 6 10 6 6 7 7 6 10 6 8 6
split_gain=0.353533 1.70116 1.41279 0.851883 0.598576 1.4395 1.06237 0.556726 0.547888 0.624864 1.08666 0.384439 1.11333 0.643106 0.584217 0.371238 0.351132 0.5446 0.333255 1.08004 0.487415 0.423023 0.291953 0.555284 0.35961 0.569059 0.281086 0.256115 1.2208 0.234637
threshold=1.0000000180025095e-35 -0.91597561503675329 1.0000000180025095e-35 -0.91597561503675329 -0.98296291314453399 1.5000000000000002 1.5000000000000002 0.98296291314453421 -1.0000000180025095e-35 0.91597561503675351 1.5000000000000002 0.60355339059327384 -0.60355339059327362 1.5000000000000002 0.91597561503675351 1.0000000180025095e-35 1.0000000180025095e-35 1.5000000000000002 -0.37940952255126015 0.37940952255126054 1.5000000000000002 0.78656609248549325 -1.0000000180025095e-35 0.91597561503675351 -0.37940952255126015 0.37940952255126054 1.5000000000000002 -0.37940952255126059 1.0000000180025095e-35 -0.37940952255126059
decision_type=2 2 2 2 2 2 2 2 2 2 2 2 2 2 2 2 2 2 2 2 2 2 2 2 2 2 2 2 2 2
left_child=3 2 4 -1 6 -6 -2 8 11 18 -11 -3 16 14 15 -14 -13 -18 19 20 -10 -21 29 24 25 -24 -23 28 -15 -5
right_child=1 7 -4 22 5 -7 -8 -9 9 10 -12 12 13 27 -16 -17 17 -19 -20 21 -22 26 23 -25 -26 -27 -28 -29 -30 -31
leaf_value=0.008772615064688934 0.0054382765629019955 0.0047144073578921329 -0.15796694988077761 -0.0043192607018616869 -0.11151299794155771 -0.018818680975209105 -0.10368675298067082 0.02467402230072107 -0.0010956076266953616 0.011462808853089342 -0.027431367598448376 0.052862581097156525 -0.0057801497025641458 -0.03741377164089988 -0.1161246730727039 -0.10600953962387298 -0.096125776030654531 0.028817442406782627 0.0076234097532027513 -0.0080784129399609113 0.024299535879816522 -0.10960263271095835 -0.0057653575263716525 0.0099851154487129133 -0.006156170948945841 0.0075463733147891525 -0.029435249381353733 0.024839257940669216 0.025643931948378454 -0.013184290556931939
leaf_weight=45.122419295308646 8.6721315146423894 58.806483563559595 0.46233672995003772 101.87880078598391 1.2156386849237595 9.0886283089057542 0.61120303999632675 8.5355603830539604 9.5366339772299398 7.3325792532996283 12.324184070515912 5.3742328528896923 4.4783689772011739 2.9385533658787661 0.36495842499425624 0.24969215504825104 0.24317398428684134 2.7278915412025526 45.42413198237773 18.393796330899935 9.8154353369027376 0.29719921300420438 39.557339125647559 25.439557973237243 90.461218490439933 42.779347664676607 4.812676447967533 7.4943563255364962 5.9304662813665345 23.519220818881877
leaf_count=2354 210 2920 219 5885 455 494 228 730 630 525 570 657 350 380 210 140 70 76 2993 1314 684 175 1926 1605 5457 2461 190 228 152 1712
internal_value=-2.79052e-09 0.00249808 -0.0197428 -0.00152511 -0.0164802 -0.0297542 -0.00174638 0.00467248 0.00380386 -2.31359e-05 -0.0129226 0.00846565 0.0158678 0.00622454 -0.0186012 -0.0110733 0.0406614 0.0185912 0.00284912 -0.0022113 0.0117849 -0.0137353 -0.00296085 -0.00104981 -0.00267438 0.00115097 -0.0340979 0.0139514 0.00475116 -0.00598196
internal_weight=593.888 225.13 20.0499 368.758 19.5876 10.3043 9.28333 205.08 196.545 107.937 19.6568 88.6082 29.8017 21.4564 5.09302 4.72806 8.3453 2.97107 88.2799 42.8557 19.3521 23.5037 323.635 198.237 172.798 82.3367 5.10988 16.3634 8.86902 125.398
internal_count=36000 14600 1606 21400 1387 949 438 12994 12264 7081 1095 5183 2263 1460 700 490 803 146 5986 2993 1314 1679 19046 11449 9844 4387 365 760 532 7597
is_linear=0
shrinkage=0.08


Tree=24
num_leaves=31
num_cat=0
split_feature=2 10 6 2 6 2 6 6 2 2 6 2 6 6 8 6 2 6 6 10 2 2 2 6 2 6 6 6 6 10
split_gain=10.4488 1.32049 1.66717 2.81759 1.46787 1.51419 4.25338 1.13709 2.41972 1.761 1.89396 1.25217 1.12986 7.90031 1.09844 1.36869 4.85102 9.75675 3.12839 2.94821 9.86372 2.84477 2.26298 2.01462 1.87736 3.56962 3.54623 1.86902 8.85929 4.0129
threshold=3.5000000000000004 1.0000000180025095e-35 0.37940952255126054 5.5000000000000009 0.25881904510252091 6.5000000000000009 1.0000000180025095e-35 -0.78656609248549303 5.5000000000000009 4.5000000000000009 -0.70710678118654735 4.5000000000000009 -0.91597561503675329 -0.70710678118654735 1.0000000180025095e-35 0.37940952255126054 6.5000000000000009 0.25881904510252091 -0.91597561503675329 1.5000000000000002 5.5000000000000009 8.5000000000000018 4.5000000000000009 0.25881904510252091 6.5000000000000009 0.60355339059327384 0.91597561503675362 -0.5 -0.78656609248549303 1.5000000000000002
decision_type=2 2 2 2 2 2 2 2 2 2 2 2 2 2 2 2 2 2 2 2 2 2 2 2 2 2 2 2 2 2
left_child=-1 2 4 -4 5 7 12 8 11 10 -9 -2 -7 -14 15 16 17 27 21 -19 -21 -18 -17 -20 26 -26 -24 28 -3 -29
right_child=1 14 3 -5 -6 6 -8 9 -10 -11 -12 -13 13 -15 -16 22 18 19 23 20 -22 -23 24 -25 25 -27 -28 29 -30 -31
leaf_value=-0.020357036562011675 -0.11813096294319785 0.0097285551060480573 -0.0098900085062140573 0.015648148607104888 0.034129724225843636 0.043260811516818015 -0.14523329466057988 0.079963659917874519 -0.1468035714001823 0.0083182984094268466 -0.093411961563134582 -0.0011043786966267479 -0.15280252728470817 0.030536060789758197 0.028407779600833072 -0.10803608754953789 -0.019564931785190396 -0.16052754167805144 0.0089026540771858908 0.072817829469681739 -0.16371423667392834 -0.15803659295434797 0.046975511697432928 0.066063459056055582 -0.15267736144074504 0.001373181502338198 -0.0097907147837553599 0.063632600026799171 -0.1551524021317604 -0.015919692614278867
leaf_weight=126.82266812905436 0.5992558834841536 7.4972035425016639 62.856907477253117 49.361653411644511 20.204538465826772 18.148941529681906 0.92082955298246716 3.7580995217431337 0.78111020929645647 82.704982129973359 0.45171940454747428 24.878569365944713 1.6356086399173388 18.728164242347702 8.4186071518925001 1.0352859667036671 11.577061328338457 3.6137070600525458 60.394491070182994 1.9492414220294447 2.6792692067101598 1.0343584970105428 18.158358239859808 4.2220350060088085 1.0030149195808942 23.929796502518002 11.506035265279936 5.5502447627950504 2.8894408569904044 15.096032185538206
leaf_count=29000 144 320 962 444 209 88 64 44 72 869 272 324 100 208 176 444 76 33 510 66 11 38 208 66 84 360 88 141 250 329
internal_value=-2.27237e-09 0.00554514 0.00893605 0.00134348 0.0138664 0.0111836 0.0246836 0.00647981 -0.00810908 0.0108874 0.0613602 -0.00385692 0.0287463 0.0158104 0.000192117 -0.00118782 -0.00611732 -0.0290084 0.0055242 -0.106378 -0.0641016 -0.030922 0.00913531 0.0126375 0.0113571 -0.00482407 0.0249574 -0.00845922 -0.0361394 0.00546599
internal_weight=592.407 465.585 285.03 112.219 172.812 152.607 39.4335 113.174 26.2589 86.9148 4.20982 25.4778 38.5127 20.3638 180.554 172.136 116.503 39.2751 77.2279 8.24222 4.62851 12.6114 55.6325 64.6165 54.5972 24.9328 29.6644 31.0329 10.3866 20.6463
internal_count=36000 7000 3800 1406 2394 2185 460 1725 540 1185 316 468 396 308 3200 3024 1840 1150 690 110 77 114 1184 576 740 444 296 1040 570 470
is_linear=0
shrinkage=0.08


Tree=25
num_leaves=31
num_cat=0
split_feature=2 2 6 7 7 6 2 2 7 2 6 8 2 6 6 2 2 7 7 8 2 7 7 2 6 7 7 2 6 6
split_gain=7.92167 1.50878 3.44504 10.63 2.25491 3.09388 2.25483 2.17725 1.90047 1.25267 2.55898 1.20939 1.10884 0.973974 2.33869 2.21974 1.121 0.887842 1.09329 1.42381 1.27567 1.20845 0.85911 0.828628 0.683397 0.670453 0.634687 0.774429 0.621657 0.525306
threshold=4.5000000000000009 6.5000000000000009 0.12940952255126045 -0.70710678118654757 -0.9159756150367534 0.25881904510252091 7.5000000000000009 9.5000000000000018 -0.12940952255126037 7.5000000000000009 0.91597561503675362 1.0000000180025095e-35 5.5000000000000009 -0.37940952255126059 -0.91597561503675329 1.0000000180025095e-35 2.5000000000000004 0.98296291314453421 0.60355339059327384 1.0000000180025095e-35 8.5000000000000018 -0.12940952255126037 -0.98296291314453399 8.5000000000000018 0.37940952255126054 0.98296291314453421 0.91597561503675351 1.5000000000000002 -0.60355339059327362 -0.91597561503675329
decision_type=2 2 2 2 2 2 2 2 2 2 2 2 2 2 2 2 2 2 2 2 2 2 2 2 2 2 2 2 2 2
left_child=11 4 7 6 5 12 -4 17 -9 10 -5 22 -2 14 15 -13 -15 18 21 20 -20 -3 -1 -19 -8 26 29 -28 -16 -24
right_child=1 2 3 9 -6 -7 24 8 -10 -11 -12 13 -14 16 28 -17 -18 23 19 -21 -22 -23 25 -25 -26 -27 27 -29 -30 -31
leaf_value=-0.08725246776584579 -0.0058944911369734412 0.010461591363510972 -0.028642862983940646 0.012724390552192124 0.005784117767130276 0.047107282814312604 -0.089568391506826037 0.019539776570665985 -0.020080932775418447 0.0079321456018069912 -0.055973685743147782 0.094655692063107644 0.04182619558125724 -0.11312164482423066 -0.092796240663990712 -0.0015335788036258127 0.062955583057823505 0.0062401733584575248 -0.018562113821380181 0.043067603957846652 -0.15047622069288313 0.035715396629423177 -0.036689185404863045 0.067739402269798715 -0.16684091574929535 -0.050047196203896263 0.013198818185718586 -0.092126576851789474 -0.03102913603263234 -0.017579056492547096
leaf_weight=1.1942286796402175 16.063729432411495 42.041861897392664 4.7105408788047471 7.3876187345013005 227.02879331656732 21.52158396327286 9.3466427057865058 11.244503199588506 24.918167826835997 44.64406576869078 6.5443452672334388 1.9530479517707133 3.8663041964173308 0.25506455672439132 1.4433646310935726 7.1805654029012658 2.4950876935035922 2.1989589785225681 7.4059793581254763 2.4327756371349096 0.50090742274187494 17.043242369603831 10.171379058592718 3.8696647640317678 0.79477795329876322 4.3053811164572826 6.3396222338196813 0.48065581283299241 3.7580231799511248 96.982435315701878
leaf_count=1085 204 336 57 159 2580 165 77 144 174 525 66 168 51 135 465 297 20 30 120 49 48 147 2945 12 56 930 1540 630 620 22165
internal_value=-1.06223e-09 0.0050859 -0.000471291 -0.0139303 0.00891689 0.0260749 -0.07438 0.00837971 -0.00776118 0.00139673 -0.0195456 -0.0168922 0.00336303 0.00301633 -0.00534997 0.0190347 0.0466252 0.0161115 0.0135465 -0.0104521 -0.026919 0.0177461 -0.0197392 0.0454552 -0.0956242 -0.0190576 -0.0178869 0.00577606 -0.0481693 -0.0193931
internal_weight=590.123 453.564 185.084 73.428 268.48 41.4516 14.852 111.656 36.1627 58.576 13.932 136.559 19.93 17.0852 14.335 9.13361 2.75015 75.4934 69.4248 10.3397 7.90689 59.0851 119.474 6.06862 10.1414 118.279 113.974 6.82028 5.20139 107.154
internal_count=36000 5000 2000 940 3000 420 190 1060 318 750 225 31000 255 1705 1550 465 155 742 700 217 168 483 29295 42 133 28210 27280 2170 1085 25110
is_linear=0
shrinkage=0.08


Tree=26
num_leaves=31
num_cat=0
split_feature=2 2 8 7 10 7 10 2 7 7 2 7 2 10 2 7 7 7 7 7 7 2 10 7 8 10 2 7 7 7
split_gain=8.1893 1.7257 3.8284 8.13786 1.7771 1.10813 0.932924 1.55723 2.10586 1.16524 1.29735 0.922885 11.9148 4.6551 1.64173 2.2803 0.835471 1.38704 0.908712 2.253 0.777368 3.76078 1.33178 1.49561 0.919403 0.730903 1.11789 1.29507 1.22249 0.692799
threshold=4.5000000000000009 1.0000000180025095e-35 1.0000000180025095e-35 0.37940952255126048 1.5000000000000002 0.78656609248549303 1.0000000180025095e-35 6.5000000000000009 -0.9159756150367534 -0.37940952255126015 9.5000000000000018 -0.9159756150367534 5.5000000000000009 1.5000000000000002 6.5000000000000009 -0.5 0.1294095225512602 -0.70710678118654757 -0.5 -1.0000000180025095e-35 0.25881904510252057 7.5000000000000009 1.5000000000000002 0.37940952255126048 1.0000000180025095e-35 1.5000000000000002 1.5000000000000002 -0.37940952255126015 0.60355339059327384 0.60355339059327384
decision_type=2 2 2 2 2 2 2 2 2 2 2 2 2 2 2 2 2 2 2 2 2 2 2 2 2 2 2 2 2 2
left_child=1 4 25 -4 16 -5 7 8 -2 -9 -11 12 13 -8 -13 -16 17 -1 -19 -20 21 -17 23 -22 -24 -3 -27 -28 -29 -18
right_child=6 2 3 5 -6 -7 11 9 -10 10 -12 14 -14 -15 15 20 29 18 19 -21 22 -23 24 -25 -26 26 27 28 -30 -31
leaf_value=-0.060787019414536347 0.022435544662266084 -0.02099677698553223 0.14708673710137524 -0.092276919296798751 -0.009857861776869396 0.001672358623653533 0.039958909381577395 -0.0025708761650669143 0.0010278236538918569 0.044073126070352499 0.016277946490871286 0.014213541343337986 0.021378552291418631 -0.092954260656930576 0.019741027645127529 -0.074461233923862558 -0.070031260831238007 0.021707160320076625 -0.09359821714593719 0.039101215930198205 0.034771478007271407 3.0809730562001942e-05 0.0034515641621090708 -0.028587027245443146 0.058773830938559479 0.0096083442168667169 -0.0971686208394794 0.011974327066378403 -0.092038594158615178 -0.035768323128094665
leaf_weight=4.6786517842847388 35.400372573843924 62.238275648734998 2.9548251588857948 0.91733822197420511 16.922843907537754 6.4744964066776447 1.9909400574397267 13.363095122927914 173.73720998788485 14.728053405240642 39.762256915098988 55.939465685980394 25.595161742559867 11.026921494165435 19.99446024640929 6.4686365448869791 8.7084281904535583 3.8429151469608769 1.8673264335666317 1.4583567529334704 2.7687630048021701 13.165534837578887 18.217626257857777 17.178314697928727 2.1494248586241147 13.346686365664938 1.4763281650957658 3.3749841222306696 0.92041358945425589 6.6695737261907189
leaf_count=2236 308 15120 297 297 2600 495 28 300 1892 250 250 688 196 56 252 90 1376 774 1118 430 12 180 231 243 24 1134 975 767 715 2666
internal_value=-5.25798e-10 -0.0172211 -0.010965 0.0348706 -0.0302161 -0.00998689 0.00518178 0.00806814 0.00465147 0.018599 0.0237906 0.00060003 -0.010314 -0.0726266 0.00370143 -0.00365436 -0.0428705 -0.0269039 -0.0047898 -0.0354077 -0.0114574 -0.0245112 -0.00509979 -0.0197925 0.00928997 -0.0167942 -0.0031129 -0.0325298 -0.0103135 -0.0551711
internal_weight=587.338 135.851 91.7033 10.3467 44.1481 7.39183 451.486 276.991 209.138 67.8534 54.4903 174.495 38.613 13.0179 135.882 79.9428 27.2253 11.8473 7.1686 3.32568 59.9483 19.6342 40.3141 19.9471 20.3671 81.3567 19.1184 5.77173 4.2954 15.378
internal_count=36000 31000 19800 1089 11200 792 5000 3000 2200 800 500 2000 280 84 1720 1032 8600 4558 2322 1548 780 270 510 255 255 18711 3591 2457 1482 4042
is_linear=0
shrinkage=0.08


Tree=27
num_leaves=31
num_cat=0
split_feature=2 2 10 6 6 6 2 8 2 6 6 6 10 8 6 2 2 6 8 6 6 6 6 6 6 2 6 6 2 2
split_gain=6.95945 1.71987 0.925049 1.25723 1.10007 5.1779 1.31001 1.06148 1.15494 3.38571 0.943012 1.85318 0.712494 4.19979 0.69294 9.8251 0.954749 6.94813 1.93056 4.60889 2.04499 1.19764 6.9339 1.09184 0.679932 0.644278 1.26148 0.622272 0.554231 0.670716
threshold=3.5000000000000004 5.5000000000000009 1.5000000000000002 -0.91597561503675329 -1.0000000180025095e-35 0.78656609248549325 1.5000000000000002 1.0000000180025095e-35 1.0000000180025095e-35 -0.91597561503675329 0.12940952255126045 -0.5 1.5000000000000002 1.0000000180025095e-35 0.78656609248549325 8.5000000000000018 8.5000000000000018 0.12940952255126045 1.0000000180025095e-35 -0.70710678118654735 -0.60355339059327362 -0.78656609248549303 -0.5 -0.70710678118654735 0.78656609248549325 1.0000000180025095e-35 -0.70710678118654735 0.98296291314453421 2.5000000000000004 1.0000000180025095e-35
decision_type=2 2 2 2 2 2 2 2 2 2 2 2 2 2 2 2 2 2 2 2 2 2 2 2 2 2 2 2 2 2
left_child=2 -2 7 -4 6 -6 25 10 9 -9 11 28 13 -3 16 -16 21 18 19 -18 -21 -14 23 -23 -12 26 -5 -7 29 -1
right_child=1 12 3 4 5 27 -8 8 -10 -11 24 -13 14 -15 15 -17 17 -19 -20 20 -22 22 -24 -25 -26 -27 -28 -29 -30 -31
leaf_value=-0.043971164000735023 -2.4596706385444275e-05 0.014086878645386221 -0.092407233438668246 -0.10550652426265433 -0.10225888318239734 0.015730661583560099 -0.09209191948984416 0.13210516298067457 -0.010882116804981079 -0.092371727175587739 -0.0096471350813741516 -0.063302293922561065 0.032029231487168353 -0.14280842040172773 -0.16127541320250546 0.040559170890443988 -0.15844690628212924 -0.16725339871651559 0.083490635234020477 0.077340894503606636 -0.0081214312805665996 -0.056683067792174038 0.022487408978252736 -0.15422668509336865 -0.032968871369569962 0.024213413379978638 0.0051167914251398286 -0.094456889490904195 -0.093581396851454016 -0.012252390307130618
leaf_weight=5.7709868918173077 250.56420262172469 144.42407273531717 1.0394934617215756 0.73275507142534824 3.6205280487774862 8.4352575773955287 0.79484108008909871 1.2553692102083003 14.862300919339757 0.65406314487336459 25.447661825426621 10.516427252965512 12.961634184350254 1.1002291905460868 2.2098497796105212 5.11954098532442 1.1237738755880826 1.6381608277297353 1.8438604595139629 2.3676474504172766 7.3693479404319078 5.9138916593510658 25.203205216705108 0.83855177159421046 11.669427882297894 11.900552012200933 6.6197974066017204 0.34128759161103595 0.68507409136509423 16.367729081772268
leaf_count=2451 4400 1701 616 325 1876 840 639 129 814 344 6318 4446 108 99 120 40 41 54 11 6 48 33 279 60 4680 426 598 280 456 3762
internal_value=-3.73999e-10 0.00446309 -0.0171064 -0.00580317 -0.0030285 -0.0217613 0.0085553 -0.0214454 -0.0033574 0.0552121 -0.0257511 -0.0355164 0.00976428 0.0129007 0.00291001 -0.020295 0.00578005 -0.0121898 0.00780447 -0.00504496 0.0126596 0.0115181 0.0031985 -0.0687965 -0.0169794 0.0127104 -0.00590792 0.0114459 -0.0227136 -0.0205206
internal_weight=583.392 462.678 120.714 33.4845 32.445 12.3971 20.0479 87.229 16.7717 1.90943 70.4573 33.3402 212.114 145.524 66.5895 7.32939 59.2601 14.3428 12.7046 10.8608 9.737 44.9173 31.9556 6.75244 37.1171 19.2531 7.35255 8.77655 22.8238 22.1387
internal_count=36000 7000 29000 5600 4984 2996 1988 23400 1287 473 22113 11115 2600 1800 800 160 640 160 106 95 54 480 372 93 10998 1349 923 1120 6669 6213
is_linear=0
shrinkage=0.08


Tree=28
num_leaves=31
num_cat=0
split_feature=2 2 6 6 2 6 7 6 7 6 7 6 7 7 7 2 6 2 6 7 7 2 2 7 7 7 7 6 8 7
split_gain=8.29786 1.95431 5.77468 2.23095 2.22346 1.54874 1.05384 0.77691 0.563337 0.452034 0.63679 0.631529 1.70298 2.95924 0.450805 0.872883 2.28112 0.800313 1.44734 1.6408 0.719795 0.697534 0.692995 3.44676 0.770976 0.88395 0.77929 0.515011 0.502174 0.740377
threshold=3.5000000000000004 9.5000000000000018 0.98296291314453421 0.98296291314453421 5.5000000000000009 -0.98296291314453399 0.91597561503675351 -0.98296291314453399 -0.98296291314453399 -0.70710678118654735 -1.0000000180025095e-35 -0.60355339059327362 -1.0000000180025095e-35 -0.98296291314453399 0.1294095225512602 7.5000000000000009 0.91597561503675362 8.5000000000000018 -0.60355339059327362 0.91597561503675351 0.37940952255126048 6.5000000000000009 7.5000000000000009 -0.5 -0.98296291314453399 -0.9159756150367534 -0.70710678118654757 -0.91597561503675329 1.0000000180025095e-35 0.98296291314453421
decision_type=2 2 2 2 2 2 2 2 2 2 2 2 2 2 2 2 2 2 2 2 2 2 2 2 2 2 2 2 2 2
left_child=8 3 5 4 -2 -3 9 -6 -1 10 -7 -11 13 -13 22 20 17 18 -17 -20 21 -16 23 24 -9 -26 -27 -24 29 -19
right_child=1 2 -4 -5 7 6 -8 14 -10 11 -12 12 -14 -15 15 16 -18 28 19 -21 -22 -23 27 -25 25 26 -28 -29 -30 -31
leaf_value=-0.085745139988311347 0.00086717473946915644 0.04568373420819602 -0.077124593584199957 0.033348872240680921 -0.011674598882509473 0.0086262368189527865 -0.036269344339572934 -0.02854099830867864 -0.018003630857300057 0.047050563283066518 -0.024830799067204427 -0.0021897120275997735 0.010698999288123786 -0.1421668944191059 0.076230085942414802 -0.14447523695172845 -0.16242257475760455 -0.0015025949838640327 0.010936044868877441 -0.14222341396605795 0.021286695497147141 0.028397807786562007 0.058618036649536381 -0.14118649644093559 0.033553550480911805 -0.01842901312548478 0.014353315626767962 0.015719088562998883 0.059183659755493528 0.042206228372760453
leaf_weight=0.79074482410214741 231.95797777752159 4.4466440482065073 6.8929475113982326 19.649677956942469 7.3912878556875503 6.1677947358693936 5.606388285290449 3.5217632181011167 122.35735217662295 2.1957045041490302 8.8865671195671858 3.4821425681002411 26.178111325949438 1.3380109199497399 3.2746312264935096 0.49264345160918654 0.50248977052979071 6.5171389637980592 5.4089038560632625 0.48805176175665099 35.259629835374653 4.827989348792471 1.8807716027367849 1.0416947026969854 8.0435719166707731 7.4064236549311362 12.428729790495705 37.535969652133645 1.9655763772316284 4.0040939385071397
leaf_count=1015 4180 18 30 320 60 45 63 42 27985 18 78 21 141 186 39 52 16 146 86 42 486 39 28 120 126 144 108 332 22 12
internal_value=5.58288e-10 0.00494924 -0.00787997 0.00707423 0.00569359 0.000306795 -0.00343986 0.0135781 -0.0184386 0.000374879 -0.0111234 0.00558966 0.00265285 -0.0410455 0.0149647 0.0199195 0.00580447 0.0102827 -0.012745 -0.00173994 0.0262277 0.047729 0.0106386 0.001979 0.00672844 0.0111838 0.00211243 0.017766 0.0220661 0.0151318
internal_weight=581.941 458.793 65.1943 393.599 373.949 58.3014 53.8547 141.991 123.148 48.2483 15.0544 33.194 30.9983 4.82015 134.6 62.7411 19.3789 18.8764 6.3896 5.89696 43.3623 8.10262 71.8589 32.4422 31.4005 27.8787 19.8352 39.4167 12.4868 10.5212
internal_count=36000 7000 600 6400 6080 570 552 1900 29000 489 123 366 348 207 1840 940 376 360 180 128 564 78 900 540 420 378 252 360 180 158
is_linear=0
shrinkage=0.08


Tree=29
num_leaves=31
num_cat=0
split_feature=2 10 2 6 2 7 6 6 7 6 6 7 6 2 2 7 10 6 7 2 2 2 6 2 7 7 7 6 2 7
split_gain=5.87418 3.90988 2.30678 3.00424 1.30688 2.71882 3.29864 2.49835 2.50166 1.6782 2.12026 1.3284 1.17936 1.6069 1.0916 1.0296 0.951405 0.836935 2.472 1.31889 2.42689 0.915555 3.99202 5.06812 2.08551 1.32757 1.25112 0.937697 0.873938 3.55135
threshold=2.5000000000000004 1.0000000180025095e-35 4.5000000000000009 -0.91597561503675329 4.5000000000000009 0.60355339059327384 -1.0000000180025095e-35 0.60355339059327384 1.0000000180025095e-35 -0.70710678118654735 -0.78656609248549303 -0.37940952255126015 -0.78656609248549303 1.0000000180025095e-35 5.5000000000000009 -0.12940952255126037 1.0000000180025095e-35 -0.60355339059327362 0.60355339059327384 8.5000000000000018 6.5000000000000009 5.5000000000000009 -0.5 8.5000000000000018 0.91597561503675351 0.98296291314453421 -0.37940952255126015 0.60355339059327384 5.5000000000000009 -0.37940952255126015
decision_type=2 2 2 2 2 2 2 2 2 2 2 2 2 2 2 2 2 2 2 2 2 2 2 2 2 2 2 2 2 2
left_child=12 4 3 15 5 7 -7 -2 -9 10 11 14 13 16 -6 -3 -1 18 28 20 -20 24 23 -23 26 -26 27 -19 29 -4
right_child=1 2 17 -5 9 6 -8 8 -10 -11 -12 -13 -14 -15 -16 -17 -18 21 19 -21 -22 22 -24 -25 25 -27 -28 -29 -30 -31
leaf_value=-0.021963977851366303 -0.10183071294109441 0.066492922538212595 0.027197013034485948 -0.10059853095920701 -0.031118667200464727 0.069068944199203494 -0.10434396106551462 0.039198457392177165 -0.11548095424108175 0.0010730939097446577 -0.033141853747260197 -4.6259811832863899e-05 -0.021531700492752218 0.0075186322745557478 -0.15104001266425454 -0.10523323676340822 -0.096788920452627283 0.026071895338427593 -0.1488230319906543 0.10368593672318815 0.060836859192517551 0.0022073326023943352 0.012333059137022635 -0.16379660460599538 -0.024900801498527036 0.053850957561124312 0.043305490958114312 -0.020260802559944887 0.022193253472937182 -0.15070789744669319
leaf_weight=6.5944333910010782 1.6493456055177365 1.3844060898118185 2.7122886554570873 2.4718505673081372 3.3995293257758017 7.4099674286262598 0.77549528697272574 3.8925336418906227 0.80810585134895507 221.73741744043946 22.788428649306297 47.068097300012596 81.013440765964333 23.016283631179249 0.56678339722566295 0.26645543449558307 1.3023408777080474 9.1151937601389346 0.41110721655422766 3.6018666186137125 2.5148594960337505 3.0512276708614072 71.579954947548686 1.9162452981108797 7.8384447676362452 1.6601528041064737 21.090280259028077 4.0321873575448981 21.832856784341857 0.97672557667829352
leaf_count=1188 968 63 42 1602 72 341 341 253 297 2295 165 420 22140 2844 48 135 828 138 44 22 44 70 931 28 45 18 195 45 294 84
internal_value=1.46962e-09 0.00394854 0.0142589 -0.0447888 -0.00125346 0.0221656 0.0526397 -0.0171171 0.0126069 -0.00240519 -0.0128527 -0.00379299 -0.016459 -0.00316504 -0.0482553 0.0387757 -0.0343042 0.0158569 0.0273446 0.0712758 0.031379 0.0127961 0.00752031 -0.0618301 0.0220297 -0.0111367 0.0312311 0.0118621 0.0161081 -0.0199062
internal_weight=578.478 466.552 156.456 4.12271 310.096 14.5354 8.18546 6.34999 4.70064 295.56 73.8228 51.0344 111.926 30.9131 3.96631 1.65086 7.89677 152.333 32.0497 6.52783 2.92597 120.284 76.5474 4.96747 43.7363 9.4986 34.2377 13.1474 25.5219 3.68901
internal_count=36000 9000 3800 1800 5200 2200 682 1518 550 3000 705 540 27000 4860 120 198 2016 2000 530 110 88 1470 1029 98 441 63 378 183 420 126
is_linear=0
shrinkage=0.08


Tree=30
num_leaves=31
num_cat=0
split_feature=2 10 6 10 6 6 2 6 2 7 2 7 6 6 7 7 2 2 6 6 7 7 2 7 7 7 2 6 7 2
split_gain=6.4772 1.00628 1.11102 0.899502 1.2471 4.25487 1.29474 0.744725 2.4892 1.91244 0.731619 2.11231 1.35486 3.12305 0.852744 4.20813 0.766368 0.710475 1.42954 0.641791 2.01903 1.80282 0.939988 0.639322 1.44065 1.42132 0.978531 0.632983 0.562635 0.555083
threshold=4.5000000000000009 1.0000000180025095e-35 -0.98296291314453399 1.5000000000000002 -1.0000000180025095e-35 0.78656609248549325 2.5000000000000004 -0.91597561503675329 2.5000000000000004 -0.12940952255126037 5.5000000000000009 0.98296291314453421 -0.70710678118654735 -0.91597561503675329 0.98296291314453421 0.91597561503675351 8.5000000000000018 1.0000000180025095e-35 -0.98296291314453399 0.12940952255126045 1.0000000180025095e-35 -0.60355339059327384 2.5000000000000004 0.91597561503675351 -0.12940952255126037 0.78656609248549303 1.0000000180025095e-35 0.98296291314453421 -0.12940952255126037 1.0000000180025095e-35
decision_type=2 2 2 2 2 2 2 2 2 2 2 2 2 2 2 2 2 2 2 2 2 2 2 2 2 2 2 2 2 2
left_child=3 10 -3 7 23 -6 27 8 9 -1 11 -2 13 28 15 -14 -16 18 -11 21 -21 29 -22 24 -5 -26 -27 -7 -12 -9
right_child=1 2 -4 4 5 6 -8 19 -10 17 12 -13 14 -15 16 -17 -18 -19 -20 20 22 -23 -24 -25 25 26 -28 -29 -30 -31
leaf_value=-0.092346907988247337 -0.00062606407458323061 0.049117256761660108 0.0085891652821018863 0.012601909269711872 -0.10014049327724048 0.015981445659119686 -0.11213372351633824 -0.094513647170158727 -0.12566336737520192 -0.091409900868713048 0.014333691065887624 -0.11840162411119795 0.012596802384710209 -0.13483870446865592 0.0085284816293803977 -0.15404845688412863 0.065412988739206104 0.0039777453325562052 0.074815946204408373 0.0015049819279824375 -0.029862111645194599 -0.021037812140199553 -0.10025468681249745 0.035344855228104585 -0.099184620382760491 -0.10252723052846431 0.026498212193854481 -0.092190906893332022 -0.010776022503258913 -0.049342885847118372
leaf_weight=1.2059456398419559 180.61097023208276 4.4531370393233365 155.29827247232606 13.817831971275158 3.4546450657653613 8.3660480437101743 0.5779646919108935 2.4142361504782439 1.0055895365949243 0.38872811530018259 8.613646562676875 0.97988795209675927 67.277560347138206 1.191105275065637 2.6403868449851862 0.98398595105390896 3.5586633761413395 11.337108637409981 2.2341622158128329 21.219851445697714 16.431976556836165 33.910813613998471 1.3109426805604005 4.1665204110904588 1.6390328986890392 0.47862218518275801 1.7577146785624789 0.3611556790419862 16.948729439172901 6.2445202340022661
leaf_count=763 1746 60 1940 1312 2144 780 240 1419 308 258 42 54 792 150 18 90 18 990 387 5166 5668 6273 728 192 1024 182 266 260 90 2640
internal_value=1.94869e-09 0.00464333 0.0097189 -0.0155296 -0.00444891 -0.0243227 0.0038255 -0.0194559 -0.00377315 0.00430887 0.00177623 -0.0012616 0.00722647 -0.00821507 0.0127746 0.0101946 0.0411839 0.0126586 0.0501803 -0.0225665 -0.0151474 -0.0293569 -0.0350631 0.00715168 0.000512553 -0.0425927 -0.00111589 0.011505 -0.00231491 -0.0619374
internal_weight=574.88 442.556 159.751 132.323 34.6195 12.7598 9.30517 97.7039 16.1715 15.1659 282.805 181.591 101.214 26.7535 74.4606 68.2615 6.19905 13.96 2.62289 81.5323 38.9628 42.5696 17.7429 21.8597 17.6932 3.87537 2.23634 8.7272 25.5624 8.65876
internal_count=36000 5000 2000 31000 6400 3424 1280 24600 2706 2398 3000 1800 1200 282 918 882 36 1635 645 21894 11562 10332 6396 2976 2784 1472 448 1040 132 4059
is_linear=0
shrinkage=0.08


Tree=31
num_leaves=31
num_cat=0
split_feature=10 6 7 10 7 6 7 6 7 8 6 10 6 6 10 7 7 6 7 10 6 7 10 10 6 6 6 10 7 7
split_gain=0.470553 0.74797 2.8713 1.24265 0.88562 0.825345 0.60902 1.32828 0.522821 0.503411 0.93922 0.829981 0.369318 0.330475 1.57066 0.3167 0.299265 0.277421 0.268567 0.591588 0.352086 0.257745 0.297674 0.211656 1.95719 0.879129 0.180865 0.135479 0.123939 0.207548
threshold=1.0000000180025095e-35 0.12940952255126045 -0.70710678118654757 1.5000000000000002 -0.9159756150367534 0.37940952255126054 -0.9159756150367534 0.25881904510252091 -0.37940952255126015 1.0000000180025095e-35 -0.78656609248549303 1.5000000000000002 0.98296291314453421 0.37940952255126054 1.5000000000000002 0.91597561503675351 -0.37940952255126015 0.98296291314453421 0.60355339059327384 1.5000000000000002 -0.60355339059327362 -0.5 1.5000000000000002 1.5000000000000002 -0.98296291314453399 -0.98296291314453399 -0.60355339059327362 1.5000000000000002 0.78656609248549303 0.60355339059327384
decision_type=2 2 2 2 2 2 2 2 2 2 2 2 2 2 2 2 2 2 2 2 2 2 2 2 2 2 2 2 2 2
left_child=6 8 3 4 -3 -5 7 -1 -2 18 -11 -12 13 14 -4 17 21 28 23 26 -21 27 -23 24 -10 -25 -20 -15 29 -8
right_child=1 2 12 5 -6 -7 15 -9 9 10 11 -13 -14 16 -16 -17 -18 -19 19 20 -22 22 -24 25 -26 -27 -28 -29 -30 -31
leaf_value=-0.0052538193028498718 0.0068203174164488435 0.036882975277052997 -0.042580047475593019 -0.058169050419241919 -0.026787355581264279 -0.012094529625760993 -0.0014867042500067299 0.023065701761398182 0.0043637590568833193 -0.14150944085039061 -0.095220164779109218 0.024597387727562484 -0.014571931120307221 0.012760153896008821 0.016631844191674999 0.0077257170299299864 0.0068235976524513142 0.0092993614734149851 -0.010667351306624669 -0.039384653467931637 -0.013947047562389321 -0.1064397544837449 -0.017384068624630076 -0.10335755469119562 -0.10566580773022059 0.0096248404077613047 0.0097761969295714311 -0.0060964390468543064 -0.0052220460715835214 0.0049373227920173372
leaf_weight=18.761518390238052 58.52153105015168 2.134937089169398 5.4462454392050841 11.015568413989966 4.0513051704037943 3.2143131741322586 171.5719696393935 24.366152450151276 8.3486371447797847 0.24011072415305434 0.38817901749280093 7.9028669960680418 11.350486343610099 3.7294110975926724 6.0543615756614599 35.128143417503452 43.199804666626733 17.786000566644361 4.2588798290817067 4.5281541493604918 15.078470368724082 0.25497422151965921 4.1494492619531229 0.45505694532767016 1.181014330446488 14.037943695671855 7.9204647379228863 7.0448672173079103 38.407157324138097 39.620121120125987
leaf_count=1819 2993 385 315 418 280 304 10700 1177 210 292 245 266 730 350 342 2247 2993 1070 315 342 798 175 190 228 630 684 735 380 2140 2247
internal_value=-1.37166e-09 -0.00285166 -0.00792835 -0.0347481 -0.00481406 -0.0477615 0.00185226 0.0107461 0.00134838 -0.00362873 0.0144704 0.0189876 -0.00118751 0.000986524 -0.0114086 0.000584322 0.00342838 -0.00035389 -0.00639544 -0.01122 -0.0198219 -0.00623469 -0.0225395 -1.17388e-05 -0.00927226 0.00607737 0.00262749 0.000430586 -0.00104176 -0.000281542
internal_weight=570.148 224.507 101.646 20.4161 6.18624 14.2299 345.641 43.1277 122.861 64.3398 8.53116 8.29105 81.2296 69.8791 11.5006 302.513 58.3785 267.385 55.8086 31.786 19.6066 15.1787 4.40442 24.0227 9.52965 14.493 12.1793 10.7743 249.599 211.192
internal_count=36000 14600 6862 1387 665 722 21400 2996 7738 4745 803 511 5475 4745 657 18404 4088 16157 3942 2190 1140 1095 365 1752 840 912 1050 730 15087 12947
is_linear=0
shrinkage=0.08


Tree=32
num_leaves=31
num_cat=0
split_feature=2 2 6 8 6 2 7 6 7 2 7 7 7 8 7 7 7 2 2 6 6 6 2 6 2 7 2 6 2 2
split_gain=6.96056 1.75322 4.69689 8.91859 3.47405 1.41149 1.39467 1.06017 0.960764 0.905871 1.07774 0.765503 0.737929 0.445209 0.376124 0.835896 1.05242 0.787288 0.628963 2.32576 1.38435 0.603908 1.02229 0.584993 0.959134 0.966708 0.653584 0.44595 0.412559 1.09808
threshold=4.5000000000000009 1.0000000180025095e-35 -0.91597561503675329 1.0000000180025095e-35 -0.70710678118654735 5.5000000000000009 -0.9159756150367534 0.98296291314453421 -0.37940952255126015 1.5000000000000002 0.1294095225512602 0.98296291314453421 0.1294095225512602 1.0000000180025095e-35 -0.60355339059327384 0.25881904510252057 0.37940952255126048 3.5000000000000004 2.5000000000000004 0.60355339059327384 0.60355339059327384 0.91597561503675362 1.5000000000000002 0.25881904510252091 1.5000000000000002 -0.9159756150367534 1.5000000000000002 0.78656609248549325 1.5000000000000002 3.5000000000000004
decision_type=2 2 2 2 2 2 2 2 2 2 2 2 2 2 2 2 2 2 2 2 2 2 2 2 2 2 2 2 2 2
left_child=1 4 3 9 8 -2 -6 14 -1 10 -3 13 -11 -8 17 21 -17 18 19 23 -20 22 27 26 -25 -26 -4 -16 -23 -30
right_child=5 2 7 -5 6 -7 11 -9 -10 12 -12 -13 -14 -15 15 16 -18 -19 20 -21 -22 28 -24 24 25 -27 -28 -29 29 -31
leaf_value=-0.013154551770313778 0.00059086012389152564 -0.094672816996977757 -0.022680699295972599 0.14097677493228777 -0.090447740532118279 0.0096894536052270497 -0.0080212107188361251 -0.091437877060860998 -0.075388588169554765 0.024002994313772574 -0.00064080251256910705 -0.086706750846888184 -0.091461216141172072 -0.093087626535461807 0.0027933064638283067 -0.094391926638480741 -0.015863633139296424 -0.096832047399068075 -0.092794018761224228 -0.10576289720686147 0.053033270857665266 0.058073545812914532 -0.097865124684037769 -0.012012884260070172 -0.09654955313527866 0.10068758041686066 -0.090369777889847416 -0.094966917508516407 -0.096286187710785606 0.035416689554967754
leaf_weight=1.8806789467344067 232.06239105686836 1.4615747610805538 6.2504768511862627 3.6789808781468309 1.4994745020521829 205.97662906811456 28.558821716986138 1.1876366862561543 10.187536412751793 3.6536044530803338 1.6730357886990532 0.83904654195066442 0.39227563346503291 0.39926097393617865 11.033218891359864 1.1238986863754679 38.773673518327996 0.91623147117206727 0.54645700824039445 2.074424050631932 1.7535916558699682 1.8234098178800184 0.72459147524205114 7.7938672582095005 0.19175001459370833 0.93220345280133166 1.069095873943297 0.30694380617933426 0.51269609469454747 1.9315959515515715
leaf_count=448 2400 702 1782 297 1568 2600 6384 990 2184 585 324 336 270 280 432 396 8019 620 520 790 100 432 585 1026 275 200 825 270 280 80
internal_value=-1.15747e-09 -0.0160165 -0.00963793 0.0396913 -0.029226 0.00486924 -0.0151651 -0.0164235 -0.0656902 -0.0122031 -0.0444851 -0.0113767 0.012808 -0.00919407 -0.0152777 -0.011835 -0.0180757 -0.0242699 -0.0210444 -0.0259972 0.0183869 0.00341005 -0.00573925 -0.0158066 -0.0020497 0.0670383 -0.0325674 0.000147234 0.029275 0.0077917
internal_weight=571.209 133.17 89.8052 10.8595 43.3648 438.039 31.2966 78.9458 12.0682 7.18049 3.13461 29.7971 4.04588 28.9581 77.7581 56.23 39.8976 21.5281 20.6119 18.3118 2.30005 16.3325 12.0648 16.2374 8.91782 1.12395 7.31957 11.3402 4.2677 2.44429
internal_count=36000 31000 19800 2178 11200 5000 8568 17622 2632 1881 1026 7000 855 6664 16632 10494 8415 6138 5518 4898 620 2079 1287 4108 1501 475 2607 702 792 360
is_linear=0
shrinkage=0.08


Tree=33
num_leaves=31
num_cat=0
split_feature=2 2 10 10 2 7 7 8 2 2 7 7 7 10 2 2 7 7 7 7 2 8 2 10 7 7 7 7 7 7
split_gain=4.60122 1.27387 1.18042 1.13169 0.961678 4.0383 1.77035 2.15318 2.23749 0.994042 0.932134 1.44599 0.85837 0.785868 2.76634 0.76407 3.92058 1.08527 0.919793 0.763502 0.725988 0.649921 0.667378 0.892948 1.16451 2.19926 0.645059 1.2406 0.595007 0.57736
threshold=3.5000000000000004 7.5000000000000009 1.0000000180025095e-35 1.0000000180025095e-35 1.5000000000000002 -0.70710678118654757 0.25881904510252057 1.0000000180025095e-35 1.0000000180025095e-35 2.5000000000000004 -0.60355339059327384 0.91597561503675351 0.98296291314453421 1.5000000000000002 6.5000000000000009 6.5000000000000009 -0.98296291314453399 0.60355339059327384 -0.9159756150367534 0.1294095225512602 2.5000000000000004 1.0000000180025095e-35 1.0000000180025095e-35 1.5000000000000002 -0.60355339059327384 -0.70710678118654757 0.78656609248549303 0.37940952255126048 0.91597561503675351 -0.37940952255126015
decision_type=2 2 2 2 2 2 2 2 2 2 2 2 2 2 2 2 2 2 2 2 2 2 2 2 2 2 2 2 2 2
left_child=3 2 28 4 6 -6 7 -1 -9 19 -11 -12 15 -14 -15 16 -4 -17 -18 -7 21 22 23 24 25 -5 27 -21 -2 -20
right_child=1 -3 12 20 5 9 -8 8 -10 10 11 -13 13 14 -16 17 18 -19 29 26 -22 -23 -24 -25 -26 -27 -28 -29 -30 -31
leaf_value=-0.012491142596026697 -0.00048042792097070065 0.010686906130378759 -0.14845193465361953 -0.095995633662231641 -0.13201204282717466 -0.097398920542461145 -0.03694907221871823 0.14320882229277709 0.013174098862312376 0.054946425878203489 -0.092651332963495647 0.01035538386994765 0.095254652580776436 -0.13267306323193417 0.074183195000320765 0.005215913580287149 0.046672329539069635 -0.029828663874073794 -0.0012950491319889143 -0.041065701404068011 -0.091665129512315688 -0.089921601833243284 0.0052778847155252372 -0.0063326579763256291 -0.093410563941121391 0.1022289221341021 -0.093966774189246399 0.034199822147899996 -0.012629375347228796 0.016583575340893102
leaf_weight=28.076149595784955 204.0115612764057 120.14856854766549 0.95944519128533912 0.72208688312093727 2.4630995801708222 1.2166367021272879 16.007416555075906 1.1609597206115712 3.1303852773271501 1.627020730753429 1.1630688530858595 3.4875672447960824 1.3523544037016102 0.57262113876640808 1.4914064023178071 23.152920178661592 5.2133785537589565 7.4835857872385523 16.059137452219147 5.4503492839867231 0.6097790133790103 0.5543421103284335 27.233697871517506 15.963347663579043 1.878722482200829 0.71085172961466037 0.88624915617401701 1.8867793937679378 29.535517376789358 41.262204204045702
leaf_count=7616 2864 1400 70 520 1040 702 5780 99 105 70 819 147 18 42 12 276 210 112 470 169 600 594 5859 2457 1270 100 533 520 336 1190
internal_value=1.62841e-09 0.00363081 0.00107027 -0.014343 -0.0210822 -0.0367683 -0.0151869 -0.0044243 0.0483531 -0.0218428 0.00282816 -0.0154054 0.00846144 0.0478529 0.0167953 0.00703177 0.0120384 -0.00334443 0.0145007 -0.0382491 -0.0049344 -0.00381067 -0.0027843 -0.0141754 -0.05198 0.00233954 -0.029498 -0.0217108 -0.00201684 0.0115747
internal_weight=565.471 451.243 331.094 114.229 66.5557 18.1808 48.3749 32.3675 4.29134 15.7177 6.27766 4.65064 97.5471 3.41638 2.06403 94.1307 63.4942 30.6365 62.5347 9.44001 47.6728 47.063 46.5087 19.275 3.31166 1.43294 8.22338 7.33713 233.547 57.3213
internal_count=36000 7000 5600 29000 17600 4000 13600 7820 204 2960 1036 966 2400 72 54 2328 1940 388 1870 1924 11400 10800 10206 4347 1890 620 1222 689 3200 1660
is_linear=0
shrinkage=0.08


Tree=34
num_leaves=31
num_cat=0
split_feature=2 2 10 2 6 8 10 6 2 6 6 6 2 8 6 6 2 2 2 6 6 6 6 6 6 2 8 6 6 2
split_gain=5.03956 1.07104 0.673276 1.0136 3.44792 3.25758 1.73688 0.942138 1.31419 0.874834 3.94113 0.778436 0.721201 0.585805 0.468628 0.44986 0.397462 0.378917 0.755451 0.689447 0.546813 0.369781 0.306912 0.28006 0.854897 0.891316 3.05519 2.43928 1.89847 0.72699
threshold=4.5000000000000009 5.5000000000000009 1.5000000000000002 1.5000000000000002 -0.91597561503675329 1.0000000180025095e-35 1.0000000180025095e-35 -0.37940952255126059 3.5000000000000004 -1.0000000180025095e-35 0.78656609248549325 -0.98296291314453399 2.5000000000000004 1.0000000180025095e-35 0.98296291314453421 -0.37940952255126059 1.5000000000000002 3.5000000000000004 1.5000000000000002 -0.91597561503675329 -0.91597561503675329 0.98296291314453421 -0.98296291314453399 0.12940952255126045 -0.5 1.0000000180025095e-35 1.0000000180025095e-35 -0.91597561503675329 -0.91597561503675329 1.0000000180025095e-35
decision_type=2 2 2 2 2 2 2 2 2 2 2 2 2 2 2 2 2 2 2 2 2 2 2 2 2 2 2 2 2 2
left_child=2 -2 3 11 5 6 -5 8 -6 13 -11 -1 14 15 -12 17 -17 18 20 -19 -4 -9 -8 24 25 26 -13 -28 -27 -26
right_child=1 -3 9 4 7 -7 22 21 -10 10 12 23 -14 -15 -16 16 -18 19 -20 -21 -22 -23 -24 -25 29 28 27 -29 -30 -31
leaf_value=-0.092459013335501009 0.0003617501413167538 0.0082886557941777503 -0.089558270787674851 -0.094435659761941348 -0.092300260907894172 0.14205596246782184 0.06218115501015678 -0.0017857520017813535 -0.020267631107518284 -0.099180417646694177 0.013498703803879582 -0.032365541912444437 -0.098408926148970816 -0.090501561698695082 -0.090373506965391925 0.028712096244230913 -0.088582781481161971 0.055075525104324161 -0.089642824320954814 -0.091623673309496265 0.0024349957134651469 -0.089405500290658649 -0.088292742419200029 -0.015548310566379469 -0.089645339973254912 -0.055980275292940015 0.12292695200065673 -0.08798890870409358 -0.0095062762912100206 -0.034393862529873198
leaf_weight=1.0105231131310564 231.06706146136275 206.64949856682506 0.42761175998020995 0.81807493421365785 2.0482189270842408 1.8441293585638048 1.3106087009073233 15.07477918438962 7.7712162273237482 3.1079364141914985 8.4008852333063206 4.5457831016101435 0.41084480838617388 0.40107283907127467 0.2874901693430737 6.0741839233087385 0.19069653275073495 1.4944639110472051 0.63976611904217939 0.23763621252146627 12.557427669351453 0.31469737098086703 0.092899359005969129 27.421619301312603 2.1627516745065796 9.2104798533400771 1.8012614768013011 0.43584578315494571 14.45325323473662 5.1615507855894975
leaf_count=546 2400 2600 361 456 1430 96 48 3616 330 2144 780 2193 240 352 260 285 195 76 603 192 912 320 104 8554 1677 768 129 301 2160 1872
internal_value=-1.2134e-09 0.00410411 -0.0138499 -0.017301 -0.0049054 0.0634592 -0.00178369 -0.0159313 -0.0352928 -0.00422376 -0.021402 -0.0227822 0.00516404 0.00529806 0.0100617 0.00707509 0.0251418 -0.000295245 -0.0047758 0.0349491 -0.000594445 -0.00357748 0.0522212 -0.0217022 -0.0261699 -0.0202668 0.0052997 0.0818351 -0.027595 -0.0507088
internal_weight=567.424 437.717 129.708 95.4777 29.2746 4.06571 2.22158 25.2089 9.81944 34.23 12.2072 66.2031 9.09922 22.0229 8.68838 21.6218 6.26488 15.3569 13.6248 1.7321 12.985 15.3895 1.40351 65.1925 37.7709 30.4466 6.78289 2.23711 23.6637 7.3243
internal_count=36000 5000 31000 24600 6400 704 608 5696 1760 6400 3424 18200 1280 2976 1040 2624 480 2144 1876 268 1273 3936 152 17654 9100 5551 2623 430 2928 3549
is_linear=0
shrinkage=0.08


Tree=35
num_leaves=31
num_cat=0
split_feature=2 2 7 7 10 7 7 7 10 2 7 2 7 7 10 2 2 2 2 10 2 7 10 2 2 10 7 7 7 2
split_gain=4.40759 0.592437 0.458079 0.490258 0.444632 0.438342 1.30796 0.379882 0.457779 0.385445 0.360075 1.18212 0.834251 0.332108 1.55215 2.72794 1.88083 3.08035 1.65923 1.50194 2.09297 0.306509 1.53743 0.296373 0.292703 0.27101 0.705997 0.267724 1.67869 0.249385
threshold=3.5000000000000004 9.5000000000000018 -0.98296291314453399 0.60355339059327384 1.5000000000000002 -0.12940952255126037 0.37940952255126048 -0.9159756150367534 1.0000000180025095e-35 1.0000000180025095e-35 0.25881904510252057 1.0000000180025095e-35 0.37940952255126048 0.98296291314453421 1.5000000000000002 8.5000000000000018 8.5000000000000018 6.5000000000000009 6.5000000000000009 1.0000000180025095e-35 5.5000000000000009 -0.98296291314453399 1.0000000180025095e-35 2.5000000000000004 2.5000000000000004 1.5000000000000002 0.78656609248549303 -0.70710678118654757 -0.78656609248549325 1.5000000000000002
decision_type=2 2 2 2 2 2 2 2 2 2 2 2 2 2 2 2 2 2 2 2 2 2 2 2 2 2 2 2 2 2
left_child=2 13 -1 4 7 21 -7 8 9 -4 -9 -12 -13 -2 16 18 17 19 -16 20 -15 -3 27 -14 -6 -5 -27 28 -23 -11
right_child=1 5 3 25 24 6 -8 10 -10 29 11 12 23 14 15 -17 -18 -19 -20 -21 -22 22 -24 -25 -26 26 -28 -29 -30 -31
leaf_value=-0.084106250454503456 0.0021174729060938957 0.023260615476017849 -0.090435512799442036 -0.016937556686172459 0.00028739845880772273 0.039696831485327884 0.0069783270612070319 -0.0094490741221607971 -0.096784833345881296 -0.011895353953667632 -0.092053101849092406 -0.091170840212625365 0.010652288412715006 -0.11068283611722336 -0.12129822156106729 -0.16468204706204809 0.083947300166820615 -0.14237991235819611 0.053921385440035302 0.089579863047686087 0.038674440064014146 -0.12698832381098135 -0.13785612304647893 -0.09143097814057001 -0.09018428801769382 -0.10014162445753554 -0.025973549017785903 -0.0084650686466268138 0.051884297914258089 -0.089051961243349145
leaf_weight=0.59357355249812727 386.05653541503125 2.5124308262020341 0.51928548826253873 24.198874194393284 22.219424264469129 10.601458928897044 29.800891634891741 45.698173497483367 0.65808409548480984 3.8303971949790139 1.4898890376498446 0.67776356288231898 3.5129499990434856 0.85049640352371936 0.44894758844748062 0.7627389496192335 3.0006925561465323 0.7775711326394229 1.506522883893922 1.6962111799512056 2.0425650416873395 0.40202515129931082 0.55120696834637861 0.19196197899873357 0.23124822306272008 0.89876967610325564 9.5403088847669988 6.8213380045490322 2.0379682891070847 0.28828192327637214
leaf_count=1015 6208 21 693 7254 3406 87 243 10179 609 735 989 296 1254 78 42 6 6 18 12 18 12 78 83 152 262 588 1148 76 12 420
internal_value=-1.17039e-09 0.00356732 -0.01401 -0.0136449 -0.0101773 0.0115348 0.0155636 -0.0139408 -0.0343446 -0.0254849 -0.0118454 -0.0304929 -0.00956552 0.0025095 0.0161616 -0.0363593 0.0332231 0.00486237 0.0136935 0.02981 -0.00523331 -0.0016717 -0.00805544 0.00536307 -0.000644485 -0.0215853 -0.0323592 -0.000330087 0.0224124 -0.0172958
internal_weight=564.419 449.87 114.549 113.955 79.3175 52.7273 40.4024 56.8668 5.29605 4.63796 51.5707 5.87256 4.38268 397.142 11.0857 2.71821 8.36754 5.36684 1.95547 4.58927 2.89306 12.325 9.81254 3.70491 22.4507 34.638 10.4391 9.26133 2.43999 4.11868
internal_count=36000 7000 29000 27985 18995 600 330 15327 2457 1848 12870 2691 1702 6400 192 60 132 126 54 108 90 270 249 1406 3668 8990 1736 166 90 1155
is_linear=0
shrinkage=0.08


Tree=36
num_leaves=31
num_cat=0
split_feature=2 2 7 7 2 8 7 7 6 8 6 2 6 6 7 7 6 6 6 6 6 2 6 7 2 2 7 2 6 2
split_gain=3.0336 0.544702 0.418561 0.412041 0.371977 2.01345 1.39528 1.01336 0.42073 4.59341 0.350405 1.28983 1.86729 2.42273 1.04587 0.697822 0.64 1.18527 0.881566 0.531368 0.81962 1.24817 1.34749 0.743555 1.76863 0.502084 0.801205 0.44136 0.55625 0.383609
threshold=2.5000000000000004 5.5000000000000009 -0.98296291314453399 0.98296291314453421 3.5000000000000004 1.0000000180025095e-35 -0.60355339059327384 -0.70710678118654757 -0.37940952255126059 1.0000000180025095e-35 -0.25881904510252113 8.5000000000000018 -0.78656609248549303 -0.60355339059327362 0.1294095225512602 -1.0000000180025095e-35 -0.78656609248549303 -0.60355339059327362 -0.98296291314453399 0.37940952255126054 0.12940952255126045 9.5000000000000018 1.0000000180025095e-35 -0.70710678118654757 6.5000000000000009 8.5000000000000018 -1.0000000180025095e-35 6.5000000000000009 0.25881904510252091 6.5000000000000009
decision_type=2 2 2 2 2 2 2 2 2 2 2 2 2 2 2 2 2 2 2 2 2 2 2 2 2 2 2 2 2 2
left_child=2 4 -1 -4 5 6 7 -2 -6 -10 11 12 14 15 -3 -14 18 -18 -13 20 21 25 -23 24 -21 29 -27 -22 -29 -12
right_child=1 10 3 -5 8 -7 -8 -9 9 -11 19 16 13 -15 -16 -17 17 -19 -20 23 27 22 -24 -25 -26 26 -28 28 -30 -31
leaf_value=-0.083805768472531239 -0.093608016812754061 -0.012154728413103838 -0.010839801604357961 -0.038995456507782633 0.0044389185321875406 0.073402420822544945 -0.089219587625263802 0.04680152162068929 -0.0014170185971929357 -0.15921776165614268 0.028102698429037169 0.03206833577197922 -0.14702534466109149 -0.0059200699791831513 0.020254920728611441 -0.058414861546991437 0.042476481783598821 0.005610007624121398 -0.006556714847718457 -0.0084846096835724926 0.011284843895425792 -0.12543958031394736 -0.009474802354667038 0.0064962652596830582 -0.16370698867312006 0.0050780540132995709 0.064177864061319326 0.021681167460015766 0.066926617364993654 0.0045670188380162943
leaf_weight=0.51833636083756474 0.4108515514235479 11.36183799034916 103.70580169511231 3.4367521946551269 82.653534782555653 2.5600322947720997 1.2165885394351779 1.6505592677858663 158.77816584722314 1.1894277372339264 5.8237701877951684 4.8261976103531223 0.63138685573358078 11.74148990184767 14.511519393185152 5.7374374246574034 9.4991049608215707 13.532190128928049 17.475435190775897 3.8583805952221146 3.337539758460478 0.78984885872341593 3.4095864873379469 73.530349551176187 0.534927024738863 2.7861600591568276 3.1032598318997762 3.1556909728096798 3.8736527120345272 18.548156841658056
leaf_count=945 520 168 25245 810 1694 110 1270 100 2684 22 69 30 48 240 120 88 85 150 150 24 60 48 21 858 80 34 12 90 110 115
internal_value=-1.93445e-09 0.00282634 -0.0120899 -0.0117429 0.000284479 0.0202395 -0.0212794 0.0188171 -0.000195685 -0.00259033 0.00580439 0.00199211 -0.00776794 -0.0274701 0.00602278 -0.0671994 0.0114617 0.0208153 0.00180196 0.00857829 0.0155179 0.00958477 -0.031286 0.00458608 -0.0273844 0.0152565 0.036219 0.0352404 0.0466145 0.010191
internal_weight=568.188 460.527 107.661 107.143 248.459 5.83803 3.278 2.06141 242.621 159.968 212.068 89.3166 43.9837 18.1103 25.8734 6.36882 45.3329 23.0313 22.3016 122.751 44.8277 34.4608 4.19944 77.9237 4.39331 30.2613 5.88942 10.3669 7.02934 24.3719
internal_count=36000 9000 27000 26055 6400 2000 1890 620 4400 2706 2600 1079 664 376 288 136 415 235 180 1521 559 299 69 962 104 230 46 260 200 184
is_linear=0
shrinkage=0.08


Tree=37
num_leaves=31
num_cat=0
split_feature=2 10 6 6 2 7 6 7 7 6 7 10 2 10 6 2 2 6 2 6 6 2 6 2 10 6 2 2 2 10
split_gain=4.10387 0.578599 1.2379 4.4033 0.566501 0.53345 1.03381 0.702789 0.706943 0.654288 0.748248 1.19347 0.770569 1.66811 1.60842 1.03849 0.680208 0.481729 0.451236 1.04124 0.415982 0.587054 0.488774 1.21778 1.03178 0.895427 0.491115 0.473615 0.618431 0.42496
threshold=4.5000000000000009 1.5000000000000002 -1.0000000180025095e-35 0.78656609248549325 2.5000000000000004 -0.9159756150367534 0.25881904510252091 0.25881904510252057 0.37940952255126048 0.37940952255126054 -0.12940952255126037 1.0000000180025095e-35 1.5000000000000002 1.0000000180025095e-35 -0.98296291314453399 1.0000000180025095e-35 1.5000000000000002 -0.91597561503675329 1.0000000180025095e-35 -0.70710678118654735 0.98296291314453421 1.0000000180025095e-35 0.91597561503675362 1.0000000180025095e-35 1.0000000180025095e-35 0.78656609248549325 3.5000000000000004 1.5000000000000002 3.5000000000000004 1.0000000180025095e-35
decision_type=2 2 2 2 2 2 2 2 2 2 2 2 2 2 2 2 2 2 2 2 2 2 2 2 2 2 2 2 2 2
left_child=1 5 18 -4 -5 6 -1 9 -9 10 11 16 14 -14 -12 -16 17 -7 19 -3 22 -22 25 -24 27 26 29 -25 -29 -11
right_child=-2 2 3 4 -6 7 -8 8 -10 20 12 -13 13 -15 15 -17 -18 -19 -20 -21 21 -23 23 24 -26 -27 -28 28 -30 -31
leaf_value=-0.087292512883940104 0.0037172265520099296 -0.095414494590127907 -0.10476934323346049 0.0084977043010769759 -0.096425202527179524 -0.089740203456923476 -0.015624507294258435 -0.089514593003071158 -0.020297666640673555 -0.005380049370541852 -0.090976343423494338 -0.095939707374792044 -0.041158216889298459 0.059925616829135518 0.00070852515079119051 0.066285057925400667 -0.091114518132330583 -0.011602873864771558 0.016439900501411326 0.0023470250038838672 -0.0046004912710248804 -0.089762355165659766 -0.092036457509385008 0.092397900346971706 -0.096268808539073047 -0.095606412088522039 -0.10578412243486104 -0.092556225289010308 0.048620547469216804 0.024529569954796049
leaf_weight=1.9208998192625575 433.46868387370341 0.77994211025361426 3.1855393897276363 8.7400772751425357 0.3422321456891958 0.53098065283847695 3.9106645022693556 0.9671955035882992 40.005875798233319 7.426138555514628 0.80345991830108676 1.5275731723813812 5.5291081207687967 1.2882549229689173 3.5539731143217086 2.7349394310731441 0.81730173114920113 10.308635358349417 14.046174578819771 6.5771611575037268 2.1081720322836186 0.68681854853639368 0.45752219064161082 1.4946195220109082 0.30009832861833263 0.59672121275798495 0.25266786012798625 0.22338863206096005 1.7884591640904546 5.1476478121476248
leaf_count=2091 5000 611 2144 1040 240 476 1353 492 9963 1584 546 961 360 120 387 432 744 1632 1767 598 430 800 344 280 168 615 108 160 32 522
internal_value=2.00353e-09 -0.0125831 -0.0035799 -0.0238409 0.00454409 -0.0157951 -0.0392317 -0.0142517 -0.0219316 -0.00763769 -0.0157947 -0.02945 -0.00285131 -0.0220567 0.0156094 0.0292266 -0.0207369 -0.0154304 0.00803319 -0.00801688 0.00315247 -0.0255275 0.00768455 0.03128 0.0461018 0.000189074 0.00464574 0.0582865 0.0329448 0.00686481
internal_weight=561.521 128.052 33.6711 12.2678 9.08231 94.3811 5.83156 88.5496 40.9731 47.5765 27.0942 13.1845 13.9097 6.81736 7.09237 6.28891 11.6569 10.8396 21.4033 7.3571 20.4823 2.79499 17.6873 4.26409 3.80657 13.4232 12.8265 3.50647 2.01185 12.5738
internal_count=36000 31000 6400 3424 1280 24600 3444 21156 10455 10701 5658 3813 1845 480 1365 819 2852 2108 2976 1209 5043 1230 3813 984 640 2829 2214 472 192 2106
is_linear=0
shrinkage=0.08


Tree=38
num_leaves=31
num_cat=0
split_feature=2 6 2 6 7 10 10 7 2 2 6 6 6 10 7 10 6 6 7 2 7 2 7 6 6 2 2 6 2 2
split_gain=4.67003 3.58828 0.881742 6.28169 2.77959 2.07993 1.21947 0.878326 0.844977 0.808061 1.66581 0.94283 0.673212 0.59294 0.566292 0.532183 1.25264 1.07808 1.22515 0.813474 0.509229 0.471326 0.745448 0.739999 0.558006 0.468401 0.432932 0.407204 2.80501 1.58613
threshold=1.0000000180025095e-35 -0.91597561503675329 4.5000000000000009 -0.91597561503675329 -1.0000000180025095e-35 1.0000000180025095e-35 1.0000000180025095e-35 -0.9159756150367534 1.5000000000000002 3.5000000000000004 0.91597561503675362 -0.70710678118654735 0.98296291314453421 1.0000000180025095e-35 0.98296291314453421 1.0000000180025095e-35 0.91597561503675362 0.91597561503675362 -1.0000000180025095e-35 1.5000000000000002 0.98296291314453421 2.5000000000000004 0.78656609248549303 -0.37940952255126059 -0.37940952255126059 2.5000000000000004 1.5000000000000002 0.60355339059327384 1.5000000000000002 1.5000000000000002
decision_type=2 2 2 2 2 2 2 2 2 2 2 2 2 2 2 2 2 2 2 2 2 2 2 2 2 2 2 2 2 2
left_child=1 -1 3 4 5 -2 26 -3 -7 12 11 -11 15 -12 -9 17 25 20 19 -19 21 22 27 -24 -23 -17 -6 29 -29 -5
right_child=2 7 -4 9 6 8 -8 14 -10 10 13 -13 -14 -15 -16 16 -18 18 -20 -21 -22 24 23 -25 -26 -27 -28 28 -30 -31
leaf_value=-0.072440408533666234 -0.09129554179218341 -0.088293279355291188 0.0035539282387380324 -0.0026966335457840086 0.078976708640796811 -0.090714323100526809 -0.088722583331807547 -0.010279675127564829 0.051144571676854378 -0.033696687988665923 0.045247877866162252 -0.097687588286706872 -0.088664872167455722 -0.097202414705282486 -0.084408118639846791 0.0041421893288674681 -0.095829261775913888 0.085145752699571628 -0.088617616918641728 -0.091143630519001179 -0.084888911503332762 -0.089708061721147411 -0.03019022210787611 -0.09749126507724952 0.0097588161387303571 -0.09026786260965422 0.12462344341979041 -0.095255822382754513 0.037164363448382781 -0.098032403803591364
leaf_weight=8.3637225090460543 1.0555303306027779 0.98876260643009928 433.97951713557268 15.733430778491318 2.953191629261708 0.29592239620978977 0.22963708829411178 32.578949213042506 2.9241338677093154 9.114820444112409 2.0130522942054081 1.7577693421044376 0.67701494789798644 0.20616161043290038 0.6731830338248973 26.282424949269632 0.84807639941573043 1.6253731024917217 0.3943653161986721 0.18677165010012675 0.72518516541458566 0.38611208120710205 3.8105119872489013 1.4410212721559208 5.541647270001703 0.34068625189683999 2.4190429624577519 2.3430445776029947 1.8182575500104574 1.2022246456181171
leaf_count=1232 767 1568 5000 2695 315 247 360 8064 273 250 88 1310 890 132 336 4836 408 280 220 160 330 385 672 1008 665 468 216 1330 494 1001
internal_value=-2.24537e-10 -0.0254643 0.00208511 -0.00529898 0.054738 0.00616148 0.0918137 -0.0139898 0.0381078 -0.0130561 -0.0311496 -0.0440421 -0.00931724 0.0320145 -0.0117804 -0.00846019 -0.000114912 -0.0149716 0.0391672 0.0669762 -0.0185914 -0.0171018 -0.0216872 -0.0486576 0.00327992 0.00293406 0.0995308 -0.0149737 -0.0373956 -0.00946431
internal_weight=562.91 42.6046 520.305 86.3254 9.87746 4.27559 5.60187 34.2409 3.22006 76.448 13.0918 10.8726 63.3561 2.21921 33.2521 62.6791 27.4712 35.2079 2.20651 1.81214 33.0014 32.2763 26.3485 5.25153 5.92776 26.6231 5.37223 21.097 4.1613 16.9357
internal_count=36000 11200 24800 19800 2178 1287 891 9968 520 17622 1780 1560 15842 220 8400 14952 5712 9240 660 440 8580 8250 7200 1680 1050 5304 531 5520 1824 3696
is_linear=0
shrinkage=0.08


Tree=39
num_leaves=31
num_cat=0
split_feature=2 2 6 6 10 10 6 6 6 2 6 2 2 6 6 6 2 6 2 10 2 10 6 2 6 6 2 6 2 6
split_gain=1.88456 0.417292 0.86027 1.2238 0.993571 0.403387 0.504255 0.456158 3.00364 0.80733 0.39504 2.24613 1.22288 1.97289 1.73068 4.90077 0.411322 0.406358 2.07937 1.50038 1.36644 1.13654 2.19294 3.6082 1.0702 1.00722 2.57323 0.980782 0.653801 0.782503
threshold=3.5000000000000004 8.5000000000000018 -0.98296291314453399 -0.60355339059327362 1.0000000180025095e-35 1.5000000000000002 -0.91597561503675329 -1.0000000180025095e-35 0.78656609248549325 1.5000000000000002 -0.98296291314453399 7.5000000000000009 7.5000000000000009 -0.60355339059327362 0.12940952255126045 0.60355339059327384 5.5000000000000009 -0.25881904510252113 4.5000000000000009 1.0000000180025095e-35 4.5000000000000009 1.5000000000000002 0.78656609248549325 5.5000000000000009 -0.70710678118654735 -1.0000000180025095e-35 6.5000000000000009 0.91597561503675362 5.5000000000000009 -0.5
decision_type=2 2 2 2 2 2 2 2 2 2 2 2 2 2 2 2 2 2 2 2 2 2 2 2 2 2 2 2 2 2
left_child=5 10 -3 4 -4 -1 -7 9 -9 -8 11 16 17 -14 -15 -16 -2 18 24 28 27 -22 25 -24 -12 26 -23 -19 -20 -30
right_child=1 2 3 -5 -6 6 7 8 -10 -11 12 -13 13 14 15 -17 -18 20 19 -21 21 22 23 -25 -26 -27 -28 -29 29 -31
leaf_value=-0.012377974522786404 -0.02027343524901002 -0.019844155333338675 0.01448025662512676 0.0033504049283479475 0.050964183693706346 -0.087410470370165347 0.0098277316131875191 -0.096357670629158898 0.007714300504132944 -0.088308502253106505 0.050470087902424875 0.061859915977319248 -0.14101735852741121 0.0061670141486389694 -0.078640946499154027 0.015061262858676101 -0.12894122490286111 -0.099654208030368924 -0.0074020423301095831 0.0099482057172923521 0.0093858567652823407 0.0077844012836332287 -0.016924495208882832 -0.15026164941379599 -0.089618378822788336 0.010313699674791654 -0.15732192837948819 -0.016623556129796397 -0.025603027699489182 -0.14169550462482516
leaf_weight=79.542366027788376 3.1031998366233888 6.9313618127489454 16.476700841332789 58.579915539186914 6.7279028452467164 0.43200978340974217 18.791340321549807 2.2263368015410334 8.7518896800756902 0.55227111818385211 6.1582229219493456 3.7933987872675061 0.76614010325283644 17.005614568013701 7.1159865828813036 7.173327517695725 0.24017947714310128 1.2193479471461603 73.102651005261578 35.151613649417413 137.7974829350278 2.1874707783572371 15.803588072070854 1.4151883689919476 0.36997971480013703 35.169344115070999 0.83464173972606648 3.5945596088422462 7.9761870967340656 0.38974165462422927
leaf_count=23400 132 30 141 735 94 616 1349 1876 1120 639 410 12 94 106 68 120 36 950 693 462 1521 30 80 120 360 335 20 220 183 48
internal_value=-4.21531e-10 0.00230122 0.00721616 0.00950957 0.0250583 -0.00936967 -0.00158894 -0.000366202 -0.013391 0.00702589 0.00109125 0.0197257 0.000714753 -0.0141834 -0.0110783 -0.0316018 -0.0280798 0.00220197 -0.00140646 -0.00386599 0.00444603 0.00549501 -0.00418099 -0.0278833 0.0425307 0.0065053 -0.0378144 -0.037655 -0.00982646 -0.0310114
internal_weight=559.38 449.084 88.7159 81.7845 23.2046 110.296 30.7538 30.3218 10.9782 19.3436 360.368 7.13678 353.231 32.0611 31.2949 14.2893 3.34338 321.17 123.148 116.62 198.022 193.208 55.4102 17.2188 6.5282 38.1915 3.02211 4.81391 81.4686 8.36593
internal_count=36000 7000 1000 970 235 29000 5600 4984 2996 1988 6000 180 5820 388 294 188 168 5432 2156 1386 3276 2106 585 200 770 385 50 1170 924 231
is_linear=0
shrinkage=0.08


Tree=40
num_leaves=31
num_cat=0
split_feature=2 6 6 6 2 2 6 2 10 6 6 10 6 6 6 6 6 6 2 6 6 10 10 2 6 6 6 2 6 6
split_gain=2.86247 0.537559 0.754569 0.48886 0.519871 0.46095 1.25566 0.81041 1.28287 2.07959 1.16066 1.53964 4.23256 2.65072 1.12005 0.802573 0.791149 2.78837 5.19604 0.901971 0.773433 4.84372 1.4368 0.684557 3.31743 2.20361 0.675568 1.6319 1.20278 0.556311
threshold=4.5000000000000009 0.78656609248549325 -0.78656609248549303 0.98296291314453421 1.0000000180025095e-35 8.5000000000000018 -0.60355339059327362 5.5000000000000009 1.0000000180025095e-35 0.25881904510252091 1.0000000180025095e-35 1.5000000000000002 -0.5 -0.25881904510252113 0.78656609248549325 0.98296291314453421 0.25881904510252091 0.37940952255126054 7.5000000000000009 0.91597561503675362 -0.78656609248549303 1.0000000180025095e-35 1.0000000180025095e-35 6.5000000000000009 0.98296291314453421 0.98296291314453421 -0.25881904510252113 6.5000000000000009 -0.5 -0.60355339059327362
decision_type=2 2 2 2 2 2 2 2 2 2 2 2 2 2 2 2 2 2 2 2 2 2 2 2 2 2 2 2 2 2
left_child=1 2 -1 -3 -5 7 20 8 14 10 11 12 -10 -13 -2 -16 26 18 -18 -19 21 -7 -22 25 -25 -21 27 28 29 -9
right_child=5 3 -4 4 -6 6 -8 16 9 -11 -12 13 -14 -15 15 -17 17 19 -20 23 22 -23 -24 24 -26 -27 -28 -29 -30 -31
leaf_value=-0.0025828154186107659 0.0047150747014046189 0.0062549943225355762 -0.017461856214690902 -0.0098670031104523756 -0.087903675682660776 0.022910588727411991 0.0016708892257014866 -0.042634405477055479 -0.14493892201324879 0.033455695487308319 -0.037664773949748404 0.0029909279710747683 0.067236801333239088 -0.13626401462356913 -0.017773368042549184 0.012348354855199089 -0.076534230375868942 0.0044495272481147163 0.077412497049746995 0.036799701604964145 -0.0051494420090920957 -0.15297774846118509 0.063255467320394429 -0.15075557770783635 0.024024519691348455 -0.05917827599269862 0.012369856838875953 0.0042617969238760069 -0.14931999637295218 0.0015004146346584812
leaf_weight=31.103788004660601 138.99587343423627 17.499690288648711 73.033349644618283 2.2439406094199508 0.72220272087724868 17.84313064429444 59.220596041304816 5.1991103415493845 0.68131336627993722 23.204764764348511 4.3386020144098429 12.420649884035813 5.1504212211584717 0.94111405103467127 26.987950818322133 7.1638975506648412 7.9612931410083529 35.172361523611471 1.7033954664657356 2.0538863337133062 2.8836147739784774 1.0616597622283723 6.1700818730751052 0.80119782488327373 5.2444954386446625 6.0135726138250902 27.031023346658912 32.572489730402594 0.55089815426617761 2.8188304521609089
leaf_count=5580 1440 4650 19220 560 990 108 735 159 67 255 48 166 32 32 270 90 66 416 22 36 51 72 34 60 50 30 256 415 48 42
internal_value=4.56568e-10 -0.0106883 -0.0130178 0.00116463 -0.0288675 0.00306734 0.00826781 0.00176082 0.00470042 0.0164619 -0.000295518 0.00815163 0.0424486 -0.00681727 0.0015257 -0.0114549 -0.0033238 -0.0101107 -0.0494012 -0.00240595 0.0222411 0.013033 0.0414684 -0.019491 0.000862009 -0.0347433 0.00254495 -0.00391029 -0.0349746 -0.0271181
internal_weight=558.789 124.603 104.137 20.4658 2.96614 434.186 87.1791 347.007 219.885 46.7369 23.5321 19.1935 5.83173 13.3618 173.148 34.1518 127.123 58.9502 9.66469 49.2855 27.9585 18.9048 9.0537 14.1132 6.04569 8.06746 68.1724 41.1413 8.56884 8.01794
internal_count=36000 31000 24800 6200 1550 5000 1000 4000 2400 600 345 297 99 198 1800 360 1600 680 88 592 265 180 85 176 110 66 920 664 249 201
is_linear=0
shrinkage=0.08


Tree=41
num_leaves=31
num_cat=0
split_feature=2 2 7 6 7 6 2 6 2 7 7 7 2 6 7 2 2 6 6 6 7 2 7 6 7 7 7 2 2 6
split_gain=2.62201 1.02739 2.60888 5.75348 1.42756 0.959363 0.840893 1.52373 0.694557 1.47124 2.06059 0.793958 0.555792 0.542091 0.501534 0.479683 0.433232 0.590421 0.628036 1.78372 0.465315 0.583127 0.431268 0.386518 0.383838 0.35422 0.344838 0.632843 0.404745 0.339297
threshold=4.5000000000000009 7.5000000000000009 -0.9159756150367534 0.25881904510252091 -0.9159756150367534 0.25881904510252091 3.5000000000000004 -0.91597561503675329 5.5000000000000009 1.0000000180025095e-35 -0.5 0.37940952255126048 6.5000000000000009 -0.91597561503675329 -0.12940952255126037 5.5000000000000009 8.5000000000000018 -0.98296291314453399 -0.78656609248549303 -0.60355339059327362 0.91597561503675351 9.5000000000000018 0.1294095225512602 1.0000000180025095e-35 -0.37940952255126015 0.98296291314453421 -0.9159756150367534 1.0000000180025095e-35 1.5000000000000002 0.60355339059327384
decision_type=2 2 2 2 2 2 2 2 2 2 2 2 2 2 2 2 2 2 2 2 2 2 2 2 2 2 2 2 2 2
left_child=6 4 3 -3 5 15 25 14 13 10 -10 -11 -7 -6 -8 -2 29 -18 22 -20 -21 -22 -19 -17 -9 26 27 -1 -29 -4
right_child=1 2 16 -5 8 12 7 24 9 11 -12 -13 -14 -15 -16 23 17 18 19 20 21 -23 -24 -25 -26 -27 -28 28 -30 -31
leaf_value=-0.08758152756062007 -0.0017894315049861137 -0.0013813439692281803 -0.015274086399110234 -0.083515460249693557 -0.015235498679154731 0.026177150295285917 0.046366695023926589 -0.092726703128672816 -0.0028476270113798256 0.033416706956330547 -0.12850365035772382 0.010999446282177668 0.073589989431548597 0.0017706999366421214 -0.092140643864398492 0.035115255173981876 0.034165101860597957 0.0021263896278242672 0.040677761577046376 -0.00097268676277742234 0.046730710507619629 2.5887810688013713e-05 -0.022876908712238953 -0.0032844479673154342 -0.033478019745208157 -0.034184008606848032 -0.0056377424047886083 -0.0090215393300147224 -0.086315267400297713 0.0056818799000751298
leaf_weight=0.87654111058509343 14.929100139881486 18.585726163350049 13.399159399850761 7.7279711319715707 12.888936734991146 22.214447878999639 2.0223406839068052 0.73767094843787973 19.448121476569217 14.03855934331659 0.87270780524704505 36.145883014949504 1.7036983595899062 173.16109883366153 0.18240609408531128 5.2287698378786436 4.2888079279800868 9.4307932691881433 8.8808292084722762 46.009218785737175 3.1432178051909423 3.7544791445252486 8.3012257335358299 2.4701598901301622 13.629027706265331 3.1291450699209227 97.705298394084821 5.6793904834485147 0.46942128158116236 7.8367886185878879
leaf_count=1568 204 119 224 77 264 165 70 750 252 138 156 486 33 1800 150 60 30 75 85 490 42 63 75 42 1030 870 24070 1512 980 120
internal_value=7.72138e-10 0.00293247 -0.00297701 -0.025503 0.00549352 0.0183832 -0.0102389 -0.0270171 0.00315498 0.00991671 -0.00824411 0.0172704 0.0295544 0.000592566 0.0349075 0.00657511 0.00266577 0.00525193 0.00369253 0.00750119 0.00193225 0.0213089 -0.00957888 0.0227949 -0.0365202 -0.00766113 -0.00686868 -0.023988 -0.0149224 -0.00754062
internal_weight=558.891 434.46 131.358 26.3137 303.101 46.5462 124.431 16.5714 256.555 70.5053 20.3208 50.1844 23.9181 186.05 2.20475 22.628 105.045 83.8086 79.5198 61.7877 52.9069 6.8977 17.732 7.69893 14.3667 107.86 104.731 7.02535 6.14881 21.2359
internal_count=36000 5000 1400 196 3600 504 31000 2000 3096 1032 408 624 198 2064 220 306 1204 860 830 680 595 105 150 102 1780 29000 28130 4060 2492 344
is_linear=0
shrinkage=0.08


Tree=42
num_leaves=31
num_cat=0
split_feature=10 6 6 2 2 2 2 2 2 6 6 2 6 6 6 2 10 6 6 2 6 6 8 6 6 6 2 6 6 2
split_gain=1.43091 1.44845 2.64453 1.55351 2.66006 1.22755 1.52925 0.998636 1.20803 1.21708 1.61288 0.747108 0.838149 0.982026 3.1136 1.28986 0.738599 0.67433 4.22933 0.626787 1.27881 0.989602 0.79308 0.705088 0.604058 2.08178 0.633153 0.596627 0.576377 1.28772
threshold=1.0000000180025095e-35 -0.98296291314453399 -0.91597561503675329 6.5000000000000009 5.5000000000000009 4.5000000000000009 2.5000000000000004 2.5000000000000004 4.5000000000000009 -0.70710678118654735 -0.78656609248549303 5.5000000000000009 -0.98296291314453399 -0.91597561503675329 -0.70710678118654735 9.5000000000000018 1.5000000000000002 1.0000000180025095e-35 0.37940952255126054 1.5000000000000002 0.60355339059327384 -0.70710678118654735 1.0000000180025095e-35 0.91597561503675362 0.37940952255126054 0.25881904510252091 5.5000000000000009 -0.98296291314453399 0.91597561503675362 3.5000000000000004
decision_type=2 2 2 2 2 2 2 2 2 2 2 2 2 2 2 2 2 2 2 2 2 2 2 2 2 2 2 2 2 2
left_child=7 16 3 4 -3 6 -4 19 9 10 -9 -10 -13 15 -15 -14 -2 -16 -19 21 22 27 -21 -22 25 -7 -26 -1 29 -11
right_child=1 2 5 -5 -6 24 -8 8 11 28 -12 12 13 14 17 -17 -18 18 -20 20 23 -23 -24 -25 26 -27 -28 -29 -30 -31
leaf_value=-0.08816019116724895 0.050837833184288875 -0.041596956743592345 -0.0024325908232169726 -0.06460771647051744 0.073937911039317503 0.010921984315726632 -0.090481343513947543 -0.093843866467263531 -0.0053949787899167405 0.0059733747493461564 0.072611405688913902 -0.023225393729070783 0.050996068353465242 -0.13260412796890594 0.014454700687475831 0.0039303896291756884 -0.093739769261476077 -0.13736991827784312 0.002192444145092141 -0.094689254229427089 0.040358604614171893 -0.017813314333921543 -0.032889155906939339 -0.089750149346904493 0.013045973054373914 0.060715358753983151 -0.0043092273472305513 0.0092681042417118095 0.041032781231125019 -0.10667277831171466
leaf_weight=0.41286301115178581 5.5073917711561071 4.0443318613833963 45.179325736389728 5.3725353339978028 1.862857826054096 82.463226974497957 1.2987312574987289 0.41120663814945135 183.01446204676176 5.70121221449517 3.9631725605286183 7.1210806973977006 6.4461056020227234 1.0909749952261325 24.443801767949481 8.8332352144643664 0.23582846476347175 1.4293471413948271 50.076308238203637 1.8174397815891987 1.8311526820180009 30.096215685276547 4.9448122357716784 0.31198656948981796 24.330129629699513 5.7482549437117987 30.09351605491247 15.671501302073011 2.1442346124094911 0.73298698355210934
leaf_count=408 210 1056 9612 96 16 930 1602 396 1800 917 121 36 64 150 312 32 228 162 444 1677 494 10404 143 286 222 110 518 2788 242 524
internal_value=4.60154e-10 0.00528903 0.00415375 -0.0334763 -0.00516254 0.00639821 -0.00489293 -0.00311064 -0.00126663 0.022623 0.056964 -0.00236216 0.00321955 0.00525938 0.00158489 0.0237866 0.0449012 0.00351244 -0.00168059 -0.0129994 -0.0324321 -0.00925208 -0.0494987 0.0214181 0.0100775 0.0141667 0.00344943 0.00676726 0.00511161 -0.00685933
internal_weight=556.63 206.136 200.393 11.2797 5.90719 189.113 46.4781 350.494 295.408 12.9528 4.37438 282.455 99.4409 92.3198 77.0404 15.2793 5.74322 75.9495 51.5057 55.086 8.90539 46.1806 6.76225 2.14314 142.635 88.2115 54.4236 16.0844 8.57843 6.4342
internal_count=36000 14600 14162 1168 1072 12994 11214 21400 5200 2200 517 3000 1200 1164 1068 96 438 918 606 16200 2600 13600 1820 780 1780 1040 740 3196 1683 1441
is_linear=0
shrinkage=0.08


Tree=43
num_leaves=31
num_cat=0
split_feature=2 2 6 6 2 2 6 6 8 2 2 6 6 7 7 2 7 7 6 2 6 2 7 2 2 6 7 7 2 7
split_gain=3.80678 1.4487 0.805149 0.467836 1.73047 0.498523 1.55422 0.517982 0.434562 0.408902 0.801123 0.80206 1.82123 1.29512 0.438692 1.36833 0.4081 0.395657 1.41382 0.33026 1.82589 0.328346 0.305986 0.299719 1.3262 1.64154 0.293342 0.774052 0.379607 0.422009
threshold=4.5000000000000009 3.5000000000000004 -0.78656609248549303 -0.60355339059327362 8.5000000000000018 7.5000000000000009 -0.98296291314453399 -0.98296291314453399 1.0000000180025095e-35 6.5000000000000009 7.5000000000000009 0.12940952255126045 0.60355339059327384 0.37940952255126048 0.91597561503675351 8.5000000000000018 -0.37940952255126015 0.78656609248549303 -1.0000000180025095e-35 9.5000000000000018 0.12940952255126045 8.5000000000000018 -0.37940952255126015 6.5000000000000009 5.5000000000000009 -0.91597561503675329 0.37940952255126048 0.60355339059327384 5.5000000000000009 0.78656609248549303
decision_type=2 2 2 2 2 2 2 2 2 2 2 2 2 2 2 2 2 2 2 2 2 2 2 2 2 2 2 2 2 2
left_child=1 -1 -3 4 5 7 -7 -2 -6 26 11 17 -13 -14 21 -16 -4 -11 -19 -17 -21 -12 -23 24 -9 -26 -5 -28 29 -29
right_child=3 2 16 9 8 6 -8 23 -10 10 14 12 13 -15 15 19 -18 18 -20 20 -22 22 -24 -25 25 -27 27 28 -30 -31
leaf_value=-0.0087749347237681182 -0.026347763084810207 -0.059818661519568633 -0.090735690877739347 0.0068663615713402707 0.02399813449448172 -0.0056865026597753467 -0.13317364634876572 0.0071090127438267091 0.069267983245222514 0.01584741983572973 0.0075586391642359883 -0.058786576035902829 -0.023686426965236256 0.032906671400463286 -0.1187615858290658 0.050370558997039447 -0.019004864823685408 -0.14286758636656297 0.0095571387619025512 -0.12281857251841299 0.039639108867789645 -0.011773322358603087 0.0010736329041218212 0.015235572126766014 -0.016156494556866848 -0.14264197723773478 -0.027361088549558956 0.01339448105951503 0.013212353854010107 -0.0028774205750975524
leaf_weight=110.10157531574441 3.3266464241314671 5.2671628488169544 0.53146336317877541 118.95139585711877 23.670620486780539 6.4118165373802185 0.6765945790684772 43.407783786475193 1.4396444232552301 6.5796436856035161 27.010815649642609 6.1618554662709384 7.8656019447371346 3.857074007159099 0.4160794402268938 2.9747731436946196 11.312448664248217 0.49272448103874933 1.8583254106342793 0.52734942059032652 2.7604949761007447 17.947680788798607 35.012170591042377 16.745703585795127 3.7495916915358976 0.79609634989173983 5.8290127732325336 12.457115358440204 17.683186589274555 56.311796801601304
leaf_count=29000 108 360 670 1245 235 12 94 564 30 81 252 102 111 69 42 42 970 60 18 36 27 305 325 141 48 93 195 120 153 492
internal_value=1.08379e-10 -0.0121405 -0.0337962 0.00363461 0.00841248 0.00233464 -0.0178553 0.00443846 0.0265936 0.00215982 -0.00171374 -0.0137975 -0.0235745 -0.00506578 0.00202579 0.0217231 -0.0222236 0.00578189 -0.0223875 0.0310567 0.0135819 0.000380782 -0.0032801 0.0060214 0.00280375 -0.0383082 0.00424052 0.000855779 0.00275829 7.01461e-05
internal_weight=552.134 127.213 17.1111 424.922 100.224 75.1142 7.08841 68.0258 25.1103 324.697 113.465 26.8152 17.8845 11.7227 86.6494 6.6787 11.8439 8.93069 2.35105 6.26262 3.28784 79.9707 52.9599 64.6992 47.9535 4.54569 211.233 92.2811 86.4521 68.7689
internal_count=36000 31000 2000 5000 1325 1060 106 954 265 3675 1470 441 282 180 1029 147 1640 159 78 105 63 882 630 846 705 141 2205 960 765 612
is_linear=0
shrinkage=0.08


Tree=44
num_leaves=31
num_cat=0
split_feature=2 10 6 6 6 7 6 2 7 2 6 7 7 6 10 2 2 2 10 6 6 6 6 6 2 6 6 6 6 7
split_gain=1.80649 0.782254 0.441292 2.57236 0.472124 0.669773 0.99381 0.74385 0.432659 0.429074 0.734421 1.40349 0.492303 0.630052 0.978437 1.63197 0.894042 0.483694 0.697247 2.95559 1.77282 1.81729 0.867133 0.746066 1.00751 0.541663 0.478003 0.467582 0.446826 0.400953
threshold=4.5000000000000009 1.5000000000000002 -1.0000000180025095e-35 0.78656609248549325 -0.37940952255126059 -0.12940952255126037 -0.60355339059327362 1.0000000180025095e-35 -0.37940952255126015 5.5000000000000009 -0.91597561503675329 -1.0000000180025095e-35 0.91597561503675351 0.12940952255126045 1.0000000180025095e-35 7.5000000000000009 8.5000000000000018 7.5000000000000009 1.5000000000000002 -0.70710678118654735 -0.60355339059327362 0.78656609248549325 0.37940952255126054 0.25881904510252091 8.5000000000000018 -0.70710678118654735 -0.37940952255126059 -0.60355339059327362 0.98296291314453421 -0.9159756150367534
decision_type=2 2 2 2 2 2 2 2 2 2 2 2 2 2 2 2 2 2 2 2 2 2 2 2 2 2 2 2 2 2
left_child=1 -1 4 -4 5 -3 -7 -8 -5 10 11 -2 17 14 16 -16 -14 29 22 -20 -21 -22 23 24 27 -26 -12 -19 -24 -11
right_child=9 2 3 8 -6 6 7 -9 -10 12 26 -13 13 -15 15 -17 -18 18 19 20 21 -23 28 -25 25 -27 -28 -29 -30 -31
leaf_value=-0.012390834123511257 -0.012167482102961966 0.0099893197948634042 -0.09430202907766605 -0.099415210570811818 0.028061104539383167 -0.094718842520067043 -0.098067150204398643 0.024602628469174111 0.0088291014222513786 0.023521531373069785 0.0071776116764955778 -0.12958885669843093 -0.0086476547457011634 0.041777090830405837 0.0073943336512708605 -0.12962824651731142 0.056817608260044533 -0.021399717650392371 -0.076958672877885756 0.07316864671741409 -0.030090524296235519 0.030097416633252678 -0.0098486112636800936 0.054966024217082465 0.02549442534058826 0.0053643161736426281 -0.0012070180412328078 0.0025486060400031246 0.01609232747996972 0.0067171947371448774
leaf_weight=90.322742891745293 12.462347728782332 12.020785293454537 1.9507360981951922 0.24224018596578289 5.9470613170997231 1.0563774434449444 0.39197277720086399 1.6401605503342578 9.6832851875951729 10.598265685475779 60.757577877200674 0.68740565801272069 2.5493115650024247 5.183090926388104 1.8483715149341153 0.79581237561069418 2.8031557648209855 7.4330271384969846 3.7328665970126194 1.9713651034981037 8.7211508460313727 5.0811554103856897 30.894772257655859 2.2138618040335123 19.15128597966395 15.461734535871075 153.33781847328646 17.507903361693025 4.9273467691382384 63.735978053882718
leaf_count=24600 156 992 2144 160 512 1024 182 266 1120 168 660 108 36 117 36 48 36 106 47 6 86 40 384 66 188 188 1476 82 60 906
internal_value=3.43709e-10 -0.00854247 0.00201224 -0.0103186 0.00896709 0.00145164 -0.0317779 0.000941182 0.00618731 0.0024381 4.53135e-05 -0.0183057 0.00509558 0.0200509 0.00596884 -0.033845 0.0256373 0.00406593 0.000861931 -0.0129458 0.0022029 -0.00793305 0.00362187 0.00936468 0.00766949 0.0165022 0.00117243 -0.0045886 -0.00628042 0.00911309
internal_weight=555.111 123.255 32.9326 11.8763 21.0564 15.1093 3.08851 2.03213 9.92553 431.856 227.245 13.1498 204.61 13.1797 7.99665 2.64418 5.35247 191.431 117.096 19.5065 15.7737 13.8023 97.5899 61.7678 59.554 34.613 214.095 24.9409 35.8221 74.3342
internal_count=36000 31000 6400 3424 2976 2464 1472 448 1280 5000 2400 264 2600 273 156 84 72 2327 1253 179 132 126 1074 630 564 376 2136 188 444 1074
is_linear=0
shrinkage=0.08


Tree=45
num_leaves=31
num_cat=0
split_feature=2 7 2 7 6 10 10 7 7 6 7 7 10 6 10 6 2 7 2 7 6 6 6 7 6 6 6 2 2 2
split_gain=1.83694 0.662862 0.629646 2.45728 5.1503 2.33257 1.23485 1.70188 1.56849 1.45371 3.14888 1.07513 2.54269 2.11138 1.03686 5.84248 0.784951 1.01291 0.571691 2.13837 0.594026 0.471914 0.897788 0.419846 0.344507 0.336924 0.860471 0.712744 2.41965 0.63763
threshold=3.5000000000000004 0.60355339059327384 7.5000000000000009 -0.78656609248549325 0.25881904510252091 1.5000000000000002 1.0000000180025095e-35 0.98296291314453421 0.98296291314453421 0.37940952255126054 0.60355339059327384 -0.9159756150367534 1.0000000180025095e-35 0.25881904510252091 1.5000000000000002 -1.0000000180025095e-35 6.5000000000000009 -0.98296291314453399 9.5000000000000018 0.25881904510252057 0.98296291314453421 -0.37940952255126059 -0.98296291314453399 -0.98296291314453399 -0.98296291314453399 0.98296291314453421 0.91597561503675362 8.5000000000000018 9.5000000000000018 9.5000000000000018
decision_type=2 2 2 2 2 2 2 2 2 2 2 2 2 2 2 2 2 2 2 2 2 2 2 2 2 2 2 2 2 2
left_child=1 -1 11 4 5 -4 8 9 18 -8 25 12 13 -2 15 -14 17 -16 19 -5 21 22 -20 -18 -13 26 27 -11 -29 -28
right_child=2 -3 3 6 -6 -7 7 -9 -10 10 -12 24 14 -15 16 -17 23 -19 20 -21 -22 -23 -24 -25 -26 -27 29 28 -30 -31
leaf_value=-0.0050407595044825613 0.006550393043416633 -0.018417482267617281 -0.014294560664587152 -0.01173911465332228 -0.080000669362319241 0.049715733619303919 0.037091283251792014 -0.12137787119820603 0.057356349715967446 0.02163993809304501 -0.14740739331276406 -0.023683915276794743 0.052844054121178818 0.046915881504658641 -0.13377381288726758 -0.15981388135767277 0.0071834941695267844 0.034854749717667832 -0.019697190340362623 -0.14662797304388778 0.041402097049165115 -0.012582551505996369 0.014944168726831929 -0.032793704345257406 0.0025491449217426975 -0.011832905604576874 0.019144928700575211 0.0041288044095662332 -0.17210547216196032 0.077928864308307269
leaf_weight=74.957048638920242 15.965947301636332 34.676421749529254 24.937629571883011 10.556639229063872 7.3166157101513809 4.2668810337781897 15.444954119549946 0.5596533149946471 2.6754945756401858 4.5288172791479209 0.84452304115984489 3.2431770606199271 1.6800852681626566 17.257334243797231 0.24122113920748134 1.6280396452348187 2.7313835909590125 4.1517009359886297 6.8510439079254892 0.80986239464618925 1.9980441613588471 18.933234868716685 15.90137317788321 4.3732612848980352 264.61203731725254 3.2797873452072954 2.8636048210319132 2.8637164314277475 0.60371207538992155 2.0097826842684299
leaf_count=20010 272 8990 162 69 133 27 328 24 18 56 64 168 30 176 49 54 14 147 12 79 20 142 122 42 4648 40 36 28 28 12
internal_value=1.62826e-09 -0.00927174 0.0022939 -0.00245744 -0.0199795 -0.00494243 0.0045961 0.0169406 -0.00246054 0.0193269 0.00318173 0.00420784 0.0152297 0.0275176 -0.0123438 -0.0518121 -0.000987786 0.0255951 -0.0053677 -0.0213499 -0.00120912 -0.00325152 0.00451321 -0.0174245 0.00223152 0.0110567 0.01689 0.00074096 -0.0265552 0.0433874
internal_weight=552.763 109.633 443.13 127.245 36.5211 29.2045 90.7242 32.9986 57.7257 32.4389 16.9939 315.884 48.029 33.2233 14.8057 3.30812 11.4976 4.39292 55.0502 11.3665 43.6837 41.6857 22.7524 7.10464 267.855 16.1494 12.8696 7.99625 3.46743 4.87339
internal_count=36000 29000 7000 1400 322 189 1078 616 462 592 264 5600 784 448 336 84 252 196 444 148 296 276 134 56 4816 200 160 112 56 48
is_linear=0
shrinkage=0.08


Tree=46
num_leaves=31
num_cat=0
split_feature=2 6 10 6 7 7 2 10 6 7 6 6 2 7 6 6 6 6 10 2 10 7 2 7 6 7 2 10 2 7
split_gain=2.18045 0.74501 2.68876 3.64493 0.471297 0.936335 0.415544 0.470028 0.587083 0.902875 0.501347 0.464027 1.06203 0.821345 0.932058 0.467656 0.449134 0.371096 0.926781 0.68691 0.577084 0.557391 0.408045 0.329432 0.515652 0.315242 1.39263 1.30835 0.759679 0.306007
threshold=9.5000000000000018 0.91597561503675362 1.0000000180025095e-35 0.98296291314453421 -0.37940952255126015 -0.70710678118654757 3.5000000000000004 1.5000000000000002 0.37940952255126054 1.0000000180025095e-35 -0.91597561503675329 -0.78656609248549303 1.0000000180025095e-35 0.1294095225512602 -0.91597561503675329 -0.91597561503675329 -0.98296291314453399 -0.98296291314453399 1.0000000180025095e-35 1.5000000000000002 1.0000000180025095e-35 0.37940952255126048 1.5000000000000002 0.78656609248549303 0.12940952255126045 0.78656609248549303 1.0000000180025095e-35 1.0000000180025095e-35 1.5000000000000002 0.98296291314453421
decision_type=2 2 2 2 2 2 2 2 2 2 2 2 2 2 2 2 2 2 2 2 2 2 2 2 2 2 2 2 2 2
left_child=6 4 3 -3 5 -2 7 8 11 -10 -9 12 13 15 -15 -1 -8 18 -14 20 21 -19 -20 -6 -25 26 -13 28 -28 -18
right_child=1 2 -4 -5 23 -7 16 10 9 -11 -12 25 17 14 -16 -17 29 19 22 -21 -22 -23 -24 24 -26 -27 27 -29 -30 -31
leaf_value=-0.085050586810935663 0.0067489477142724311 -0.16548447533282953 0.065003347816369572 0.00058312000192215635 0.027830362027355369 -0.13255948500856657 -0.017026120445739937 -0.085924677511689987 0.014236806416376376 -0.015888033247536001 0.0038270088015380731 -0.089984471797050644 -0.088216885085474941 0.090080482033189316 -0.086919630628979588 0.015761542126276468 -0.00030139198629652126 -0.0071207958905763792 -0.090493704782676349 -0.040092835253247271 -0.093366201219878792 0.063545107063157052 0.065901726696371954 -0.00047121137019335928 0.043138205037208957 -0.014104762421640342 0.00093926005250016375 -0.094235215987693938 -0.086582844917158897 0.014148230860269728
leaf_weight=0.37475651362910856 5.6245620504778344 1.1836004476062942 2.0602839709026739 2.9643201439175755 27.157631420588586 0.32672217366052692 10.107119772990698 0.40388169759899284 13.997630104422571 11.680777550383935 28.92887357413565 2.1151432770420806 0.38336448208429152 1.6878078114241359 0.21461498172720883 1.3751018957700609 379.77700267942419 10.372468936169751 0.11674124439014133 5.5595298469852414 0.46341139258584085 0.76720274542458433 1.2497289938619358 6.9767578112659958 2.3098206616850803 16.601489905049675 7.4816427429032029 1.2543173422600382 0.69354632458998811 9.6174390776432102
leaf_count=559 156 24 22 20 186 69 192 616 3627 5031 4984 2365 330 387 258 344 6016 840 78 780 390 210 36 78 45 4095 1925 1045 1100 192
internal_value=-1.06824e-09 0.0161839 -0.00969903 -0.0468039 0.0199741 -0.000899007 -0.00155693 -0.00601691 -0.00932236 0.000533404 0.00259122 -0.014313 -0.00576617 0.0337282 0.0701129 -0.00582878 -0.000376662 -0.0133931 0.0217025 -0.0169713 -0.00589285 -0.00225395 0.0525404 0.0233826 0.0103756 -0.021165 -0.0313178 -0.0181582 -0.00648572 5.54913e-05
internal_weight=553.827 48.6037 6.2082 4.14792 42.3955 5.95128 505.224 105.722 76.3893 25.6784 29.3328 50.7109 22.5647 3.65228 1.90242 1.74986 399.502 18.9124 1.74983 17.1626 11.6031 11.1397 1.36647 36.4442 9.28658 28.1461 11.5446 9.42951 8.17519 389.394
internal_count=36000 600 66 44 534 225 35400 29000 23400 8658 5600 14742 4212 1548 645 903 6400 2664 444 2220 1440 1050 114 309 123 10530 6435 4070 3025 6208
is_linear=0
shrinkage=0.08


Tree=47
num_leaves=31
num_cat=0
split_feature=10 6 2 2 2 6 6 6 6 2 6 2 6 6 2 10 6 6 2 2 2 2 2 6 6 8 2 6 6 2
split_gain=2.19523 2.0709 1.4188 1.39606 1.23195 0.89118 0.870742 0.741719 2.373 1.04533 0.716099 0.584153 0.498399 3.1202 0.432818 0.999209 0.631731 0.663127 0.41209 0.903481 0.401987 0.38327 0.98148 1.11036 1.03556 0.826857 1.55394 0.695815 1.43861 1.29286
threshold=1.0000000180025095e-35 -0.91597561503675329 8.5000000000000018 9.5000000000000018 1.5000000000000002 0.91597561503675362 -0.98296291314453399 0.25881904510252091 0.37940952255126054 4.5000000000000009 0.98296291314453421 8.5000000000000018 -0.70710678118654735 1.0000000180025095e-35 1.0000000180025095e-35 1.5000000000000002 -0.70710678118654735 -0.25881904510252113 1.0000000180025095e-35 4.5000000000000009 6.5000000000000009 2.5000000000000004 1.5000000000000002 -0.91597561503675329 0.60355339059327384 1.0000000180025095e-35 1.0000000180025095e-35 0.91597561503675362 0.78656609248549325 1.0000000180025095e-35
decision_type=2 2 2 2 2 2 2 2 2 2 2 2 2 2 2 2 2 2 2 2 2 2 2 2 2 2 2 2 2 2
left_child=6 2 4 5 -2 7 -1 14 9 -9 21 18 -5 -14 15 -3 -17 -18 -7 -20 -11 22 23 25 -24 -8 -27 28 -25 -29
right_child=1 3 -4 12 -6 11 10 8 -10 20 -12 -13 13 -15 -16 16 17 -19 19 -21 -22 -23 24 27 -26 26 -28 29 -30 -31
leaf_value=-0.026200501648210917 -0.085995517222945198 -0.093933695624840968 -0.14055604051903495 0.068359914172249306 0.047330028882455438 0.0095992500676309774 -0.019424900813572892 -0.096702581621915695 0.0069945126986988224 0.043792331187812665 0.012675426646434024 0.022200009358523936 -0.14628172958587934 0.040036928841061956 0.0025566280986584755 -0.096012668887029945 0.0063922217629858655 -0.093796474347690992 -0.092273883275090937 -0.017179531245468078 0.088314923081367722 -0.002734499647747309 -0.049130927979387319 -0.010522969741113011 0.012224127869711587 0.0057820711675245304 0.092722899138793641 -0.088395633488734207 -0.091521537052347099 0.059705474383050662
leaf_weight=10.76584117556922 0.46096969808786248 0.94611121712659763 0.27777353854617182 2.1297991898609325 11.740342482229606 3.0780992484651568 2.1926999373245044 0.25356148101491172 50.342467079346534 2.2430303640430793 17.488690006022807 2.7588264646474263 0.62744557613041063 6.9136628778651357 93.866920842221589 0.47202653836575326 6.3315550546394661 0.4530585115571738 1.1016427881841071 14.811739840777589 3.0800719374674372 272.82622542237368 6.9974491222383204 31.782647064261255 2.3524650948820636 3.4941238188184798 2.1104213539510965 0.46951187809463513 1.4681815504445683 1.9195005020592362
leaf_count=642 924 930 44 25 638 506 884 693 3744 44 1070 22 52 101 4557 325 468 416 880 176 55 4784 1742 9384 650 99 105 396 1224 420
internal_value=-1.28211e-09 0.00665659 0.0382229 0.00457687 0.0422929 0.00298374 -0.00379773 0.00507386 0.0124795 0.0619947 -0.00309477 -0.0121984 0.0341861 0.0245346 0.00101664 -0.016606 -0.00652411 -0.000298114 -0.0171953 -0.0223781 0.0695541 -0.00394179 -0.0101816 -0.00512054 -0.0336938 0.0222251 0.0385201 -0.0111032 -0.0140994 0.0305992
internal_weight=555.757 201.889 12.4791 189.41 12.2013 179.739 353.868 157.989 55.9191 5.57666 343.102 21.7503 9.67091 7.54111 102.07 8.20275 7.25664 6.78461 18.9915 15.9134 5.3231 325.613 52.787 43.4371 9.34991 7.79725 5.60455 35.6398 33.2508 2.38901
internal_count=36000 14600 1606 12994 1562 12816 21400 11232 4536 792 20758 1584 178 153 6696 2139 1209 884 1562 1056 99 19688 14904 12512 2392 1088 204 11424 10608 816
is_linear=0
shrinkage=0.08


Tree=48
num_leaves=31
num_cat=0
split_feature=2 2 6 6 2 6 10 6 6 6 2 10 2 6 2 6 6 6 2 2 10 6 6 6 6 2 10 2 6 8
split_gain=1.98213 1.36478 3.2009 3.85042 1.56979 2.31316 1.08097 2.14661 1.01854 0.981162 0.961554 0.951005 0.904862 0.76756 0.705172 0.73205 0.623102 0.608704 0.653257 0.505746 0.458843 1.97335 0.938153 0.670127 0.543908 0.442992 0.793876 0.6267 4.21751 1.98366
threshold=4.5000000000000009 6.5000000000000009 0.25881904510252091 0.60355339059327384 7.5000000000000009 0.37940952255126054 1.0000000180025095e-35 0.91597561503675362 0.37940952255126054 0.98296291314453421 8.5000000000000018 1.5000000000000002 8.5000000000000018 -0.98296291314453399 9.5000000000000018 -0.98296291314453399 0.91597561503675362 0.91597561503675362 9.5000000000000018 5.5000000000000009 1.0000000180025095e-35 -0.5 -0.70710678118654735 -0.70710678118654735 0.12940952255126045 3.5000000000000004 1.0000000180025095e-35 1.5000000000000002 -0.91597561503675329 1.0000000180025095e-35
decision_type=2 2 2 2 2 2 2 2 2 2 2 2 2 2 2 2 2 2 2 2 2 2 2 2 2 2 2 2 2 2
left_child=8 9 10 4 -4 -6 7 -5 25 13 -3 -11 -9 -2 -12 -16 -15 -8 -19 -18 21 23 -22 -17 -24 27 -27 -1 29 -29
right_child=1 2 3 6 5 -7 17 12 -10 11 14 -13 -14 16 15 20 19 18 -20 -21 22 -23 24 -25 -26 26 -28 28 -30 -31
leaf_value=-0.014460627979455097 -0.032376245116795772 -0.0018263334153795414 -0.077072208828415867 -0.0036840131816933187 0.017864457308768858 -0.14582475599098393 -0.003551545012081585 -0.020049582745925238 0.0018310655799045695 0.012201416949957607 0.025232424340541161 0.055853607988430927 -0.068804249685558996 0.0065605208851190894 0.039128176860534734 -0.013775370257886442 -0.016942532394337004 0.010542249643096425 0.064274450033315514 0.022119372168034425 0.063067126057452502 -0.12382747065179617 -0.018411878928394351 0.016759513743748407 0.028395720536493082 -0.011556864989825904 -0.053550149546262062 0.028939917851154569 -0.032460812886262458 0.15512110063732368
leaf_weight=62.248155462448267 3.4691962937358758 53.048945434187772 8.2924253583623777 23.836909042671323 2.8772909543768033 0.683830513851717 14.213935376552401 4.2614128743298334 37.996678905430599 9.859631523373535 20.072013768934994 4.7247348920209324 5.6884369819890708 227.89749656450294 3.7782957623712745 9.9923437708057552 12.432738812640308 5.5197027266258365 1.9631053010234607 2.557722935685887 2.1281632948375773 0.85793085912882361 3.6723936658818292 8.5236039529554528 2.8003431386314332 7.2897903801640478 4.7641761705745012 1.9581299284036504 5.9341979283199162 1.3451058051578002
leaf_count=13860 90 575 75 152 77 98 228 22 11470 120 230 30 66 2580 18 82 144 110 22 36 41 96 59 40 9 504 756 665 3640 105
internal_value=9.32942e-11 0.00253317 -0.0029945 -0.0166059 -0.0579939 -0.0135682 -0.0077637 -0.016712 -0.00902816 0.00618121 0.00574504 0.0263429 -0.0479232 0.00498764 0.0134952 0.00607579 0.00552131 0.0061708 0.0246388 -0.0102777 0.0016117 -0.00521487 0.0169888 0.000281013 0.0018388 -0.0139673 -0.0281542 -0.0115751 0.00786945 0.080322
internal_weight=554.689 433.153 172.211 67.337 11.8535 3.56112 55.4835 33.7868 121.536 260.942 104.874 14.5844 9.94985 246.357 51.8251 31.7531 242.888 21.6967 7.48281 14.9905 27.9748 19.3739 8.6009 18.5159 6.47274 83.5396 12.054 71.4856 9.23743 3.30324
internal_count=36000 5000 2000 850 250 175 600 240 31000 3000 1150 150 88 2850 575 345 2760 360 132 180 327 218 109 122 68 19530 1260 18270 4410 770
is_linear=0
shrinkage=0.08


Tree=49
num_leaves=31
num_cat=0
split_feature=2 10 2 2 6 8 2 6 2 6 2 2 6 6 6 8 10 6 6 6 6 6 6 2 2 6 6 8 2 2
split_gain=1.52156 1.12471 1.54256 0.835673 0.966874 0.864538 1.82442 1.73683 0.651774 0.837458 0.73094 0.584849 2.00456 0.879391 3.92532 0.548537 0.514921 0.868541 0.472164 0.593518 0.436784 0.400369 4.59864 2.2084 3.44239 0.512792 2.48185 2.17787 2.35963 2.24189
threshold=9.5000000000000018 1.0000000180025095e-35 2.5000000000000004 1.5000000000000002 0.60355339059327384 1.0000000180025095e-35 1.0000000180025095e-35 -0.91597561503675329 6.5000000000000009 -0.78656609248549303 5.5000000000000009 4.5000000000000009 -0.25881904510252113 0.25881904510252091 0.37940952255126054 1.0000000180025095e-35 1.0000000180025095e-35 -0.98296291314453399 0.60355339059327384 0.78656609248549325 0.91597561503675362 0.25881904510252091 0.37940952255126054 6.5000000000000009 7.5000000000000009 -0.70710678118654735 -0.78656609248549303 1.0000000180025095e-35 7.5000000000000009 8.5000000000000018
decision_type=2 2 2 2 2 2 2 2 2 2 2 2 2 2 2 2 2 2 2 2 2 2 2 2 2 2 2 2 2 2
left_child=1 2 3 5 15 -1 7 -7 9 10 -4 12 -11 -13 -15 -5 17 -2 -14 -20 -6 25 23 -23 -25 26 -3 28 -28 -29
right_child=16 21 8 4 20 6 -8 -9 -10 11 -12 13 18 14 -16 -17 -18 -19 19 -21 -22 22 -24 24 -26 -27 27 29 -30 -31
leaf_value=-0.010854523436456849 0.044076675398251421 -0.00057356654549830664 -0.0085363961659856713 -0.091616705630564899 0.022867741953504224 0.12724379870335517 -0.0026664462219855739 -0.086537183195416395 0.017261026853672468 0.049133387309293619 -0.12592342593053796 -0.002046521656531628 -0.091739572575051803 0.042448361067886811 0.0010029359587694271 -0.036079798824760652 0.029949673202005745 0.0052920381069665656 0.032882453033426677 -0.0232548340116485 -0.087020967605193469 -0.077635061174322062 -0.0017325298527207794 0.087155219112226401 -0.048179530346724793 0.0012660593765280777 -0.04429899418716806 -0.1141464328646158 -0.15937074885452035 0.088635345577917066
leaf_weight=37.228545873935218 4.1308371042832723 36.617811504744168 26.039310613035926 1.4618488121486715 2.1358384151826617 1.435458594933152 5.7762671749806032 0.29283802167628792 23.699449434672715 7.4277749412867689 0.34397020924370636 83.047124270597124 0.44693412557535328 18.306562774552731 72.727715568966232 5.141186703927815 9.7226878669753187 35.048925644732662 1.7240017688018268 4.0065334447426721 0.25963520913501259 8.3557465546291478 75.04669939573796 1.5824667965061952 5.0146531972277444 75.668862111611816 5.1098979390444565 0.48691899693221752 1.4681520982412619 1.2312453743070364
leaf_count=12852 12 2592 720 1677 494 99 385 264 400 517 72 869 627 121 814 143 200 388 220 440 286 737 5328 22 33 4896 621 142 27 2
internal_value=3.80088e-09 -0.00131202 0.00190618 -0.0103359 -0.0325804 -0.00586117 0.0189098 0.0910213 0.00467266 0.00327902 -0.0100668 0.00515506 0.0211292 0.0039066 0.00933741 -0.0483751 0.0134706 0.00938122 -0.0125429 -0.00636622 0.0109574 -0.00576685 -0.00980452 -0.0503169 -0.0157165 -0.00275324 -0.00952475 -0.0490335 -0.0699818 0.031168
internal_weight=550.986 502.083 291.501 53.7316 8.99851 44.7331 7.50456 1.7283 237.769 214.07 26.3833 187.687 13.6052 174.081 91.0343 6.60304 48.9025 39.1798 6.17747 5.73054 2.39547 210.582 89.9996 14.9529 6.59712 120.583 44.914 8.29621 6.57805 1.71816
internal_count=36000 35400 21000 16200 2600 13600 748 363 4800 4400 792 3608 1804 1804 935 1820 600 400 1287 660 780 14400 6120 792 55 8280 3384 792 648 144
is_linear=0
shrinkage=0.08


Tree=50
num_leaves=31
num_cat=0
split_feature=2 6 2 6 6 6 7 6 6 10 6 10 2 7 2 6 7 2 2 6 6 2 6 10 2 6 10 7 6 6
split_gain=2.93159 3.57615 1.41437 0.837737 3.75818 1.73987 0.881478 0.575798 0.779167 0.8602 0.881996 0.835731 0.531582 0.42578 0.41703 3.39813 3.57397 0.770469 0.72019 0.605123 0.49131 1.1492 1.05694 0.603586 1.14272 0.806879 0.457957 1.24559 1.07832 0.827717
threshold=1.0000000180025095e-35 -0.91597561503675329 6.5000000000000009 0.37940952255126054 0.60355339059327384 0.25881904510252091 0.1294095225512602 0.60355339059327384 0.78656609248549325 1.5000000000000002 0.98296291314453421 1.5000000000000002 7.5000000000000009 -0.9159756150367534 2.5000000000000004 -0.91597561503675329 -1.0000000180025095e-35 1.5000000000000002 1.5000000000000002 0.98296291314453421 -0.60355339059327362 5.5000000000000009 -0.91597561503675329 1.0000000180025095e-35 4.5000000000000009 0.91597561503675362 1.0000000180025095e-35 0.91597561503675351 0.91597561503675362 0.91597561503675362
decision_type=2 2 2 2 2 2 2 2 2 2 2 2 2 2 2 2 2 2 2 2 2 2 2 2 2 2 2 2 2 2
left_child=1 -1 14 5 -5 6 -4 13 11 10 -10 -9 -6 -3 15 16 18 -18 -2 26 21 -16 -23 -22 -25 -26 27 29 -28 -17
right_child=2 7 3 4 12 -7 -8 8 9 -11 -12 -13 -14 -15 20 19 17 -19 -20 -21 23 22 -24 24 25 -27 28 -29 -30 -31
leaf_value=-0.069163608019183129 -0.08694880282237101 -0.086577506762680237 0.0042470228608379621 -0.14886937380888973 0.019893948257540803 0.064996329434240621 0.0197681057775181 0.055195069016568551 -0.089095570245665043 0.0092063803994423248 -0.0069684161330092632 -0.091683424317355128 -0.0011976515302511918 -0.016101623170305845 -0.0054515422805625994 -0.010073486031020529 0.07044876124976375 0.1350482703595062 0.0058786553660999021 -0.086317957876703738 -0.0030671180980497842 -0.031204367781127951 -0.14077325115987518 -0.088026391173077298 0.012028724228291028 -0.012353249961948004 0.0087497495340410833 -0.089748196322367385 -0.09233306317494297 0.040432982940773909
leaf_weight=7.8764380100228655 0.68084949675540007 0.5660890706058116 61.744997244066326 1.0678851975826535 9.4438159080455062 3.8424108215840524 37.726195721523254 2.543910739710554 1.3670845182787146 7.3927876699599437 2.1579481796652544 0.27470312768127758 40.211065549054183 17.795098591217542 59.076388758268877 22.524254828917044 3.2233181087394751 1.8654682979467905 2.4953352450102102 0.5478589317353898 171.02042817698384 4.3736628003971418 0.64677587384357949 0.81075020831485645 47.888100510157528 10.61148286773823 24.301783611561408 1.1739696495060332 0.69472537032561277 2.2875804737559511
leaf_count=1232 702 1568 540 140 180 110 610 860 1290 520 430 260 420 5040 1696 6480 486 225 325 790 3234 66 93 1323 500 88 4836 1008 372 576
internal_value=1.40605e-09 -0.0208599 0.00164061 0.00804025 -0.0003797 0.0121741 0.0101337 -0.00900667 0.00338136 -0.00629959 -0.0388191 0.0408802 0.00281374 -0.0182744 -0.00114232 0.00494873 0.0525685 0.0941299 -0.0140199 -0.00268905 -0.00237934 -0.00857427 -0.04532 -0.000655409 0.00629872 0.00760598 -0.00179037 -0.0092268 0.00594037 -0.00541693
internal_weight=548.233 39.9741 508.259 154.036 50.7228 103.314 99.4712 32.0976 13.7364 10.9178 3.52503 2.81861 49.6549 18.3612 354.223 59.7951 8.26497 5.08879 3.17618 51.5302 294.428 64.0968 5.02044 230.331 59.3103 58.4996 50.9823 25.9858 24.9965 24.8118
internal_count=36000 11200 24800 2000 740 1260 1150 9968 3360 2240 1720 1120 600 6608 22800 15800 1738 711 1027 14062 7000 1855 159 5145 1911 588 13272 8064 5208 7056
is_linear=0
shrinkage=0.08


Tree=51
num_leaves=31
num_cat=0
split_feature=2 7 6 2 6 7 7 2 7 6 7 6 6 8 2 7 7 2 2 7 6 2 8 2 6 6 8 7 6 2
split_gain=1.09274 0.472173 0.474726 0.347468 1.79694 1.67254 0.564613 0.531402 0.451178 0.405543 0.380388 0.460633 0.804375 0.373751 0.335761 0.953889 1.18088 0.330683 0.317752 0.292307 0.286829 0.796711 1.04799 2.85183 0.806476 0.528112 0.496088 0.4921 0.320479 0.357818
threshold=7.5000000000000009 0.60355339059327384 -0.60355339059327362 6.5000000000000009 0.12940952255126045 0.37940952255126048 0.60355339059327384 4.5000000000000009 -0.9159756150367534 0.98296291314453421 0.60355339059327384 -1.0000000180025095e-35 -0.60355339059327362 1.0000000180025095e-35 3.5000000000000004 -0.37940952255126015 -0.12940952255126037 2.5000000000000004 1.0000000180025095e-35 -0.70710678118654757 0.37940952255126054 1.5000000000000002 1.0000000180025095e-35 1.0000000180025095e-35 -0.98296291314453399 -0.91597561503675329 1.0000000180025095e-35 0.1294095225512602 0.98296291314453421 1.0000000180025095e-35
decision_type=2 2 2 2 2 2 2 2 2 2 2 2 2 2 2 2 2 2 2 2 2 2 2 2 2 2 2 2 2 2
left_child=3 -2 -3 7 6 19 -5 10 -9 -10 14 12 13 18 20 -16 -17 -13 -12 -6 21 22 25 -24 -23 27 -26 -1 -22 -30
right_child=1 2 -4 4 5 -7 -8 8 9 -11 11 17 -14 -15 15 16 -18 -19 -20 -21 28 24 23 -25 26 -27 -28 -29 29 -31
leaf_value=-0.085469179631290498 0.0042981592123142089 0.043507215140465905 0.012156686549336927 0.010697696809725623 -0.05499830702640477 0.015119396822791878 -0.017571047893857741 0.0085956593980509449 -0.0014393017987920937 0.011813532516376226 -0.087266774458093693 -0.021230591754108304 0.0057051773056595867 -0.085104692404671209 -0.089317547666444549 0.043823762215519743 -0.089106001464045445 -0.087943680607417821 -0.016230320178058116 -0.031583901111028212 0.0049742041390706268 0.011002997257543359 0.13110215782337617 -0.0073003538578672094 -0.086045196712642269 -0.0042600249224783709 -0.03232107695827386 -0.017335073262163075 -0.010232509193059534 -0.085684897375435359
leaf_weight=0.99400490171683431 90.602838753155083 3.6452462279121418 20.339978772910399 21.382155820319898 5.6832352559868022 4.4787209998830795 5.7346110435319124 41.38706209580414 207.82199391811446 15.908630409976466 0.42174984497250712 13.504423656224386 15.791372353909539 0.58821847273793615 0.47911717173701607 3.966361440368928 0.4793956440553292 0.49287560256198126 9.0655089330830361 8.5398801581468433 27.315583746123597 2.2843426250328775 1.3454961365860061 3.2649414234620053 1.4232742572821715 27.040520122551246 4.8432999246579129 2.1369271010917146 2.2470834278501566 0.48995706762070756
leaf_count=1430 966 77 357 207 57 114 111 420 2430 150 504 4185 3100 310 750 150 480 620 891 111 6960 210 224 216 2450 6270 140 660 560 890
internal_value=-6.66534e-10 0.0069404 0.0169213 -0.00185334 -0.00843759 -0.0275147 0.00471947 -0.00106626 0.000922487 -0.000496943 -0.00552789 -0.0118894 -0.00556343 -0.0232248 -0.00228955 0.0179315 0.0294897 -0.0235797 -0.0193882 -0.0409398 -0.00364658 -0.00781172 -0.00243321 0.0330906 -0.0296894 -0.00786153 -0.044523 -0.0389662 0.00235913 -0.0237392
internal_weight=543.699 114.588 23.9852 429.111 45.8186 18.7018 27.1168 383.292 265.118 223.731 118.174 39.8641 25.8668 10.0755 78.3103 4.92487 4.44576 13.9973 9.48726 14.2231 73.3854 43.3328 34.7819 4.61044 8.55092 30.1715 6.26657 3.13093 30.0526 2.73704
internal_count=36000 1400 434 34600 600 282 318 34000 3000 2580 31000 9610 4805 1705 21390 1380 630 4805 1395 168 20010 11600 8800 440 2800 8360 2590 2090 8410 1450
is_linear=0
shrinkage=0.08


Tree=52
num_leaves=31
num_cat=0
split_feature=10 6 6 7 6 7 6 7 6 10 10 6 10 6 7 7 6 6 6 10 6 6 6 8 8 7 6 8 10 7
split_gain=0.0730548 1.10944 1.43648 2.32683 0.709004 0.514433 2.35393 0.488826 0.468534 0.443971 0.429163 0.34958 1.9872 0.319899 0.954636 0.312783 0.240153 0.231646 0.33091 0.551253 1.64984 1.03219 0.440543 0.424349 0.348847 0.222484 0.390265 0.213969 0.192957 1.99407
threshold=1.0000000180025095e-35 -0.98296291314453399 -0.91597561503675329 0.1294095225512602 -0.98296291314453399 -0.9159756150367534 0.25881904510252091 -0.9159756150367534 -0.70710678118654735 1.5000000000000002 1.5000000000000002 -0.78656609248549303 1.5000000000000002 -0.91597561503675329 0.1294095225512602 -0.78656609248549325 0.98296291314453421 0.98296291314453421 0.60355339059327384 1.5000000000000002 -0.60355339059327362 0.37940952255126054 -0.60355339059327362 1.0000000180025095e-35 1.0000000180025095e-35 0.91597561503675351 -1.0000000180025095e-35 1.0000000180025095e-35 1.5000000000000002 0.60355339059327384
decision_type=2 2 2 2 2 2 2 2 2 2 2 2 2 2 2 2 2 2 2 2 2 2 2 2 2 2 2 2 2 2
left_child=4 10 3 -3 -1 6 -4 -6 11 -5 -2 12 -7 14 -9 -15 25 18 19 20 -10 22 -21 -22 -24 -17 27 -27 29 -20
right_child=1 2 5 9 7 8 -8 13 17 -11 -12 -13 -14 15 -16 16 -18 -19 28 21 23 -23 24 -25 -26 26 -28 -29 -30 -31
leaf_value=-0.021750690679335331 0.037500167108792573 -0.063820132512136724 0.0005377389522557435 -0.097475528327708144 -0.0075195404251033118 -0.11539340674223954 0.054233121916197814 0.023452033026726559 -0.12105010979266313 0.016787655062422833 -0.092781474567530983 0.025700765115761418 0.0099737854224563084 0.0091936170870192697 -0.002575006650619618 -0.0027100352534317512 0.008291431381265188 -0.013391457731637276 0.003587147804595936 0.01891240761468712 0.0090248946835447194 -0.035072130109349432 -0.010905059363985259 -0.11558791244344503 0.010654335598917165 0.027838041614434643 -0.00082740357175166575 0.0028818638235667366 0.0071939084302211345 -0.12721386258311809
leaf_weight=9.9607199850142916 6.1884915769333011 5.6139556656198675 27.871286350688024 0.22819298040849378 48.373627477471018 0.84833646012703567 6.4307544487910482 15.277287655364487 0.64883507144986907 4.7022126579959149 0.16616655309917394 6.559944845714198 17.537895277826465 22.185315307491692 22.017787451128243 171.23110619842191 17.283256264490774 10.701042510496334 12.746397076407444 4.6674001348437661 24.988566052430546 8.3943626212421787 28.58243013910397 0.17612795799504866 5.7735778975184067 5.7634222804917936 25.362885306843964 3.5549638234078884 34.684909803690971 0.7922977144771729
leaf_count=642 210 511 1241 315 2996 490 803 749 210 342 228 803 532 1926 963 10807 1070 730 1400 228 1890 532 1520 175 190 535 1605 107 1900 350
internal_value=1.57325e-09 0.00118043 0.000144766 -0.0286018 -0.000721053 0.0017284 0.0106042 -8.83072e-05 -0.000209575 0.0114992 0.0340935 0.00984609 0.00418937 0.00118338 0.00808652 0.000134183 -0.000766312 -0.00210771 -0.00111354 -0.00450213 0.00490515 -0.00962331 -0.00414899 0.00815273 -0.00728197 -0.00152657 0.00431651 0.0183173 0.0040323 -0.00406746
internal_weight=549.314 208.303 201.949 10.5444 341.01 191.404 34.302 331.05 157.102 4.93041 6.35466 24.9462 18.3862 282.676 37.2951 245.381 223.196 132.156 121.455 73.2313 25.8135 47.4178 39.0234 25.1647 34.356 205.912 34.6813 9.31839 48.2236 13.5387
internal_count=36000 14600 14162 1168 21400 12994 2044 20758 10950 657 438 1825 1022 17762 1712 16050 14124 9125 8395 4745 2275 2470 1938 2065 1710 13054 2247 642 3650 1750
is_linear=0
shrinkage=0.08


Tree=53
num_leaves=31
num_cat=0
split_feature=10 6 7 7 6 7 6 6 6 6 10 10 6 6 6 7 6 6 10 7 6 6 6 7 7 6 10 10 8 7
split_gain=0.48337 0.84777 1.83183 0.70009 0.712587 0.314311 0.209404 0.25214 0.206727 0.21531 0.196862 0.195439 1.0555 2.43569 0.489586 0.384319 0.211116 0.174606 0.143806 0.14011 0.12588 0.141845 0.122268 0.0987411 0.197749 0.199235 0.237392 0.128053 0.0946273 0.0802089
threshold=1.0000000180025095e-35 0.12940952255126045 -0.9159756150367534 -0.9159756150367534 0.25881904510252091 0.60355339059327384 -0.98296291314453399 0.12940952255126045 0.98296291314453421 0.91597561503675362 1.5000000000000002 1.5000000000000002 -0.5 -0.98296291314453399 -0.5 -0.12940952255126037 -0.98296291314453399 1.0000000180025095e-35 1.5000000000000002 -0.9159756150367534 0.98296291314453421 0.91597561503675362 -0.37940952255126059 0.60355339059327384 -1.0000000180025095e-35 0.78656609248549325 1.5000000000000002 1.5000000000000002 1.0000000180025095e-35 -0.9159756150367534
decision_type=2 2 2 2 2 2 2 2 2 2 2 2 2 2 2 2 2 2 2 2 2 2 2 2 2 2 2 2 2 2
left_child=3 5 18 4 -1 11 -5 22 9 23 -10 12 13 -2 15 -13 -17 19 -3 -14 21 -9 -8 24 25 -4 -27 -26 -24 -16
right_child=1 2 8 6 -6 -7 7 20 10 -11 -12 14 17 -15 29 16 -18 -19 -20 -21 -22 -23 28 -25 27 26 -28 -29 -30 -31
leaf_value=-0.00014753709294220162 -0.0094105447415165095 -0.023638258795007101 -0.0028558567805975943 0.014339194517322313 0.021770098698343694 0.008438395778517984 -0.0012021481533566209 0.0029489984177164643 0.0045247468442830554 0.007283339597257652 -0.020471315335094498 0.016171740383948457 -0.0038759024079257137 -0.11264266468429596 -0.0030628646906440773 -0.091292989670318056 -0.0010112876168539284 0.017718041277864551 -0.042162299370967569 0.011462524012931135 0.0090486024110301745 -0.0048406261625817855 -0.011374467938776557 -0.007933852971068649 0.015533046485383666 -0.1065748070625166 -0.018002488039164533 -0.00023794175048656781 0.0032800738497542298 -0.013735139412756132
leaf_weight=17.028780625376385 8.9120911877835152 3.8338944050119581 18.59997355251107 6.9189720800495698 21.454536717414157 32.500467722165922 129.87596407813544 101.11414130273624 2.6573535988136401 11.66999938857043 8.3615769429015927 17.844638832990317 13.269953948009064 1.7499819957156422 9.8466074316675076 0.1680856268358174 12.023797306905179 4.7468026622955213 8.9283758449928428 5.3473020670644482 17.588199256395455 17.559046461479738 13.732166200381473 29.639122370230325 5.3150663521373689 0.20402331836521526 3.8142854859615909 8.6694354156497866 3.5487937179859719 8.3112530048238114
leaf_count=1819 210 385 1314 642 1177 2701 7597 6527 350 876 380 798 350 1260 646 228 570 245 418 350 1070 1284 1177 1825 455 175 190 494 107 380
internal_value=-1.08474e-09 -0.00293613 -0.00825429 0.00193242 0.0120716 0.0017781 0.000588501 0.000252811 -0.00418682 -0.00273628 -0.0144432 -0.000854609 -0.00549653 -0.0263542 0.00242267 0.0086919 -0.00225597 0.00402176 -0.0365975 0.000529645 0.00273252 0.00179643 -0.0020433 -0.00450146 -0.00172208 -0.00634572 -0.0224996 0.00575611 -0.00836503 -0.0079478
internal_weight=545.235 216.414 101.693 328.821 38.4833 114.721 290.337 283.418 88.9308 77.9119 11.0189 82.2205 34.0261 10.6621 48.1944 30.0365 12.1919 23.3641 12.7623 18.6173 136.261 118.673 147.157 66.2419 36.6028 22.6183 4.01831 13.9845 17.281 18.1579
internal_count=36000 14600 6862 21400 2996 7738 18404 17762 6059 5329 730 5037 2415 1470 2622 1596 798 945 803 700 8881 7811 8881 4453 2628 1679 365 949 1284 1026
is_linear=0
shrinkage=0.08


Tree=54
num_leaves=31
num_cat=0
split_feature=2 10 7 10 6 6 2 7 6 7 6 6 2 7 6 2 7 7 2 2 7 2 2 2 2 6 2 2 6 6
split_gain=1.33332 1.24008 1.06478 0.977053 1.69928 0.954292 0.822522 0.779065 1.64147 0.905593 0.707657 3.15073 0.701708 0.63226 0.97996 0.594808 0.591494 0.527035 0.892956 0.610027 1.64986 2.83689 1.75582 1.39378 0.512459 0.78531 0.638827 1.16512 0.509629 0.662552
threshold=8.5000000000000018 1.0000000180025095e-35 0.98296291314453421 1.5000000000000002 0.98296291314453421 -0.98296291314453399 5.5000000000000009 -0.9159756150367534 0.25881904510252091 0.91597561503675351 -0.78656609248549303 -0.70710678118654735 1.0000000180025095e-35 -0.78656609248549325 -0.25881904510252113 4.5000000000000009 0.1294095225512602 0.60355339059327384 1.0000000180025095e-35 1.0000000180025095e-35 0.25881904510252057 2.5000000000000004 4.5000000000000009 1.5000000000000002 6.5000000000000009 -1.0000000180025095e-35 5.5000000000000009 1.5000000000000002 -0.60355339059327362 1.0000000180025095e-35
decision_type=2 2 2 2 2 2 2 2 2 2 2 2 2 2 2 2 2 2 2 2 2 2 2 2 2 2 2 2 2 2
left_child=3 2 5 -1 7 -2 15 8 24 10 12 -12 -9 14 -7 -6 -15 19 -19 -13 22 23 -21 -22 25 26 27 -5 -3 -30
right_child=1 28 -4 4 6 13 -8 9 -10 -11 11 17 -14 16 -16 -17 -18 18 -20 20 21 -23 -24 -25 -26 -27 -28 -29 29 -31
leaf_value=-0.00369020063785876 0.036106386567094265 0.046242441736352495 0.054909174522001586 0.033990221847321082 -0.087529804947092546 -0.01658412642506497 -0.12939273867711909 -0.093744961010453945 0.064618592535100133 0.018838304357374897 -0.061735980444980076 0.0076756763422156362 0.01026183808399805 0.013461747818851059 -0.12819646953340164 0.063523124437522338 -0.00582318579207109 -0.092980466652034285 0.012805399099891574 -0.098553747404195549 -0.10724046292718757 -0.15448387836356486 -0.00053165061790972127 0.076175654301212148 -0.023141399093206449 -0.11452604819915953 0.069634094241948191 -0.12678328263361122 -0.01302177785377171 0.025723803576488055
leaf_weight=357.03694021982665 4.5050964159891 5.455261341296139 2.4313952536322168 1.2722722924663687 0.17338589071005017 3.8200271599926054 0.15527434169780452 0.42226654363730176 3.9040559687546192 14.712212789090698 6.1438804995050225 11.567941100569454 24.66079728861223 15.070373462047426 0.57988431800913431 4.4187617709394544 31.359117010557384 0.52578089357121172 17.788942416809732 1.252033526165184 0.3988991602091112 1.3594193949829785 17.748547216178849 0.79084416572004557 3.2937103291042149 0.25287260069307915 1.5068133762106299 0.37307642966334253 3.4820438820170265 14.959823396711725
leaf_count=27600 18 106 18 190 320 30 30 468 407 777 407 832 864 162 108 20 264 390 720 893 102 187 235 119 34 245 10 150 92 202
internal_value=-4.62998e-10 0.00943496 0.00309424 -0.00164018 0.0048531 0.00081749 0.0516966 0.00279349 0.0233866 0.000551098 -0.00270377 -0.00758944 0.00851091 -0.00231022 -0.031294 0.0578198 0.000436438 -0.00112134 0.00976849 -0.00714362 -0.0150987 -0.075532 -0.00699077 0.0146796 -0.000643556 0.0211187 0.0320004 -0.00246455 0.0247622 0.0184082
internal_weight=551.422 81.663 57.7659 469.759 112.722 55.3345 4.74742 107.974 10.6028 97.3716 82.6594 57.5763 25.0831 50.8294 4.39991 4.59215 46.4295 51.4324 18.3147 33.1177 21.5497 2.54916 19.0006 1.18974 6.69875 3.40503 3.15216 1.64535 23.8971 18.4419
internal_count=36000 1000 600 35000 7400 582 370 7030 1036 5994 5217 3885 1332 564 138 340 426 3478 1110 2368 1536 408 1128 221 629 595 350 340 400 294
is_linear=0
shrinkage=0.08


Tree=55
num_leaves=31
num_cat=0
split_feature=10 7 6 6 6 7 7 6 7 6 7 10 7 6 7 6 10 6 7 6 8 7 6 7 6 6 10 8 7 7
split_gain=0.437034 1.04223 0.76301 1.09303 0.644373 0.472268 0.410407 0.351682 0.33849 0.326187 0.297899 0.232697 0.26823 1.28427 0.224391 0.183637 0.137714 1.45164 2.2208 0.446001 0.128178 0.172404 0.100767 0.111803 0.0646077 0.112258 0.0758725 0.702969 0.140979 0.0776861
threshold=1.5000000000000002 -0.12940952255126037 0.25881904510252091 0.91597561503675362 0.78656609248549325 -0.9159756150367534 0.25881904510252057 -0.91597561503675329 0.60355339059327384 0.25881904510252091 0.60355339059327384 1.0000000180025095e-35 -0.5 0.98296291314453421 0.1294095225512602 0.12940952255126045 1.0000000180025095e-35 -0.98296291314453399 -0.78656609248549325 -0.98296291314453399 1.0000000180025095e-35 0.78656609248549303 -0.5 -0.98296291314453399 0.12940952255126045 -0.37940952255126059 1.0000000180025095e-35 1.0000000180025095e-35 0.78656609248549303 0.78656609248549303
decision_type=2 2 2 2 2 2 2 2 2 2 2 2 2 2 2 2 2 2 2 2 2 2 2 2 2 2 2 2 2 2
left_child=6 2 22 4 5 -4 9 14 -9 16 -8 -11 -13 -14 -3 20 19 -18 -19 -1 -10 -22 -2 -24 25 26 29 28 -28 -12
right_child=1 7 3 -5 -6 -7 10 8 15 11 24 12 13 -15 -16 -17 17 18 -20 -21 21 -23 23 -25 -26 -27 27 -29 -30 -31
leaf_value=-0.021197681351138534 0.016023018914823561 -0.090728774394830014 -0.021950628896229417 0.022668290287864681 -0.041392668992820757 0.0053123910112801718 0.010518667674808904 -0.018550966939155415 -0.015512186955260035 0.0039122510925743079 -0.0021186005969898846 -0.0011132889916312145 -0.11841483198556164 -4.7494556377624558e-05 0.012422360191012798 -0.0012071698921336277 0.036395975121598263 -0.0017957070461391486 -0.109217976480254 -0.0031908187512295324 0.021390358287585249 -0.0088911838324568296 0.018149552789628393 0.0031417073323344769 0.00041643017884589683 0.0092937355838783701 0.031976482481295351 -0.11079774979548418 0.006546339376812451 0.0043799116387150437
leaf_weight=9.7770650328311586 17.973352779459674 0.1385785374295655 7.6613820117818312 6.4824940506950943 4.5949924874003036 8.666495726938594 38.831640282311128 27.447362544116913 17.380853707305508 94.388483172522683 23.886940676311497 12.074247988821297 0.75668790833151378 2.6104831752745667 5.1837231248191529 18.659007706162811 6.0397947309247675 24.869790896758786 1.295864640080256 88.377639790895046 1.4798166094114993 6.4394454900175333 4.3866585752402889 11.519044114960705 54.09037115049432 19.314679594070185 2.3070742585259714 0.29103138294885855 3.529886460659327 23.215514894400258
leaf_count=642 798 228 418 304 190 684 3266 1254 1140 5564 1177 1015 455 350 342 950 210 945 1050 6099 76 190 266 760 3550 1704 315 210 350 1498
internal_value=-2.1353e-09 -0.00388866 0.0038902 -0.00603474 -0.0149277 -0.00747999 0.001323 -0.0101017 -0.0115804 -0.000789009 0.00438877 0.00242286 -0.00668133 -0.0266476 0.00973658 -0.00722808 -0.00349504 0.00104435 -0.00711584 -0.00498446 -0.0116685 -0.00323269 0.0119187 0.00728074 0.00250909 0.0040694 0.00217374 0.0105474 0.0165977 0.00108434
internal_weight=543.67 138.013 61.2844 27.4054 20.9229 16.3279 405.657 76.7288 71.4065 240.19 165.467 109.83 15.4414 3.36717 5.3223 43.9591 130.36 32.2055 26.1657 98.1547 25.3001 7.91926 33.8791 15.9057 126.635 72.5451 53.2304 6.12799 5.83696 47.1025
internal_count=36000 7600 3420 1596 1292 1102 28400 4180 3610 16330 12070 7384 1820 805 570 2356 8946 2205 1995 6741 1406 266 1824 1026 8804 5254 3550 875 665 2675
is_linear=0
shrinkage=0.08


Tree=56
num_leaves=31
num_cat=0
split_feature=2 2 2 8 10 2 10 7 7 10 7 2 7 2 2 7 2 7 10 7 7 7 7 7 7 7 2 7 2 10
split_gain=1.4245 0.546159 0.680853 0.87859 5.95911 2.4035 0.819308 1.4106 0.589986 0.546021 0.439664 0.821268 0.357552 0.42436 0.383022 0.381586 0.358555 0.343937 0.288793 0.758555 2.25157 0.586304 0.450745 0.531963 0.412028 0.259217 0.241015 0.858142 0.826286 0.874332
threshold=9.5000000000000018 4.5000000000000009 1.5000000000000002 1.0000000180025095e-35 1.0000000180025095e-35 1.0000000180025095e-35 1.0000000180025095e-35 0.60355339059327384 -0.70710678118654757 1.5000000000000002 -0.60355339059327384 2.5000000000000004 0.37940952255126048 3.5000000000000004 3.5000000000000004 0.60355339059327384 2.5000000000000004 0.37940952255126048 1.0000000180025095e-35 0.25881904510252057 -0.98296291314453399 0.37940952255126048 0.25881904510252057 -0.12940952255126037 0.91597561503675351 0.91597561503675351 6.5000000000000009 -0.78656609248549325 7.5000000000000009 1.5000000000000002
decision_type=2 2 2 2 2 2 2 2 2 2 2 2 2 2 2 2 2 2 2 2 2 2 2 2 2 2 2 2 2 2
left_child=1 2 3 9 5 17 8 -8 -4 -1 11 -10 14 15 -12 16 -14 -5 22 20 -20 -21 23 -2 -23 -11 -3 28 29 -28
right_child=18 26 6 4 -6 -7 7 -9 10 25 12 -13 13 -15 -16 -17 -18 -19 19 21 -22 24 -24 -25 -26 -27 27 -29 -30 -31
leaf_value=-0.009781003574422787 0.0051133706990910601 0.0015395421796908066 -0.095449283361849685 0.011763747022002519 -0.14547415993692697 0.097995627977936928 0.016064184582267934 -0.08730998662576292 -0.10285826905478147 0.00080764646400871846 -0.046670709391629782 0.039227105888060332 0.069436961600423064 -0.027349373754356171 -0.013356872202975458 -0.0075109907332625474 -0.088315021268334154 -0.085925926599528565 0.028946207179388461 0.081860861400889967 -0.13805304129684501 0.0045804241347430202 0.0027955984938681329 0.034510800600134388 0.051734766818446139 0.021476027604774569 0.016495508544507771 0.0026595615345008173 -0.0040168905580857742 -0.036453240537388694
leaf_weight=48.609823039048933 7.5466863032197535 266.67753039619129 0.68512790759268938 3.4704540136735873 1.1610676347136175 3.4489396388526075 8.2565704895277996 0.94110804449883367 0.31004102295264857 22.096813545336776 6.3351701537467324 1.6246208986267445 0.74675102264154425 8.1980210256006103 3.3911238433502149 5.6005517085432075 0.10520264157094061 0.24707551283063356 2.3899765033274893 1.6829157117754219 0.65921430231537481 2.5032838091719896 22.310842203572975 8.2419975504744816 2.2535942628746852 4.7116455765790297 2.4021226991608247 69.471005590967252 29.514164169580908 11.803366943378933
leaf_count=17199 180 3000 1248 99 462 385 2898 1302 130 3211 1140 110 247 324 228 1240 133 264 7 4 108 60 170 50 21 380 46 1078 184 92
internal_value=2.24457e-09 -0.00125927 -0.00596559 -0.00200306 0.0226563 0.0498958 -0.015134 0.00548692 -0.0221596 -0.0047259 -0.0202512 0.0164571 -0.0231645 -0.0152701 -0.0350557 7.67851e-05 0.0499571 0.00527107 0.0132257 0.0257134 -0.00715789 0.0412778 0.0101156 0.0204594 0.02692 0.00444016 0.000226715 -0.00286631 -0.011647 -0.0274997
internal_weight=547.397 499.808 119.94 83.7458 8.32754 7.16647 36.1943 9.19768 26.9966 75.4183 26.3115 1.93466 24.3768 14.6505 9.72629 6.45251 0.851954 3.71753 47.5885 9.48898 3.04919 6.43979 38.0995 15.7887 4.75688 26.8085 379.868 113.191 43.7197 14.2055
internal_count=36000 35400 31000 22000 1210 748 9000 4200 4800 20790 3552 240 3312 1944 1368 1620 380 363 600 200 115 85 400 230 81 3591 4400 1400 322 138
is_linear=0
shrinkage=0.08


Tree=57
num_leaves=31
num_cat=0
split_feature=2 2 8 6 7 7 2 2 6 8 6 2 6 6 6 6 6 8 7 6 6 6 6 6 7 6 2 2 7 6
split_gain=1.66774 0.827671 3.13986 2.27559 1.74009 1.70236 0.812151 1.21996 3.10212 1.74753 1.57522 1.18074 0.980568 0.948665 0.855734 0.723402 1.23676 0.716277 0.552019 0.547169 0.755378 0.527563 0.550452 0.518259 0.518077 0.513394 0.890672 0.488258 0.453346 0.825442
threshold=1.5000000000000002 1.0000000180025095e-35 1.0000000180025095e-35 -0.91597561503675329 0.91597561503675351 0.37940952255126048 5.5000000000000009 4.5000000000000009 -0.70710678118654735 1.0000000180025095e-35 -0.91597561503675329 3.5000000000000004 -0.37940952255126059 -0.70710678118654735 -0.98296291314453399 0.60355339059327384 0.78656609248549325 1.0000000180025095e-35 0.1294095225512602 -0.25881904510252113 -0.37940952255126059 0.60355339059327384 0.78656609248549325 -0.78656609248549303 0.98296291314453421 0.91597561503675362 3.5000000000000004 3.5000000000000004 0.60355339059327384 -0.60355339059327362
decision_type=2 2 2 2 2 2 2 2 2 2 2 2 2 2 2 2 2 2 2 2 2 2 2 2 2 2 2 2 2 2
left_child=1 2 21 17 15 -4 7 8 9 11 -11 14 -10 23 -2 -5 -17 18 -3 20 -15 -1 -23 -9 -6 26 -14 -27 -8 -30
right_child=6 3 5 4 24 -7 28 13 12 10 -12 -13 25 19 -16 16 -18 -19 -20 -21 -22 22 -24 -25 -26 27 -28 -29 29 -31
leaf_value=-0.015789046196076816 0.016095133665487104 -0.085993245485852354 0.11863212362224566 0.0029299113350024155 -0.055082319948710587 -0.085339299717944822 0.0036515393639686834 -0.0060419637538100058 -0.086927156023627813 0.15052275300886858 -0.086529000510165946 0.050892745317522456 0.010795025846967564 0.002266000339913045 -0.085792490639421001 -0.093417098549314181 -0.0077681724518872501 -0.065040251314956707 0.012887377316670348 -0.002640792444696624 0.029057521362113023 0.035428983444489665 -0.003159470233194378 -0.022986350719501312 -0.0084189946395284831 -0.088546767229659096 -0.089117756712757096 -0.01440865219543027 0.041900490238239725 0.0087844518125792838
leaf_weight=17.933320738098701 1.9487724526115915 0.47418863202619621 1.9449800073180079 32.313608056705561 5.8863274715549769 0.30262018914800126 155.17999613641587 28.23003761954169 0.92223317724711051 1.4870164965177535 0.20401922134624406 7.1063690971059259 11.866470079738065 32.439116423251107 0.72340144964255282 1.3879164034733538 4.8478813385881949 6.9660756648409006 1.5182823088107398 145.49133984175569 8.4999972705263627 2.9706621490186071 11.620073528392821 19.554812852758914 2.0541024897247553 0.67657485253584937 0.59989303973270658 3.5597766354912892 5.4455392081872551 41.744350401433621
leaf_count=7224 210 702 168 5238 810 448 1794 432 1350 135 135 410 3535 360 1225 1080 2160 162 324 1404 72 1120 2240 132 324 770 1010 220 143 663
internal_value=2.44972e-09 -0.00995515 -0.000279079 -0.016023 -0.00890871 0.0911691 0.0019287 -0.0010002 0.0144499 0.0468319 0.121923 0.0338461 -0.00662297 -0.00291943 -0.0114875 -0.00188429 -0.0268313 -0.0529423 -0.0106452 -0.000341771 0.0078286 -0.00659868 0.00469711 -0.0129761 -0.043011 -0.00218901 0.00598713 -0.026249 0.00573958 0.0126059
internal_weight=555.9 90.22 34.7717 55.4484 46.4898 2.2476 465.68 263.31 29.0945 11.4696 1.69104 9.77854 17.6249 234.215 2.67217 38.5494 6.2358 8.95855 1.99247 186.43 40.9391 32.5241 14.5907 47.7849 7.94043 16.7027 12.4664 4.23635 202.37 47.1899
internal_count=36000 22000 11200 10800 9612 616 14000 11400 9000 2115 270 1845 6885 2400 1435 8478 3240 1188 1026 1836 432 10584 3360 564 1134 5535 4545 990 2600 806
is_linear=0
shrinkage=0.08


Tree=58
num_leaves=31
num_cat=0
split_feature=2 6 6 2 7 10 10 2 2 6 7 2 2 7 2 6 6 6 6 10 6 10 6 6 10 7 2 2 7 2
split_gain=2.17426 3.65912 0.572336 4.11937 3.02398 1.38929 1.36773 0.932637 0.704793 0.700137 1.75491 0.718917 0.604921 0.543477 0.541602 0.540011 1.10827 0.528987 0.51308 0.766079 0.874026 0.662823 0.467027 1.42731 1.6532 2.17994 0.455758 0.450752 0.449795 0.441496
threshold=1.0000000180025095e-35 -0.91597561503675329 -0.91597561503675329 2.5000000000000004 0.1294095225512602 1.0000000180025095e-35 1.0000000180025095e-35 8.5000000000000018 1.5000000000000002 0.91597561503675362 0.25881904510252057 4.5000000000000009 4.5000000000000009 0.1294095225512602 1.5000000000000002 0.25881904510252091 0.37940952255126054 0.60355339059327384 0.78656609248549325 1.5000000000000002 0.98296291314453421 1.5000000000000002 0.91597561503675362 0.25881904510252091 1.5000000000000002 0.37940952255126048 6.5000000000000009 7.5000000000000009 -0.5 6.5000000000000009
decision_type=2 2 2 2 2 2 2 2 2 2 2 2 2 2 2 2 2 2 2 2 2 2 2 2 2 2 2 2 2 2
left_child=1 -1 3 4 14 -5 12 9 -6 15 11 -11 -4 -7 -2 -8 -17 -3 21 20 -20 -19 23 -9 -25 -26 -15 -13 29 -14
right_child=2 17 6 5 8 13 7 22 -10 10 -12 27 28 26 -16 16 -18 18 19 -21 -22 -23 -24 24 25 -27 -28 -29 -30 -31
leaf_value=-0.068345818315730597 -0.085612685133272332 -0.015591166502917147 -0.011521465447130492 0.010713677060987602 0.076137514874185033 -0.027264216039777658 0.0015970661546315622 0.02626067473740238 0.13851078021857552 -0.09222662433115307 -0.11946753199366318 -0.008310771350942733 -0.0033646127156082713 0.025605224812064096 0.011466310744658726 0.040231192953804749 0.0070836513455415154 0.045421490937770613 -0.088686239372977108 0.010315708689150944 -0.0035874414808038102 -0.091003655327541344 0.044888055919610904 -0.15740729045955185 -0.15833903665987362 0.023492476817669361 -0.017880729447643736 0.032837561908674921 0.0012956049391174627 -0.018576698026415421
leaf_weight=7.4992494936886933 0.44958045455132323 17.78100943262325 44.225906671781559 32.309569822333287 2.6919002237664245 11.661903178537615 81.351970776871894 15.390165791053738 2.0366292870530742 0.58651749818818366 0.92889190168352875 10.445557787665164 74.210056397365406 2.8448456309415624 2.0218910934927408 7.6320772082672184 41.870462415972725 2.7839330862625498 1.23043067671824 8.2504100155201741 2.0751323609147221 0.24824752123095084 4.2872683883761047 0.54967914297594633 0.50592645246069912 2.5429725091671571 3.3692828823222953 2.0358453728258601 152.28929131946643 14.61511358116695
leaf_count=1232 702 6608 10502 572 486 247 4464 186 225 720 192 108 770 117 325 528 2496 860 1290 520 430 260 44 63 34 29 54 36 1620 280
internal_value=5.09469e-09 -0.0179934 0.00140426 0.00893156 0.0655199 0.000812969 0.000451692 0.00617542 0.103002 0.00378695 -0.013219 -0.00566662 -0.00292082 -0.0170818 -0.00619314 0.00560598 0.0121942 -0.0063278 0.00496301 -0.00272222 -0.0352638 0.0342522 0.0210394 0.0156548 -0.0297036 -0.00668018 0.00202726 -0.00159905 -0.00134327 -0.00586758
internal_weight=550.722 39.8684 510.853 57.3856 7.2 50.1856 453.468 168.127 4.72853 144.851 13.9968 13.0679 285.34 17.876 2.47147 130.855 49.5025 32.3692 14.5882 11.556 3.30556 3.03218 23.276 18.9887 3.59858 3.0489 6.21413 12.4814 241.114 88.8252
internal_count=36000 11200 24800 2728 1738 990 22072 8900 711 8544 1056 864 13172 418 1027 7488 3024 9968 3360 2240 1720 1120 356 312 126 63 171 144 2670 1050
is_linear=0
shrinkage=0.08


Tree=59
num_leaves=31
num_cat=0
split_feature=10 2 6 6 2 2 6 6 6 6 6 6 6 10 6 2 2 6 2 6 6 6 6 6 2 8 2 6 2 6
split_gain=1.19299 1.34171 1.31645 1.9988 1.7504 0.76487 1.44798 0.745118 0.600477 0.592789 0.522891 0.888864 0.857075 0.839512 0.522749 1.19186 0.533288 0.50653 0.427943 1.70077 0.409272 0.469583 0.374384 1.64631 0.555503 0.3128 0.884645 3.59764 0.529411 1.07244
threshold=1.5000000000000002 1.0000000180025095e-35 0.25881904510252091 0.37940952255126054 5.5000000000000009 8.5000000000000018 -0.98296291314453399 0.12940952255126045 -0.5 -0.60355339059327362 0.78656609248549325 0.60355339059327384 0.98296291314453421 1.0000000180025095e-35 -0.98296291314453399 7.5000000000000009 7.5000000000000009 0.98296291314453421 8.5000000000000018 0.91597561503675362 -0.78656609248549303 -0.91597561503675329 0.25881904510252091 0.37940952255126054 4.5000000000000009 1.0000000180025095e-35 1.5000000000000002 -0.91597561503675329 4.5000000000000009 1.0000000180025095e-35
decision_type=2 2 2 2 2 2 2 2 2 2 2 2 2 2 2 2 2 2 2 2 2 2 2 2 2 2 2 2 2 2
left_child=1 7 -2 4 -4 14 -7 8 9 20 11 13 -12 -9 15 -3 22 -18 -5 -20 21 -1 25 24 -24 28 27 -27 29 -16
right_child=2 5 3 18 -6 6 -8 10 -10 -11 12 -13 -14 -15 16 -17 17 -19 19 -21 -22 -23 23 -25 -26 26 -28 -29 -30 -31
leaf_value=-0.040182430676873541 0.00080455849003025078 -0.0047176250312234843 0.003639481681274509 -0.0058381785868649077 -0.068809139922464166 -0.023534324178044255 0.015669125743234057 -0.0026889727108038871 -0.086633121642378977 0.03471808453966474 -0.087873209810685221 0.041362631719756279 -0.0011185182564630264 -0.10576714534533148 -0.0089233080426752067 0.056190777595792572 -0.01150027206744342 0.027568656862597855 -0.053261360383189411 0.02745903380507916 -0.088100499655337769 0.012791120694623355 -0.0042887847774870516 0.0013740538411424047 0.031202002463960567 0.13606578086488294 0.00026055017399114692 -0.012005782120808462 0.00063685589620902266 -0.092762097698322721
leaf_weight=4.4762989514238134 77.357031382678542 4.7888418102811539 3.0434814978834748 48.004112379167054 7.1446093565027695 6.7619495238177469 55.677370234348928 5.296696939141837 1.2461863633870978 0.88768808520399023 1.1407518424675793 2.9430711403256282 2.0182033636956476 0.55904990381532105 23.880509301947317 3.6031810194253922 29.230189419118691 2.2902508679544544 5.0134398883674285 2.5053680429700762 0.81188599334564138 1.4077760247018885 3.3411981869285254 103.46796341062145 18.181411857309286 1.6106337480232493 17.797056385563337 3.0178317558893468 103.88187825901696 1.018109441094565
leaf_count=946 4370 558 374 2738 44 24 776 1122 1677 602 1290 860 430 340 6560 12 368 20 52 22 731 602 880 6882 143 144 495 384 1274 1280
internal_value=1.13235e-09 0.00224569 -0.00626823 -0.0145945 -0.0471666 0.00333234 0.0114235 -0.0175426 -0.0351684 -0.0267115 -0.00452739 0.00549635 -0.0324471 -0.0125299 0.00173413 0.0214339 0.00119688 -0.00866155 -0.00861778 -0.0263642 -0.0348552 -0.0275084 0.00232196 0.00556152 0.0256924 -0.000355935 0.00836358 0.0395208 -0.00187433 -0.0123515
internal_weight=542.404 399.336 143.068 65.711 10.1881 378.548 62.4393 20.7876 8.82984 7.58365 11.9578 8.79882 3.15896 5.85575 316.109 8.39202 307.717 31.5204 55.5229 7.51881 6.69596 5.88407 276.197 124.991 21.5226 151.206 22.4255 4.62847 128.78 24.8986
internal_count=36000 28400 7600 3230 418 19800 800 8600 4558 2881 4042 2322 1720 1462 19000 570 18430 388 2812 74 2279 1548 18042 7905 1023 10137 1023 528 9114 7840
is_linear=0
shrinkage=0.08


Tree=60
num_leaves=31
num_cat=0
split_feature=2 7 7 2 10 10 8 7 2 7 7 2 10 2 7 7 7 10 2 7 7 2 7 10 7 7 7 7 7 10
split_gain=1.63034 2.01763 0.787404 1.09524 1.19418 1.19379 0.689794 2.12795 1.11704 0.628213 0.606717 0.377224 0.328665 0.320993 0.748456 1.30145 1.0338 2.58051 0.484284 0.708543 0.859294 1.7823 3.7178 0.665303 0.640397 0.417888 0.399653 0.604951 0.958429 0.449292
threshold=6.5000000000000009 -0.9159756150367534 -0.9159756150367534 5.5000000000000009 1.5000000000000002 1.5000000000000002 1.0000000180025095e-35 0.78656609248549303 8.5000000000000018 -0.98296291314453399 -0.98296291314453399 1.0000000180025095e-35 1.5000000000000002 7.5000000000000009 0.78656609248549303 0.98296291314453421 1.0000000180025095e-35 1.5000000000000002 8.5000000000000018 0.91597561503675351 1.0000000180025095e-35 9.5000000000000018 0.60355339059327384 1.0000000180025095e-35 0.37940952255126048 0.37940952255126048 -0.37940952255126015 -0.70710678118654757 -0.60355339059327384 1.5000000000000002
decision_type=2 2 2 2 2 2 2 2 2 2 2 2 2 2 2 2 2 2 2 2 2 2 2 2 2 2 2 2 2 2
left_child=2 9 3 5 -5 -1 13 8 -8 12 -7 -12 -2 14 16 -16 17 -3 -15 20 26 22 24 -23 -22 -25 27 -20 -29 -28
right_child=1 6 -4 4 -6 10 7 -9 -10 -11 11 -13 -14 18 15 -17 -18 -19 19 -21 21 23 -24 25 -26 -27 29 28 -30 -31
leaf_value=-0.010548562749075438 -0.0011786100292325084 -0.14808478069863931 -0.0012244542294733631 0.015744194171790429 -0.05905064169489576 -0.10177692355397279 -0.13970140726869354 -0.15148885115290672 0.0478558483605135 0.039474696298493477 -0.087669339741797053 0.049773859929547248 0.030125617191389471 -0.0090734123553531647 -0.12887343327676543 0.002762076701912254 0.025281316951809824 0.0054451856903386673 0.01464350837530526 0.033843654070028088 -0.032132570873500972 -0.00067491843585038968 -0.15851327987841921 0.064682748670547602 0.019296306921905999 0.011966195361086535 0.016929406567258724 -0.0090065619238181484 -0.13940144318520248 0.056792484731814731
leaf_weight=47.604849895113148 5.0286669388879091 0.7647517209989062 332.34145644711316 1.8224623112328107 5.4567474444629624 0.19146417214506106 0.24547942895878749 0.74174543871777121 1.1807155981514368 14.0307447216328 0.13289067520236075 3.3366020267949352 3.7450676998123527 21.071020267918357 0.6436232224077677 1.8987453780137002 19.208405605342705 8.3586653238162398 10.329891656583639 4.9698231376969479 4.395755308098158 29.462165195378475 1.3691598365548996 1.6713339937850826 2.3932496791239828 2.2687643059762195 11.437055522692388 3.8734698439948261 0.39781079342356207 2.1496466610697089
leaf_count=3724 49 68 29240 56 28 238 30 50 30 210 273 441 21 322 90 18 171 136 120 100 40 146 70 20 36 53 84 50 65 21
internal_value=1.71004e-09 0.00704117 -0.00273146 -0.0112863 -0.0403246 -0.00716314 0.00315869 -0.0415859 0.0155731 0.0289748 0.0368588 0.0445094 0.0121836 0.00392453 0.0110182 -0.0305626 0.0147495 -0.00742415 0.00163813 0.00465886 0.00257934 -0.00473348 -0.0382557 0.00345397 -0.0140029 0.0343278 0.0133614 0.00417253 -0.021151 0.0232364
internal_weight=542.522 151.636 390.886 58.545 7.27921 51.2658 128.831 2.16794 1.4262 22.8045 3.66096 3.46949 8.77373 126.663 30.8742 2.54237 28.3318 9.12342 95.7891 74.7181 69.7483 41.5604 8.15816 33.4023 6.789 3.9401 28.1879 14.6012 4.27128 13.5867
internal_count=36000 2000 34000 4760 84 4676 1720 110 60 280 952 714 70 1610 483 108 375 204 1127 805 705 365 146 219 76 73 340 235 115 105
is_linear=0
shrinkage=0.08


Tree=61
num_leaves=31
num_cat=0
split_feature=10 10 7 6 6 7 6 6 6 8 7 6 6 6 7 7 6 7 6 6 7 6 6 7 7 6 6 7 7 7
split_gain=0.448918 0.233343 1.80755 1.27181 3.2899 0.83934 1.23437 0.826741 1.41649 0.50051 0.455475 1.05436 0.446157 0.438704 0.225764 0.251359 0.177317 0.225926 0.171038 1.50129 0.102098 0.198527 0.110846 0.10133 0.0986499 0.688733 0.155793 0.0904785 0.455911 0.224692
threshold=1.5000000000000002 1.0000000180025095e-35 0.25881904510252057 0.25881904510252091 0.37940952255126054 -0.9159756150367534 0.25881904510252091 -0.5 -0.98296291314453399 1.0000000180025095e-35 -0.5 0.98296291314453421 -0.98296291314453399 -0.78656609248549303 0.98296291314453421 -0.60355339059327384 -0.5 -0.9159756150367534 0.78656609248549325 0.60355339059327384 -0.37940952255126015 -0.70710678118654735 -0.37940952255126059 -0.9159756150367534 0.91597561503675351 -1.0000000180025095e-35 0.12940952255126045 -0.5 -0.37940952255126015 -0.12940952255126037
decision_type=2 2 2 2 2 2 2 2 2 2 2 2 2 2 2 2 2 2 2 2 2 2 2 2 2 2 2 2 2 2
left_child=1 5 3 7 -5 6 -1 8 -3 13 -6 -12 -7 -4 15 16 -2 -18 19 24 21 -14 -22 -9 -15 -26 -27 -17 -29 -30
right_child=14 2 9 4 10 12 -8 23 -10 -11 11 -13 20 18 -16 27 17 -19 -20 -21 22 -23 -24 -25 25 26 -28 28 29 -31
leaf_value=-0.0050920516629899184 0.013522328369603882 -0.012815898973395324 -0.10255034087288893 -0.075386807154349561 0.0046732887131783951 0.017947498892873448 0.023431928927904147 0.001512966023115738 -0.10958617626576463 -0.10328943096963146 -0.12207476249042634 -0.0096084330439627479 -0.01025062052420009 0.019635933245242505 -0.020057711116197998 0.013671014168136144 0.0042945284368630298 -0.009098612348919571 0.025038109561370404 -0.11553526071737233 -0.0011962008992038409 0.0019679642808610922 -0.0048416402376784684 0.014438718817699517 -0.12053281443078 0.02363945429554511 -0.0012466449940101907 -0.020104985758561483 0.01890270172188285 0.005676558985077994
leaf_weight=17.641256577953754 4.7328713994065756 9.156650983844882 0.2066801885230295 6.7027417416757116 8.450247184431646 7.1104579461389212 21.595934239216149 17.162876693146249 1.0825277804324276 0.23704826735047291 0.64282104592711897 3.1366294039980858 9.873582855158018 10.096608742096587 2.4271492847765321 10.9879957534431 14.699419998778465 17.848775325808674 7.0202852626680388 0.58684093516785552 96.804587970953435 61.648034233337967 119.01107695039536 5.0159958081494542 0.25999012777174346 3.5204316908493629 2.9666632913067588 4.0839187103847499 9.409438450180458 65.062375324365348
leaf_count=1819 228 210 175 385 630 642 1177 595 1050 280 455 350 856 875 228 304 1064 1064 595 350 5029 4173 7704 350 175 210 315 190 570 3952
internal_value=2.93221e-10 -0.00129619 -0.00528915 -0.0138656 -0.0303404 -0.000383825 0.0106074 -0.00424422 -0.0230468 0.0124017 -0.00565181 -0.0287371 -0.00184848 0.013514 0.00411095 0.00457349 -0.000946126 -0.00305 0.014495 0.0102487 -0.00233835 0.000281185 -0.00320647 0.00443627 0.0146311 0.00714166 0.0122586 0.00687155 0.00592047 0.00734767
internal_weight=539.182 409.93 76.245 51.3505 18.9324 333.685 39.2372 32.4181 10.2392 24.8945 12.2297 3.77945 294.448 24.6575 129.252 126.825 37.2811 32.5482 24.4508 17.4305 287.337 71.5216 215.816 22.1789 16.8437 6.74709 6.48709 89.5437 78.5557 74.4718
internal_count=36000 28400 7000 4025 1820 21400 2996 2205 1260 2975 1435 805 18404 2695 7600 7372 2356 2128 2520 1925 17762 5029 12733 945 1575 700 525 5016 4712 4522
is_linear=0
shrinkage=0.08


Tree=62
num_leaves=31
num_cat=0
split_feature=10 7 6 7 6 6 7 7 6 8 8 7 6 10 10 6 6 6 6 7 7 8 7 6 7 7 7 7 6 6
split_gain=0.505462 2.06445 2.87342 0.654687 1.43289 0.583018 1.22371 0.790867 0.858364 0.793935 0.734396 0.583183 0.951583 0.509092 0.303986 1.1485 1.9914 0.758731 0.387788 0.475013 0.295636 0.287272 0.260219 0.434173 0.243847 0.224025 0.194033 0.175267 0.160739 0.574545
threshold=1.5000000000000002 -0.9159756150367534 0.25881904510252091 -0.9159756150367534 0.25881904510252091 -0.70710678118654735 -0.37940952255126015 0.1294095225512602 -0.78656609248549303 1.0000000180025095e-35 1.0000000180025095e-35 -0.37940952255126015 0.78656609248549325 1.0000000180025095e-35 1.0000000180025095e-35 -0.98296291314453399 -0.78656609248549303 -0.98296291314453399 -0.70710678118654735 -0.37940952255126015 1.0000000180025095e-35 1.0000000180025095e-35 -0.37940952255126015 0.78656609248549325 -0.78656609248549325 0.98296291314453421 0.98296291314453421 0.1294095225512602 -0.70710678118654735 -0.60355339059327362
decision_type=2 2 2 2 2 2 2 2 2 2 2 2 2 2 2 2 2 2 2 2 2 2 2 2 2 2 2 2 2 2
left_child=3 2 -2 4 -1 6 -3 -8 9 -9 -10 12 24 -6 17 -16 -17 -5 19 -19 -13 26 23 -20 -7 -22 28 -21 -18 -30
right_child=1 5 -4 14 13 11 7 8 10 -11 -12 20 -14 -15 15 16 21 18 22 27 25 -23 -24 -25 -26 -27 -28 -29 29 -31
leaf_value=-0.0015582419166426662 0.0062959149433271504 0.012909718820840068 -0.055721170692414702 -0.022778383501884231 0.020235257194709658 -0.0076673234271095068 -0.050422108292638712 0.0026718033276576791 -0.050317119007324815 -0.15129264260200626 0.016234274790398868 0.023309610564355779 -0.037797555123755579 0.063968301574606173 0.038343373110537531 -0.11306251730378035 0.023383160449704104 -0.011599970997125683 -0.0010970195327525813 0.014705243868464571 0.0069104456069944177 -0.096921339808093879 -0.0038809631843655674 0.015367764466373871 0.0093907552971906963 -0.018185647757562533 0.022280311075883085 0.0048891085670311127 -0.10374848825104312 0.0023565574028253139
leaf_weight=34.554784766085504 8.5523081772480509 10.96839864211506 10.844184689012764 9.820649536646668 24.065684033063011 10.731561326101659 4.3182232238905298 12.059159713317058 5.0236172313525449 0.21822929602603913 1.3454020986682733 6.9618432246206785 5.0316410029045064 1.8333364031132067 6.101318987843114 0.95298809847736166 2.2627859413914839 10.034123434103092 49.39008037027088 14.92607326703728 48.482366894597362 0.18036618031328444 141.97204794609934 12.934543786337597 10.721927480859449 2.3886415023007421 3.5121599519625297 52.897498812686536 0.32947893085656588 37.533410303178243
leaf_count=2414 646 304 418 642 1177 684 494 418 342 152 76 304 190 385 210 1050 315 856 3638 749 2736 245 9202 535 608 228 210 2782 210 3780
internal_value=1.36215e-09 -0.00418588 -0.0283766 0.00142865 0.00910457 -0.000217922 -0.0090727 -0.019572 -0.0124275 -6.48985e-05 -0.0362587 0.0033456 -0.00648587 0.023331 7.51656e-05 0.00578203 0.00134464 -0.000919175 -0.000158344 0.00464588 0.00784802 0.00383285 -0.00198924 0.00232 0.000857886 0.00573206 0.00424929 0.00704937 0.00267105 0.00143324
internal_weight=540.949 137.648 19.3965 403.301 60.4538 118.251 33.933 22.9646 18.6464 12.2774 6.36902 84.318 26.4851 25.899 342.848 50.8725 44.7712 291.975 282.154 77.8577 57.8329 43.8182 204.297 62.3246 21.4535 50.871 43.6378 67.8236 40.1257 37.8629
internal_count=36000 7600 1064 28400 3976 6536 1786 1482 988 570 418 4750 1482 1562 24424 6020 5810 18404 17762 4387 3268 4760 13375 4173 1292 2964 4515 3531 4305 3990
is_linear=0
shrinkage=0.08


Tree=63
num_leaves=31
num_cat=0
split_feature=2 7 6 7 2 2 6 2 2 2 2 2 7 8 2 7 2 2 6 2 2 6 6 2 2 7 2 6 7 7
split_gain=2.03689 0.232641 0.253854 0.49532 0.525308 1.11806 0.468205 0.459018 1.97023 0.242863 0.317996 0.142622 0.121089 0.209166 2.31113 1.73668 0.650571 0.474954 0.160093 0.42283 0.419597 0.405924 0.343955 0.135214 0.706962 0.379758 0.312177 0.473487 0.192039 0.124375
threshold=5.5000000000000009 0.60355339059327384 0.12940952255126045 0.78656609248549303 9.5000000000000018 6.5000000000000009 -0.60355339059327362 6.5000000000000009 9.5000000000000018 8.5000000000000018 9.5000000000000018 8.5000000000000018 -0.12940952255126037 1.0000000180025095e-35 1.0000000180025095e-35 0.37940952255126048 2.5000000000000004 1.5000000000000002 0.37940952255126054 4.5000000000000009 2.5000000000000004 0.60355339059327384 0.91597561503675362 3.5000000000000004 1.5000000000000002 -0.37940952255126015 4.5000000000000009 -0.91597561503675329 -0.98296291314453399 -0.70710678118654757
decision_type=2 2 2 2 2 2 2 2 2 2 2 2 2 2 2 2 2 2 2 2 2 2 2 2 2 2 2 2 2 2
left_child=12 -2 6 4 5 -4 11 -5 -9 -8 -11 -3 18 -14 15 -15 17 -16 23 20 29 -22 -21 24 25 28 27 -25 -1 -20
right_child=1 2 3 7 -6 -7 9 8 -10 10 -12 -13 13 14 16 -17 -18 -19 19 22 21 -23 -24 26 -26 -27 -28 -29 -30 -31
leaf_value=-0.082209579950952141 0.0050196805057359751 0.012830135388040823 -0.16120775108361643 0.036921595511848315 0.017754445863521033 -0.0063665054163625813 -0.0081659383813239804 -0.11602847357898237 0.037282484492893245 0.034055942846601787 0.00060916392457045418 0.037453892253111541 -0.006268042568789523 0.14504087458045289 -0.0040760610833216922 -0.084914978130405286 0.0051263774224174522 -0.037121158038003157 0.012666266005941626 0.00058603139462974055 -0.097086029907492544 0.038437516931164199 -0.016795564820299973 0.041721786723167072 -0.084523657724661291 -0.084062099402322357 -0.0030989896985499747 -0.085111956071331804 -0.0048168741757284098 -0.001528403759927327
leaf_weight=0.20684371318930672 146.64981170723331 2.888331588124859 0.3357811572495869 9.4181602757453202 5.6456365641206503 2.6844134733546525 10.446020496543499 0.70401945749472306 2.2542781398224179 2.4927626254502666 6.7333056298084557 3.1441906758700497 153.92815241296194 1.1236647397236073 6.1417387394176348 0.2585531921868095 19.45689666844919 5.0911872088909149 7.1736035958165312 31.012550701037981 0.14671288238605384 3.9412113530779607 9.5237659401027468 1.827405834454112 0.76729591857292589 0.39916324690784932 73.389634076767834 0.2100223411762262 25.758197317562008 8.793097549569211
leaf_count=770 1794 88 30 45 30 70 208 105 45 52 78 55 16533 168 594 448 352 275 1080 276 160 460 96 70 2065 770 708 520 4950 3105
internal_value=1.5497e-09 0.00658623 0.0115007 0.0180164 0.00334813 -0.0235815 0.00616673 0.028287 0.000797346 0.000187754 0.00964604 0.0256642 -0.00364816 -0.00504348 0.000833773 0.102026 -0.00372376 -0.0190533 -0.00205742 0.00120294 0.0107043 0.0335737 -0.00349767 -0.00398362 -0.00882692 -0.00662387 -0.00224146 0.0286475 -0.0054334 0.00484905
internal_weight=542.546 193.397 46.7469 21.0423 8.66583 3.02019 25.7046 12.3765 2.9583 19.6721 9.22607 6.03252 349.15 186 32.072 1.38222 30.6898 11.2329 163.15 60.5909 20.0546 4.08792 40.5363 102.559 27.1315 26.3642 75.4271 2.03743 25.965 15.9667
internal_count=36000 2600 806 325 130 100 481 195 150 338 130 143 33400 18370 1837 616 1221 869 15030 5177 4805 620 372 9853 8555 6490 1298 590 5720 4185
is_linear=0
shrinkage=0.08


Tree=64
num_leaves=31
num_cat=0
split_feature=10 2 6 6 6 6 6 2 2 2 8 6 2 6 6 6 6 10 2 6 6 6 6 6 6 2 10 6 2 2
split_gain=1.34272 0.678959 1.20027 0.415297 0.412161 0.44353 2.09173 0.396517 0.454638 0.591706 2.73522 0.849347 0.369243 0.636673 0.38746 1.55491 0.358357 0.333236 0.263059 0.457695 0.757763 0.361338 0.428664 0.256255 0.981717 1.56508 3.7192 1.3427 1.28316 1.05374
threshold=1.0000000180025095e-35 8.5000000000000018 1.0000000180025095e-35 -0.98296291314453399 -1.0000000180025095e-35 -0.91597561503675329 -0.70710678118654735 6.5000000000000009 4.5000000000000009 1.0000000180025095e-35 1.0000000180025095e-35 -0.91597561503675329 1.0000000180025095e-35 -0.70710678118654735 0.60355339059327384 -0.25881904510252113 -0.91597561503675329 1.5000000000000002 5.5000000000000009 -0.25881904510252113 -0.60355339059327362 0.25881904510252091 0.98296291314453421 0.12940952255126045 0.37940952255126054 5.5000000000000009 1.5000000000000002 0.25881904510252091 5.5000000000000009 8.5000000000000018
decision_type=2 2 2 2 2 2 2 2 2 2 2 2 2 2 2 2 2 2 2 2 2 2 2 2 2 2 2 2 2 2
left_child=1 7 4 -2 5 -3 -7 8 9 10 16 -12 13 -5 15 17 -1 -15 21 20 -20 -10 -23 -14 25 26 -25 -28 -26 -30
right_child=3 2 -4 12 -6 6 -8 -9 18 -11 11 -13 23 14 -16 -17 -18 -19 19 -21 -22 22 -24 24 28 -27 27 -29 29 -31
leaf_value=-0.087653961052737817 -0.011682859372278795 0.021881383698142302 -0.0080548857113779404 -0.089894771376280005 0.048560086043406871 -0.13316943552247101 0.0097691170957197246 -0.01757738248039686 0.00024978665971245225 -0.013198034806207612 0.10251471849826325 -0.084532838283656153 0.0044555568830471305 -0.087526073485557673 0.008536037928205736 -0.095451086061943413 -0.0066614171865862735 0.0038848394394362185 -0.11794897251734252 0.0092565983817774009 -0.0073471996442297299 -0.0087829194282920044 0.011999935110038568 -0.13459436500626043 0.017553797679904719 0.052206199412576926 -0.0024921015468594393 0.088893764109401238 -0.013886641173686947 0.021691835273511279
leaf_weight=0.35876536964497319 8.8440362819674174 15.985562010551806 24.409179869529908 0.54488256666445778 2.2687604664824894 0.69481781823560851 11.497353933867995 14.203273295192046 95.790490457933629 56.273964396990777 1.9927738038823011 0.16850542297470283 95.069275472393201 0.26570896132762101 9.8359679960922204 1.2944347987104254 13.727181264985118 6.4731533742160536 0.45459481116267886 24.127355092161451 3.0996084600919884 74.235976439726073 6.9459532790933727 1.0987402516584541 31.756114131960203 8.2170622835692466 2.9392344948573736 1.5832203105019287 22.791130989498928 6.9530550924246191
leaf_count=627 438 66 303 943 18 75 138 200 1035 11800 99 264 5000 360 1380 1311 5610 468 106 234 60 675 90 440 3182 140 189 231 370 148
internal_value=3.37876e-09 -0.00300334 0.00516145 0.00526069 0.0157571 0.0131159 0.00162321 -0.00454046 -0.00387241 -0.00931522 0.0041333 0.0879314 0.00605429 -0.0047076 -0.00211001 -0.015145 -0.00872428 0.000280567 -0.0019437 0.0053084 -0.0214935 -0.00307805 -0.00700473 0.00721722 0.0107021 0.029954 -0.00257431 0.0295002 0.00637026 -0.00556975
internal_weight=543.9 346.234 54.8557 197.666 30.4465 28.1777 12.1922 291.378 277.175 72.5212 16.2472 2.16128 188.822 18.4141 17.8693 8.0333 14.0859 6.73886 204.654 27.6816 3.5542 176.972 81.1819 170.408 75.3386 13.8383 5.6212 4.52245 61.5003 29.7442
internal_count=36000 21400 600 14600 297 279 213 20800 20600 18400 6600 363 14162 4462 3519 2139 6237 828 2200 400 166 1800 765 9700 4700 1000 860 420 3700 518
is_linear=0
shrinkage=0.08


Tree=65
num_leaves=31
num_cat=0
split_feature=10 7 7 6 6 7 10 6 7 6 10 7 10 7 10 7 6 7 6 6 7 7 7 7 6 6 7 6 6 10
split_gain=0.14119 0.704814 0.448411 0.710702 0.426132 2.47816 1.16735 0.393281 0.381714 1.71098 2.5904 0.783566 0.734821 0.520067 0.49195 1.33588 0.453572 0.385772 0.692097 0.347131 0.24311 0.233433 0.390668 0.279272 0.617095 0.360752 0.256628 0.224236 0.167785 0.182496
threshold=1.0000000180025095e-35 0.78656609248549303 -0.9159756150367534 0.25881904510252091 -0.91597561503675329 -0.12940952255126037 1.5000000000000002 -0.98296291314453399 -0.9159756150367534 0.25881904510252091 1.5000000000000002 1.0000000180025095e-35 1.5000000000000002 -0.70710678118654757 1.5000000000000002 -0.60355339059327384 0.78656609248549325 -0.5 0.91597561503675362 -0.78656609248549303 0.1294095225512602 0.78656609248549303 -0.37940952255126015 0.1294095225512602 0.91597561503675362 0.60355339059327384 -0.70710678118654757 0.98296291314453421 -0.37940952255126059 1.5000000000000002
decision_type=2 2 2 2 2 2 2 2 2 2 2 2 2 2 2 2 2 2 2 2 2 2 2 2 2 2 2 2 2 2
left_child=2 4 3 -1 5 -2 -7 -4 9 -6 -11 13 19 -10 15 -15 -14 -16 -19 -13 -8 22 26 24 -24 -25 -9 -26 -3 -30
right_child=1 28 7 -5 8 6 20 21 11 10 -12 12 16 14 17 -17 -18 18 -20 -21 -22 -23 23 25 27 -27 -28 -29 29 -31
leaf_value=-0.0030705539684256393 -0.061855275233925332 -9.3401733770854281e-05 0.018449790503426183 0.018741544805988795 0.0020328956552711484 -0.014422442483998004 -0.089173200601841404 0.0014699371859928968 -0.0018688012628168143 -0.070913850677085444 0.0047160832873588123 -0.10204624204234927 -0.0037205696420003083 0.008668855098510066 0.01056161758266253 -0.10581885294654493 -0.020367232399308679 0.07001086978294481 0.018720110530781941 0.011427023525856669 0.036074106027015496 -0.0045077971474373401 0.021759196316028975 -0.0030261879597837452 -0.0067975349559834496 0.0071386357090843814 -0.0079363491090476759 0.0075159840997792958 0.019463320380642104 0.0062289673672299194
leaf_weight=17.117460802968708 5.276803769625988 11.91331277591962 7.1771876486018291 21.654822041702573 25.854681911216176 9.325533954670389 0.10124075248313502 32.942360391418333 25.911337492725579 6.0908288903010526 5.5298662239110854 0.17493524499150304 20.935745904469513 3.9509152551181614 16.813214481953771 0.7812554871270575 20.965993955542217 2.2052375268030975 7.1195255649508908 12.592561380086405 4.8847909334263022 70.411261199555156 15.000472687752334 58.332517146336613 11.668482124514414 36.220476251561195 42.526567932625767 17.525642891676398 10.704028057250982 17.68774834874057
leaf_count=1819 511 1022 642 1177 1241 525 228 2568 1752 385 418 210 1026 350 684 735 1026 190 304 1680 342 4387 749 2782 856 2889 2461 1070 945 1026
internal_value=5.43561e-10 -0.0016285 0.0010287 0.00911179 -0.00390152 -0.014994 0.00228413 -4.53082e-05 -0.00244252 -0.00942712 -0.0349243 -9.39366e-05 -0.00693019 0.00648801 0.0135024 -0.0102324 -0.0120499 0.0177995 0.03085 0.00987226 0.033531 -0.000511682 0.00080181 0.00332145 0.00857127 0.000867658 -0.00383048 0.00179507 0.00787493 0.0112185
internal_weight=539.397 208.82 330.577 38.7723 168.514 19.5884 14.3116 291.805 148.926 37.4754 11.6207 111.451 54.6692 56.7815 30.8701 4.73217 41.9017 26.138 9.32476 12.7675 4.98603 284.628 214.217 138.748 44.1946 94.553 75.4689 29.1941 40.3051 28.3918
internal_count=36000 14600 21400 2996 11607 1606 1095 18404 10001 2044 803 7957 3942 4015 2263 1085 2052 1178 494 1890 570 17762 13375 8346 2675 5671 5029 1926 2993 1971
is_linear=0
shrinkage=0.08


Tree=66
num_leaves=31
num_cat=0
split_feature=2 6 8 6 2 2 6 6 6 6 7 6 7 2 6 6 7 6 6 6 7 6 7 2 7 7 2 7 2 7
split_gain=1.81696 3.22712 1.03974 9.15326 1.35089 0.594565 1.06634 0.744132 0.450844 1.78815 0.686277 0.70957 0.418588 0.404109 4.01175 1.51781 0.355442 0.276921 0.256144 0.292292 0.309063 0.248763 0.411864 1.50686 0.536757 1.69483 0.338361 1.89237 0.511446 0.274663
threshold=1.0000000180025095e-35 -0.91597561503675329 1.0000000180025095e-35 -0.91597561503675329 5.5000000000000009 9.5000000000000018 -0.98296291314453399 -0.98296291314453399 -0.5 1.0000000180025095e-35 0.91597561503675351 0.91597561503675362 -0.9159756150367534 3.5000000000000004 -0.37940952255126059 -0.37940952255126059 0.98296291314453421 -0.60355339059327362 0.60355339059327384 0.78656609248549325 -0.37940952255126015 -1.0000000180025095e-35 0.78656609248549303 6.5000000000000009 0.25881904510252057 0.37940952255126048 6.5000000000000009 0.98296291314453421 8.5000000000000018 0.25881904510252057
decision_type=2 2 2 2 2 2 2 2 2 2 2 2 2 2 2 2 2 2 2 2 2 2 2 2 2 2 2 2 2 2
left_child=1 -1 4 -4 -2 6 -6 -7 -9 -10 11 -11 -3 15 -15 17 18 -5 -14 -20 -21 -8 23 29 -25 -26 -24 -28 -29 -23
right_child=2 12 3 13 5 7 21 8 9 10 -12 -13 16 14 -16 -17 -18 -19 19 20 -22 22 26 24 25 -27 27 28 -30 -31
leaf_value=-0.065061350275003385 -0.0031169001355799155 -0.08524655537775512 0.15367347661391073 -0.085365383817483723 0.048984365790802231 -0.025927396496038205 0.003361193246432932 0.01204955522229147 -0.12145548213648993 -0.010227774171010881 0.044043275079390876 0.025069868290769341 -0.010604457675781585 0.0040226093981491039 -0.15885435366615172 0.066536104501040014 -0.082373915821533403 -0.0087331076555666413 0.024350857852093899 -0.094469018638649163 -0.00039533158898367315 -0.015750190788294208 0.028730312087931181 0.022688692387549711 -0.13526939052382994 0.0089039280354993571 -0.11690934503039718 -0.004422082654884564 0.051369518883668017 0.0057208224255991692
leaf_weight=7.1785372922249726 279.83939254885991 0.41804754434997349 2.7940088115519783 0.33682946267072678 4.0151644927682346 6.978086916729807 60.874294535082299 17.899651313899085 0.80793566943612205 21.500266134389683 2.0315384551649904 4.3889282852178431 16.469945836746781 17.434580662957163 1.0247037036751852 2.4722533545573215 0.37230154266580839 2.9015189962810837 3.4341468057828015 0.22808813786832516 11.127108946035149 15.306890696796474 11.727586037974108 26.609384566094377 0.55181073304265638 9.6072585796937329 0.71173187810199934 2.0542893139645457 2.1544116258155555 5.0780549300252451
leaf_count=1232 20979 1568 372 267 60 18 760 153 93 210 27 66 4704 245 35 89 336 356 1120 280 1960 177 63 413 28 161 105 30 12 81
internal_value=8.10711e-10 -0.0165781 0.001303 0.0165822 0.000430399 0.00559258 0.00835817 -0.00156256 0.00208372 -0.00412559 -0.000730439 -0.00424386 -0.00571868 0.000734597 -0.00501895 0.0193327 -0.00466763 -0.0167038 -0.00374214 0.00389999 -0.00228496 0.00714696 0.0102696 0.00704412 0.0167163 0.00107286 0.0213428 0.00373519 0.0241373 -0.0104016
internal_weight=538.329 39.2282 499.101 26.9639 472.137 192.297 138.691 53.6064 46.6283 28.7287 27.9207 25.8892 32.0496 24.1699 18.4593 5.7106 31.6316 3.23835 31.2593 14.7893 11.3552 134.676 73.8014 57.1534 36.7685 10.1591 16.648 4.92043 4.2087 20.3849
internal_count=36000 11200 24800 1364 23436 2457 1890 567 549 396 303 276 9968 992 280 712 8400 623 8064 3360 2240 1830 1070 860 602 189 210 147 42 258
is_linear=0
shrinkage=0.08


Tree=67
num_leaves=31
num_cat=0
split_feature=10 6 6 6 7 7 6 7 6 7 6 7 7 7 8 10 7 6 10 7 6 10 6 6 6 6 7 8 6 6
split_gain=0.331493 1.69941 1.44351 1.6747 0.606567 0.512031 0.451997 0.405756 0.370629 0.347847 0.653311 0.279563 0.280688 0.308892 0.263849 0.246028 0.254532 0.241178 0.191944 0.381798 0.2132 0.188849 1.09052 0.641727 0.36335 0.417655 0.262732 0.232627 0.185467 0.399386
threshold=1.5000000000000002 0.98296291314453421 0.25881904510252091 0.37940952255126054 0.25881904510252057 -0.78656609248549325 0.78656609248549325 -0.78656609248549325 0.91597561503675362 0.1294095225512602 0.78656609248549325 0.98296291314453421 0.91597561503675351 -0.12940952255126037 1.0000000180025095e-35 1.0000000180025095e-35 0.37940952255126048 0.91597561503675362 1.0000000180025095e-35 -0.70710678118654757 -0.98296291314453399 1.0000000180025095e-35 0.60355339059327384 -0.78656609248549303 -1.0000000180025095e-35 -0.37940952255126059 0.78656609248549303 1.0000000180025095e-35 0.25881904510252091 0.37940952255126054
decision_type=2 2 2 2 2 2 2 2 2 2 2 2 2 2 2 2 2 2 2 2 2 2 2 2 2 2 2 2 2 2
left_child=5 2 7 -4 8 28 -6 -2 -5 17 21 12 13 -9 -15 16 -12 18 20 -20 -7 26 23 -23 25 27 -11 -25 -1 -30
right_child=1 -3 3 4 6 9 -8 11 -10 10 15 -13 -14 14 -16 -17 -18 -19 19 -21 -22 22 -24 24 -26 -27 -28 -29 29 -31
leaf_value=0.0030035576106595381 -0.0085395352265993478 0.041767536136900957 -0.044894063587419604 -0.0059903889240780972 -0.0060458662970835344 0.013946501821806949 -0.026759708061868875 0.011731761340302752 0.016665361287672147 0.002213456946889408 -0.0054097093221003303 -0.020950164921180247 0.017405352167483575 -0.0070586028620990195 0.01125529590389808 0.026217161868977774 0.014403029553630218 -0.0092476000969329408 -0.10203012545720347 -0.008180059746621263 -0.0011640221290849686 -0.1059401539663434 -0.1165432193093143 0.0043025168494332869 0.022347869544108511 -0.11191424495746119 -0.0046570233543612562 -0.096562451305842512 0.016097019579069761 0.00030899980869486315
leaf_weight=49.526218039063679 17.419563778319571 5.1320777485889257 9.768623450670928 13.22948982579692 13.518951321340866 6.585003609157865 13.449550749151966 17.526897714706134 7.1021929712733245 72.374705464841099 5.8027994972653731 2.4660952001722753 11.990456653446016 18.495745915744926 6.9177992324703146 6.9217578901443622 14.568408162042033 35.978508518106537 0.2833183502589226 13.336089607824759 64.613440991495736 0.29596777071856806 0.44125575802172434 6.2290888749266804 10.206670025392663 0.21312080559437152 70.148478611168684 0.14985933343268687 27.244346100007533 16.443934345210437
leaf_count=3834 1026 380 418 874 608 642 646 798 304 3852 428 228 570 1368 380 595 1391 2556 210 1260 3852 525 350 665 735 210 4387 210 1562 1136
internal_value=5.36605e-11 -0.00339753 -0.00515505 -0.014738 -0.00851009 0.00115985 -0.0163761 0.0021547 0.00192364 -0.000411711 0.00174654 0.00540032 0.00658331 0.00356142 -0.00207339 0.0131868 0.00875931 -0.0037591 -0.00143096 -0.0101324 0.00023352 -0.000204231 0.0076298 0.010835 0.0128924 -0.00174775 -0.00116812 0.00193292 0.00635511 0.0101545
internal_weight=538.38 137.017 131.885 57.0688 47.3002 401.363 26.9685 74.8166 20.3317 308.148 187.352 57.397 54.9309 42.9404 25.4135 27.293 20.3712 120.796 84.8179 13.6194 71.1984 160.059 17.536 17.0947 16.7987 6.59207 142.523 6.37895 93.2145 43.6883
internal_count=36000 7600 7220 2850 2432 28400 1254 4370 1178 21868 13348 3344 3116 2546 1748 2414 1819 8520 5964 1470 4494 10934 2695 2345 1820 1085 8239 875 6532 2698
is_linear=0
shrinkage=0.08


Tree=68
num_leaves=31
num_cat=0
split_feature=2 2 10 7 7 7 2 2 8 2 7 7 7 10 7 7 8 7 7 7 7 2 7 7 7 7 7 2 2 10
split_gain=1.15297 0.449452 0.417429 1.7562 0.502633 0.767769 0.48383 0.770822 0.910555 2.23041 0.990706 0.488763 0.429603 0.388492 0.74825 1.92578 0.867444 1.86731 0.590199 0.571397 0.380226 0.615163 0.371158 0.599499 0.766781 1.68795 0.437512 0.399408 0.331115 0.390889
threshold=5.5000000000000009 7.5000000000000009 1.0000000180025095e-35 0.98296291314453421 -0.98296291314453399 -0.9159756150367534 4.5000000000000009 1.5000000000000002 1.0000000180025095e-35 1.0000000180025095e-35 0.37940952255126048 -0.70710678118654757 -0.9159756150367534 1.5000000000000002 -0.12940952255126037 0.78656609248549303 1.0000000180025095e-35 0.37940952255126048 -0.9159756150367534 0.91597561503675351 -0.60355339059327384 2.5000000000000004 -0.98296291314453399 -0.9159756150367534 1.0000000180025095e-35 -0.5 -0.70710678118654757 6.5000000000000009 4.5000000000000009 1.5000000000000002
decision_type=2 2 2 2 2 2 2 2 2 2 2 2 2 2 2 2 2 2 2 2 2 2 2 2 2 2 2 2 2 2
left_child=2 22 3 6 -4 28 7 8 -1 10 -10 -9 -8 19 18 16 17 -16 -15 -3 21 -13 -2 -24 25 26 -25 -28 29 -6
right_child=1 13 4 -5 5 -7 12 11 9 -11 -12 20 -14 14 15 -17 -18 -19 -20 -21 -22 -23 23 24 -26 -27 27 -29 -30 -31
leaf_value=-0.0083318795441324669 -0.018379064876684267 -0.00122890474404917 -0.10374740617230734 -0.094564001750569088 -0.087746544629119502 0.00017664787583514458 -0.0090355413696281243 -0.093591656980873822 0.13322842260429135 0.00078991780726302781 -0.08401676343163629 -0.099280708340174648 0.00044403902899926552 -0.0030298337337482336 -0.15278505013860141 -0.14322463956090464 0.07844773970343899 0.016004137522954095 0.04087433035445108 0.027524980154705784 -0.021701140714711964 0.032516935413979819 0.032381542202788834 -0.016819629745948111 0.013763028279862 -0.12213801010531042 0.025267011584255754 -0.0044180588352108127 0.043178073160000566 0.017591043501370321
leaf_weight=37.72547289308568 2.9072031611576667 97.138256317928608 0.2889802444333317 1.3792881691479113 0.26797144106967485 93.160737544308176 39.777443122351542 0.5730499342680585 1.309585201088338 6.0702856767456979 0.14970348507631559 0.26150038791821018 132.55893254611874 2.8206212852237513 0.50163390391389828 0.61969323562516354 0.8807500354014336 2.5611681150039658 6.419448563246986 4.6340923219759125 23.570819827611555 1.7006388440495355 7.391776830671005 6.6030756509862885 48.078665886991075 0.75847451505251129 5.2701426604762673 6.4523563492111862 3.9641506638436113 1.4211381074892415
leaf_count=12444 42 1074 462 606 651 11352 252 1248 99 385 264 130 1494 28 26 41 6 37 62 126 3168 110 126 144 624 156 54 54 63 672
internal_value=7.2087e-10 0.00494876 -0.00277557 -0.00454724 0.00160566 0.00191376 -0.00403776 -0.00957723 -0.00326224 0.0221382 0.110942 -0.0205243 -0.00174397 0.00178852 0.0143827 -0.0121219 0.00847966 -0.0116406 0.0274722 8.03719e-05 -0.0188845 0.0149519 0.00966397 0.0107575 0.0083776 -0.00518999 -0.000349644 0.00892761 0.0305399 0.000879596
internal_weight=537.217 193.037 344.18 245.077 99.103 98.814 243.697 71.3611 45.255 7.52957 1.45929 26.106 172.336 115.576 13.8033 4.56325 3.94355 3.0628 9.24007 101.772 25.533 1.96214 77.4617 74.5545 67.1627 19.084 18.3256 11.7225 5.65326 1.68911
internal_count=36000 2600 33400 20200 13200 12738 19594 17848 13192 748 363 4656 1746 1400 200 110 69 63 90 1200 3408 240 1200 1158 1032 408 252 108 1386 1323
is_linear=0
shrinkage=0.08


Tree=69
num_leaves=31
num_cat=0
split_feature=10 7 6 6 7 8 7 6 6 7 6 10 7 8 6 7 6 6 10 10 7 6 10 7 7 6 8 8 6 6
split_gain=0.356968 1.94791 2.50736 0.647617 0.954007 0.983985 0.59446 1.11297 0.584221 0.330973 0.218419 0.390571 0.463048 0.504956 0.317298 0.617366 0.246187 0.223445 0.239244 0.217611 0.663196 0.34463 0.204319 0.199099 0.19414 0.220387 0.158188 0.135205 0.129088 0.124605
threshold=1.5000000000000002 -0.9159756150367534 0.25881904510252091 -0.37940952255126059 -0.12940952255126037 1.0000000180025095e-35 -0.9159756150367534 0.25881904510252091 0.98296291314453421 -0.78656609248549325 -0.37940952255126059 1.0000000180025095e-35 -0.12940952255126037 1.0000000180025095e-35 -0.5 -0.12940952255126037 -0.78656609248549303 -1.0000000180025095e-35 1.0000000180025095e-35 1.0000000180025095e-35 0.25881904510252057 0.98296291314453421 1.0000000180025095e-35 -0.37940952255126015 0.98296291314453421 0.37940952255126054 1.0000000180025095e-35 1.0000000180025095e-35 -0.78656609248549303 0.91597561503675362
decision_type=2 2 2 2 2 2 2 2 2 2 2 2 2 2 2 2 2 2 2 2 2 2 2 2 2 2 2 2 2 2
left_child=6 2 -2 4 9 28 7 -1 24 -3 11 12 -8 16 15 -13 -14 18 27 21 -21 23 -9 -19 25 -5 -17 -12 -6 -22
right_child=1 3 -4 8 5 -7 10 22 -10 -11 17 14 13 -15 -16 26 -18 19 -20 20 29 -23 -24 -25 -26 -27 -28 -29 -30 -31
leaf_value=-0.0011505537241669078 0.0045889120365490334 -0.0086715128489905854 -0.05335277846185435 0.019324299694938946 -0.020544121459999884 0.010024308703881896 -0.0026145356194846882 0.022970639808642654 -0.014551865482010484 0.011214688119135464 -0.01773758105191477 -0.096427370476218632 0.017536921208024265 -0.0021440065669462828 0.0094578651852638661 -0.0096970372525094165 0.0070885634638720519 0.00064841381522071485 -0.10614651664259299 -0.0093788706014187092 0.012333355206349792 0.0079244793277584002 0.0023969040712402798 -0.0060990626740775843 -0.01434864012203773 0.006953627878250406 -0.095423229965205872 0.0012955684525827601 -0.033931787127563166 0.034266134084140476
leaf_weight=34.857493292125582 8.7396311639095074 7.7118550116283613 10.549627493644948 11.899263854531453 14.374966022369339 6.8622388635940288 47.765535142025328 24.133442892187308 7.8595955920900442 17.536595233454136 7.2971920317504519 0.55325596011244194 23.823956724663731 25.898635214281967 5.1216497075802172 15.651846210836082 36.613417880202178 40.887847650737967 0.17369142085590361 12.466757160887939 16.481593917815193 17.72096738172695 3.5428310551542372 88.70822245223826 2.2313409033813505 40.885278093526722 0.13898472561595632 3.5510179482516833 6.7853067517353347 1.8431743679102499
leaf_count=2414 646 380 418 570 646 380 3317 1177 380 798 535 735 1819 1070 350 1260 2033 2461 210 1435 1540 1070 385 5992 228 2432 350 107 722 140
internal_value=3.59177e-11 -0.00355788 -0.0271004 0.000351987 -0.00613797 -0.0163001 0.00118327 0.00835944 0.00585057 0.00514067 -0.000118604 0.00210183 0.00370558 0.00720219 -0.00791718 -0.0133619 0.0112072 -0.001945 -0.0129987 -0.00126096 0.00485548 -0.00253939 0.020337 -0.00397022 0.00876527 0.00974236 -0.0104516 -0.0115073 -0.024837 0.0145394
internal_weight=542.667 135.436 19.2893 116.146 53.271 28.0225 407.232 62.5338 62.8755 25.2485 344.698 155.567 134.102 86.336 21.4657 16.3441 60.4374 189.13 11.0219 178.109 30.7915 147.317 27.6763 129.596 55.0159 52.7845 15.7908 10.8482 21.1603 18.3248
internal_count=36000 7600 1064 6536 2926 1748 28400 3976 3610 1178 24424 10934 8239 4922 2695 2345 3852 13490 852 12638 3115 9523 1562 8453 3230 3002 1610 642 1368 1680
is_linear=0
shrinkage=0.08


Tree=70
num_leaves=31
num_cat=0
split_feature=10 7 6 6 6 6 6 6 10 6 10 7 7 10 6 6 6 7 8 10 6 7 7 7 10 6 6 7 8 6
split_gain=0.648662 0.499951 3.57085 0.442102 0.375364 0.853314 0.538799 0.330683 0.391057 0.348501 0.556659 0.314716 0.296801 0.256058 0.245456 0.321228 0.201313 0.171951 0.123609 0.144184 0.320413 0.188075 0.284514 0.719062 0.115197 0.108174 0.185786 0.507468 0.0906799 0.0827206
threshold=1.0000000180025095e-35 -0.9159756150367534 0.25881904510252091 -0.98296291314453399 -0.98296291314453399 -0.70710678118654735 0.78656609248549325 -0.91597561503675329 1.5000000000000002 -0.78656609248549303 1.5000000000000002 -0.9159756150367534 -0.37940952255126015 1.5000000000000002 -0.70710678118654735 0.78656609248549325 1.0000000180025095e-35 -0.37940952255126015 1.0000000180025095e-35 1.5000000000000002 -0.60355339059327362 0.98296291314453421 0.60355339059327384 0.78656609248549303 1.5000000000000002 -0.60355339059327362 0.12940952255126045 0.78656609248549303 1.0000000180025095e-35 0.60355339059327384
decision_type=2 2 2 2 2 2 2 2 2 2 2 2 2 2 2 2 2 2 2 2 2 2 2 2 2 2 2 2 2 2
left_child=3 2 -2 -1 -3 7 18 8 -6 10 -9 16 24 -4 28 29 -5 -17 19 20 -7 22 -22 -24 -8 -21 -27 -28 -13 -16
right_child=1 4 13 11 5 6 12 9 -10 -11 -12 14 -14 -15 15 17 -18 -19 -20 25 21 -23 23 -25 -26 26 27 -29 -30 -31
leaf_value=0.016932953892796591 0.0010393246761238521 -0.013549756648382608 0.053087219547140199 0.0018891494646060226 -0.091429176379270269 -0.095639330714310106 -0.096239996362090158 -0.097355498547096297 0.033201209565539312 0.027153049730500336 0.0066405204502699303 -0.0063616544902974151 0.010383854901999006 0.088839175679713153 0.0012354491265868315 0.0038234524662634295 -0.011094495881441768 -0.0063805495627828933 0.0080156181601772347 0.0048507312718256883 0.0068330462462985273 0.018536241999959388 -0.11360653708795301 -0.0063021221980158913 -0.010964669550633768 -0.013244941387399326 -0.009880088720838575 0.014310923164719139 -0.00022702250534620594 0.0059753479225658837
leaf_weight=7.629719635253422 27.016977698287519 9.5347629193129233 2.2653769943281068 9.5270652862600382 0.16505976073313178 0.22126385414594807 0.10428438876260715 0.335894888045014 6.7648983931712792 5.8855480908387063 17.060728909600584 70.016875611094292 33.805905040127982 2.9537860991349589 99.199898506616591 13.082561310235176 38.645514201605693 55.016581994234002 5.7176018943428053 4.8306013828259884 13.597930232906952 3.4592468920745878 0.41259325834107485 12.768932479928479 3.6466094466595678 21.757857353892177 20.771309600080716 7.5733439598843679 19.776861470527365 30.905873265233822
leaf_count=642 1241 438 385 1070 560 210 175 490 608 803 532 3745 2555 418 6955 535 1926 3745 365 228 980 210 350 1050 190 1178 1064 570 642 2140
internal_value=-1.09785e-09 0.00361454 0.012742 -0.00210953 0.00186745 0.00279267 -4.82979e-05 0.0148918 0.0302327 0.0103256 0.00463256 -0.00254172 0.00801494 0.073321 -0.00154063 3.13529e-05 -0.00852673 -0.00442025 -0.00337205 -0.00413453 0.000280057 0.000981922 -0.00128566 -0.00966084 -0.0133355 -0.00658238 -0.00768469 -0.00341655 -0.00501052 0.00236138
internal_weight=544.451 200.651 32.2361 343.801 168.414 158.88 128.667 30.2121 6.92996 23.2822 17.3966 336.171 37.5568 5.21916 287.999 198.205 48.1726 68.0991 91.1107 85.3931 30.46 30.2387 26.7795 13.1815 3.75089 54.9331 50.1025 28.3447 89.7937 130.106
internal_count=36000 14600 2044 21400 12556 12118 9125 2993 1168 1825 1022 20758 2920 803 17762 13375 2996 4280 6205 5840 2800 2590 2380 1400 365 3040 2812 1634 4387 9095
is_linear=0
shrinkage=0.08


Tree=71
num_leaves=31
num_cat=0
split_feature=2 10 6 2 2 6 6 6 2 6 6 6 6 2 6 6 6 2 2 6 6 6 6 10 6 2 2 2 8 6
split_gain=0.325373 0.652885 1.74954 1.56747 1.19193 1.7609 3.23433 1.05398 1.44333 0.904957 1.76919 0.869605 0.850541 0.734323 0.544943 0.521908 1.35348 0.508296 0.387478 0.351991 2.08238 0.32218 1.99724 0.26546 0.289096 0.582271 0.49918 0.244553 1.19148 0.918535
threshold=4.5000000000000009 1.0000000180025095e-35 -0.98296291314453399 9.5000000000000018 7.5000000000000009 0.12940952255126045 0.60355339059327384 0.91597561503675362 8.5000000000000018 -0.60355339059327362 -0.78656609248549303 -0.91597561503675329 -0.98296291314453399 6.5000000000000009 0.91597561503675362 -0.5 -0.78656609248549303 8.5000000000000018 6.5000000000000009 -0.70710678118654735 1.0000000180025095e-35 0.25881904510252091 0.91597561503675362 1.5000000000000002 -0.91597561503675329 2.5000000000000004 3.5000000000000004 1.5000000000000002 1.0000000180025095e-35 -0.91597561503675329
decision_type=2 2 2 2 2 2 2 2 2 2 2 2 2 2 2 2 2 2 2 2 2 2 2 2 2 2 2 2 2 2
left_child=23 12 -3 4 9 15 -7 8 -8 10 11 18 -2 -12 -11 16 -6 -18 -4 -5 -21 -22 -23 27 26 -26 -25 28 -1 -30
right_child=1 2 3 19 5 6 7 -9 -10 14 13 -13 -14 -15 -16 -17 17 -19 -20 20 21 22 -24 24 25 -27 -28 -29 29 -31
leaf_value=-0.007842394980264256 -0.020070000044384924 0.049997945418895288 -0.0043906187499923068 0.063448830980684559 -0.12771181580285293 -0.07809982345668566 0.0030880085335401358 0.018467240668876419 -0.056096893129860381 0.0062056992680013428 -0.13390171493507083 0.011334080940459583 0.0044361990468984331 -0.043719587250452739 -0.013251722393124766 -0.0080852607373760339 0.0040963614893802028 0.05500528770858823 -0.041039269703803172 -0.13573521581299922 0.04971002648256146 -0.15363046513806347 0.049040796372395848 -0.086053566745996263 0.0018334232766440218 -0.086926572323154386 0.04114790212405401 -0.011721302793548121 0.041222334740284555 -0.012350299057674657
leaf_weight=49.059761460766822 9.4063923688954656 3.8960327154491088 3.4536383735467142 1.65352989652456 0.37161719001597049 6.9637159076155539 5.2588900057016854 4.8504007041337891 5.2895002251025289 63.459977669030195 0.65734654944389959 11.190559476730414 249.06165152794711 4.779151058755815 10.776509689225348 22.462263891764451 2.4197018937557004 2.6081111170351505 3.9672491541132331 0.49346364039229129 3.6616265643388033 0.38609924082993519 1.6039342453586867 0.21742813814216733 29.718808817284302 0.48066060526616539 2.1486915040077292 30.475736497306571 6.1805072056522476 3.0635818616174202
leaf_count=17199 90 60 64 41 90 102 76 66 38 750 68 84 2910 34 132 117 62 31 32 52 16 63 22 616 4628 1068 88 6400 273 728
internal_value=-6.58936e-11 0.00105719 -0.00295554 -0.00427543 -0.00611127 -0.0161372 -0.0328575 -0.0123978 -0.0265903 -0.000987929 -0.0144754 -0.00274787 0.00354435 -0.0546238 0.00338117 -0.00271704 0.0196154 0.0305047 -0.0239832 0.0306842 0.0218679 0.0356287 0.00971924 -0.00364756 0.00253054 0.000420702 0.0294591 -0.00591378 -0.00287815 0.0234678
internal_weight=540.017 418.671 160.203 156.307 148.509 50.2242 22.3625 15.3988 10.5484 98.2844 24.0479 18.6114 258.468 5.4365 74.2365 27.8617 5.39943 5.02781 7.42089 7.79865 6.14512 5.65166 1.99003 121.345 32.5656 30.1995 2.36612 88.7796 58.3039 9.24409
internal_count=36000 5000 2000 1940 1746 582 282 180 114 1164 282 180 3000 102 882 300 183 93 96 194 153 101 85 31000 6400 5696 704 24600 18200 1001
is_linear=0
shrinkage=0.08


Tree=72
num_leaves=31
num_cat=0
split_feature=10 6 7 6 6 6 10 6 6 7 7 7 7 6 6 6 10 10 6 6 8 7 7 6 10 7 6 6 6 6
split_gain=0.687945 1.14959 0.835771 0.585075 0.448389 0.809137 1.63342 0.532297 0.325875 0.847893 0.400052 0.310342 0.299925 0.267583 0.238426 0.374501 0.357026 0.293028 0.38791 0.325702 0.264178 0.172336 0.136452 0.161132 0.112875 0.698801 0.607807 0.375145 0.125977 0.129899
threshold=1.0000000180025095e-35 -0.91597561503675329 -0.12940952255126037 -0.91597561503675329 0.25881904510252091 0.37940952255126054 1.5000000000000002 -0.37940952255126059 0.25881904510252091 -0.9159756150367534 -0.70710678118654757 0.1294095225512602 -0.98296291314453399 -1.0000000180025095e-35 -0.70710678118654735 -0.78656609248549303 1.5000000000000002 1.5000000000000002 -0.5 -0.60355339059327362 1.0000000180025095e-35 -0.78656609248549325 -0.37940952255126015 0.78656609248549325 1.5000000000000002 1.0000000180025095e-35 0.60355339059327384 0.98296291314453421 0.91597561503675362 0.60355339059327384
decision_type=2 2 2 2 2 2 2 2 2 2 2 2 2 2 2 2 2 2 2 2 2 2 2 2 2 2 2 2 2 2
left_child=3 2 -2 11 7 6 -6 14 9 12 -10 -1 -5 -9 15 16 -3 19 -19 -16 -17 -11 23 -7 25 -24 -26 28 29 -27
right_child=1 4 -4 8 5 22 -8 13 10 21 -12 -13 -14 -15 17 20 -18 18 -20 -21 -22 -23 24 -25 26 27 -28 -29 -30 -31
leaf_value=0.013246346963875612 -0.047358711942079551 -0.088604429039226537 -0.0062685415265744913 -0.0088751856355499467 0.044539865031333802 0.0022870574183282253 -0.034585769222352611 0.022011375882339309 0.006473759261368668 0.0057441432643052081 -0.0031837254676591667 -0.00014047085655058753 -0.028794612754115143 0.0095465348750232663 -0.091890486942986113 0.037609896656363599 0.0057239679839852188 0.0031261894011819801 -0.018997644580785768 0.013925794222166742 -0.0040234362988475336 -0.0046022228045870753 -0.10855718966224709 -0.015769215764568804 -0.020115302712784128 0.016429140376583717 0.013032912500276257 -0.019275686341003163 0.02953806029655302 -0.00089723173116429173
leaf_weight=21.629607182694599 4.04058914805137 0.2607290566629733 14.670622733150138 7.8142031141615016 2.0731318444086329 17.582765814382586 8.5806922615720396 22.426100982043863 36.439097516988113 11.297498420346527 111.30125318728096 22.730658823886188 12.700363543459389 21.675148187860032 0.19033764802588748 4.3002261267138229 17.039810680784285 12.479681897093544 8.5451192980981414 8.4902196163238859 1.2615959578324689 117.09544701570849 0.36281459539896133 3.8568822918314245 3.9987951808725475 4.9892863588756882 30.867837628225971 3.5762473237482473 1.8135701113787952 6.2238414228777401
leaf_count=1391 511 490 1095 749 385 1314 418 1168 2033 1070 7062 963 1070 1606 210 657 532 760 380 840 146 7062 280 365 228 210 1710 350 140 805
internal_value=1.17475e-09 0.00373393 -0.0151418 -0.00218233 0.00568961 0.00141142 -0.0191887 0.00940385 -0.00346375 -0.00610486 -0.000801776 0.0063868 -0.0212071 0.0158851 0.00396647 0.0101078 0.00430238 -0.000760148 -0.00586561 0.0116056 0.0281661 -0.00369183 0.0044067 -0.000961173 0.00662703 0.00127516 0.0092312 0.00367526 0.00997604 0.00681215
internal_weight=540.314 199.306 18.7112 341.008 180.595 83.9259 10.6538 96.669 296.648 148.908 147.74 44.3603 20.5146 44.1012 52.5677 22.8624 17.3005 29.7054 21.0248 8.68056 5.56182 128.393 73.272 21.4396 51.8324 16.9658 34.8666 16.6029 13.0267 11.2131
internal_count=36000 14600 1606 21400 12994 6205 803 6789 19046 9951 9095 2354 1819 2774 4015 1825 1022 2190 1140 1050 803 8132 5402 1679 3723 1785 1938 1505 1155 1015
is_linear=0
shrinkage=0.08


Tree=73
num_leaves=31
num_cat=0
split_feature=2 6 8 6 2 6 10 6 6 2 6 2 6 6 6 6 6 2 6 10 6 2 6 6 6 2 6 6 2 6
split_gain=1.85609 4.06399 1.35062 8.92174 0.524196 0.388882 0.304339 0.661363 1.1271 2.60249 0.624279 0.543677 0.861136 0.816479 0.474426 0.366462 1.03614 0.391934 0.991304 1.45734 0.685137 0.395847 0.332857 0.871486 2.16868 0.415716 0.542374 0.388617 0.342697 0.29905
threshold=1.0000000180025095e-35 -0.91597561503675329 1.0000000180025095e-35 -0.91597561503675329 5.5000000000000009 0.60355339059327384 1.5000000000000002 -0.78656609248549303 -0.37940952255126059 1.5000000000000002 -0.60355339059327362 1.5000000000000002 -1.0000000180025095e-35 -0.25881904510252113 -0.5 -0.78656609248549303 -0.25881904510252113 4.5000000000000009 -0.60355339059327362 1.0000000180025095e-35 -0.37940952255126059 1.5000000000000002 0.60355339059327384 0.12940952255126045 -0.25881904510252113 2.5000000000000004 0.91597561503675362 0.78656609248549325 4.5000000000000009 0.78656609248549325
decision_type=2 2 2 2 2 2 2 2 2 2 2 2 2 2 2 2 2 2 2 2 2 2 2 2 2 2 2 2 2 2
left_child=1 -1 4 -4 6 -3 15 -8 9 10 -9 12 13 -10 -12 -2 17 18 19 -17 -19 -20 23 24 -13 26 27 -24 -25 -7
right_child=2 5 3 -5 -6 29 7 8 11 -11 14 22 -14 -15 -16 16 -18 20 21 -21 -22 -23 25 28 -26 -27 -28 -29 -30 -31
leaf_value=-0.068896400767079466 -0.0082851148024361224 -0.012335838094152254 0.13424234704395002 0.00065532032438342575 0.0035249751741268129 0.026189922196448549 0.011391312018372336 -0.10459394807072606 -0.034241559310926033 -0.14437172300580331 0.039125251120594194 0.00992907948213715 -0.10015564526262084 0.042171229006505009 -0.10120838617832181 0.050089186656272579 -0.0027376869205629839 0.0032611589866686991 -0.0018824525158296615 -0.10684344907821988 0.035660776874549396 -0.085879237307366796 -0.087440703203467779 -0.088150503387250528 -0.12859329426860408 -0.011990330543050596 -0.089370437190869789 0.082163530240427052 0.025143608355262397 -0.00081807657054075455
leaf_weight=7.6917535809920983 33.9061018263601 16.872565975931142 3.6928163814500321 23.958242995118781 192.69672722156974 3.4190251266700207 9.9053112661349569 0.28878275281749677 3.988259008154273 1.2993034879727929 1.3827847074717281 2.9806809157889806 0.94577151352859701 1.1538558809552339 0.17352704890072246 6.6594901341013593 143.8573182277014 35.790466528036632 2.6800069204182368 0.40155202118330624 4.7290591261698856 0.41462440164468706 0.096860559482595532 0.17483684012404399 0.95510447049309544 22.130636900561512 0.17654181719990447 0.80543552449671552 7.5389410424104426 11.281875703753029
leaf_count=1232 2880 6608 372 992 2457 1120 672 90 30 525 60 75 642 60 60 885 10530 350 1200 315 50 800 140 442 345 480 154 126 68 2240
internal_value=2.19381e-09 -0.0167516 0.00130823 0.018496 0.000307968 -0.00404842 -0.0018869 -0.00728835 -0.0114848 -0.0576416 0.00343315 -0.00794035 -0.0299988 -0.017095 0.0234782 -0.000610139 0.000727573 0.0105648 0.024618 0.0411646 0.00704254 -0.0131365 -0.004088 0.00694615 -0.0236864 -0.00962639 0.0388661 0.0639567 0.0225757 0.00546324
internal_weight=542.048 39.2652 502.783 27.6511 475.132 31.5735 282.435 53.9966 44.0913 3.1444 1.84509 40.9469 6.08789 5.14211 1.55631 228.439 194.533 50.6752 10.1557 7.06104 40.5195 3.09463 34.859 11.6496 3.93579 23.2095 1.07884 0.902296 7.71378 14.7009
internal_count=36000 11200 24800 1364 23436 9968 20979 3969 3297 735 210 2562 732 90 120 17010 14130 3600 3200 1200 400 2000 1830 930 420 900 420 266 510 3360
is_linear=0
shrinkage=0.08


Tree=74
num_leaves=31
num_cat=0
split_feature=2 6 2 8 8 2 8 6 7 2 6 6 6 7 2 2 2 6 7 7 6 6 6 7 7 7 6 7 6 6
split_gain=0.566613 1.01989 4.18492 2.53678 0.879634 0.75073 3.87623 1.1207 0.910471 0.619769 0.701467 0.582291 0.627061 0.468294 0.464175 0.436259 1.82625 0.776193 0.591484 1.4395 0.788207 1.26751 0.376331 0.517361 0.369725 0.759988 0.491152 0.350554 0.346796 0.470803
threshold=1.5000000000000002 -0.91597561503675329 1.0000000180025095e-35 1.0000000180025095e-35 1.0000000180025095e-35 2.5000000000000004 1.0000000180025095e-35 -0.91597561503675329 0.78656609248549303 4.5000000000000009 -0.91597561503675329 0.91597561503675362 0.78656609248549325 -0.12940952255126037 3.5000000000000004 7.5000000000000009 8.5000000000000018 0.25881904510252091 0.1294095225512602 0.37940952255126048 0.60355339059327384 0.25881904510252091 -0.37940952255126059 0.60355339059327384 -0.78656609248549325 -0.12940952255126037 0.37940952255126054 0.37940952255126048 -1.0000000180025095e-35 -0.98296291314453399
decision_type=2 2 2 2 2 2 2 2 2 2 2 2 2 2 2 2 2 2 2 2 2 2 2 2 2 2 2 2 2 2
left_child=1 2 3 -1 -4 6 8 -8 11 10 13 12 24 -7 -12 -11 18 28 20 -20 21 -17 -21 -24 26 -26 -2 -14 29 -18
right_child=5 -3 4 -5 -6 9 7 -9 -10 15 14 -13 27 -15 -16 16 17 -19 19 22 -22 -23 23 -25 25 -27 -28 -29 -30 -31
leaf_value=-0.085337778849645288 -0.083747878889467192 -0.0024709861616087989 -0.014754025012066383 0.15786605494356085 -0.063277500608938345 0.039584156119695763 0.14810701131418957 -0.086868980826050074 -0.087091168627966772 0.0029079226556567158 0.00026665894199518614 -0.086501960244135978 -0.091632643413227743 -0.090868378552768747 -0.026938248763124447 -0.0090707702139318919 0.032686486845484718 -0.0052508660289434959 -0.1531558505067343 -0.0050017998546334546 0.017236489002724672 -0.052985404243889665 -0.031229433220654506 -0.11620281423793193 -0.093415811781725422 0.001299163201286457 0.0397541472769284 0.062441980007923482 0.025357182766916717 0.0043879732636023308
leaf_weight=0.36397850060165793 0.22936234710141112 74.589102109326632 3.7453884290771384 1.1163870681307344 6.6119529988318391 2.1109437534032627 1.6469060014715067 0.14102735034975999 0.69369363685837093 299.81909427613937 5.9325748425526408 0.39743011754762925 0.099973968171979899 0.19214411072425974 12.411063510458916 22.170334052410912 4.2402401453873599 32.423929512879113 0.62591510134370665 2.976020663860254 4.9674581190338349 5.1913979507517061 3.3830477176234131 0.53047859655634955 0.63672439155197569 3.6517278442188399 2.0307248565950431 1.7288651491981 8.6283548395149392 33.40500507561228
leaf_count=1064 950 19580 1026 168 162 140 75 200 900 3600 1780 550 125 300 1780 108 30 425 26 62 66 38 26 74 775 900 200 325 110 435
internal_value=1.26946e-09 -0.00593308 -0.0277477 0.0980694 -0.0457306 0.00113884 0.021539 0.129573 0.00113904 0.000615765 -0.0129149 0.00811409 0.0126028 0.0287006 -0.0181398 0.00128352 -0.00282494 0.00424049 -0.0167799 -0.036996 -0.0120804 -0.0174028 -0.0264428 -0.0427476 0.00103614 -0.0127636 0.0272207 0.0540195 0.0108911 0.00757543
internal_weight=536.691 86.4268 11.8377 1.48037 10.3573 450.264 11.2564 1.78793 9.4685 439.008 20.6467 8.77481 8.37738 2.30309 18.3436 418.361 118.542 78.6975 39.8447 7.51546 32.3292 27.3617 6.88955 3.91353 6.54854 4.28845 2.26009 1.82884 46.2736 37.6452
internal_count=36000 22000 2420 1232 1188 14000 5000 275 4725 9000 4000 3825 3275 440 3560 5000 1400 1000 400 188 212 146 162 100 2825 1675 1150 450 575 465
is_linear=0
shrinkage=0.08


Tree=75
num_leaves=31
num_cat=0
split_feature=10 6 2 2 7 2 7 2 7 2 7 7 7 6 2 6 6 2 6 2 10 7 7 7 7 2 10 7 7 6
split_gain=0.845024 1.30817 2.97483 1.82032 1.34372 2.16271 1.53265 1.73807 1.14168 2.10013 2.69945 0.969488 0.997709 0.956869 0.577212 0.523109 0.594718 0.494039 0.852539 1.65753 1.1482 0.861597 0.570254 0.484898 0.467958 1.32366 4.41327 0.647323 0.458946 0.458725
threshold=1.5000000000000002 -0.70710678118654735 8.5000000000000018 8.5000000000000018 -0.37940952255126015 5.5000000000000009 -0.9159756150367534 1.5000000000000002 -0.37940952255126015 6.5000000000000009 0.37940952255126048 1.0000000180025095e-35 0.60355339059327384 -0.78656609248549303 5.5000000000000009 0.37940952255126054 0.25881904510252091 2.5000000000000004 -0.70710678118654735 9.5000000000000018 1.0000000180025095e-35 -0.12940952255126037 -0.37940952255126015 0.91597561503675351 -0.9159756150367534 6.5000000000000009 1.0000000180025095e-35 -0.98296291314453399 0.91597561503675351 0.98296291314453421
decision_type=2 2 2 2 2 2 2 2 2 2 2 2 2 2 2 2 2 2 2 2 2 2 2 2 2 2 2 2 2 2
left_child=17 2 8 4 5 6 7 -3 -2 10 14 -5 -13 -11 -10 16 -7 28 19 22 21 -21 -19 29 25 26 -20 -27 -1 -6
right_child=1 3 -4 11 23 15 -8 -9 9 13 -12 12 -14 -15 -16 -17 -18 18 24 20 -22 -23 -24 -25 -26 27 -28 -29 -30 -31
leaf_value=-0.0020686832693201577 0.0094615937886229507 0.026484286822197528 -0.096818234380600429 0.04593671742935742 -0.0042439697917845453 0.0083993388353224771 -0.014591062784297637 -0.073082443620901133 -0.050085917545662627 0.016629340500916343 -0.14018879756860023 0.0098794354382565758 -0.12776062668563243 -0.030801256810933358 -0.0059667491607404725 -0.010169676178753403 0.059733451616210055 -0.017411502125039547 0.010581926767766292 0.011375357409797636 0.053144650353424583 -0.029442443075162014 0.019931341626764212 0.016799740038464725 -0.00075987104672405915 0.0015675873823085829 -0.064831716681028911 0.037006639833912204 -0.023370956934566169 0.019816377456268106
leaf_weight=61.285129159859935 10.748192729457513 1.3169959783663197 2.869583358289673 7.5459145011991478 35.398044441186357 6.919209200772455 12.078978791301781 7.5809880888918997 4.2179901773442907 7.6847133011906408 1.7563005848242026 2.7272052065818575 0.38457907585689088 4.2154002208262682 3.4502498749934603 7.0518511605332597 1.8254244881682096 2.7610240021167547 34.490975395456189 4.7369343424215922 1.6428387141786522 10.984446199494412 50.23550813822294 13.232087638971278 203.22693580599298 4.6249845619313428 5.8017916019780378 11.502596177684609 7.2371342672631718 5.9194779702811493
leaf_count=19511 296 532 47 75 2035 99 1326 420 748 56 595 27 51 22 22 69 33 240 616 30 47 64 1170 777 4125 49 112 147 2289 370
internal_value=-3.00101e-09 -0.00542196 -0.0187807 -0.000844749 -0.00449604 -0.0163151 -0.0331508 -0.0583455 -0.0117986 -0.0225143 -0.0507253 0.0304422 -0.00713122 -0.000172092 -0.0302349 0.00604189 0.0191152 0.00186282 0.00314631 0.0109574 -0.0104938 -0.0171438 0.0179858 0.00347152 0.00102962 0.00747538 -0.000276951 0.0268436 -0.00431857 -0.000796892
internal_weight=535.453 136.923 34.9424 101.981 91.3231 36.7734 20.977 8.89798 32.0728 21.3247 9.42454 10.6577 3.11178 11.9001 7.66824 15.7965 8.74463 398.53 330.008 70.3608 17.3642 15.7214 52.9965 54.5496 259.647 56.4203 40.2928 16.1276 68.5223 41.3175
internal_count=36000 7600 1786 5814 5661 2479 2278 952 1739 1443 1365 153 78 78 770 201 132 28400 6600 1551 141 94 1410 3182 5049 924 728 196 21800 2405
is_linear=0
shrinkage=0.08


Tree=76
num_leaves=31
num_cat=0
split_feature=10 6 6 6 7 6 7 6 7 7 6 10 7 10 6 7 7 7 7 7 8 6 6 6 8 10 7 6 8 10
split_gain=0.479474 0.814697 0.523663 0.490263 0.400384 0.311863 0.277538 1.95749 0.251024 0.186867 1.02794 0.143615 0.134156 0.114223 0.108102 0.0905641 0.138474 0.291427 0.156438 0.0808261 0.0598973 0.0597864 0.0568328 0.256622 0.181469 0.0820879 0.0565539 0.109577 0.0808974 0.190684
threshold=1.0000000180025095e-35 0.98296291314453421 0.98296291314453421 -0.91597561503675329 -0.12940952255126037 -0.98296291314453399 -0.9159756150367534 0.25881904510252091 -0.9159756150367534 -0.37940952255126015 0.78656609248549325 1.5000000000000002 0.78656609248549303 1.5000000000000002 0.25881904510252091 0.25881904510252057 -0.5 -0.37940952255126015 0.1294095225512602 -0.98296291314453399 1.0000000180025095e-35 0.78656609248549325 0.60355339059327384 -0.78656609248549303 1.0000000180025095e-35 1.5000000000000002 0.91597561503675351 -1.0000000180025095e-35 1.0000000180025095e-35 1.5000000000000002
decision_type=2 2 2 2 2 2 2 2 2 2 2 2 2 2 2 2 2 2 2 2 2 2 2 2 2 2 2 2 2 2
left_child=2 3 5 4 11 -1 7 13 14 10 -8 -2 22 19 -7 16 -10 -18 -19 -5 -20 -17 23 -11 25 -25 28 -28 29 -14
right_child=1 -3 -4 6 -6 8 9 -9 15 12 -12 -13 26 -15 -16 21 17 18 20 -21 -22 -23 -24 24 -26 -27 27 -29 -30 -31
leaf_value=0.014246314703776016 -0.086555475839439136 -0.017558284354936633 0.011875077274178024 0.015891043734152233 -0.01242494509814307 -0.0030848246204237084 0.0040242432466900749 0.05048422745115657 -0.0031086589483674972 0.0030272928093015941 -0.034778558949530178 0.029566475874975313 0.0039321132056772956 -0.0048913220344672008 -0.011024517823853717 -0.0025934274121705387 0.012977886141900458 -0.0044298495957132292 0.0086182466807908208 0.0028318877151382268 7.1871302986695971e-05 -0.0070198883551172188 0.0077904101413636823 0.023815662331333337 0.0011627049108844829 0.046676239657894608 -0.0011327735750456377 0.010861047592644502 0.0081970834205100859 -0.015061468405119354
leaf_weight=6.928044275409774 0.070648455597623117 11.475594821757111 16.967641611990985 4.1268214154842999 15.911570198556545 16.931700019675191 45.709397763035668 6.812592798491095 59.172019411416841 6.0382089100712619 4.8311954879172836 1.9377497884634067 9.179796550539324 9.3556651949656953 31.196641925660515 123.16981991775901 12.946781928694689 28.039164842833998 11.406304715084843 11.445915770527794 9.7214666488580406 23.20813792134868 34.321109669501311 1.9634560784470503 1.3023541100083091 2.0599556441884488 8.1164972753722413 12.207221637785549 5.6727944951853706 5.3569143263885044
leaf_count=642 245 730 1070 245 1095 1819 3066 803 4494 438 365 266 560 646 1177 7276 535 1605 642 350 321 1819 2555 315 146 342 438 1095 292 608
internal_value=3.62073e-09 0.0031302 -0.00182359 0.00440374 -0.00817652 -0.00254382 0.00574165 0.012481 -0.00291218 0.00417748 0.000315068 0.0254817 0.0064416 0.00209526 -0.00823131 -0.00195575 -0.000339133 0.00229923 -0.000512707 0.0062926 0.00468583 -0.00329524 0.00941404 0.0143177 0.0271184 0.0355201 0.00309135 0.00607119 9.46769e-05 -0.0030672
internal_weight=537.583 197.895 339.688 186.42 17.92 322.72 168.5 31.741 315.792 136.759 50.5406 2.0084 86.2183 24.9284 48.1283 267.664 121.286 62.1137 49.1669 15.5727 21.1278 146.378 45.6851 11.364 5.32577 4.02341 40.5332 20.3237 20.2095 14.5367
internal_count=36000 14600 21400 13870 1606 20330 12264 2044 19688 10220 3431 511 6789 1241 2996 16692 7597 3103 2568 595 963 9095 3796 1241 803 657 2993 1533 1460 1168
is_linear=0
shrinkage=0.08


Tree=77
num_leaves=31
num_cat=0
split_feature=2 2 6 10 6 2 6 6 6 6 6 2 10 2 2 6 6 10 10 6 10 6 6 10 2 6 10 2 2 6
split_gain=0.760319 1.95998 0.832668 0.596696 0.409776 0.948108 0.395408 2.03415 0.912055 0.571796 1.45638 0.977385 0.857661 0.532443 0.34299 0.652546 0.411934 0.539404 0.468781 0.690832 0.326293 0.596242 1.27711 1.24964 0.760793 0.749388 1.48577 0.66188 0.362489 0.354068
threshold=8.5000000000000018 6.5000000000000009 -0.60355339059327362 1.0000000180025095e-35 -0.91597561503675329 9.5000000000000018 0.60355339059327384 0.12940952255126045 0.37940952255126054 -0.5 -0.78656609248549303 7.5000000000000009 1.5000000000000002 7.5000000000000009 1.0000000180025095e-35 0.60355339059327384 0.78656609248549325 1.5000000000000002 1.5000000000000002 0.98296291314453421 1.0000000180025095e-35 0.78656609248549325 0.91597561503675362 1.5000000000000002 4.5000000000000009 0.60355339059327384 1.5000000000000002 5.5000000000000009 4.5000000000000009 -0.91597561503675329
decision_type=2 2 2 2 2 2 2 2 2 2 2 2 2 2 2 2 2 2 2 2 2 2 2 2 2 2 2 2 2 2
left_child=1 14 3 4 -2 -6 7 9 13 10 12 -12 -3 -9 15 -1 17 -17 19 -18 -16 25 27 -24 -25 29 -27 28 -23 -22
right_child=2 6 -4 -5 5 -7 -8 8 -10 -11 11 -13 -14 -15 20 16 18 -19 -20 -21 21 22 23 24 -26 26 -28 -29 -30 -31
leaf_value=-0.015319103475351337 0.018438756653823017 -0.020521199489515637 0.0017181541184226959 0.046795269804109155 -0.1487736631476029 0.0016149903212163549 -0.0024435615076215827 -0.056622194199803827 -0.1447611494815319 0.00040150305498551033 -0.062065017682149837 -0.0063259805500844157 0.010718971104800109 -0.0173875623438246 0.0005258190053348998 0.039744546532706301 -0.08679746089299975 -0.090338093320953536 0.008970033159636924 -0.0024771607945108989 0.023557396079839445 0.028568273653312153 -0.1106106507228051 -0.09109740865519976 0.015247616703840927 -0.12358134941485042 -0.0077989093831103444 -0.14503145493438938 0.06949974775720516 0.00458080318020443
leaf_weight=20.861041171262514 17.18794626148884 11.522984828239714 52.707626123985392 4.2657321453589239 0.30091220478061531 2.474914925172925 20.272856044466607 6.0312159899694926 0.58950710867066014 23.14444503776031 5.9862736322684196 3.0337280650855973 10.986994678998599 3.4973132038139738 247.14514659203633 3.1393785130348983 0.89360548851982224 0.21819099795538921 8.4601015135995112 2.0448464784421958 7.0630540696438393 2.2867032132271552 0.58927897240209581 0.4540548386721629 8.3129439952317625 0.75664528552442512 11.341843349073315 0.10966732021188352 3.5104904249310493 57.687059896439678
leaf_count=7840 66 108 735 106 31 62 300 60 70 195 93 62 72 40 14000 860 1290 260 520 430 968 720 484 418 66 440 440 18 54 5192
internal_value=1.51877e-09 -0.00123131 0.00736094 0.019636 0.0138327 -0.0146878 -0.0121944 -0.0152453 -0.0481959 -0.00914748 -0.0161569 -0.0433181 -0.00527305 -0.0422217 0.0012564 -0.00621192 0.0066631 0.0312912 -0.000591365 -0.0281196 0.00204046 0.00610441 0.0205468 0.00215992 0.00973986 0.00323596 -0.01504 0.0496711 0.0533543 0.0066508
internal_weight=536.877 459.939 76.9371 24.2295 19.9638 2.77583 85.0653 64.7925 10.118 54.6744 31.53 9.02 22.51 9.52853 374.874 35.6172 14.7561 3.35757 11.3986 2.93845 339.257 92.1117 15.2631 9.35628 8.767 76.8486 12.0985 5.90686 5.79719 64.7501
internal_count=36000 35000 1000 265 159 93 1000 700 170 530 335 155 180 100 34000 11200 3360 1120 2240 1720 22800 8800 1760 968 484 7040 880 792 774 6160
is_linear=0
shrinkage=0.08


Tree=78
num_leaves=31
num_cat=0
split_feature=2 2 2 7 7 10 10 7 7 7 2 7 8 7 7 7 7 10 2 7 7 2 7 7 10 7 2 10 7 2
split_gain=1.0521 1.99973 1.27917 1.72636 1.59253 0.945439 0.869412 1.47057 0.798557 0.736374 0.919495 0.898134 0.854506 1.12344 2.38904 0.84422 0.635537 3.22539 1.20956 1.16278 0.448887 0.776395 1.10396 0.442451 0.30745 0.4353 1.56753 0.640361 0.353038 0.439885
threshold=4.5000000000000009 3.5000000000000004 7.5000000000000009 -0.9159756150367534 -0.98296291314453399 1.0000000180025095e-35 1.0000000180025095e-35 -0.12940952255126037 0.98296291314453421 0.37940952255126048 9.5000000000000018 -0.37940952255126015 1.0000000180025095e-35 0.60355339059327384 0.78656609248549303 0.91597561503675351 -0.9159756150367534 1.5000000000000002 5.5000000000000009 -0.98296291314453399 -0.12940952255126037 9.5000000000000018 0.25881904510252057 -0.37940952255126015 1.5000000000000002 0.1294095225512602 6.5000000000000009 1.0000000180025095e-35 0.78656609248549303 6.5000000000000009
decision_type=2 2 2 2 2 2 2 2 2 2 2 2 2 2 2 2 2 2 2 2 2 2 2 2 2 2 2 2 2 2
left_child=1 -1 16 4 -4 8 7 23 20 11 12 -7 13 -11 -15 -16 17 19 -19 -2 -5 22 -22 -3 25 26 27 -18 29 -27
right_child=2 6 3 5 -6 9 -8 -9 -10 10 -12 -13 -14 14 15 -17 24 18 -20 -21 21 -23 -24 -25 -26 28 -28 -29 -30 -31
leaf_value=-0.002528563866506673 -0.0028860566430843481 -0.089350350645936577 0.0081678393623192316 0.003435973947677183 -0.037121247088446031 0.0039297356638420431 -0.05986053930318179 -0.033906528536086826 0.043096720059620931 0.00091594449747998063 0.031032939391532455 0.037656207988391872 0.061325612248353735 -0.15503767456719239 0.0020698255352703831 -0.11056204914985056 0.0015742853011440679 -0.048497551261717224 -0.00037742776297713173 0.032788770583810085 -0.028049718038339808 -0.0083744334633122034 -0.14409159676286012 0.05238474851183833 0.0076317757191298879 0.0074304208090045908 -0.044727413350074345 -0.032855523401518677 0.00023059676921191981 0.034272789191745756
leaf_weight=104.53924639683464 7.3393133599311069 0.15248471492668625 6.9683937900699702 16.112737969961017 17.319897529159789 10.506695984877295 5.1587248819523657 8.9953310401760991 2.0297699675429604 5.6571576354326645 3.6542046852991907 9.7360474930937944 0.85229474258085325 1.0983349566813556 2.4928463969845329 0.5136656415706965 73.215558924042853 5.6137441730243145 8.2654747558408399 28.763059865610561 4.2470093384617931 37.832211874236236 0.59864833973551856 1.8647352507978203 67.978950876015006 43.482185350279906 5.3780961411976014 3.6286363892722866 50.103979127758066 4.2930821626214302
leaf_count=29000 91 300 49 186 147 188 1200 440 18 54 81 176 24 57 48 60 858 56 84 273 25 208 79 60 860 636 78 78 533 53
internal_value=1.01683e-10 -0.00657838 0.00190116 -0.00508733 -0.0241277 -0.000236291 -0.0327584 -0.0200627 -0.00623757 0.01034 -0.0035789 0.020151 -0.0154948 -0.0222018 -0.0540618 -0.0171734 0.00470582 0.0129358 -0.0198406 0.0255364 -0.00794086 -0.0122361 -0.0423859 0.0416708 0.0030477 0.00131744 -0.00297373 -5.15142e-05 0.00492219 0.00984247
internal_weight=538.393 120.711 417.682 119.62 24.2883 95.3316 16.1713 11.0126 60.8204 34.5112 14.2685 20.2427 10.6143 9.762 4.10485 3.00651 298.062 49.9816 13.8792 36.1024 58.7906 42.6779 4.84566 2.01722 248.08 180.102 82.2223 76.8442 97.8792 47.7753
internal_count=36000 31000 5000 1400 196 1204 2000 800 516 688 324 364 243 219 165 108 3600 504 140 364 498 312 104 360 3096 2236 1014 936 1222 689
is_linear=0
shrinkage=0.08


Tree=79
num_leaves=31
num_cat=0
split_feature=10 7 6 7 6 6 6 6 7 6 6 10 10 6 7 7 6 10 7 6 10 6 10 8 10 6 6 7 6 7
split_gain=0.535441 1.61407 2.41167 0.95877 0.778555 0.543492 0.34071 0.325192 0.37916 0.272089 0.453329 0.315639 0.180596 0.249109 0.150589 0.206779 0.322283 0.540768 0.13241 0.219093 0.138343 0.197505 0.128158 0.125765 0.160847 0.0920907 0.0854343 0.0767089 0.0753218 0.235828
threshold=1.0000000180025095e-35 -0.9159756150367534 0.25881904510252091 -0.9159756150367534 0.98296291314453421 0.98296291314453421 -0.98296291314453399 -0.91597561503675329 -0.12940952255126037 -0.70710678118654735 -0.78656609248549303 1.5000000000000002 1.5000000000000002 -1.0000000180025095e-35 0.91597561503675351 0.60355339059327384 0.60355339059327384 1.5000000000000002 -0.37940952255126015 0.78656609248549325 1.5000000000000002 -0.5 1.5000000000000002 1.0000000180025095e-35 1.5000000000000002 0.37940952255126054 0.37940952255126054 -0.98296291314453399 0.37940952255126054 0.60355339059327384
decision_type=2 2 2 2 2 2 2 2 2 2 2 2 2 2 2 2 2 2 2 2 2 2 2 2 2 2 2 2 2 2
left_child=3 2 12 27 7 6 -5 8 22 10 11 -9 13 -2 15 18 -17 -18 19 20 21 -11 -3 24 -12 -23 -22 -1 -8 -30
right_child=1 4 -4 5 -6 -7 28 9 -10 14 23 -13 -14 -15 -16 16 17 -19 -20 -21 26 25 -24 -25 -26 -27 -28 -29 29 -31
leaf_value=-0.0047604866268994642 0.022582808196175513 -0.086265508550263201 0.068473073673145798 0.015944437573356285 -0.019569573633211875 0.013918659245107273 -0.002550658921689839 -0.087791087116733044 -0.012478703204632926 -0.091501549670220103 0.02266209797632672 0.0063159439885183619 0.00078760696033739418 0.00066590261356653374 0.007892813317294781 0.00099123300592778452 -0.1158850768593995 -0.012875276054783995 0.0071109700109845035 -0.018060401454012082 0.001667973337321031 0.0053730128864401599 0.028256685293995724 0.0093876182468976537 0.055508726045753964 -0.0078618290479157884 0.012145024653188913 -0.013538811137147163 -0.0019900421511682928 0.0069734760632108404
leaf_weight=7.5076598869636646 9.7238233145326358 0.064635458498744414 5.4806553224716472 7.3693169752223175 11.752530780599043 16.524007858010009 164.3868670951415 0.23125806979442742 15.930070418718058 0.16354519104425058 1.8616404346830668 16.708484187904105 9.1291515787997923 5.0389928126969652 19.910159374940122 19.91119004979555 0.33623802833608429 10.884253618321964 26.897284667997155 3.943929772161936 11.80409226207121 5.2581928422732718 1.9274649601065903 1.1567879207432268 1.9573117398285831 9.3444168039713968 8.6178385399980453 42.077107413912017 75.996516883868026 24.953445536026265
leaf_count=749 350 245 803 642 730 1070 9844 490 1095 210 315 532 646 245 1533 1460 350 380 1825 365 608 350 266 146 342 630 684 2247 5136 1712
internal_value=-2.5098e-10 0.00330469 0.0206115 -0.00193156 0.000290683 -0.000169509 -0.00102315 0.00177822 -0.00836387 0.00308604 0.0112671 0.00503121 0.0096324 0.0151019 0.00155456 0.00025573 -0.0051191 -0.0159621 0.00278987 -0.000180228 0.00182381 -0.0040753 0.0245409 0.0324969 0.0394968 -0.00309615 0.00608918 -0.0122097 -0.0014944 0.000225617
internal_weight=536.849 198.034 29.3726 338.815 168.661 289.23 272.706 156.909 17.9222 138.987 21.9155 16.9397 23.892 14.7628 117.071 97.161 31.1317 11.2205 66.0293 39.132 35.1881 14.7662 1.9921 4.97574 3.81895 14.6026 20.4219 49.5848 265.337 100.95
internal_count=36000 14600 2044 21400 12556 18404 17334 11826 1606 10220 1825 1022 1241 595 8395 6862 2190 730 4672 2847 2482 1190 511 803 657 980 1292 2996 16692 6848
is_linear=0
shrinkage=0.08


Tree=80
num_leaves=31
num_cat=0
split_feature=10 6 6 2 7 6 6 2 2 2 7 7 7 10 6 10 6 6 2 2 6 2 2 6 6 2 7 7 2 2
split_gain=1.35603 2.13512 2.11408 0.996228 2.44249 0.89696 0.970889 1.96757 0.889796 0.62804 0.685935 0.545368 0.484788 0.503098 0.481367 0.428312 1.05602 0.744716 0.615061 0.767949 1.93711 0.53564 0.520785 1.51719 1.29993 0.929191 0.488997 0.460737 0.972227 0.500545
threshold=1.5000000000000002 0.25881904510252091 0.37940952255126054 8.5000000000000018 1.0000000180025095e-35 0.25881904510252091 0.37940952255126054 5.5000000000000009 4.5000000000000009 1.0000000180025095e-35 -0.60355339059327384 -0.37940952255126015 0.78656609248549303 1.0000000180025095e-35 -0.37940952255126059 1.0000000180025095e-35 -0.98296291314453399 -0.98296291314453399 8.5000000000000018 9.5000000000000018 -0.5 7.5000000000000009 9.5000000000000018 0.12940952255126045 -0.60355339059327362 7.5000000000000009 0.98296291314453421 0.98296291314453421 5.5000000000000009 5.5000000000000009
decision_type=2 2 2 2 2 2 2 2 2 2 2 2 2 2 2 2 2 2 2 2 2 2 2 2 2 2 2 2 2 2
left_child=5 -2 -3 -4 -5 9 7 8 -7 10 -1 -12 -13 14 -14 17 21 -11 27 26 -21 -17 23 24 -18 -26 -20 29 -29 -19
right_child=1 2 3 4 -6 6 -8 -9 -10 15 11 12 13 -15 -16 16 22 18 19 20 -22 -23 -24 -25 25 -27 -28 28 -30 -31
leaf_value=-0.086970932520302593 0.0027102178530411629 -0.050039087565813517 -0.0066731887498174417 0.040419759738299171 -0.063015184834957688 -0.0058800380193781499 0.0043209585513877113 -0.030218007824233672 0.039007949546870188 -0.022631902801728918 0.040654680238179169 -0.038258208303598683 0.065772928742597797 -0.092618106019082949 -0.0060291292852923629 0.007757173811574045 -0.097423606774579508 -0.00019491371153870793 0.02091076645102509 0.0071401632564335417 -0.11814668444704865 0.055149685434978071 0.023243122820240641 -0.1191653098808428 0.024555265469645132 -0.0068175016402683957 0.068595076194132396 -0.096012954770653178 -0.0023489478522288306 -0.017075166729563489
leaf_weight=0.87992630998633181 72.430157657899144 10.520734657970022 48.342776119461632 1.9417859094100993 5.9021504136617295 3.3876813080896744 142.56980146204296 3.9332210462598587 17.053501074449741 10.161791647959033 1.071249270957195 4.5897075775183076 0.70730729337083165 0.36403676974077814 3.8512725302716717 2.4648295136430525 0.84428975999253708 127.36758604882925 7.3148341246778745 15.865089240716772 0.83119258252554473 4.0083161266520619 6.079186152026522 0.69634837134799354 8.9394304744564632 18.641142338019563 1.695374176604673 1.0383636158076108 2.2377514087129384 12.331005966640076
leaf_count=1419 4370 418 2738 31 43 1353 10508 99 110 444 344 1677 462 350 693 132 1128 7004 103 122 96 18 109 216 1166 106 6 408 18 309
internal_value=-1.90091e-09 -0.00680036 -0.0171268 -0.0109641 -0.0374096 0.00237184 0.00684352 0.0215984 0.0315687 -0.000846202 -0.0191028 -0.0134602 -0.0195545 -0.00211565 0.00511165 0.000102864 0.00740677 -0.00159907 -0.000332003 0.0110606 0.000902996 0.0371037 0.00194569 -0.00250025 0.000357797 0.00335106 0.0298831 -0.00238037 -0.0320357 -0.00168491
internal_weight=538.062 139.138 66.7074 56.1867 7.84394 398.924 166.944 24.3744 20.4412 231.98 11.4635 10.5836 9.51232 4.92262 4.55858 220.517 41.6735 178.843 168.681 25.7065 16.6963 6.47315 35.2004 29.1212 28.4249 27.5806 9.01021 142.975 3.27612 139.699
internal_count=36000 7600 3230 2812 74 28400 12070 1562 1463 16330 4945 3526 3182 1505 1155 11385 2875 8510 8066 327 218 150 2725 2616 2400 1272 109 7739 426 7313
is_linear=0
shrinkage=0.08


Tree=81
num_leaves=31
num_cat=0
split_feature=2 7 2 7 10 2 10 10 7 10 7 2 7 7 7 7 7 7 7 7 2 7 2 7 7 7 7 10 7 7
split_gain=1.10718 1.77745 1.14168 1.10754 2.14787 1.27678 1.01777 0.942107 0.939248 2.22116 0.872099 0.835621 3.45439 2.78729 0.817328 0.672456 0.598612 0.491884 0.685553 0.560367 0.616733 0.595552 1.1995 1.56667 0.484633 0.656417 0.548107 0.467072 0.39335 0.385066
threshold=6.5000000000000009 0.37940952255126048 8.5000000000000018 0.60355339059327384 1.0000000180025095e-35 7.5000000000000009 1.5000000000000002 1.0000000180025095e-35 -0.9159756150367534 1.0000000180025095e-35 -0.9159756150367534 5.5000000000000009 0.25881904510252057 -0.60355339059327384 0.98296291314453421 -0.98296291314453399 0.98296291314453421 -0.37940952255126015 -0.5 0.1294095225512602 3.5000000000000004 0.60355339059327384 2.5000000000000004 0.25881904510252057 -0.9159756150367534 1.0000000180025095e-35 -0.98296291314453399 1.5000000000000002 0.78656609248549303 -0.70710678118654757
decision_type=2 2 2 2 2 2 2 2 2 2 2 2 2 2 2 2 2 2 2 2 2 2 2 2 2 2 2 2 2 2
left_child=6 24 3 5 -5 27 8 16 9 -1 15 -10 13 -13 17 -8 -4 18 29 20 -19 22 -21 -24 26 -26 -2 -3 -6 -12
right_child=1 2 7 4 28 -7 10 -9 11 -11 14 12 -14 -15 -16 -17 -18 19 -20 21 -22 -23 23 -25 25 -27 -28 -29 -30 -31
leaf_value=-0.0083831403573278174 0.0073875298801126124 0.051559047892525987 -0.0051954852548138702 -0.14467198152356459 -0.035499341615410344 -0.037944427184749489 -0.10583851793244563 0.031705676040767579 -0.00074094426070227715 -0.061578621201522479 -0.01183167337619653 -0.0060950068855968476 0.012307586852514331 -0.07564975323619684 -0.10466088597080869 0.04296842797102178 0.042157947022794143 -0.010604399023915427 -0.032833914851920901 0.008429202192980002 0.032457522232905614 0.010512428741687263 -0.021935163870387075 -0.1459487420319214 0.0043961109515128043 0.021859384645453585 0.032723538666625043 0.0071486049216186714 -0.0065695358712839552 0.011239644452225058
leaf_weight=44.889548741230101 8.8943370655179024 2.0654563782736677 24.96378497561091 1.0238799654907751 7.7009971170919016 3.7377260478388052 0.20215117678526429 6.6402943626017068 225.45126869351407 5.6565561376846736 8.1176055208052311 7.0650301014538854 14.773558895598397 7.7125713491113874 0.44449977083422609 5.0400171105629843 1.8340539855416853 2.7144285023859984 4.6938078470411702 8.120146010665847 9.8624204770894703 27.323040348554059 4.0339215312342267 0.77763610379770387 47.140815540245967 19.463027983543725 14.172244317116565 5.6935871308669448 4.9358037079364294 10.775993733273936
leaf_count=2884 70 19 225 62 84 38 245 162 22876 896 840 68 170 106 210 735 18 868 175 832 217 1960 81 207 680 230 210 38 164 630
internal_value=2.9323e-09 0.00587964 -0.00495615 -0.0178303 -0.0332292 0.000466939 -0.00224878 0.00472981 -0.00437369 -0.0143362 0.00565886 -0.00239894 -0.0150481 -0.0423963 0.00350568 0.0372301 -0.0019546 0.00413484 -0.00547083 0.00842343 0.0231636 0.00381814 -0.010326 -0.041978 0.0129603 0.00949924 0.0229541 0.0189707 -0.0241997 0.00132709
internal_weight=535.92 148.266 58.5956 25.1575 13.6607 11.4968 387.654 33.4381 305.549 50.5461 82.1057 255.002 29.5512 14.7776 76.8635 5.24217 26.7978 76.419 23.5874 52.8316 12.5768 40.2547 12.9317 4.81156 89.6704 66.6038 23.0666 7.75904 12.6368 18.8936
internal_count=36000 2000 810 405 310 95 34000 405 27000 3780 7000 23220 344 174 6020 980 243 5810 1645 4165 1085 3080 1120 288 1190 910 280 57 248 1470
is_linear=0
shrinkage=0.08


Tree=82
num_leaves=31
num_cat=0
split_feature=2 2 7 2 7 7 2 2 2 7 7 10 7 2 7 7 7 7 10 2 10 7 10 7 7 7 7 10 2 2
split_gain=1.55455 4.27575 2.9761 3.80324 2.77612 1.94974 1.60131 0.578699 0.487379 0.486865 1.16026 0.475792 0.501912 0.404655 0.728952 1.37192 1.17563 0.895132 0.624443 0.496097 0.408903 0.37673 0.432324 0.33369 0.962327 0.320317 1.04369 0.315769 0.269565 0.241334
threshold=8.5000000000000018 7.5000000000000009 -0.9159756150367534 6.5000000000000009 -0.9159756150367534 -0.98296291314453399 4.5000000000000009 5.5000000000000009 5.5000000000000009 0.25881904510252057 1.0000000180025095e-35 1.5000000000000002 -0.98296291314453399 5.5000000000000009 1.0000000180025095e-35 0.37940952255126048 0.60355339059327384 -0.5 1.5000000000000002 6.5000000000000009 1.5000000000000002 -0.78656609248549325 1.5000000000000002 0.91597561503675351 0.98296291314453421 -0.98296291314453399 -0.9159756150367534 1.0000000180025095e-35 1.0000000180025095e-35 6.5000000000000009
decision_type=2 2 2 2 2 2 2 2 2 2 2 2 2 2 2 2 2 2 2 2 2 2 2 2 2 2 2 2 2 2
left_child=1 2 3 5 -3 7 28 27 -8 10 21 -5 -13 -4 17 29 18 -15 19 -17 23 25 -23 -18 -25 -2 -27 -1 -7 -16
right_child=9 4 13 11 -6 6 8 -9 -10 -11 -12 12 -14 14 15 16 20 -19 -20 -21 -22 22 -24 24 -26 26 -28 -29 -30 -31
leaf_value=-0.00072201821989175449 0.018252053601411189 -0.04530666403178614 -0.0031085790236348287 0.005134446068494899 -0.0042198500616596529 -0.085914630060633129 0.047146968453750111 -0.12034336508967636 0.017561255113184321 0.018457187935385172 -0.017883100210651662 -0.0039678761431039588 -0.047221262279643697 -0.0062797471842248268 0.042246208901994806 -0.0053773507834566714 0.0093030160088986968 -0.1085326089540367 0.0017363985983488651 -0.047934568360489385 0.0237710877650417 0.014188052007319936 0.045382834438344483 -0.12872538018319751 -0.0010508763932644352 -0.12979700576111294 -0.0015141902520011605 -0.097160487868827861 -0.00075113574394268469 0.020939064997691152
leaf_weight=7.2298296192166154 4.2086641907226294 22.352316972333938 301.58376312350083 2.6168051834829358 19.890371524434158 0.24996292138530307 26.931454843026589 0.28213437180966128 4.1069807943713377 31.231344424581039 10.397683001356198 2.4654323160648337 5.6558950849575931 19.45113859965932 6.0804287244682182 2.7087579495273513 8.5104807222378422 0.5638004963984703 5.8725861678831279 4.9688548401463777 10.229376046772813 16.197662465390756 3.4486957261397029 0.45772459910949814 2.1645658605266362 0.43479499308159564 6.1066500509041344 0.224027925331029 4.9160193766338125 7.7236269270069897
leaf_count=707 35 56 28724 28 344 1176 252 21 63 425 95 14 42 252 69 38 123 156 57 19 186 200 50 45 18 105 90 462 2079 69
internal_value=1.51737e-09 -0.00168643 0.000726327 0.0181484 -0.0259605 0.0285785 0.0363683 -0.00787743 0.0432322 0.01094 0.00518499 -0.0245318 -0.0340906 -0.00184611 0.00369342 0.00897425 0.000532544 -0.00916011 -0.0179 -0.0329198 0.0122245 0.0130759 0.0196639 0.00161484 -0.0233366 0.00103581 -0.0100409 -0.00362051 -0.00487188 0.0303245
internal_weight=539.262 467.236 424.994 54.6785 42.2427 43.9404 36.2044 7.73599 31.0384 72.0255 40.7942 10.7381 8.12133 370.315 68.7313 48.7164 34.9123 20.0149 13.5502 7.67761 21.3621 30.3965 19.6464 11.1328 2.62229 10.7501 6.54145 7.45386 5.16598 13.8041
internal_count=36000 35000 34600 4844 400 4760 3570 1190 315 1000 575 84 56 29756 1032 624 486 408 114 57 372 480 250 186 63 230 195 1169 3255 138
is_linear=0
shrinkage=0.08


Tree=83
num_leaves=31
num_cat=0
split_feature=2 7 2 7 2 7 6 6 7 6 2 2 7 7 7 6 6 2 6 2 8 7 2 6 6 6 6 6 6 6
split_gain=1.17636 1.54223 0.987861 0.956394 0.715871 1.29631 1.29375 1.00916 0.722603 0.531426 0.632681 0.525715 0.41696 0.325704 0.602617 1.11284 0.396332 0.319435 0.624711 4.11155 1.9395 0.743683 0.727344 2.30956 0.395237 0.373325 0.296854 0.313554 0.296565 0.308329
threshold=7.5000000000000009 -0.9159756150367534 8.5000000000000018 -0.98296291314453399 6.5000000000000009 0.60355339059327384 -1.0000000180025095e-35 0.91597561503675362 -0.9159756150367534 0.37940952255126054 8.5000000000000018 5.5000000000000009 -0.98296291314453399 0.37940952255126048 -0.78656609248549325 0.25881904510252091 -0.25881904510252113 4.5000000000000009 -0.91597561503675329 1.0000000180025095e-35 1.0000000180025095e-35 -0.12940952255126037 3.5000000000000004 -0.70710678118654735 0.91597561503675362 0.98296291314453421 -0.60355339059327362 -1.0000000180025095e-35 -0.91597561503675329 -0.98296291314453399
decision_type=2 2 2 2 2 2 2 2 2 2 2 2 2 2 2 2 2 2 2 2 2 2 2 2 2 2 2 2 2 2
left_child=4 2 12 -4 8 7 -7 13 11 10 -3 -1 -2 14 15 16 -6 18 19 20 -10 -21 -20 -24 -25 28 -12 -28 29 -19
right_child=1 9 3 -5 5 6 -8 -9 17 -11 26 -13 -14 -15 -16 -17 -18 25 22 21 -22 -23 23 24 -26 -27 27 -29 -30 -31
leaf_value=-0.0063768951902748571 0.012549053049401522 -0.0071411281868559301 0.012963198767974788 -0.1236685641461944 0.031012213703650524 -0.060832498587149626 -0.0033762734178282325 -0.037598528766605591 -0.08452624776697458 -0.0030522924346408093 0.020334501601244274 -0.030994515007715721 0.05615009100270589 0.015450498286057353 -0.014130046152666694 0.073325044003627063 -0.011584952855281423 -0.010873914729588733 -0.0020815429518027083 -0.05450738403454377 0.13616491998424091 -0.017455607970967665 0.067506927731359856 -0.086696536484798692 -0.010424441197883071 0.014588986121608092 7.5404192762909068e-07 0.026135530779423315 0.00077951588585325159 0.019449825719045633
leaf_weight=49.647925477629542 1.7327262023463843 11.477643668564268 4.2506930022500446 0.35528369880921662 1.8874630464706568 5.8895091741287615 4.3686353570737975 4.9307038540719068 0.30617596414140513 39.83560682622192 22.012596723681778 6.2508488169842158 7.3927921805297938 7.8536656012292942 13.498536498664182 1.5909151726518755 5.3895506248809415 2.7016813310037824 83.927542512114087 4.5984199198810556 1.5205954310013112 14.090347180364914 3.8356890632494469 0.5007110786318657 3.3040070669230772 15.210733190935569 12.558501548744973 3.8352607892447876 188.136459843794 10.433579267482854
leaf_count=4676 14 196 35 105 30 93 93 66 1064 518 265 84 42 57 153 57 51 90 21750 693 168 1485 250 1030 220 150 150 75 2100 240
internal_value=1.23226e-09 0.00765891 0.0326268 0.00242406 -0.00184315 -0.0113425 -0.0363636 -0.00404054 -0.000721187 0.0038376 0.00933963 -0.00912975 0.0478713 0.00143476 -0.00348666 0.0127144 -0.000536385 0.000709358 -0.00275729 -0.0153753 0.099176 -0.0265723 6.97237e-05 0.0237007 -0.0204621 0.00250421 0.0142649 0.00611489 0.00159093 0.0132128
internal_weight=533.325 103.451 13.7315 4.60598 429.874 45.409 10.2581 35.1508 384.465 89.7196 49.884 55.8988 9.12552 30.2201 22.3665 8.86793 7.27701 328.566 112.083 20.5155 1.82677 18.6888 91.5679 7.64041 3.80472 216.482 38.4064 16.3938 201.272 13.1353
internal_count=36000 1400 196 140 34600 600 186 414 34000 1204 686 4760 56 348 291 138 81 29240 26660 3410 1232 2178 23250 1500 1250 2580 490 225 2430 330
is_linear=0
shrinkage=0.08


Tree=84
num_leaves=31
num_cat=0
split_feature=2 6 6 2 7 7 6 2 6 6 6 2 6 7 2 6 6 6 7 6 7 2 6 6 6 7 2 2 7 6
split_gain=0.592186 0.401034 1.35625 0.497912 0.339983 0.393581 0.327841 0.275292 0.407107 0.379813 0.201943 0.722078 1.90078 0.200097 0.196224 0.429299 0.499251 0.279452 1.10132 0.245393 0.182871 0.465948 0.234247 0.675065 0.179279 0.162598 0.144493 0.858283 0.666688 0.862883
threshold=5.5000000000000009 0.37940952255126054 0.12940952255126045 7.5000000000000009 -0.70710678118654757 0.37940952255126048 0.78656609248549325 8.5000000000000018 -0.98296291314453399 -0.98296291314453399 0.60355339059327384 6.5000000000000009 0.78656609248549325 0.91597561503675351 9.5000000000000018 -1.0000000180025095e-35 -0.60355339059327362 -0.5 -0.98296291314453399 -0.70710678118654735 0.1294095225512602 6.5000000000000009 -0.5 -0.70710678118654735 0.37940952255126054 0.91597561503675351 4.5000000000000009 1.5000000000000002 0.1294095225512602 -0.91597561503675329
decision_type=2 2 2 2 2 2 2 2 2 2 2 2 2 2 2 2 2 2 2 2 2 2 2 2 2 2 2 2 2 2
left_child=24 2 7 4 -3 -6 -5 8 -2 -9 -7 12 -12 20 15 16 19 -16 -19 -11 22 -22 23 -10 26 -4 27 -1 29 -29
right_child=1 3 25 6 5 10 -8 9 13 14 11 -13 -14 -15 17 -17 -18 18 -20 -21 21 -23 -24 -25 -26 -27 -28 28 -30 -31
leaf_value=-0.00081322460380661374 -0.017446311118446609 -0.016440702214585587 0.047366277460638061 -0.016191106922581484 0.017549178752854815 0.0081131062635467384 -0.0014004234950573975 0.031089589844343648 -0.0078499289918830522 0.013348663237647822 -0.15264277828565445 0.010814426953730692 -0.006145488030816184 -0.013364104531844405 0.0050402773490556361 0.038046106420416892 -0.0098107103976440065 0.0034479407001894173 -0.11596112187230175 0.049664955764888739 -0.007875886974910153 0.018265089906949555 0.0032093753275928799 -0.12876325017117057 0.00051601811457419803 0.025044543143343853 -0.0018365261085894887 0.020831651602434321 -0.026588394413478246 -0.083607110258789266
leaf_weight=55.702767931778908 7.0155038943630634 3.9304107204079619 4.7048291685641725 15.232587006990796 15.975988442951346 9.7119041667319852 25.896630703136907 4.4851791536784722 3.4910549885244113 6.041395824169741 0.7197544737718985 4.8743767912965268 2.6678106763865799 4.3665388416557098 17.643590499064885 3.4400844571646294 6.4612779091112325 2.3796930783428256 0.62394457380287605 1.4831337868236003 6.2885061065608197 14.258573300790884 24.833316413220022 0.32284143567085166 119.96912581998913 3.7557127483814838 146.60174048193585 4.014736950768568 17.468878691193822 0.57936494241403114
leaf_count=13860 48 48 143 238 222 36 280 30 120 82 30 69 39 96 183 26 80 21 96 12 120 200 216 48 12358 117 1512 585 2745 2340
internal_value=1.72356e-09 0.0035776 0.00666526 -0.000783513 0.00583401 0.00841278 -0.00687829 0.00413926 0.000674881 0.00907036 0.000291923 -0.00890187 -0.0372717 0.00304843 0.0064764 0.012728 0.00650049 0.00120018 -0.0213569 0.0205068 0.00450522 0.0102646 0.000374375 -0.0180851 -0.00198035 0.0374575 -0.00331515 -0.00610261 -0.0194568 0.00766082
internal_weight=534.941 190.605 111.595 79.0095 37.8802 33.9498 41.1292 103.135 60.5763 42.5583 17.9738 8.26194 3.38757 53.5608 38.0731 17.4259 13.9858 20.6472 3.00364 7.52453 49.1943 20.5471 28.6472 3.8139 344.337 8.46054 224.367 77.7657 22.063 4.5941
internal_count=36000 2600 1638 962 444 396 518 1378 848 530 174 138 69 800 500 200 174 300 117 94 704 320 384 168 33400 260 21042 19530 5670 2925
is_linear=0
shrinkage=0.08


Tree=85
num_leaves=31
num_cat=0
split_feature=2 2 6 10 2 7 6 7 6 2 10 2 6 2 6 6 6 6 10 2 7 7 6 6 6 7 7 7 7 7
split_gain=0.528863 0.720269 1.11393 0.436634 0.287513 2.02999 4.23767 1.94697 1.36917 0.721695 0.667725 0.577097 1.62216 1.21531 1.20567 0.780567 0.480345 0.447246 0.700668 0.392521 0.390592 0.356293 0.443825 0.317477 1.32303 0.580741 0.314605 0.49571 0.314584 0.834296
threshold=4.5000000000000009 3.5000000000000004 -0.91597561503675329 1.5000000000000002 5.5000000000000009 -0.9159756150367534 0.25881904510252091 -0.9159756150367534 0.25881904510252091 7.5000000000000009 1.0000000180025095e-35 6.5000000000000009 -1.0000000180025095e-35 9.5000000000000018 -0.5 -0.91597561503675329 -0.98296291314453399 -0.5 1.0000000180025095e-35 6.5000000000000009 0.98296291314453421 0.78656609248549303 -0.91597561503675329 0.91597561503675362 0.78656609248549325 0.37940952255126048 0.60355339059327384 0.78656609248549303 0.78656609248549303 0.98296291314453421
decision_type=2 2 2 2 2 2 2 2 2 2 2 2 2 2 2 2 2 2 2 2 2 2 2 2 2 2 2 2 2 2
left_child=1 -1 3 -3 7 6 19 8 -2 -8 26 12 14 15 21 -13 -15 -18 -19 -6 23 22 -7 24 -12 -26 -9 -28 -17 -30
right_child=4 2 -4 -5 5 11 9 10 -10 -11 20 13 -14 16 -16 28 17 18 -20 -21 -22 -23 -24 -25 25 -27 27 -29 29 -31
leaf_value=-0.0023588652859997932 0.0018924530750981617 -0.09297258611356575 -0.029824533755645314 0.046570382726904003 0.024195673521033207 -0.034215968297781382 -0.073200249616041171 -0.005776782564490799 0.034491539925265331 -0.03104034697688364 0.004841871921965976 0.029655427826684656 0.0030826906040425802 -0.023591262305145883 -0.1515001474243976 0.010653994212832038 0.0093674678243005419 -0.012405647446175188 0.026298010814618144 -0.0038433374026527406 0.051064405641123564 -0.0061345131063882076 -0.12225317360556778 -0.005141436906120643 0.083698685820609312 0.025104223691820853 0.01122505155155167 -0.0040400761469526212 -0.034735727239348042 0.020727182643523322
leaf_weight=106.34328268806257 14.096677246387115 0.15610365887368849 12.765904819734713 1.7788443751924206 3.7295192172750857 4.7047694023058275 7.3721542030980327 82.062288024229929 19.865984310425119 4.0131413599592634 27.957428191977669 13.782952633850071 32.04480364981282 6.740203315857797 0.54248893016483535 50.038603752444033 17.222500431904336 22.512154225332782 3.4526852455164763 22.309398446930572 1.3524602472316463 2.9467188257258385 0.39744789130054314 9.9046497411327419 2.0171501923468886 2.3364898506551981 22.42417450947687 34.655347707055626 3.5366978012170867 3.4087776060914621
leaf_count=29000 204 132 1780 88 51 66 66 990 132 77 378 154 267 18 48 763 183 210 105 170 18 42 93 66 15 39 189 369 245 42
internal_value=-6.82261e-10 -0.00465333 -0.0212511 0.0353126 0.00135585 -0.000841574 -0.0176281 0.00337156 0.0209608 -0.0583395 0.000102017 0.00305242 -0.00519357 0.00582874 -0.0360629 0.0125716 -0.00372856 -0.000628607 -0.00725901 0.000172652 0.00874476 -0.0282825 -0.0410738 0.00738897 0.01123 0.0522525 -0.0026042 0.00195696 0.00843947 -0.00751502
internal_weight=536.472 121.044 14.7009 1.93495 415.428 198.755 37.4242 216.673 33.9627 11.3853 182.71 161.331 40.6362 120.695 8.59143 70.767 49.9275 43.1873 25.9648 26.0389 43.5682 8.04894 5.10222 42.2157 32.3111 4.35364 139.142 57.0795 56.9841 6.94548
internal_count=36000 31000 2000 220 5000 2600 364 2400 336 143 2064 2236 516 1720 249 1204 516 498 315 221 516 201 159 498 432 54 1548 558 1050 287
is_linear=0
shrinkage=0.08


Tree=86
num_leaves=31
num_cat=0
split_feature=2 6 6 10 6 6 2 6 6 6 2 2 6 6 6 2 2 6 2 6 6 6 6 2 2 2 6 6 2 6
split_gain=2.7417 0.958803 0.577116 0.391576 0.903638 0.816423 0.884988 1.1534 0.912927 2.27032 0.763137 2.1395 2.65589 2.42184 0.812847 0.639044 1.54258 0.8668 0.454535 0.537887 0.443336 0.487246 0.420893 0.370221 0.312402 3.21287 0.619481 0.484657 0.432217 1.57073
threshold=9.5000000000000018 0.60355339059327384 -0.98296291314453399 1.0000000180025095e-35 -0.91597561503675329 0.60355339059327384 1.0000000180025095e-35 -0.25881904510252113 0.25881904510252091 0.37940952255126054 8.5000000000000018 6.5000000000000009 0.98296291314453421 -1.0000000180025095e-35 -0.25881904510252113 5.5000000000000009 6.5000000000000009 -0.98296291314453399 7.5000000000000009 -0.5 -0.70710678118654735 -0.78656609248549303 -0.70710678118654735 1.0000000180025095e-35 4.5000000000000009 3.5000000000000004 -0.78656609248549303 -0.91597561503675329 1.5000000000000002 -0.37940952255126059
decision_type=2 2 2 2 2 2 2 2 2 2 2 2 2 2 2 2 2 2 2 2 2 2 2 2 2 2 2 2 2 2
left_child=3 2 -2 10 15 6 7 22 18 -10 11 24 13 14 -13 17 -17 -5 -8 20 21 -20 -6 -7 25 28 -27 -26 -1 -30
right_child=1 -3 -4 4 5 23 8 -9 9 -11 -12 12 -14 -15 -16 16 -18 -19 19 -21 -22 -23 -24 -25 27 26 -28 -29 29 -31
leaf_value=0.00032506024898385942 0.037023142499757855 0.034375856595078413 0.004746128139213596 0.0064820478792497358 -0.090314609032163332 0.009488083471835421 0.009410568778538941 -0.095382218601320137 0.067863455868671485 0.0078322766528846552 0.016071251021952344 -0.028920807133554223 0.044948461427541948 -0.076398694062962888 0.033090258559636473 0.064520019446409407 -0.016664995485680699 -0.055013663423241238 -0.13951575834082597 -0.0087720867180812526 0.035616372300425046 0.0010101778087591793 -0.002074256797285655 -0.0071347005099016338 0.012829012859968639 -0.09144711021758678 0.061280740440514458 -0.0050404587631757434 -0.046175448843067325 0.0072465888371525157
leaf_weight=44.360838037486246 4.2160532129928496 16.654558131936938 22.28524448092503 2.1576876054350587 0.36447825437789916 10.268060450500341 55.848443851678894 1.076029270698198 5.5568217870004455 14.692609243145853 12.238526814937357 4.2193827464070637 2.4089558268897227 7.5913706349456342 1.9913266450166709 1.7648048154951528 9.9031731110553647 4.5821771080545677 0.1859706889663354 21.388000933744479 3.4915087161352885 1.0466360040009022 6.8066027898530601 52.005229548361967 10.217075091728473 0.17490428462042462 6.0245154382464525 197.22016637463821 6.1609804764884748 8.2247411805219581
leaf_count=13600 18 180 402 396 575 1380 4278 1311 539 686 200 83 10 97 10 22 110 1056 42 144 60 33 828 2940 242 144 656 1958 1540 2460
internal_value=7.46025e-10 0.019334 0.00988103 -0.00169598 0.00113552 0.00293121 0.00706089 -0.0181482 0.00909496 0.024306 -0.00349502 -0.00432477 -0.0325597 -0.0460876 -0.00903833 -0.0157143 -0.0043856 -0.0353265 0.00533689 -0.00337587 0.021055 -0.0201918 -0.00655917 -0.00439382 -0.00264435 0.00219763 0.0569718 -0.00416032 -0.00358259 -0.0156325
internal_weight=535.127 43.1559 26.5013 491.971 191.138 172.73 110.457 8.24711 102.21 20.2494 300.833 288.594 16.211 13.8021 6.21071 18.4078 11.668 6.73986 81.9606 26.1121 4.72412 1.23261 7.17108 62.2733 272.383 64.946 6.19942 207.437 58.7466 14.3857
internal_count=36000 600 420 35400 14400 12816 8496 2714 5782 1225 21000 20800 200 190 93 1584 132 1452 4557 279 135 75 1403 4320 20600 18400 800 2200 17600 4000
is_linear=0
shrinkage=0.08


Tree=87
num_leaves=31
num_cat=0
split_feature=2 6 8 6 2 7 6 2 7 6 6 6 2 6 6 7 6 2 6 7 7 7 6 2 6 7 7 2 7 6
split_gain=1.82554 3.37421 1.1015 9.5638 0.790986 1.79965 0.545471 0.465319 0.529486 0.485749 0.740089 0.468941 0.818071 0.431389 0.388019 0.37311 0.357727 0.337763 0.325769 0.317166 0.239364 0.240314 0.188441 0.176651 0.676887 0.233966 0.658572 0.454005 0.223897 0.212956
threshold=1.0000000180025095e-35 -0.91597561503675329 1.0000000180025095e-35 -0.91597561503675329 4.5000000000000009 0.91597561503675351 0.12940952255126045 9.5000000000000018 0.25881904510252057 0.25881904510252091 0.98296291314453421 -0.98296291314453399 7.5000000000000009 0.91597561503675362 0.98296291314453421 0.91597561503675351 -1.0000000180025095e-35 8.5000000000000018 -0.98296291314453399 0.98296291314453421 -0.9159756150367534 0.98296291314453421 -0.60355339059327362 3.5000000000000004 -0.91597561503675329 0.37940952255126048 0.25881904510252057 2.5000000000000004 -0.12940952255126037 0.91597561503675362
decision_type=2 2 2 2 2 2 2 2 2 2 2 2 2 2 2 2 2 2 2 2 2 2 2 2 2 2 2 2 2 2
left_child=1 -1 4 -4 5 14 19 11 9 18 -11 12 -6 22 23 -13 -17 -18 -9 -7 -3 -22 -10 25 28 26 29 -27 -25 -2
right_child=2 20 3 -5 7 6 -8 8 13 10 -12 15 -14 -15 -16 16 17 -19 -20 -21 21 -23 -24 24 -26 27 -28 -29 -30 -31
leaf_value=-0.066192049504442213 -0.0039701960077093831 -0.084511598818254263 0.15358299230072078 0.00058781603426693305 -0.0098380111414356885 -0.046757016354786289 -0.098868991949747992 -0.023229498540858064 0.026497827616564842 -0.13431785874416868 -0.027149854428726035 0.0016027700855756541 0.04826156869165215 0.044967247768262553 -0.084427363147599604 0.025103611291921072 0.0034492605520444718 0.041506083795871222 -0.0013381090904362072 -0.0096282904042625014 -0.0043390956498507169 -0.081677669330224065 -0.0018889737580737793 0.040291853092940914 -0.018486761809658626 0.010306691959719486 -0.087059309015092859 -0.087674020625247137 -0.088368610004497763 0.020766386355422408
leaf_weight=7.1660980404235479 33.555568687539562 0.24389372871155401 2.9272204734725191 24.50816268753988 2.6354176193126468 4.7930997678558915 0.98896696221345326 6.7224732893519148 1.5887844184762858 0.46946354219107833 3.3937944394419901 298.68900723439583 3.769615624420112 1.420798429287969 0.37099775364913412 8.1317734972981253 23.862595564743973 1.5921291848935641 12.330154856143054 2.1254050641146023 32.053169138416706 0.25921770196873595 25.810626454462181 1.7540106227097565 10.806638817568453 14.375785550888391 0.59682980863726598 0.30917197646704231 0.091058197111123174 2.3857202655344727
leaf_count=1232 8366 1568 372 992 108 495 891 18 42 126 30 3586 24 12 990 110 300 30 162 594 8064 336 177 70 1400 4187 356 530 120 712
internal_value=-1.81921e-09 -0.0164946 0.00133714 0.0169116 0.000413399 -0.00728184 -0.0432949 0.00183556 -0.00523085 -0.014307 -0.0401729 0.00291501 0.0243559 0.00198587 -0.00284929 0.00250171 0.0104961 0.00582962 -0.0090622 -0.0353509 -0.00555548 -0.00495952 -0.000242934 -0.00237547 -0.0108408 -0.000284609 -0.00371226 0.00824384 0.0339422 -0.00232822
internal_weight=529.728 39.7224 490.005 27.4354 462.57 72.1533 7.90747 390.417 51.7361 22.9159 3.86326 338.681 6.40503 28.8202 64.2458 332.276 33.5865 25.4547 19.0526 6.9185 32.5563 32.3124 27.3994 63.8748 12.6517 51.2231 36.5381 14.685 1.84507 35.9413
internal_count=36000 11200 24800 1364 23436 18711 1980 4725 567 336 156 4158 132 231 16731 4026 440 330 180 1089 9968 8400 219 15741 1590 14151 9434 4717 190 9078
is_linear=0
shrinkage=0.08


Tree=88
num_leaves=31
num_cat=0
split_feature=2 10 2 7 8 2 8 7 7 7 7 2 7 7 2 7 7 2 2 7 2 2 7 7 7 7 7 7 2 2
split_gain=0.437488 0.439954 0.567504 0.396881 0.256282 0.244214 3.12083 0.820339 0.263236 0.348234 0.261319 0.422106 0.265189 0.236947 0.600083 0.37369 0.344086 0.285758 0.248184 0.240749 0.230497 0.627396 0.411125 0.38796 0.34707 0.247508 0.191867 0.997046 0.599335 0.66018
threshold=4.5000000000000009 1.0000000180025095e-35 3.5000000000000004 0.98296291314453421 1.0000000180025095e-35 1.0000000180025095e-35 1.0000000180025095e-35 0.37940952255126048 -0.12940952255126037 0.1294095225512602 -0.37940952255126015 1.5000000000000002 -0.5 0.37940952255126048 1.5000000000000002 0.91597561503675351 0.60355339059327384 1.5000000000000002 2.5000000000000004 0.25881904510252057 2.5000000000000004 1.5000000000000002 -0.70710678118654757 -0.60355339059327384 -0.9159756150367534 -0.70710678118654757 0.78656609248549303 0.60355339059327384 1.5000000000000002 1.0000000180025095e-35
decision_type=2 2 2 2 2 2 2 2 2 2 2 2 2 2 2 2 2 2 2 2 2 2 2 2 2 2 2 2 2 2
left_child=1 2 3 5 26 6 -1 -8 10 -10 12 -12 20 17 15 -15 18 19 -16 -11 21 22 24 -24 -7 -22 27 -3 29 -28
right_child=-2 4 -4 -5 -6 8 7 -9 9 13 11 -13 -14 14 16 -17 -18 -19 -20 -21 25 -23 23 -25 -26 -27 28 -29 -30 -31
leaf_value=-0.0074039938863640353 0.0012396275264392558 0.0011991718637082167 -0.024327756447170539 -0.081795240317628207 -0.087244961292409384 -0.0069154541273903315 0.1361667661505668 -0.083644767380473439 -0.084629842758159962 -0.0061804756979240436 0.035077868854218194 -0.08611047158452588 -0.089537468412425519 -0.015733166089974934 0.07409659218122322 -0.089634227755407109 0.0058676929758553643 -0.034331341927800491 -0.086204453847533072 -0.087079570366183981 -0.090856991127539768 -0.095561201745182442 -0.091997437004230451 -0.012330866175544582 0.029389925526169751 0.031828325625283815 -0.017903526236279953 -0.088589139385124901 -0.086255888365842748 0.026197468923857201
leaf_weight=13.703552394315917 410.34512643231938 35.350185623530706 11.732677563250034 0.42850440088659425 0.20658150981853296 3.4465076833730537 1.2898291670717306 0.11865676002344105 0.42272880332894303 6.5158761567436176 2.1619352606503486 0.20104677384369996 0.2275027291907471 6.8140498405555245 0.7557981408026534 0.46799112041480828 6.0718891832075315 4.9980885196127929 0.067318988556507975 0.24425286485347886 0.11217932339422976 0.48410788714682063 0.42000746150733892 5.7067209077067664 3.2976321385940537 1.7015314345480881 2.9596555057360048 0.80963662868452857 0.39138543856097463 8.1674766572541557
leaf_count=6039 5000 8442 800 528 693 980 99 264 880 315 525 300 275 2100 247 525 1120 260 133 140 364 910 350 280 840 126 828 1197 756 684
internal_value=2.4408e-10 -0.00426471 -0.00824393 -0.00508078 0.0016678 -0.00452577 0.0042513 0.117649 -0.0075323 -0.0126047 -3.87995e-06 0.0247669 -0.00380567 -0.0114307 -0.00446692 -0.0204825 0.0124477 -0.0198271 0.0609863 -0.00910347 -0.00251984 -0.00615406 -0.00279122 -0.0177923 0.0108365 0.0242401 0.00205304 -0.000811234 0.0110448 0.0144672
internal_weight=529.62 119.275 71.3904 59.6577 47.8849 59.2292 15.112 1.40849 44.1172 26.358 17.7592 2.36298 15.3962 25.9353 14.177 7.28204 6.89501 11.7582 0.823117 6.76013 15.1687 13.355 12.8709 6.12673 6.74414 1.81371 47.6783 36.1598 11.5185 11.1271
internal_count=36000 31000 18400 17600 12600 17072 6402 363 10670 5720 4950 825 4125 4840 4125 2625 1500 715 380 455 3850 3360 2450 630 1820 490 11907 9639 2268 1512
is_linear=0
shrinkage=0.08


Tree=89
num_leaves=31
num_cat=0
split_feature=2 2 7 7 7 10 2 7 2 2 10 7 7 7 2 10 7 8 7 10 7 2 7 2 10 7 2 7 7 2
split_gain=0.182985 0.581466 4.55749 1.05404 0.533756 5.32375 1.10512 1.03627 1.20167 0.896591 0.665848 0.493149 1.24386 0.432385 0.57628 0.487926 0.466839 2.21843 0.372281 0.494723 0.543004 0.308616 0.293748 0.358824 0.936328 0.392137 0.345582 0.78727 0.887888 0.28809
threshold=7.5000000000000009 6.5000000000000009 -0.9159756150367534 -0.98296291314453399 -0.9159756150367534 1.5000000000000002 1.5000000000000002 -0.98296291314453399 4.5000000000000009 5.5000000000000009 1.0000000180025095e-35 0.78656609248549303 0.98296291314453421 -0.9159756150367534 8.5000000000000018 1.5000000000000002 0.60355339059327384 1.0000000180025095e-35 0.1294095225512602 1.5000000000000002 0.60355339059327384 5.5000000000000009 -0.60355339059327384 1.0000000180025095e-35 1.5000000000000002 -0.37940952255126015 5.5000000000000009 0.91597561503675351 0.25881904510252057 5.5000000000000009
decision_type=2 2 2 2 2 2 2 2 2 2 2 2 2 2 2 2 2 2 2 2 2 2 2 2 2 2 2 2 2 2
left_child=1 4 3 -3 5 7 -7 21 -9 -8 -6 18 -13 14 -2 -15 -17 -18 -4 -20 -21 -1 29 24 -24 -26 -25 28 -28 -12
right_child=13 2 11 -5 10 6 9 8 -10 -11 22 12 -14 15 -16 16 17 -19 19 20 -22 -23 23 26 25 -27 27 -29 -30 -31
leaf_value=-0.0011108153820984638 0.023858822564624797 0.002159955140670041 -0.00076284892578461412 -0.058773515848541361 -0.0032264070229944672 0.031735253074756685 -0.064671128112974194 -0.012453978203395057 0.036434167267165835 -0.014626405235597944 -0.007939349884471451 -0.12698668504140093 0.0067968366599336265 -0.001383515938066278 -0.0074371962779649341 0.024056659392513884 -0.13899287550165201 0.069110567695980868 0.04219793437802144 -0.0018075191543078855 0.032589212774964869 -0.11736087425338571 -0.08833735980428159 0.011274212038331399 -0.095100443739610088 0.0023155420830683268 0.021974958087416948 0.046439928877977391 -0.036954194986370058 0.019562457234611665
leaf_weight=7.2265640208424839 12.37789495335892 2.1743505592457941 11.803249152988434 11.051425961355561 232.13511627783737 1.2534383588372282 6.8112909078172361 3.6921630062424873 25.04499617163674 3.4525268600991694 17.311150842044302 0.6034566325688494 1.691557110985741 80.328421665581118 5.4120677342871195 8.7044531726860424 0.60927882968098745 0.70974802586715668 4.0339614501572223 8.4713196050724928 4.4963357159867892 0.14917129511013616 0.81860554880040304 58.753339540406159 0.27059245540294696 11.665460476349836 2.4916995689563901 1.5288284343550911 4.7668614319409244 2.8372686579823485
leaf_count=931 56 21 234 63 17716 532 420 2583 252 28 2244 105 18 1032 140 110 55 7 53 64 42 14 1380 5934 169 1625 53 21 64 34
internal_value=5.27519e-10 -0.000748351 -0.00941955 -0.0487559 0.000262557 0.00818312 -0.0391772 0.0232874 0.030153 -0.0478372 -0.000871784 0.00730893 -0.0283805 0.00293782 0.0143379 0.000693179 0.0173359 -0.0270156 0.0101525 0.0177304 0.010119 -0.00346193 0.00456997 0.00673713 -0.00556934 0.000107104 0.00906114 -0.0057357 -0.0167252 -0.00406659
internal_weight=532.677 424.535 44.3257 13.2258 380.209 47.6302 11.5173 36.1129 28.7372 10.2638 332.579 31.0999 2.29501 108.142 17.79 90.3519 10.0235 1.31903 28.8049 17.0016 12.9677 7.37574 100.444 80.2954 12.7547 11.9361 67.5407 8.78739 7.25856 20.1484
internal_count=36000 34600 600 84 34000 4760 980 3780 2835 448 29240 516 123 1400 196 1204 172 62 393 159 106 945 11524 9246 3174 1794 6072 138 117 2278
is_linear=0
shrinkage=0.08


Tree=90
num_leaves=31
num_cat=0
split_feature=2 7 6 7 6 2 2 2 6 2 2 7 7 6 7 7 2 6 6 7 6 2 2 7 6 2 8 2 8 2
split_gain=0.399993 3.18912 5.55732 1.58025 0.956857 0.858207 0.698035 0.47088 0.463163 1.0037 0.357472 0.366298 1.64598 0.475354 0.318102 0.404772 0.311366 0.340631 0.268133 0.22747 0.172607 0.795345 0.165897 0.144569 0.130885 0.845692 1.27607 1.79865 0.862397 0.343583
threshold=7.5000000000000009 -0.9159756150367534 0.25881904510252091 -0.9159756150367534 0.25881904510252091 6.5000000000000009 5.5000000000000009 4.5000000000000009 -0.60355339059327362 8.5000000000000018 9.5000000000000018 0.25881904510252057 -1.0000000180025095e-35 0.91597561503675362 1.0000000180025095e-35 0.37940952255126048 5.5000000000000009 1.0000000180025095e-35 0.60355339059327384 0.98296291314453421 0.78656609248549325 8.5000000000000018 1.0000000180025095e-35 -0.98296291314453399 -0.91597561503675329 1.5000000000000002 1.0000000180025095e-35 1.0000000180025095e-35 1.0000000180025095e-35 6.5000000000000009
decision_type=2 2 2 2 2 2 2 2 2 2 2 2 2 2 2 2 2 2 2 2 2 2 2 2 2 2 2 2 2 2
left_child=3 2 23 4 16 6 7 -6 9 -3 14 12 -12 -13 18 -16 22 -18 -10 20 21 -17 -1 -2 25 26 -5 -28 29 -27
right_child=1 8 -4 24 5 -7 -8 -9 10 -11 11 13 -14 -15 15 19 17 -19 -20 -21 -22 -23 -24 -25 -26 28 27 -29 -30 -31
leaf_value=-0.082272697903088263 0.0048200582370121862 -0.01569165644921075 -0.085897491387940561 -0.018013214332048905 -0.0054501941175721007 0.084839976984521392 -0.13950756505966033 0.026712205406801932 0.0035550807056026969 0.019721453971411333 -0.1390982160628996 -0.0062949061797352712 -0.0023178615066464796 0.041700359705031914 -0.027681547193075515 -0.0011097162434071817 0.027025530842195659 -0.0087510330219996088 0.024960998765935584 0.031952209292141098 0.0082130672425180413 -0.12652211183349407 -0.0025086669825744429 -0.010165739164993018 -0.0001639239152147488 -0.0094571696077259734 0.0095042028958146878 0.10992056945495621 -0.040043603914887323 0.014021169969057522
leaf_weight=0.16858350977418624 6.8764854846522256 6.7129035000434696 7.7186381982028243 3.8816764458715607 3.3619746581516763 1.4387496482231643 0.17153795021294982 21.832796833841712 8.1258712827693689 21.615708548080875 0.7197200369118949 27.231060012520178 2.5868264108430621 1.3880048990249623 3.3339358565863213 2.8438611934689075 5.48593746125698 2.4700886586215347 6.9467227814602657 1.6192709997994832 5.1991037821862847 0.36519354449410446 16.517734025666869 10.27790306636598 324.26491970266579 21.546113720531146 3.4523046019894537 1.7056224969455795 5.4560621656764843 4.8954893993213764
leaf_count=952 49 106 77 2090 1705 33 33 132 72 265 123 192 30 12 56 90 60 42 92 24 52 90 1887 70 25950 1140 168 162 189 57
internal_value=9.79341e-10 -0.00420884 -0.0295239 0.00114715 0.0142738 0.0247346 0.0213254 0.0224205 0.00289089 0.0113298 -0.00106973 -0.00687988 -0.0320902 -0.00396717 0.00545389 -0.00353329 0.0028949 0.0159181 0.0134207 0.00449556 -0.000792129 -0.0153818 -0.00331453 -0.00415855 -0.000702041 -0.00496448 0.0166349 0.0427099 -0.0110856 -0.00511031
internal_weight=530.211 113.561 24.873 416.65 51.4474 26.8051 25.3663 25.1948 88.6882 28.3286 60.3596 31.9256 3.30655 28.6191 28.434 13.3614 24.6423 7.95603 15.0726 10.0274 8.40816 3.20905 16.6863 17.1544 365.202 40.9373 9.0396 5.15793 31.8977 26.4416
internal_count=36000 1400 196 34600 4844 1903 1870 1837 1204 371 833 357 153 204 476 312 2941 102 164 256 232 180 2839 119 29756 3806 2420 330 1386 1197
is_linear=0
shrinkage=0.08


Tree=91
num_leaves=31
num_cat=0
split_feature=2 2 6 10 7 6 2 6 7 6 6 2 2 7 2 7 7 6 7 2 6 2 7 6 2 7 10 10 10 6
split_gain=0.632451 2.32022 1.8573 1.43409 1.16395 1.30718 0.849659 0.783851 0.732649 0.85939 0.649459 5.7792 0.632136 0.602519 0.567798 0.489005 0.576261 0.388621 0.367089 1.94724 2.38341 1.71149 1.43797 1.46202 0.750006 2.25721 2.4251 1.14354 1.13082 0.743628
threshold=1.5000000000000002 4.5000000000000009 -0.25881904510252113 1.0000000180025095e-35 -1.0000000180025095e-35 -0.91597561503675329 2.5000000000000004 -0.91597561503675329 0.78656609248549303 0.91597561503675362 -0.91597561503675329 1.0000000180025095e-35 9.5000000000000018 -1.0000000180025095e-35 3.5000000000000004 0.60355339059327384 -0.12940952255126037 -0.98296291314453399 0.25881904510252057 8.5000000000000018 0.12940952255126045 6.5000000000000009 -0.9159756150367534 0.25881904510252091 5.5000000000000009 -0.70710678118654757 1.5000000000000002 1.5000000000000002 1.5000000000000002 -1.0000000180025095e-35
decision_type=2 2 2 2 2 2 2 2 2 2 2 2 2 2 2 2 2 2 2 2 2 2 2 2 2 2 2 2 2 2
left_child=10 2 3 4 -2 -6 -7 -5 9 14 11 13 17 -1 -4 16 -14 -3 21 29 -21 24 23 -23 27 26 -26 -19 -27 -20
right_child=1 12 8 7 5 6 -8 -9 -10 -11 -12 -13 15 -15 -16 -17 -18 18 19 20 -22 22 -24 -25 25 28 -28 -29 -30 -31
leaf_value=-0.081549052768708899 -0.08531689018316739 -0.016910589165433136 0.023676698156655657 0.01972958109964694 0.13348404966549135 -0.085370533337274179 0.058558898809504746 -0.084859563304889821 -0.085570722108207598 -0.024142247597110884 -0.0034088830469037696 -0.046740664310207819 -0.00099504076607244136 0.11399412950100345 -0.091140302917650545 -0.0018667958361282351 0.022689170880294873 -0.0041854627197108188 -0.007474532030849558 0.025921430285626205 -0.067098016771990412 0.02028910224299493 0.0039993640516767862 0.078311999675811456 -0.0024365562994113589 -0.012133703152105076 -0.073874418439257794 0.017655526008571478 0.039288763991552768 0.0041586507509156299
leaf_weight=0.10668521751995164 0.33175285817560407 10.047218079329467 8.6687148023447591 4.678705004153926 1.5757716587395378 0.27238427884004046 7.2320111493609147 0.50844455239348363 0.58262982169253597 4.1152841391740376 76.49294189014654 10.448604497385531 9.8868307503580599 1.8430111925408692 0.28470524906151773 18.383159233126207 19.626472555450164 106.25463041674084 71.124426209978992 2.4593893808778358 6.2251553596870508 16.604618395445872 42.881807735413531 3.3380180766980621 5.7159852581244213 6.600012010210774 6.4992335003917105 17.931193542244728 4.6760540973918978 69.561904968810268
leaf_count=728 888 132 2590 462 216 481 407 1281 945 990 19580 1188 270 504 740 186 144 1090 740 86 84 119 567 77 104 114 52 218 57 960
internal_value=1.44676e-09 0.00122793 0.0234168 0.0432523 0.0618664 0.0672439 0.0533347 0.00947775 0.00220419 0.00611738 -0.00616189 -0.0231469 -0.000272357 0.103294 0.0200257 0.00837542 0.0147551 -0.00139205 -0.000958795 -0.00399196 -0.0407557 0.00119353 0.0122532 0.030001 -0.00351145 -0.0166198 -0.0404458 -0.00103184 0.0091906 -0.00172254
internal_weight=534.958 446.067 28.2504 14.5991 9.41192 9.08017 7.5044 5.18715 13.6513 13.0687 88.8912 12.3983 417.816 1.9497 8.95342 47.8965 29.5133 369.92 359.872 149.371 8.68454 210.502 62.8244 19.9426 147.677 23.4913 12.2152 124.186 11.2761 140.686
internal_count=36000 14000 9000 3735 1992 1104 888 1743 5265 4320 22000 2420 5000 1232 3330 600 414 4400 4268 1870 170 2398 763 196 1635 327 156 1308 171 1700
is_linear=0
shrinkage=0.08


Tree=92
num_leaves=31
num_cat=0
split_feature=2 6 8 6 2 6 2 6 10 6 2 2 10 2 6 6 2 2 6 2 10 10 6 6 2 2 6 6 6 6
split_gain=1.77286 3.93585 1.28831 9.91639 0.482926 0.583295 0.583084 0.429874 1.32103 0.556824 0.41663 1.15077 0.900864 0.390743 0.297623 0.265069 0.289292 0.723665 0.613504 0.410687 0.409696 0.281722 0.71443 0.392065 0.352089 0.711059 0.405276 1.60825 0.371332 0.35623
threshold=1.0000000180025095e-35 -0.91597561503675329 1.0000000180025095e-35 -0.91597561503675329 4.5000000000000009 -0.91597561503675329 2.5000000000000004 0.91597561503675362 1.0000000180025095e-35 0.98296291314453421 5.5000000000000009 8.5000000000000018 1.5000000000000002 3.5000000000000004 -0.70710678118654735 -0.60355339059327362 9.5000000000000018 7.5000000000000009 -0.98296291314453399 8.5000000000000018 1.0000000180025095e-35 1.5000000000000002 0.91597561503675362 0.91597561503675362 6.5000000000000009 5.5000000000000009 0.12940952255126045 0.60355339059327384 0.60355339059327384 0.37940952255126054
decision_type=2 2 2 2 2 2 2 2 2 2 2 2 2 2 2 2 2 2 2 2 2 2 2 2 2 2 2 2 2 2
left_child=1 -1 4 -4 5 6 -2 13 9 -9 -5 -12 -13 -7 -15 16 17 -6 -18 -19 -20 23 24 -17 25 29 -26 -28 -27 -23
right_child=2 -3 3 10 15 7 -8 8 -10 -11 11 12 -14 14 -16 21 18 19 20 -21 -22 22 -24 -25 26 28 27 -29 -30 -31
leaf_value=-0.068828857086835088 -0.0076354334679287509 -0.0040942385032885263 0.14862037594864103 0.0031225448989904924 0.0042783343614317699 -0.0022938308628328167 -0.047341883760972703 0.040470827638467606 -0.087912795817936415 -0.084218550373174592 -0.13753006349834659 -0.120290994479911 0.05946646091967437 -0.01798423250160339 -0.087008303956247951 0.0029921264915695003 -0.022873089448175659 0.048522471632781124 0.0020855817888944671 0.01510067517346516 0.049153114518664644 0.0050519896865944824 0.015535411473356063 -0.0064363245408029894 -0.003721361659544968 0.030453902436913038 -0.055512632634479031 -0.0009579469840487728 -0.0030660329367017294 -0.015893307064494783
leaf_weight=7.4220926223983943 5.7956595356226881 31.616207867267804 3.2825580866119735 22.956604289694955 57.100707378558582 49.471700283140308 4.0009323311896878 4.3901589600427533 0.64895855796203239 0.24183966280543234 0.51169393607415148 0.24220143078127876 0.6776562052546069 7.085386301507242 0.42371093344990995 199.11546983350127 6.6627755956724313 3.7476063418143877 9.3094750997843185 6.3233825802453794 1.35597776551731 7.664086583186875 10.079633187677244 32.888803057314362 12.33840580226388 5.4177081587549747 5.8979315373289856 8.3609799040714261 3.4697460521711037 16.142933081369847
leaf_count=1232 1501 9968 372 888 846 13172 380 708 880 590 64 32 8 220 1260 2280 18 94 82 94 41 136 132 418 144 82 102 114 38 104
internal_value=2.0931e-09 -0.0164018 0.00131856 0.0180815 0.000305659 -0.00570623 -0.0238516 -0.00285114 0.0189841 0.0339607 0.000511432 -0.0413608 0.0121358 -0.00487482 -0.021879 0.00142832 0.0053881 0.00776557 -0.00382798 0.0275376 0.00806962 0.00031807 -0.00415498 0.00165555 -0.00750236 -0.00194203 -0.0143373 -0.0235235 0.0173674 -0.00915048
internal_weight=524.643 39.0383 485.605 27.6707 457.934 72.0583 9.79659 62.2618 5.28096 4.632 24.3882 1.43155 0.919858 56.9808 7.5091 385.876 84.4999 67.1717 17.3282 10.071 10.6655 301.376 69.3714 232.004 59.2918 32.6945 26.5973 14.2589 8.88745 23.807
internal_count=36000 11200 24800 1364 23436 18711 1881 16830 2178 1298 992 104 40 14652 1480 4725 1175 1034 141 188 123 3550 852 2698 720 360 360 216 120 240
is_linear=0
shrinkage=0.08


Tree=93
num_leaves=31
num_cat=0
split_feature=2 10 10 7 7 7 7 7 7 7 7 7 7 10 2 2 10 7 7 7 10 2 7 7 10 2 7 2 7 7
split_gain=0.691633 0.506921 0.468148 1.20588 0.499891 0.480442 0.427209 0.373197 0.637191 0.349826 0.304429 0.436419 0.2887 0.62134 0.460826 0.395509 0.314097 1.60206 0.282814 0.263404 0.251998 0.312448 0.248282 0.666799 0.321519 0.246874 0.506507 2.37602 0.46033 0.488721
threshold=5.5000000000000009 1.0000000180025095e-35 1.0000000180025095e-35 0.98296291314453421 -0.9159756150367534 0.37940952255126048 -0.70710678118654757 0.37940952255126048 -0.70710678118654757 -0.98296291314453399 0.91597561503675351 0.98296291314453421 1.0000000180025095e-35 1.5000000000000002 1.5000000000000002 4.5000000000000009 1.5000000000000002 -0.78656609248549325 0.78656609248549303 -0.78656609248549325 1.5000000000000002 4.5000000000000009 -0.78656609248549325 -0.37940952255126015 1.5000000000000002 6.5000000000000009 0.78656609248549303 8.5000000000000018 -0.60355339059327384 0.78656609248549303
decision_type=2 2 2 2 2 2 2 2 2 2 2 2 2 2 2 2 2 2 2 2 2 2 2 2 2 2 2 2 2 2
left_child=2 7 3 -1 9 12 19 8 -2 -4 25 -12 14 -14 -6 22 17 -17 -9 -3 21 -11 24 -24 -16 28 -27 -28 -8 -30
right_child=1 6 4 -5 5 -7 10 18 -10 20 11 -13 13 -15 15 16 -18 -19 -20 -21 -22 -23 23 -25 -26 26 27 -29 29 -31
leaf_value=-0.0036625128377109719 -0.001213517189107552 0.0055588111150930587 -0.09595454644262745 -0.094169019170121257 -0.010386073505939846 0.0071808749165574795 0.008713556268015522 -0.0030397464496870882 0.019470321665957423 -0.090014128829511222 0.032316195818521729 -0.014609677269794338 -0.10359165077928953 -0.011853954213673065 0.057491808072145288 0.0042655437135719308 0.0059430458033533345 -0.1495238544162483 0.010338303143606245 0.040334765919113905 0.04185907484546722 0.016590088279880379 -0.09062060868579018 0.023148906083834745 -0.088500446340585182 -0.00077336278580616925 0.0011373822685742847 -0.16123249169158746 -0.043672240243922848 -0.0019159716713691508
leaf_weight=242.82677851917106 13.53236525262764 34.648666930646868 0.14948892238680844 0.9458289657777631 18.223788814750151 43.476111847690845 3.2266841158270836 22.97136655630311 32.245516542956466 0.19110246175114243 3.3003128005802855 2.0602035918273032 0.49634265161693925 9.8419562556773599 1.6894003897032241 2.3929407084360723 10.885586927033728 0.52943255152786051 18.067956229715492 1.4523697743425135 3.4457984070613747 2.220347234790097 0.35929764427055566 4.0027968434842469 0.10239587083924551 43.40252880242042 2.8012882710900153 0.72635068313684303 4.6014069086522777 2.9401320901233703
leaf_count=19594 312 322 462 606 2856 5346 10 240 402 651 105 42 736 782 144 18 136 50 246 42 714 21 609 441 234 642 80 40 97 20
internal_value=-1.48031e-09 0.00392603 -0.00213633 -0.00401367 0.0025332 0.00107329 1.79395e-05 0.00838974 0.013356 0.0248933 -0.00395515 0.0142812 -0.00439893 -0.0162583 -0.00118816 0.00720891 -0.000308667 -0.0235958 0.00285007 0.00695787 0.0279776 0.00814192 0.0240767 0.0137779 0.0491488 -0.00564942 -0.00314278 -0.032295 -0.0165739 -0.0273932
internal_weight=527.757 185.977 341.779 243.773 98.0068 92.0001 99.1599 86.8172 45.7779 6.00674 63.0589 5.36052 48.5239 10.3383 38.1856 19.9619 13.808 2.92237 41.0393 36.101 5.85725 2.41145 6.15389 4.36209 1.7918 57.6984 46.9302 3.52764 10.7682 7.54154
internal_count=36000 2600 33400 20200 13200 11352 1400 1200 714 1848 1036 147 6006 1518 4488 1632 204 68 486 364 1386 672 1428 1050 378 889 762 120 127 117
is_linear=0
shrinkage=0.08


Tree=94
num_leaves=31
num_cat=0
split_feature=10 7 6 10 7 6 6 6 6 10 7 7 7 7 8 6 6 6 7 8 8 8 6 6 10 6 6 7 7 6
split_gain=0.0814562 1.63021 2.4805 2.2331 1.62568 0.998914 0.374642 0.360902 0.243373 0.230781 0.148197 0.0701636 0.0634718 0.0752237 0.0721759 0.0659663 0.0524125 0.0515037 0.0632108 0.0318203 0.0307163 0.0305099 0.0368299 0.0236157 0.0759213 0.215494 0.0399435 0.0234195 0.0226756 0.022323
threshold=1.0000000180025095e-35 -0.9159756150367534 0.25881904510252091 1.5000000000000002 -0.9159756150367534 0.25881904510252091 -0.98296291314453399 -0.98296291314453399 -0.91597561503675329 1.5000000000000002 0.91597561503675351 0.91597561503675351 0.78656609248549303 -0.60355339059327384 1.0000000180025095e-35 -1.0000000180025095e-35 -0.70710678118654735 0.78656609248549325 0.25881904510252057 1.0000000180025095e-35 1.0000000180025095e-35 1.0000000180025095e-35 -1.0000000180025095e-35 0.37940952255126054 1.5000000000000002 -0.5 -0.5 0.78656609248549303 0.37940952255126048 1.0000000180025095e-35
decision_type=2 2 2 2 2 2 2 2 2 2 2 2 2 2 2 2 2 2 2 2 2 2 2 2 2 2 2 2 2 2
left_child=4 2 -2 -4 5 29 -6 -3 9 -9 12 16 13 23 15 -14 19 20 -19 28 27 22 -13 24 25 -10 -26 -18 -8 -1
right_child=1 7 3 -5 6 -7 11 8 10 -11 -12 21 14 -15 -16 -17 17 18 -20 -21 -22 -23 -24 -25 26 -27 -28 -29 -30 -31
leaf_value=0.0032232454026710632 -0.00034984660999618048 -0.013096224851480473 0.020047599420231363 -0.056198220173695634 0.016893031891164104 0.026234784140100886 -0.0050522436013644943 -0.088454534512214508 -0.092394261689341964 0.019448806465327866 0.0092249492676897069 -0.011327502448685151 -0.011550678002620628 0.0039315553752275389 0.005208233720344178 -0.00077668833923288049 0.00019613867694964659 -0.00043010424664983603 -0.0056446782421441096 7.2755390246117163e-05 -0.0048970337534934875 0.0017786212098936033 -0.0045644046861630354 -0.0026053345958874921 0.0043559493222193229 0.012660355804581018 -0.0052476538545503442 0.0029927255213886683 -0.0020247880429744634 -0.0027320513573043438
leaf_weight=8.9961367921278015 25.916159297086779 9.0884286973850958 3.0739877330452119 12.276594668918733 7.0457676603618884 23.949006459210068 37.80378287127678 0.12913309060877409 0.12831172878577479 7.1926558031536842 18.754055431030793 6.663389231835029 6.3734456471865988 69.156906522235658 5.6699722852899859 8.4711867220248696 67.283979222367634 42.701152588546393 22.832879911613418 17.338435137062334 6.0303018539561881 3.5255473133292972 22.740300718331127 18.263342626734811 4.2808808749687168 4.7898549420642675 7.8626844361133399 26.797434408275876 27.245007809688104 7.2948918295442118
leaf_count=1070 1241 438 385 418 642 1177 2247 560 210 608 1533 535 730 5475 292 438 4708 2461 1819 642 428 107 1605 1314 228 350 380 1712 1498 749
internal_value=2.02265e-09 -0.00126645 -0.015445 -0.0409298 0.000777153 0.015839 -0.00132727 0.00238676 0.00331821 0.0175457 0.00259354 -0.00178419 0.00159859 0.0023974 -0.00246978 -0.00540243 -0.00132355 -0.000503402 -0.00224693 -0.00297252 0.000637925 -0.00525384 -0.00609704 -0.00060607 0.001534 0.00991955 -0.00186217 0.000992697 -0.00378423 0.000556548
internal_weight=529.676 201.428 41.2667 15.3506 328.248 40.24 288.008 160.161 151.072 7.32179 143.751 280.962 124.997 104.482 20.5146 14.8446 248.033 165.646 65.534 82.3872 100.112 32.9292 29.4037 35.3251 17.0617 4.91817 12.1436 94.0814 65.0488 16.291
internal_count=36000 14600 2044 803 21400 2996 18404 12556 12118 1168 10950 17762 9417 7957 1460 1168 15515 11128 4280 4387 6848 2247 2140 2482 1168 560 608 6420 3745 1819
is_linear=0
shrinkage=0.08


Tree=95
num_leaves=31
num_cat=0
split_feature=2 2 10 6 6 6 7 7 7 6 2 6 6 10 6 10 7 6 2 2 2 10 7 2 2 7 2 6 7 6
split_gain=1.64917 1.31098 0.916197 1.27698 0.781057 0.805744 0.75784 0.470043 0.380077 0.355565 0.303566 0.275891 2.88695 0.549502 0.437099 0.406142 2.78297 0.323684 0.423429 0.308432 0.297546 0.601521 0.373254 1.00065 0.809142 0.361127 0.274986 2.34581 0.556524 0.277693
threshold=4.5000000000000009 3.5000000000000004 1.0000000180025095e-35 -0.98296291314453399 -0.98296291314453399 -1.0000000180025095e-35 0.91597561503675351 0.91597561503675351 -0.9159756150367534 0.91597561503675362 9.5000000000000018 0.37940952255126054 0.25881904510252091 1.5000000000000002 0.12940952255126045 1.5000000000000002 -0.70710678118654757 -0.60355339059327362 8.5000000000000018 5.5000000000000009 5.5000000000000009 1.5000000000000002 0.91597561503675351 6.5000000000000009 7.5000000000000009 0.98296291314453421 1.0000000180025095e-35 -0.91597561503675329 0.1294095225512602 -0.91597561503675329
decision_type=2 2 2 2 2 2 2 2 2 2 2 2 2 2 2 2 2 2 2 2 2 2 2 2 2 2 2 2 2 2
left_child=1 7 4 -4 -2 6 -6 26 -7 -3 -10 12 14 -14 17 16 -13 18 -5 -16 21 25 -22 -24 -25 -19 27 28 -1 -28
right_child=2 9 3 11 5 8 -8 -9 10 -11 -12 15 13 -15 19 -17 -18 20 -20 -21 22 -23 23 24 -26 -27 29 -29 -30 -31
leaf_value=-0.081321119912662637 -0.022709772671787927 -0.036039780428580005 0.051788897791696639 0.0067854618157231093 0.0044864757784988255 -0.010458588675316356 0.036138920421153194 -0.017202733578541275 0.00097000716565584142 -0.0058146902625597231 -0.0094648972729157715 -0.17733649092915721 0.037696364382183767 0.087592014394759707 0.004394739710228736 0.0065586244463229845 -0.0021512635854749988 0.020110089759934939 0.036879515972756016 0.044075715529427371 -0.0018259349501843836 -0.0031605781201015661 -0.15240908422352925 0.01452521395123574 -0.11091421617699658 0.071311767044306612 -0.015570489557322096 -0.0016535592396647969 0.11502504805294578 -0.002750464053851643
leaf_weight=0.098994103277621037 9.5977411894127709 12.314375470874436 4.08196972546284 18.791224239386796 96.014120974636171 34.866834731670679 5.0981426046055267 16.968177649308927 96.64100526686525 3.1225725349067934 21.88264973180776 0.60244059958495455 2.6467566481151144 3.0295200462423963 2.1369830097246441 36.708871593116783 15.830650130650609 4.5220827870070908 3.5589820305904132 3.0328470093081705 32.278717040608171 9.1575462439795956 0.38685709028504733 1.5698226003441957 0.41640409899991926 1.0950929308310149 13.783968948426262 24.653153042161648 1.3846237179877789 50.178396509143568
leaf_count=728 90 1780 60 376 1215 270 90 3045 1157 220 178 32 44 66 27 444 264 47 94 63 287 106 12 24 48 6 1958 8792 504 13973
internal_value=8.33644e-10 -0.00813073 0.00246579 0.00770156 -0.000306658 0.000538202 0.00608241 -0.00498831 -0.00311644 -0.0299259 -0.000956556 0.00637601 0.00926825 0.0643265 0.00520665 0.00187929 -0.00857359 0.00358845 0.0115776 0.0276733 -2.41396e-05 0.00948169 -0.00407721 -0.034699 -0.0117726 0.0300921 -0.002688 0.00422587 0.101924 -0.0055132
internal_weight=526.452 122.504 403.947 139.847 264.1 254.503 101.112 107.067 153.39 15.4369 118.524 135.765 82.6228 5.67628 76.9466 53.142 16.4331 71.7767 22.3502 5.16983 49.4265 14.7747 34.6518 2.37308 1.98623 5.61718 90.0991 26.1368 1.48362 63.9624
internal_count=36000 31000 5000 2000 3000 2910 1305 29000 1605 2000 1335 1940 1200 110 1090 740 296 1000 470 90 530 159 371 84 72 53 25955 10024 1232 15931
is_linear=0
shrinkage=0.08


Tree=96
num_leaves=31
num_cat=0
split_feature=10 7 7 6 10 6 2 2 2 2 6 6 7 2 7 7 2 2 7 2 7 2 7 7 2 7 6 7 10 2
split_gain=0.575347 2.03109 1.64621 3.11912 1.99755 1.4123 0.739196 0.630658 0.503279 0.400058 0.971648 0.789786 0.419379 0.398958 0.363726 0.627924 0.664657 0.507974 2.34308 0.386197 0.513481 0.392752 0.337563 0.305726 0.821728 0.296181 1.69511 0.288995 0.55739 0.385673
threshold=1.0000000180025095e-35 -0.9159756150367534 -0.9159756150367534 0.25881904510252091 1.5000000000000002 0.25881904510252091 4.5000000000000009 8.5000000000000018 4.5000000000000009 8.5000000000000018 0.78656609248549325 0.60355339059327384 -1.0000000180025095e-35 5.5000000000000009 0.91597561503675351 0.60355339059327384 1.0000000180025095e-35 9.5000000000000018 0.25881904510252057 1.5000000000000002 0.78656609248549303 9.5000000000000018 0.98296291314453421 0.98296291314453421 5.5000000000000009 0.37940952255126048 0.98296291314453421 0.78656609248549303 1.5000000000000002 5.5000000000000009
decision_type=2 2 2 2 2 2 2 2 2 2 2 2 2 2 2 2 2 2 2 2 2 2 2 2 2 2 2 2 2 2
left_child=1 5 3 -2 -5 7 -7 8 -1 23 11 12 -11 -10 15 17 -17 -4 -19 20 -18 27 -14 -3 -25 26 -12 28 -21 -29
right_child=2 9 14 4 -6 6 -8 -9 13 10 25 -13 22 -15 -16 16 19 18 -20 21 -22 -23 -24 24 -26 -27 -28 29 -30 -31
leaf_value=-0.083655910894096477 -0.0013899957752515047 -0.0012161144801952988 0.0029706797138641002 -0.078528781395912725 -0.018914732863630997 -0.0011849960522535674 0.040724860650653512 -0.11555004973211414 -0.00035825467918595364 0.016593904493959772 -0.15342392362305809 0.036758143057528218 -0.0067500851694479273 0.030099297517547998 0.01099172320765133 -0.089225204077857723 -0.088811245083848578 -0.14558199836598568 0.025884736564235875 -0.11965567250786524 0.018341927571561511 0.029379027114158133 0.03398857623010821 -0.093878974473499244 -0.00051312446204618604 -0.0051624255342662692 -0.0056382129296570615 -0.013895824518809257 -0.018267666895321156 0.013619686912661149
leaf_weight=0.40465322572708906 26.524444001950542 232.11272012535483 103.5439341577794 6.9402234441295132 7.4684792503703648 3.2024919415780486 16.944615424014046 0.28551908326335329 11.835133771179242 15.029007799690588 0.60739916056627175 7.2645281061995766 12.732689880183898 3.5865390144754192 18.032230866621831 0.66072226807591405 0.30409154025983198 0.79623393507790696 1.4190282305353319 0.35434496061498322 4.8689946443191729 1.444257512805051 1.4499686695635325 0.84315183549188022 2.1207563932985067 10.394210036378354 2.725981465773657 10.287885079211263 16.808635475568735 4.7726300139038349
leaf_count=1564 1241 17264 7920 385 418 1012 165 51 153 135 51 60 183 51 1533 943 399 87 23 231 380 41 18 606 18 39 30 480 399 120
internal_value=3.92431e-09 0.00210911 -0.00332063 -0.0176664 -0.047629 0.0199438 0.0340631 0.00228831 0.00441421 -0.000157671 0.00632497 0.0131526 0.00728221 0.0067251 0.000275468 -0.00105482 -0.00966121 0.00215971 -0.0357457 -0.00830775 0.0120431 -0.0114347 -0.00258515 -0.00154213 -0.0270732 -0.011817 -0.0325673 -0.013264 -0.0203609 -0.00517625
internal_weight=525.766 321.539 204.226 40.9331 14.4087 36.259 20.1471 16.1118 15.8263 285.28 50.2038 36.4762 29.2117 15.4217 163.293 145.261 39.5016 105.759 2.21526 38.8408 5.17309 33.6678 14.1827 235.077 2.96391 13.7276 3.33338 32.2235 17.163 15.0605
internal_count=36000 21400 14600 2044 803 2996 1177 1819 1768 18404 516 396 336 204 12556 11023 2993 8030 110 2050 779 1271 201 17888 624 120 81 1230 630 600
is_linear=0
shrinkage=0.08


Tree=97
num_leaves=31
num_cat=0
split_feature=2 6 6 2 6 2 6 7 7 2 6 6 2 7 6 7 2 7 6 6 7 6 6 7 7 6 6 2 2 8
split_gain=0.198364 0.683916 0.26117 0.726644 0.177219 0.160696 0.150834 0.285832 0.152914 0.150032 0.539374 1.3094 0.264687 2.06405 1.14351 0.557224 0.382844 0.557927 0.338391 0.486113 0.930033 0.295086 0.805487 0.23026 0.222545 0.20388 0.19982 0.614316 0.872033 2.74005
threshold=9.5000000000000018 -0.98296291314453399 -0.98296291314453399 8.5000000000000018 0.25881904510252091 1.5000000000000002 0.91597561503675362 0.25881904510252057 0.60355339059327384 7.5000000000000009 0.25881904510252091 0.37940952255126054 6.5000000000000009 0.60355339059327384 0.91597561503675362 0.98296291314453421 5.5000000000000009 -0.9159756150367534 -0.91597561503675329 -1.0000000180025095e-35 0.78656609248549303 0.25881904510252091 0.37940952255126054 -0.60355339059327384 0.98296291314453421 -0.25881904510252113 -0.91597561503675329 1.5000000000000002 1.0000000180025095e-35 1.0000000180025095e-35
decision_type=2 2 2 2 2 2 2 2 2 2 2 2 2 2 2 2 2 2 2 2 2 2 2 2 2 2 2 2 2 2
left_child=2 -2 3 5 -3 -1 8 -8 -6 12 24 -12 16 14 21 -15 23 -18 -19 20 -20 25 -23 -4 -11 -14 27 28 -25 -30
right_child=1 4 9 -5 6 -7 7 -9 -10 10 11 -13 13 15 -16 -17 17 18 19 -21 -22 22 -24 26 -26 -27 -28 -29 29 -31
leaf_value=-0.083450003541288925 0.03765200556454025 0.0073175251085278803 -0.0040871132814605362 -0.15500061668233034 -0.011889240428610309 -0.0083405066014844483 -0.00364953941936981 0.042031442896313866 0.0033697390705931408 -0.0029589196925013197 0.085929539533280155 0.0085647223855180275 0.0092903282565081156 -0.045275521733072178 -0.034157323406356292 0.0050403450851284771 0.039065603472161266 0.034912252007765744 -0.12586375643434289 0.00586129524947943 -0.0086286617021299923 0.069338174417345744 0.0074520965273159991 -0.01791533077468848 0.029140227789836947 -0.0084287163999636917 0.0013108332515511473 -0.014923209656135439 -0.0084545439724695078 0.11636954294961831
leaf_weight=0.18537964457936773 3.7682319143787018 21.228707930189557 100.78138754088013 0.22434943722328249 11.071195622789679 10.986977453234429 2.721246489614713 1.2932531926780937 6.7754564959323025 34.723765926959459 1.5417968899273571 15.2365235502657 15.604735308210367 8.9155986562109284 4.4996510037453836 1.6729637361131615 3.2791226741828714 2.2093128991837139 0.50717382802395095 30.062097607224132 2.9641973516554572 1.8172371915279644 5.190951768134255 3.8309640624356707 1.4396364224376146 5.6646250579506185 208.65828074719866 17.246203067486931 3.4224294791438297 1.6769715232130691
leaf_count=660 18 327 10354 12 141 390 54 12 48 412 44 296 138 168 66 18 84 48 123 267 60 33 108 896 24 51 19372 912 702 162
internal_value=9.58615e-11 0.00496931 -0.000482754 -0.0124493 0.00211119 -0.00958678 -0.00294452 0.0110664 -0.00609619 -0.000193167 0.00381909 0.0156739 -0.000701334 -0.00661829 0.00330165 -0.0373258 -1.64242e-05 0.00748359 0.00458619 0.00258819 -0.0257569 0.00926229 0.0234993 -0.000888447 -0.00168108 0.00457125 0.000484289 -0.00610425 0.0109268 0.0325947
internal_weight=529.2 46.8581 482.342 11.3967 43.0899 11.1724 21.8612 4.0145 17.8467 470.946 52.9417 16.7783 418.004 43.3658 32.7772 10.5886 374.638 39.0219 35.7428 33.5335 3.47137 28.2775 7.00819 335.616 36.1634 21.2694 234.835 26.1766 8.93037 5.0994
internal_count=36000 600 35400 1062 582 1050 255 66 189 34338 776 340 33562 582 396 186 32980 582 498 450 183 330 141 32398 436 189 22044 2672 1760 864
is_linear=0
shrinkage=0.08


Tree=98
num_leaves=31
num_cat=0
split_feature=2 2 7 7 6 6 6 2 7 10 6 6 2 2 6 7 6 6 2 2 6 6 6 2 7 6 7 2 10 7
split_gain=1.32105 0.578653 3.12258 3.07613 3.74148 1.23578 0.789689 0.772967 0.562499 0.68733 0.485924 0.468283 0.397873 2.15059 3.31454 1.04066 1.03175 0.877526 5.40043 0.78819 0.772941 0.563506 0.548626 0.510759 0.470578 0.427831 3.0758 1.58181 1.26308 0.426798
threshold=8.5000000000000018 6.5000000000000009 -0.9159756150367534 -0.9159756150367534 0.25881904510252091 0.25881904510252091 -0.98296291314453399 4.5000000000000009 -0.78656609248549325 1.0000000180025095e-35 -0.25881904510252113 0.98296291314453421 4.5000000000000009 1.5000000000000002 -0.70710678118654735 0.1294095225512602 -0.91597561503675329 -0.91597561503675329 1.0000000180025095e-35 3.5000000000000004 -0.70710678118654735 -0.37940952255126059 -0.78656609248549303 2.5000000000000004 -1.0000000180025095e-35 0.78656609248549325 0.37940952255126048 5.5000000000000009 1.0000000180025095e-35 -0.70710678118654757
decision_type=2 2 2 2 2 2 2 2 2 2 2 2 2 2 2 2 2 2 2 2 2 2 2 2 2 2 2 2 2 2
left_child=1 2 5 4 -3 -1 -5 -7 9 10 -2 -8 13 17 15 -15 23 18 24 -18 22 -16 -14 -17 -4 -22 -27 28 -28 -23
right_child=8 3 12 6 -6 7 11 -9 -10 -11 -12 -13 20 14 21 16 19 -19 -20 -21 25 29 -24 -25 -26 26 27 -29 -30 -31
leaf_value=0.0053862766175599612 -0.024030341046143999 -0.005110279170200788 -0.081198919594053828 -0.019153166485217803 -0.062280552278352844 -0.0036432480149277409 0.0059390716501624601 0.038217623871159623 0.013360386894099394 0.0082626474719891957 -0.12494233061678774 0.03374049801242926 -0.0067630260503031524 0.022375251758499821 -0.084730118373491634 0.13004726622714072 -0.084087757341512553 -0.0022170294646169935 -0.046775705868432577 0.060808222329188859 0.0004623549679277256 0.036912086270370875 -0.023681133131755697 -0.090334747375389698 0.12105919407136041 0.00015903950008673784 -0.15564344045420458 0.0038698188276190676 -0.057099134853427949 -0.0034599472050475077
leaf_weight=20.275659739989351 3.773501229705289 18.565122522879392 0.077368704832223245 7.6523723848513319 12.102034771087348 3.2827035484770049 38.112937432575563 20.163364774431102 59.022748008661438 7.7772040077106794 0.33228828814753608 4.3166882455116129 31.090144680829326 4.2407182296410628 0.5068628692606606 1.8738923603850706 0.2528600649202416 69.223660758118058 10.367363899888005 4.8253006799568539 117.73166884000238 1.8747427850321461 20.262490350578446 0.069811856028536456 1.5196740119454244 46.274762257176917 0.98407525941729357 2.402226849924773 5.401827004738152 15.798477259191708
leaf_count=2890 30 85 728 30 55 1705 780 165 770 92 108 50 540 945 1350 225 595 16500 1188 170 1275 360 165 180 504 405 117 39 39 3915
internal_value=3.27146e-09 -0.00156915 -0.00025752 -0.00771722 -0.0276711 0.0198493 0.00450133 0.0323566 0.0101632 -0.005717 -0.0321973 0.00876752 -0.00288346 0.0010422 0.0195642 0.0536672 0.0725653 -0.00567477 -0.0256805 0.0535933 -0.00482102 -0.00156258 -0.0134385 0.122132 0.111261 -0.00226 -0.00808074 -0.0514681 -0.0722849 0.000822644
internal_weight=530.155 459.249 378.5 80.7492 30.6672 43.7217 50.082 23.4461 70.9057 11.883 4.10579 42.4296 334.778 110.631 29.4427 11.2626 7.02186 81.1881 11.9644 5.07816 224.147 18.1801 51.3526 1.9437 1.59704 172.795 55.0629 8.78813 6.3859 17.6732
internal_count=36000 35000 34000 1000 140 4760 860 1870 1000 230 138 830 29240 26660 7740 2115 1170 18920 2420 765 2580 5625 705 405 1232 1875 600 195 156 4275
is_linear=0
shrinkage=0.08


Tree=99
num_leaves=31
num_cat=0
split_feature=10 2 2 8 7 7 2 2 7 10 7 7 2 7 10 2 2 2 2 7 7 7 7 2 2 2 2 2 10 10
split_gain=0.693208 0.902434 1.84334 0.180554 0.188386 0.776798 0.349714 0.402065 0.387269 0.204122 0.166199 0.405508 0.447413 0.339059 0.201401 0.166672 0.301048 0.606861 0.209233 0.279855 0.151116 0.335117 0.311755 0.771577 0.335179 0.330385 0.496883 0.168119 0.430657 0.150257
threshold=1.0000000180025095e-35 4.5000000000000009 2.5000000000000004 1.0000000180025095e-35 0.78656609248549303 0.60355339059327384 1.5000000000000002 1.0000000180025095e-35 0.91597561503675351 1.5000000000000002 0.78656609248549303 0.91597561503675351 5.5000000000000009 0.60355339059327384 1.5000000000000002 9.5000000000000018 6.5000000000000009 7.5000000000000009 5.5000000000000009 0.98296291314453421 0.37940952255126048 -0.37940952255126015 1.0000000180025095e-35 7.5000000000000009 5.5000000000000009 9.5000000000000018 7.5000000000000009 5.5000000000000009 1.5000000000000002 1.5000000000000002
decision_type=2 2 2 2 2 2 2 2 2 2 2 2 2 2 2 2 2 2 2 2 2 2 2 2 2 2 2 2 2 2
left_child=-1 2 3 4 5 -2 7 8 -6 -10 13 12 -12 20 -14 16 18 -18 19 -13 21 -3 23 24 -23 26 -24 -22 -29 -9
right_child=1 10 -4 -5 6 -7 -8 29 9 -11 11 15 14 -15 -16 -17 17 -19 -20 -21 27 22 25 -25 -26 -27 -28 28 -30 -31
leaf_value=-0.0022001879254458837 -0.0014933164833421035 0.0052839372632075597 -0.053669088914896482 -0.087523594847416883 -0.089802053950740424 -0.08747990868939283 -0.085928574344112441 0.01020264007917822 -0.089179838839804071 0.0022928596249904877 0.0059423132698166172 0.0021840673366177814 -0.0047165863954719903 0.021603952352892981 -0.031722020324059678 0.037333485040008225 0.0029494650764298469 -0.10698621914296025 0.044469007398542065 0.045346296077776405 0.018561534269161586 0.002347399725465534 0.014691683600206736 0.04620979027064883 -0.10245099311366852 0.049734859155947761 -0.020381230475127635 -0.029454842469576574 0.0048386170075936149 0.031442915664901358
leaf_weight=334.79739860942209 34.501863278168912 64.663439908617875 4.5786976264062096 0.1521169781090056 0.3891606033721432 0.68576306215982086 0.24597294810519166 5.1969499533879571 0.167518913309323 2.2965973380487412 8.2914301024284232 5.1225085183541488 2.9115490907570338 11.348881497106047 4.4976545312965754 1.556305378762773 1.7225938883639176 0.39506057204562228 1.4004211330320684 1.1835301183164118 2.4209902199800117 2.5241206079517746 10.733087643457106 5.5106491281767376 0.21170237407204684 1.2138835231162382 3.4054080612677362 3.2321781360078576 8.525155957788229 3.6137172103044577
leaf_count=21400 7236 750 1800 594 368 1026 432 468 200 260 60 45 60 210 80 21 42 63 21 18 57 63 138 84 63 23 69 57 76 216
internal_value=4.31857e-09 0.00382264 -0.00520313 -0.000506568 -0.000225518 -0.00316909 0.00847121 0.0104619 -0.0156385 -0.00392576 0.00714336 0.00151072 -0.00682374 0.00848389 -0.0211099 0.0130091 0.0091557 -0.0175597 0.0164968 0.0102848 0.00703038 0.00826188 0.0164218 0.0289678 -0.00576207 0.00968274 0.006244 -0.000635903 -0.00458891 0.0189144
internal_weight=527.496 192.699 51.8284 47.2497 47.0975 35.1876 11.9099 11.6639 2.85328 2.46412 140.871 27.0811 15.7006 113.789 7.4092 11.3804 9.82411 2.11765 7.70646 6.30604 102.441 88.2623 23.5989 8.24647 2.73582 15.3524 14.1385 14.1783 11.7573 8.81067
internal_count=36000 14600 12600 10800 10206 8262 1944 1512 828 460 2000 410 200 1590 140 210 189 105 84 63 1380 1190 440 210 126 230 207 190 133 684
is_linear=0
shrinkage=0.08


Tree=100
num_leaves=31
num_cat=0
split_feature=2 8 6 6 10 6 10 2 6 6 6 6 6 6 10 8 6 2 6 6 10 2 8 2 6 8 2 2 2 6
split_gain=0.47526 0.897338 0.586813 1.05854 0.247279 0.412983 0.772455 0.156085 0.248493 1.33777 0.300153 0.341178 0.510825 0.254726 0.750506 0.206963 1.65354 0.177205 0.526104 0.172129 0.190608 0.170161 0.16247 0.156027 0.332833 0.150852 0.316721 0.849418 0.67954 2.64775
threshold=5.5000000000000009 1.0000000180025095e-35 -0.60355339059327362 -0.78656609248549303 1.0000000180025095e-35 0.91597561503675362 1.5000000000000002 3.5000000000000004 -0.78656609248549303 -0.60355339059327362 -1.0000000180025095e-35 0.37940952255126054 0.25881904510252091 1.0000000180025095e-35 1.5000000000000002 1.0000000180025095e-35 -0.5 4.5000000000000009 -0.91597561503675329 -0.25881904510252113 1.5000000000000002 2.5000000000000004 1.0000000180025095e-35 7.5000000000000009 0.98296291314453421 1.0000000180025095e-35 1.5000000000000002 2.5000000000000004 1.0000000180025095e-35 -0.91597561503675329
decision_type=2 2 2 2 2 2 2 2 2 2 2 2 2 2 2 2 2 2 2 2 2 2 2 2 2 2 2 2 2 2
left_child=4 23 3 -3 25 7 -7 21 17 -10 15 12 13 -12 -15 16 -11 -9 -19 20 -18 22 -6 24 -2 -1 28 -28 -27 -30
right_child=1 2 -4 -5 5 6 -8 8 9 10 11 -13 -14 14 -16 -17 19 18 -20 -21 -22 -23 -24 -25 -26 26 27 -29 29 -31
leaf_value=-0.0038986477939350422 0.0051241786796029191 -0.15496830946615758 -0.14552702746732915 0.020265466991648849 0.00090956982536821664 -0.10164825017730639 -0.0070034560763752385 0.044435748285438274 -0.12741300883063555 -0.15256812099206499 0.041438448476681107 0.007148211569617504 0.062045354351014444 -0.13233910343108302 0.012271921524505722 0.010580933737883564 0.024460082836964176 -0.10661335629970381 0.02341193064251771 -0.015234426633224796 -0.0054225762886420305 -0.087125733113925574 -0.086854785477687532 0.0017563551677938806 0.026951610810276583 -0.010059707044028541 -0.031935927309986359 0.0068079017603405803 0.12661385614236406 -0.0065015032004873191
leaf_weight=212.0876279505319 73.09213739563711 0.30795541747283994 0.3747918891167491 0.77797861042199645 42.384027667961618 0.57349257010355081 14.657804753282107 1.826072454293352 0.48087664685044629 0.48710287396534013 1.1735031131247553 16.844963718867803 2.0233733124114224 0.26006478243289177 1.9661609400718589 5.4294628463430845 2.4014369270007565 0.21986432457561056 2.1146164472447708 3.4718851064535565 3.1686184169448097 0.14188448552795208 0.13542586527182621 107.46747365713236 4.7622616863809517 3.5400241007446338 4.8710412117943642 14.1185675978777 1.4233190529048467 2.9146322629530887
leaf_count=19089 1074 52 65 26 9018 704 748 216 153 90 54 468 99 48 96 45 45 66 42 90 90 534 594 1323 60 363 143 220 105 280
internal_value=-2.89255e-09 0.00323981 -0.0592168 -0.0294283 -0.00178657 0.0015588 -0.010567 0.00374375 0.00721385 0.00516661 0.00687922 0.0127668 0.030219 0.0112774 -0.00462135 -0.00188538 -0.00898844 0.0257681 0.011166 -0.00125359 0.00746084 0.000338176 0.000630037 0.0037321 0.00645934 -0.00318322 0.00246421 -0.00313031 0.0159496 0.0371748
internal_weight=525.498 186.783 1.46073 1.08593 338.716 99.7606 15.2313 84.5293 41.868 37.7074 37.2266 22.2681 5.4231 3.39973 2.22623 14.9585 9.52904 4.16055 2.33448 9.04194 5.57006 42.6613 42.5195 185.322 77.8544 238.955 26.8676 18.9896 7.87798 4.33795
internal_count=36000 2600 143 78 33400 13200 1452 11748 1602 1278 1125 765 297 198 144 360 315 324 108 225 135 10146 9612 2457 1134 20200 1111 363 748 385
is_linear=0
shrinkage=0.08


Tree=101
num_leaves=31
num_cat=0
split_feature=2 2 2 6 8 6 2 8 8 6 6 6 6 7 7 2 6 2 6 6 2 2 6 7 2 2 6 7 7 2
split_gain=0.622955 1.27779 0.859665 2.34377 2.9459 1.01809 5.68587 1.60774 1.2808 0.775073 0.714907 0.519535 0.327465 0.255465 0.241136 0.231084 0.223849 0.236656 0.220288 0.188631 0.185616 0.32156 0.8479 0.571606 0.47485 0.27856 0.532568 0.242993 0.335268 0.239094
threshold=4.5000000000000009 3.5000000000000004 1.5000000000000002 -0.91597561503675329 1.0000000180025095e-35 -0.91597561503675329 1.0000000180025095e-35 1.0000000180025095e-35 1.0000000180025095e-35 -0.37940952255126059 -0.78656609248549303 0.91597561503675362 -0.98296291314453399 -0.70710678118654757 0.1294095225512602 2.5000000000000004 -0.70710678118654735 5.5000000000000009 0.98296291314453421 0.37940952255126054 5.5000000000000009 8.5000000000000018 -0.91597561503675329 0.60355339059327384 7.5000000000000009 6.5000000000000009 -0.91597561503675329 -0.12940952255126037 0.60355339059327384 9.5000000000000018
decision_type=2 2 2 2 2 2 2 2 2 2 2 2 2 2 2 2 2 2 2 2 2 2 2 2 2 2 2 2 2 2
left_child=1 2 5 4 12 6 7 -1 14 -5 -3 13 -4 15 -8 19 20 18 -18 -11 27 24 -23 -24 25 26 -22 -2 -29 -25
right_child=16 10 3 9 -6 -7 8 -9 -10 11 -12 -13 -14 -15 -16 -17 17 -19 -20 -21 21 22 23 29 -26 -27 -28 28 -30 -31
leaf_value=-0.087089520882147761 0.018729819606451547 -0.053825034128083073 0.010642722426340937 -0.084200415298129785 0.13305286974695235 -0.001797032469487859 -0.083255320697407861 0.13666210927429537 -0.067862734029166052 -0.083052089101774293 -0.015527261958796477 -0.085441739856390947 -0.090376464582108587 0.00068579206882540703 -0.0025164633839851237 -0.092202834762235161 -0.0021735789436128543 0.0029955492249475312 0.008789498631934789 0.043512594654948167 -0.0090248827008182243 0.017089541072407354 -0.13127203917466346 -0.045351499707475221 -0.021521732564689797 0.0069628623581782494 -0.1281317834103495 -0.0040142133649634501 0.013978284727690589 0.0030487020282365415
leaf_weight=0.23753685587598439 11.969012694942647 4.4563242346212055 1.9131636820166025 0.69313872745260852 2.1042661924011554 74.234041637490009 0.25574352532930822 1.5249860785002056 7.1851131880748653 0.078710334484638822 10.398713190697888 0.41765057484735812 0.23006662785519694 11.728731313363816 3.186529068640084 0.091356680196440609 165.6557845632924 140.22387732595962 12.624160471255889 1.7729534057434648 3.4469293706424708 15.941143585365355 0.31485758302733247 1.1280571282259189 7.152662555193273 16.38051643371 0.25826110190246332 13.234135370403237 13.278381740266923 1.5517871842021123
leaf_count=1064 180 360 210 1925 105 19580 702 168 162 700 1640 770 455 2275 324 360 1716 1989 120 200 66 110 70 22 94 141 75 252 132 33
internal_value=-1.41634e-09 -0.00504683 -0.00195793 0.0134382 0.0658146 -0.00534024 -0.0265693 0.106507 -0.0486396 -0.00161126 -0.0270161 0.00245178 -0.000201256 0.00513679 -0.00851495 0.0320045 0.00150855 0.000536702 -0.00139727 0.0381326 0.00516499 0.00174523 0.00975223 -0.0293051 -0.00382115 0.00248215 -0.0173269 0.00926839 0.00499705 -0.0173249
internal_weight=523.669 120.509 105.654 19.03 4.2475 86.624 12.3899 1.76252 10.6274 14.7825 14.855 14.0894 2.14323 13.6718 3.44227 1.94302 403.16 318.504 178.28 1.85166 84.6557 46.1742 18.9358 2.9947 27.2384 20.0857 3.70519 38.4815 26.5125 2.67984
internal_count=36000 31000 29000 7000 770 22000 2420 1232 1188 6230 2000 4305 665 3535 1026 1260 5000 3825 1836 900 1175 611 235 125 376 282 141 564 384 55
is_linear=0
shrinkage=0.08


Tree=102
num_leaves=31
num_cat=0
split_feature=2 6 2 6 2 6 6 6 7 2 6 6 7 2 7 2 7 6 2 6 6 6 7 7 6 6 2 2 2 6
split_gain=0.203359 0.683053 0.852219 0.66405 0.266113 0.196562 0.173692 0.19762 0.209876 0.141577 0.133249 1.35974 0.629258 0.280084 0.399052 0.225603 0.138614 0.869574 0.38845 0.117875 0.290089 0.107462 0.723734 0.16352 0.0898267 0.0754158 0.236461 0.225548 0.104078 0.493901
threshold=9.5000000000000018 -0.98296291314453399 7.5000000000000009 -0.98296291314453399 5.5000000000000009 0.98296291314453421 -0.5 0.91597561503675362 0.25881904510252057 1.5000000000000002 0.25881904510252091 0.37940952255126054 -0.70710678118654757 6.5000000000000009 -0.5 8.5000000000000018 0.37940952255126048 0.78656609248549325 7.5000000000000009 0.60355339059327384 0.91597561503675362 0.12940952255126045 -0.98296291314453399 0.91597561503675351 0.91597561503675362 0.98296291314453421 4.5000000000000009 1.0000000180025095e-35 1.5000000000000002 -0.91597561503675329
decision_type=2 2 2 2 2 2 2 2 2 2 2 2 2 2 2 2 2 2 2 2 2 2 2 2 2 2 2 2 2 2
left_child=1 2 9 -2 25 10 -5 21 -9 -1 -6 -12 -13 14 -14 16 17 18 -15 -16 -21 22 -8 -23 -17 28 27 -27 -3 -30
right_child=3 4 -4 6 5 -7 7 8 -10 -11 11 12 13 15 19 24 -18 -19 -20 20 -22 23 -24 -25 -26 26 -28 -29 29 -31
leaf_value=-0.08292179579504709 -0.027837424395413639 0.0011566303788313396 0.05093202499137766 0.0051917835186763356 0.0018645886743746968 -0.0083667542475587414 -0.0057984527146794718 -0.0013856087894887894 0.039192045000285079 0.0019249487056040538 0.055135259940064775 -0.02551350226939816 0.034230611152999219 -0.023581678271876051 0.01274788124459619 0.0065037824822298043 0.0015232030917836843 -0.11583044953434155 0.018573603798701505 -0.018981058764037603 0.018601413825517853 -0.0079517459257798153 -0.11160416337752009 0.018378251431635042 0.026844618132776797 -0.0092158616180598278 0.0088497949960809116 -0.083281905335077178 -0.015607026323475957 -0.0012148258326716967
leaf_weight=0.12964770458074593 6.9262107722461215 77.816280380895932 3.8336832067871001 16.842444801346574 75.520212230712787 8.872277166170532 2.8197041060775523 2.4808905108948229 1.2154363901354375 4.3124721417043475 3.5178776876273323 4.3277083700522772 4.5900768935680398 3.3166727942880261 8.8572374586947245 5.9286620577331623 7.5001817911397666 0.49973796220729116 2.4195440486073494 2.9637150480411956 2.3620216783601791 17.819259094510929 0.48490586710977979 1.6492713058833022 1.8147853210102765 2.2144269583804976 12.650847536104266 0.29862010761644331 16.404398431560367 218.82189847185418
leaf_count=660 18 20240 24 183 1090 100 21 54 12 378 110 80 30 30 18 88 145 85 20 84 36 189 96 27 24 560 120 990 912 9576
internal_value=4.9524e-09 0.000518199 0.0232978 -0.00483733 0.000108994 0.00313519 -0.00115928 -0.00520045 0.0119572 -0.000551388 0.0039607 0.00725185 0.00347332 0.0065898 0.0137279 0.000351139 -0.00580466 -0.0146181 -0.00580052 0.00709255 -0.00231283 -0.00798533 -0.021324 -0.00572121 0.0112709 -0.00111262 0.00439728 -0.018017 -0.00137952 -0.00221852
internal_weight=519.211 468.973 8.2758 50.2381 460.697 132.491 43.3119 26.4695 3.69633 4.44212 123.618 48.0982 44.5803 40.2526 18.7731 21.4796 13.7361 6.23595 5.73622 14.183 5.32574 22.7731 3.30461 19.4685 7.74345 328.206 15.1639 2.51305 313.043 235.226
internal_count=36000 35400 1062 600 34338 1940 582 399 66 1038 1840 750 640 560 168 392 280 135 50 138 120 333 117 216 112 32398 1670 1550 30728 10488
is_linear=0
shrinkage=0.08


Tree=103
num_leaves=31
num_cat=0
split_feature=10 7 6 7 6 7 7 7 6 10 8 6 7 10 10 6 8 6 7 6 6 7 6 6 7 6 6 6 6 6
split_gain=0.663116 3.31956 2.22515 1.26063 1.49414 0.543555 0.473018 0.235674 0.40657 0.290562 0.308416 0.198149 0.165089 0.12925 0.110072 0.596721 0.357822 0.328743 0.259145 0.115353 0.156839 0.10827 0.518565 0.100031 0.175293 0.102012 0.0970449 0.0942356 0.094048 0.0609602
threshold=1.5000000000000002 -0.9159756150367534 0.25881904510252091 -0.9159756150367534 0.25881904510252091 0.91597561503675351 -0.78656609248549325 0.91597561503675351 -1.0000000180025095e-35 1.0000000180025095e-35 1.0000000180025095e-35 0.12940952255126045 -0.78656609248549325 1.0000000180025095e-35 1.0000000180025095e-35 0.37940952255126054 1.0000000180025095e-35 -0.98296291314453399 -0.12940952255126037 -0.78656609248549303 -0.98296291314453399 1.0000000180025095e-35 0.78656609248549325 0.78656609248549325 0.25881904510252057 0.91597561503675362 -0.60355339059327362 -1.0000000180025095e-35 0.91597561503675362 0.60355339059327384
decision_type=2 2 2 2 2 2 2 2 2 2 2 2 2 2 2 2 2 2 2 2 2 2 2 2 2 2 2 2 2 2
left_child=3 2 -2 4 -1 6 27 12 9 10 -9 -7 -5 -10 17 16 18 -14 -16 20 -20 22 -17 29 28 -26 -21 -3 -25 -8
right_child=1 5 -4 7 -6 11 23 8 13 -11 -12 -13 14 -15 15 21 -18 -19 19 26 -22 -23 -24 24 25 -27 -28 -29 -30 -31
leaf_value=0.0016492512949986885 -0.0055894448112801774 -0.0066954136103924726 -0.056832865965610421 0.0045012033227791841 0.027615657896664168 -0.01814630675451992 0.0056864288504579266 0.033753434735967119 -0.0021502832796716719 -0.10898981695985611 0.0034381796303346924 0.0027248751903119991 0.015859274853345345 0.012427678515689241 -0.08772465059197164 0.0091592265973346829 -0.12477378280729083 -0.0027201504559988348 -0.011027072556627082 0.020077854124837268 -0.097921413497489576 0.015690972511609384 -0.096248243656476565 -0.0050873218103735475 -0.0020399336677072596 -0.019928879690701166 -0.0039143205844791151 -0.021581972478104165 0.010084281253347491 0.012033806098628828
leaf_weight=33.887843079111917 9.9990814835982746 7.8852954440153553 11.851074999426601 31.655030204783543 24.389448550413363 11.908006945690429 41.514821245135863 5.55787711167795 19.707696540266628 0.10962615559583433 3.5005790215072921 3.8532819441170423 6.2632053986453675 4.850357295585126 0.25636828731785222 3.9046502910496228 0.16996577539066571 226.92049740888251 8.4150833573148685 1.4643376686217333 0.13507216860852622 14.101534221634209 0.32344685944553919 3.2854537338353138 10.801114218265868 2.5152447834698242 4.1000707493658481 4.1557959102938167 12.813694553646199 12.62953815460787
leaf_count=2414 646 380 418 2556 1562 456 2774 535 1605 210 107 342 642 525 735 350 350 13589 210 315 385 1505 455 190 494 152 350 304 684 760
internal_value=3.18664e-09 -0.00487264 -0.0333828 0.00166558 0.0125164 0.000721281 0.00299066 -0.000242346 0.00609576 0.0204716 0.0220383 -0.0130438 -0.000960362 0.000728948 -0.00161018 0.00272383 -0.00937807 -0.00222112 -0.00801328 -0.00656545 -0.0123998 0.0123243 0.00109562 0.00512681 0.00137149 -0.00541887 0.00239949 -0.0118333 0.00698812 0.007167
internal_weight=522.925 133.212 21.8502 389.713 58.2773 111.362 95.601 331.435 33.7261 9.16808 9.05846 15.7613 297.709 24.5581 266.054 32.8705 14.5409 233.184 14.3709 14.1146 8.55016 18.3296 4.2281 83.5599 29.4155 13.3164 5.56441 12.0411 16.0991 54.1444
internal_count=36000 7600 1064 28400 3976 6536 5738 24424 2982 852 642 798 21442 2130 18886 4655 2345 14231 1995 1260 595 2310 805 5054 1520 646 665 684 874 3534
is_linear=0
shrinkage=0.08


Tree=104
num_leaves=31
num_cat=0
split_feature=2 2 2 6 6 7 6 7 6 7 7 2 6 6 6 6 7 6 6 6 6 6 6 6 2 7 6 2 2 8
split_gain=0.435615 0.601452 0.315063 0.498216 0.973554 0.229451 0.520532 0.224899 0.27077 0.212973 0.73533 0.207704 0.491087 0.843491 0.464467 0.218432 0.184476 0.218711 0.200046 0.169134 0.16249 0.324046 0.895878 0.151472 0.150757 0.145772 0.145567 0.164652 0.135633 0.47545
threshold=5.5000000000000009 7.5000000000000009 6.5000000000000009 0.25881904510252091 0.37940952255126054 -0.70710678118654757 -1.0000000180025095e-35 0.1294095225512602 -0.78656609248549303 0.78656609248549303 0.98296291314453421 8.5000000000000018 0.25881904510252091 0.37940952255126054 -0.5 0.98296291314453421 0.1294095225512602 -0.5 -0.25881904510252113 0.98296291314453421 0.12940952255126045 -0.91597561503675329 -0.60355339059327362 0.37940952255126054 9.5000000000000018 -0.78656609248549325 -0.98296291314453399 9.5000000000000018 1.5000000000000002 1.0000000180025095e-35
decision_type=2 2 2 2 2 2 2 2 2 2 2 2 2 2 2 2 2 2 2 2 2 2 2 2 2 2 2 2 2 2
left_child=28 2 5 9 -5 6 -2 11 24 16 -11 12 25 -14 26 -15 17 -4 -19 -6 21 -7 -23 -10 -9 -3 -13 -28 29 -1
right_child=1 7 3 4 19 20 -8 8 23 10 -12 14 13 15 -16 -17 -18 18 -20 -21 -22 22 -24 -25 -26 -27 27 -29 -30 -31
leaf_value=-0.00084291779670700592 0.011833501504739568 -0.0041651898444887842 -0.01414517105777556 0.087960051285361746 0.012559755709037921 0.019646413064879947 -0.027099175047271284 -0.028960384799256361 0.0041729439293571183 -0.11894876590987448 0.0057615294963697583 0.0304423254705793 0.055903783333397364 -0.016012929297693882 -0.0013255242624170031 0.016784658185507836 0.016403404977938036 0.033610753254336455 0.0022517648630370479 0.037297479960286699 0.010220306002396961 -0.13934366789577385 -0.0057070047183793524 -0.0060574573970773793 -0.0047740444227137189 -0.018296774341459474 0.027325649736364005 0.0053568642904749846 -0.0026153664679829593 0.020108275401190642
leaf_weight=73.095830093443965 4.375179149908945 15.099721530918035 3.5333149223588416 1.5053348996443663 7.1233750797691737 2.7375235657818848 4.4164247999287891 4.2118162933238628 14.512506154307628 0.37081684009171945 1.6446573887951672 4.1357235497562206 2.2703731587534994 3.1093913218937814 19.125985862920061 2.2328639235347509 12.668097600340841 1.760048941709101 5.001769633032386 2.3531928283628076 23.772666823817417 0.34245731134433288 5.1368057683575916 25.603853893175256 2.7110156894705142 6.7645461244392218 3.2510548374848423 6.6486613829038106 256.53712975315102 7.6584409933275301
leaf_count=20790 78 54 81 33 192 66 78 60 322 87 18 30 22 62 395 20 78 30 51 30 225 75 78 231 45 54 42 63 11400 1210
internal_value=-2.00681e-09 0.00310351 0.00853586 0.0139946 0.028196 0.00372241 -0.00772416 -0.000697529 -0.0048779 0.0077509 -0.0171833 0.00244179 -0.00244438 0.0150552 0.00678506 -0.00230476 0.00993937 0.00198541 0.0104143 0.0187026 0.00686825 -0.00282988 -0.0140594 -0.0023565 -0.0194889 -0.00853734 0.0178373 0.0125714 -0.0017153 0.00114402
internal_weight=523.711 186.419 76.7417 35.9606 10.9819 40.7811 8.7916 109.678 47.0392 24.9787 2.01547 62.6383 29.4769 7.61263 33.1614 5.34226 22.9632 10.2951 6.76182 9.47657 31.9895 8.21679 5.47926 40.1164 6.92283 21.8643 14.0354 9.89972 337.291 80.7543
internal_count=36000 2600 1200 600 255 600 156 1400 658 345 105 742 212 104 530 82 240 162 81 222 444 219 153 553 105 108 135 105 33400 22000
is_linear=0
shrinkage=0.08


Tree=105
num_leaves=31
num_cat=0
split_feature=2 6 2 6 2 2 7 6 7 2 6 6 2 7 6 2 2 6 7 8 7 2 2 7 6 6 6 6 2 2
split_gain=0.453915 0.681402 0.821335 0.55294 0.41036 1.1918 0.987333 2.60833 0.767068 2.00334 1.25116 0.738404 0.630332 0.385619 0.280996 0.278126 0.699968 0.986418 1.07813 0.687376 0.921065 2.09248 0.552821 0.350501 0.249921 0.246236 0.283274 0.217872 0.29056 0.260864
threshold=9.5000000000000018 -0.98296291314453399 7.5000000000000009 -0.98296291314453399 8.5000000000000018 7.5000000000000009 -0.9159756150367534 0.25881904510252091 -0.9159756150367534 5.5000000000000009 0.25881904510252091 0.25881904510252091 4.5000000000000009 -0.78656609248549325 -0.5 4.5000000000000009 1.5000000000000002 -0.37940952255126059 0.1294095225512602 1.0000000180025095e-35 0.37940952255126048 1.0000000180025095e-35 3.5000000000000004 -0.70710678118654757 0.91597561503675362 -0.91597561503675329 -0.70710678118654735 0.91597561503675362 3.5000000000000004 3.5000000000000004
decision_type=2 2 2 2 2 2 2 2 2 2 2 2 2 2 2 2 2 2 2 2 2 2 2 2 2 2 2 2 2 2
left_child=1 2 -1 -2 5 8 7 -7 9 11 -11 -3 -13 -6 -5 16 19 18 22 -10 21 -21 -18 -19 -16 -17 -27 28 -25 -29
right_child=3 4 -4 14 13 6 -8 -9 15 10 -12 12 -14 -15 24 25 17 23 -20 20 -22 -23 -24 27 -26 26 -28 29 -30 -31
leaf_value=-0.00014464302257150715 -0.028062758136089636 0.006018593117202581 0.050077291266843828 0.0043564580894933994 -0.0028269555976774565 -0.0066630115575109982 0.0022252637583679122 -0.070222604116003812 -0.0020238045553299406 0.0012424826110932394 -0.047521188298399387 -0.003860929092336277 0.033927085265663959 0.018263489750545342 -0.011671849201417658 -0.0077986790081764883 -0.082867462337180314 0.032318163937145365 -0.035664474586785871 0.01210728202086637 -0.01056984978364299 0.13158966019362262 0.042282392162093556 0.0031244793981610687 0.010874128741604022 0.007965678142247478 0.00054899922322639906 -0.084985859829195681 -0.087536445718642109 -0.013886748796009523
leaf_weight=4.4449568053905733 6.9790296223945907 15.478434229025877 3.9238033549336251 16.713760705642926 8.73491562898562 13.250658915378159 12.738357767022533 6.0047688459744668 71.020104569607156 10.369226190960033 4.9869806218484873 3.2914573230827981 19.941265646048123 15.209281819639726 24.333563161198985 18.194567686914525 0.25851945516660735 1.8919128681518511 13.952948173832738 3.3459516161160527 3.1226166340766213 1.3035153264045218 1.7899242571747891 11.398786059537084 3.6139453544747075 40.157536867511226 183.84943078027572 0.36445285423906115 0.2308242065773819 3.5210607189583243
leaf_count=1038 18 2839 24 183 92 34 332 22 17050 102 66 1705 132 296 333 288 1085 360 1800 168 880 162 310 2275 66 450 2250 770 650 220
internal_value=-3.75019e-10 0.000777867 0.0234026 -0.00712152 0.000370163 -0.000184294 -0.0150533 -0.026484 0.000980339 0.00985614 -0.0145937 0.0195551 0.0285735 0.0105696 -0.00384912 -0.000373748 -0.00366646 -0.0133703 -0.0277079 0.000448054 0.0230355 0.0456051 0.0264881 -0.000190528 -0.00875639 0.00115161 0.00187858 -0.00415464 0.00132504 -0.0205557
internal_weight=524.417 472.776 8.36876 51.6403 464.407 440.463 31.9938 19.2554 408.47 54.0674 15.3562 38.7112 23.2327 23.9442 44.6613 354.402 112.201 33.4084 16.0014 78.7922 7.77208 4.64947 2.04844 17.407 27.9475 242.202 224.007 15.5151 11.6296 3.88551
internal_count=36000 35400 1062 600 34338 33950 388 56 33562 4844 168 4676 1837 388 582 28718 25730 7470 3195 18260 1210 330 1395 4275 399 2988 2700 3915 2925 990
is_linear=0
shrinkage=0.08


Tree=106
num_leaves=31
num_cat=0
split_feature=2 2 6 8 6 10 2 2 6 6 10 6 6 6 6 6 6 2 6 6 6 6 2 2 2 2 6 6 2 6
split_gain=1.52321 0.967422 4.91252 1.84626 8.94575 0.481868 1.38499 1.25566 1.17985 0.843943 1.79609 0.785381 0.572493 0.441005 0.509039 0.396076 0.37633 0.752278 0.46726 2.99468 0.845029 1.28006 1.65549 1.14389 0.537172 0.469346 0.450178 0.382852 0.272362 0.351017
threshold=9.5000000000000018 1.0000000180025095e-35 -0.91597561503675329 1.0000000180025095e-35 -0.91597561503675329 1.5000000000000002 7.5000000000000009 8.5000000000000018 -0.98296291314453399 0.78656609248549325 1.0000000180025095e-35 0.91597561503675362 0.12940952255126045 0.60355339059327384 -0.98296291314453399 0.98296291314453421 0.98296291314453421 5.5000000000000009 0.37940952255126054 0.25881904510252091 -0.25881904510252113 -1.0000000180025095e-35 1.5000000000000002 4.5000000000000009 1.5000000000000002 4.5000000000000009 -0.37940952255126059 -0.5 6.5000000000000009 -0.5
decision_type=2 2 2 2 2 2 2 2 2 2 2 2 2 2 2 2 2 2 2 2 2 2 2 2 2 2 2 2 2 2
left_child=1 2 -1 5 -5 6 -3 16 -8 -10 -11 12 -9 14 -2 -15 18 -18 19 20 25 22 -22 -23 -20 26 27 -7 -27 -30
right_child=13 3 -4 4 -6 7 8 11 9 10 -12 -13 -14 15 -16 -17 17 -19 24 -21 21 23 -24 -25 -26 28 -28 -29 29 -31
leaf_value=-0.070281716544691925 0.035496870876684045 -0.0020745897781712674 0.0018476783927217078 0.12916197832775969 0.0010686266147038159 0.010976460726614541 -0.017567714729083989 -0.020808013936608739 0.02487884330941522 -0.16504359837780602 0.0041538118339516225 0.022134266250309578 -0.054062158729351946 0.029851902423663184 0.0031898919043156083 -0.0043283294707251816 0.024501638779150764 -0.12487304017082208 -0.094430403838216312 0.072611628343899087 0.042393289675475947 -0.12768557551541213 -0.062797098784861241 0.0087854033117954131 -0.010158453210571102 -0.014415135598901476 0.051769038654600148 -0.10055549147948042 -0.0015219207119039691 0.036495784017219923
leaf_weight=7.7502813602832239 3.6550456243567195 268.57914258256642 27.43453849198977 4.0761088762108129 24.239556060721952 9.7065151848055304 6.5153124551288775 8.829619206429923 29.334735872544115 0.43694598268484597 4.9542433359893039 1.8508078618906427 5.3033379500993751 14.270136277205895 21.375221705944568 2.5588074524421236 5.0552913803476249 0.22539718309417356 0.49141153602977183 3.4661427008550154 1.1471804208122192 0.41478651002034705 5.7922350651497254 7.5128112942911685 32.496753855702991 9.6983560547814722 1.843328048242262 0.20105568310827848 14.796379770035857 1.7367419826914545
leaf_count=1232 18 17577 9968 363 968 1083 18 95 429 40 80 22 72 150 402 30 210 30 384 264 60 418 180 110 1152 216 95 190 114 30
internal_value=-1.26462e-09 -0.0012665 -0.0140405 -0.00026483 0.019508 -0.00159665 2.13913e-05 -0.00613051 0.0136712 0.0195323 -0.00955933 -0.0268692 -0.0332865 0.0146406 0.00790752 0.0246549 -0.0026259 0.0181258 -0.00385298 0.000575956 -0.00414852 -0.0203176 -0.0454077 0.00164499 -0.0114138 0.00218035 0.0154672 0.00871313 -0.00377174 0.0024717
internal_weight=525.748 483.889 35.1848 448.704 28.3157 420.389 309.82 110.568 41.2412 34.7259 5.39119 15.9838 14.133 41.8592 25.0303 16.8289 94.5844 5.28069 89.3037 56.3155 52.8494 14.867 6.93942 7.9276 32.9882 37.9824 11.7509 9.90757 26.2315 16.5331
internal_count=36000 35400 11200 24200 1331 22869 18144 4725 567 549 120 189 167 600 420 180 4536 240 4296 2760 2496 768 240 528 1536 1728 1368 1273 360 144
is_linear=0
shrinkage=0.08


Tree=107
num_leaves=31
num_cat=0
split_feature=2 2 2 8 7 2 8 8 7 7 7 2 2 7 10 7 10 7 10 7 7 2 7 7 7 7 7 7 8 2
split_gain=1.55229 1.24639 1.50568 1.39456 3.65906 0.939495 3.46937 1.94699 1.30004 1.2416 1.08624 0.906873 0.863841 0.69249 0.679738 0.660176 0.516197 0.453943 0.443803 3.99309 1.07676 0.779995 0.76033 0.613917 0.44128 0.338883 1.51015 0.4994 1.33258 0.32974
threshold=4.5000000000000009 3.5000000000000004 1.5000000000000002 1.0000000180025095e-35 0.37940952255126048 1.0000000180025095e-35 1.0000000180025095e-35 1.0000000180025095e-35 0.91597561503675351 0.78656609248549303 0.37940952255126048 6.5000000000000009 8.5000000000000018 0.78656609248549303 1.0000000180025095e-35 0.98296291314453421 1.5000000000000002 -0.70710678118654757 1.5000000000000002 -0.70710678118654757 -0.9159756150367534 5.5000000000000009 -0.9159756150367534 -0.98296291314453399 -0.78656609248549325 0.37940952255126048 -0.12940952255126037 0.60355339059327384 1.0000000180025095e-35 5.5000000000000009
decision_type=2 2 2 2 2 2 2 2 2 2 2 2 2 2 2 2 2 2 2 2 2 2 2 2 2 2 2 2 2 2
left_child=1 2 5 13 -5 6 -1 8 -7 -9 -8 18 -13 -4 -3 -10 24 -18 20 21 23 22 -20 -2 -14 26 -19 -27 -29 -21
right_child=11 14 3 4 -6 7 10 9 15 -11 -12 12 16 -15 -16 -17 17 25 19 29 -22 -23 -24 -25 -26 27 -28 28 -30 -31
leaf_value=-0.0034057761621548973 -0.0010363101297870816 -0.018171678222178803 0.0056769257699170426 0.13748429925966701 0.0014776094368290143 -0.0027290798724278376 0.15843707885358838 -0.065807349518940295 -0.053376389007612879 -0.0029439078023397996 -0.083364188343668155 -0.0082313411197133292 -0.01852693238790799 -0.084976261376182388 -0.054606970632035692 0.0017506116725684669 0.036473611978711289 0.012413444437538801 -0.064471620858939732 0.0077246061686572698 0.0043769715844001805 0.0060903677562378538 -0.021268251962998079 0.025291953175094417 0.003369424287848108 0.043596280858885166 -0.14830216158870591 -0.13354125562845903 0.051738860872750835 0.025406234198016332
leaf_weight=32.479446853681338 7.1348409412894389 11.382356513251578 12.041130017661089 1.9640124009583804 3.5620494034119474 39.563143484252578 1.1131478950394456 6.9719257582537448 5.4780017224838948 2.8257528871108661 0.13312095629044041 79.356699312883393 6.6004257633903753 0.56458236460457634 4.6019041138274579 1.8631787727936169 5.3701028381037759 1.9183763098553757 6.7861170453252262 29.448812312366499 164.86812101303258 2.0299569179478558 4.2333831706782794 27.574402794343769 54.763969346953672 2.088573772925884 0.46485256537562047 0.42240767741168361 0.60321142885368317 8.7573360593232774
leaf_count=10584 84 800 5355 105 280 9126 168 324 756 270 448 1000 184 1260 1200 324 52 38 56 296 2064 52 48 252 616 19 29 55 7 148
internal_value=1.07317e-09 -0.00780486 -0.00473394 0.0163064 0.0498156 -0.00895278 0.00162039 -0.0152416 -0.00846628 -0.0476769 0.132609 0.0024155 -0.0024697 0.00161677 -0.0286615 -0.0393853 0.00386026 0.0199306 0.00536782 -0.00127233 0.00707315 -0.0394795 -0.0478741 0.0198799 0.00101423 0.0037708 -0.0189344 0.0211466 -0.0245699 0.0117775
internal_weight=526.965 124.544 108.559 18.1318 5.52606 90.4277 33.7257 56.702 46.9043 9.79768 1.24627 402.422 151.589 12.6057 15.9843 7.34118 72.2319 10.8675 250.833 51.2556 199.577 13.0495 11.0195 34.7092 61.3644 5.49742 2.38323 3.11419 1.02562 38.2061
internal_count=36000 31000 29000 7000 385 22000 11200 10800 10206 594 616 5000 2000 6615 2000 1080 1000 200 3000 600 2400 156 104 336 800 148 67 81 62 444
is_linear=0
shrinkage=0.08


Tree=108
num_leaves=31
num_cat=0
split_feature=2 2 6 6 6 6 2 2 7 6 6 7 7 2 7 6 7 7 2 2 7 7 6 7 6 6 7 7 6 2
split_gain=0.366167 0.857443 1.22961 0.862967 1.93771 0.855132 0.325059 2.73068 0.43226 0.345722 0.282958 0.269072 0.24402 0.208709 0.267293 0.173947 0.164556 0.160211 0.339073 0.153473 0.360454 0.488148 0.187846 0.1971 0.167176 0.683285 0.150376 0.423122 0.327624 0.236504
threshold=6.5000000000000009 9.5000000000000018 -0.91597561503675329 0.25881904510252091 0.37940952255126054 -0.98296291314453399 4.5000000000000009 3.5000000000000004 -0.37940952255126015 -0.91597561503675329 -0.98296291314453399 -0.98296291314453399 0.78656609248549303 7.5000000000000009 0.60355339059327384 -0.5 -0.98296291314453399 -1.0000000180025095e-35 5.5000000000000009 5.5000000000000009 -0.9159756150367534 -0.70710678118654757 0.91597561503675362 -0.9159756150367534 -1.0000000180025095e-35 -0.60355339059327362 0.98296291314453421 0.60355339059327384 -0.37940952255126059 8.5000000000000018
decision_type=2 2 2 2 2 2 2 2 2 2 2 2 2 2 2 2 2 2 2 2 2 2 2 2 2 2 2 2 2 2
left_child=6 2 10 26 -5 -3 7 16 -9 17 -2 -7 -10 14 -6 -13 -1 -8 -19 22 -21 -22 23 -11 25 -23 27 -4 -29 -28
right_child=1 5 3 4 13 11 9 8 12 19 -12 15 -14 -15 -16 -17 -18 18 -20 20 21 24 -24 -25 -26 -27 29 28 -30 -31
leaf_value=-0.081364713861855037 0.046923340249438096 -0.03014991984980183 0.00023467060535318788 0.069688548616144999 0.025097793999519859 0.030035123975467665 -0.0095716997056757465 -0.084456789013335851 0.050888067941140619 -0.0066919036779134744 0.022196700710331255 0.0042865215526139665 -0.082810655672720723 0.001746167922248211 -0.0056035541554055124 -0.0063666302547572594 -0.0010625864398506792 -0.10906733441410874 -0.021421819787012551 0.02647973204037847 -0.02516772604286574 -0.1358205754408304 -0.0092638832478624186 -0.00058795938365120834 0.0056612254715018972 -0.0016822188077398909 -0.0029151575595185858 -0.016759114310267401 -0.099551121433072529 0.043187869517274893
leaf_weight=0.16357710180818585 4.4956086751772082 7.3837691405788055 40.330965993329301 3.6658621355309178 6.7953238480258733 1.7540378128178407 11.694287961043299 0.15739660763392649 7.9269149921901754 44.40184999826306 8.6819714291468681 16.702930333238324 0.08834145374567004 15.620616903906921 2.4762650295160711 23.767846469592772 103.84857000801549 0.3055279726650032 3.7476430583192268 3.6611614016001104 4.2863685799529767 0.27086327507277053 26.255553145485464 142.55937908648048 26.481775525855483 2.365941773401576 1.7833728797268114 7.4432044242275879 0.31901004302926494 1.185537114739418
leaf_count=1015 42 18 329 77 174 21 195 750 840 336 112 183 410 296 48 378 27985 108 27 84 72 75 264 1536 243 60 30 175 105 12
internal_value=3.50739e-09 0.00345759 0.00799636 0.00424998 0.0153868 -0.00503262 -0.00130185 0.00230975 0.0468363 -0.00282487 0.0306323 -0.000640402 0.0494145 0.00738978 0.016898 -0.00196991 -0.00118888 -0.0143222 -0.0280285 -0.00210147 0.00264983 3.80876e-05 -0.00292745 -0.0020376 0.00374848 -0.0154615 -0.00197863 -0.00305729 -0.0201617 0.0154946
internal_weight=520.621 142.406 92.7977 79.6202 28.5581 49.6086 378.215 112.185 8.17265 266.03 13.1776 42.2248 8.01526 24.8922 9.27159 40.4708 104.012 15.7475 4.05317 250.283 37.0661 33.4049 213.217 186.961 29.1186 2.63681 51.0621 48.0932 7.76221 2.96891
internal_count=36000 2000 1400 1246 595 600 34000 31000 2000 3000 154 582 1250 518 222 561 29000 330 135 2670 534 450 2136 1872 378 135 651 609 280 42
is_linear=0
shrinkage=0.08


Tree=109
num_leaves=31
num_cat=0
split_feature=2 7 6 7 6 2 2 6 2 6 6 6 2 2 6 6 2 6 6 8 6 7 7 2 2 6 7 2 7 2
split_gain=0.65189 1.92575 3.44248 1.64757 0.956045 0.685168 1.78378 0.663899 0.580928 0.422765 0.311544 0.217568 0.201678 0.2011 0.186074 0.148918 0.137135 0.131045 0.193369 0.146796 0.129371 0.137107 0.34721 0.174105 0.145903 0.288864 0.141377 0.125986 0.118367 0.116149
threshold=6.5000000000000009 -0.9159756150367534 0.25881904510252091 -0.9159756150367534 0.25881904510252091 4.5000000000000009 3.5000000000000004 -0.91597561503675329 4.5000000000000009 -0.78656609248549303 -0.98296291314453399 0.37940952255126054 7.5000000000000009 5.5000000000000009 0.91597561503675362 -0.70710678118654735 9.5000000000000018 -0.70710678118654735 -0.78656609248549303 1.0000000180025095e-35 -1.0000000180025095e-35 0.60355339059327384 0.37940952255126048 5.5000000000000009 5.5000000000000009 0.78656609248549325 0.25881904510252057 1.0000000180025095e-35 0.25881904510252057 9.5000000000000018
decision_type=2 2 2 2 2 2 2 2 2 2 2 2 2 2 2 2 2 2 2 2 2 2 2 2 2 2 2 2 2 2
left_child=3 2 12 4 13 6 -5 10 -6 -8 -7 29 -2 27 15 -11 -14 18 -9 -20 -19 22 24 -24 25 -22 -27 -1 -26 -3
right_child=1 11 -4 5 8 7 9 17 -10 14 -12 -13 16 -15 -16 -17 -18 20 19 -21 21 -23 23 -25 28 26 -28 -29 -30 -31
leaf_value=-0.082141785911925086 0.011867010659848208 0.0010312461357283003 -0.057863884982618262 -0.0011560698542514617 -0.0036883884759998267 -0.0050638719009450687 -0.051211211501553722 0.00018656331948708034 0.032601682108391435 -0.026318087673547957 0.027012104534605182 -0.0036675105033237448 -0.0098179247178602404 0.01971481334612488 -0.0053081194489250985 -0.085931562768548728 0.010876903800589288 -0.0030647605801354984 0.017989212679724469 -0.0010289720199952983 -0.0096235258377108772 0.0052545204558234956 -0.030244163638078674 -0.0025189701468309755 0.0055352058040517727 0.0046156620705852932 -0.013737317093229475 0.00042578563467030457 0.025790768269974583 0.0080498262557254906
leaf_weight=0.11913830912090517 4.4454042888246503 46.609120834280475 11.058741539920446 99.04324797117647 3.2871013226958921 2.4153509851312256 4.4168039929927536 15.228022922499804 19.999752734169306 7.8173405756897392 9.8045558745634462 49.03969834104646 15.841067516710611 4.0593127682805052 3.0978000382019664 0.27771398844743078 2.3538005059817797 45.169349690258969 10.409761479357256 3.4611537075834358 15.645881671807727 48.422778826381546 3.4879266375210127 2.4804516364820302 11.337527560768647 36.024175106140319 2.9027032838203004 16.271825039393661 2.2055729967541984 22.315149166322954
leaf_count=952 51 686 110 24940 1705 90 360 210 165 110 240 740 68 51 220 1030 51 540 135 30 216 465 156 39 123 276 48 1887 12 294
internal_value=5.0255e-10 -0.0044126 -0.0212787 0.0018216 0.016395 -0.000147828 -0.0051175 0.00257849 0.0274791 -0.0302528 0.0206721 0.000405589 -0.00340856 0.00377358 -0.0219824 -0.0283632 -0.00714071 0.00145486 0.00641065 0.0132437 0.000594825 0.00194414 -0.000219576 -0.0187216 0.00140159 -0.000442867 0.00324712 -0.00017436 0.00883394 0.0033036
internal_weight=519.048 151.663 33.699 367.385 43.7371 323.648 114.653 208.995 23.2869 15.6097 12.2199 117.964 22.6403 20.4503 11.1929 8.09505 18.1949 196.775 29.0989 13.8709 167.676 122.507 74.0842 5.96838 68.1159 54.5728 38.9269 16.391 13.5431 68.9243
internal_count=36000 2000 280 34000 4760 29240 26660 2580 1870 1720 330 1720 170 2890 1360 1140 119 2250 375 165 1875 1335 870 195 675 540 324 2839 135 980
is_linear=0
shrinkage=0.08


Tree=110
num_leaves=31
num_cat=0
split_feature=10 6 7 7 6 7 7 7 6 10 8 10 7 7 6 6 8 8 7 6 6 6 10 10 7 7 6 6 6 8
split_gain=0.346893 1.11267 0.975173 2.3389 0.608598 0.523649 0.40236 0.521367 0.893525 1.17217 0.781429 0.287356 0.213224 0.20556 0.244617 0.193677 0.192638 0.170206 0.134919 0.22232 0.390011 0.0982337 0.0719703 0.0674642 0.399287 0.144845 0.125624 0.0588215 0.0535706 0.0476736
threshold=1.0000000180025095e-35 -1.0000000180025095e-35 -0.9159756150367534 -0.98296291314453399 -0.37940952255126059 -0.37940952255126015 0.91597561503675351 0.60355339059327384 -0.60355339059327362 1.5000000000000002 1.0000000180025095e-35 1.5000000000000002 0.1294095225512602 0.60355339059327384 -0.60355339059327362 -0.98296291314453399 1.0000000180025095e-35 1.0000000180025095e-35 0.37940952255126048 0.37940952255126054 1.0000000180025095e-35 0.91597561503675362 1.5000000000000002 1.5000000000000002 1.0000000180025095e-35 0.25881904510252057 0.12940952255126045 0.78656609248549325 0.25881904510252091 1.0000000180025095e-35
decision_type=2 2 2 2 2 2 2 2 2 2 2 2 2 2 2 2 2 2 2 2 2 2 2 2 2 2 2 2 2 2
left_child=4 6 3 -3 13 22 7 11 9 17 -11 12 -2 15 16 -1 -15 -9 19 20 -6 -21 -4 24 -7 -26 -25 -28 -22 -10
right_child=1 2 5 -5 18 23 -8 8 29 10 -12 -13 -14 14 -16 -17 -18 -19 -20 21 28 -23 -24 26 25 -27 27 -29 -30 -31
leaf_value=0.013864364238254703 -0.0070820466772040219 0.0036077512916538506 0.00054453559869089045 0.071118333308118023 0.0075847573214370776 -0.095009751528909253 0.015050946984681606 0.036647892512013509 -0.0070149653336929064 -0.059273140678222529 0.031248367595997958 0.0029250806256462892 -0.10454145817666455 0.015826624137847162 0.0011748325761561766 -0.00075338386565836882 -0.0042385979854550615 -0.10858121438386807 -0.0068476352439926693 0.0028495040247165631 -0.0043958659097840871 -0.0029809571433583515 -0.0090319574980113736 -0.012250678546526499 -0.0033902876213907853 0.017299039414393931 0.012660544873604638 0.0061027700538828986 -0.011987350310271188 0.0030412491876499977
leaf_weight=6.2640747339464715 28.495678211844737 8.9910353537252359 8.2208755346073303 5.1745552901920737 9.5235234410101821 0.21534582272579683 7.0641495318395746 1.3156127333422771 6.4178592183234286 6.0943329790025018 0.67825735393853381 39.975477378609867 0.14439874500385386 19.777790944033772 23.58189054770628 78.456585485386313 3.623189251695293 0.053757570894958806 80.50662480781466 39.347796131623909 7.3790912711810952 34.895834338174609 12.909519825458119 1.9582317982640223 2.4978986594724146 16.282507337324205 13.911151276082817 23.612988805129135 30.69945717387418 5.6938021277383086
leaf_count=642 1645 511 805 803 1070 280 438 315 730 342 76 2356 525 963 1498 4922 214 70 5350 2461 749 2354 874 228 350 1680 950 1330 1177 292
internal_value=3.4261e-09 0.00273205 0.00892893 0.0282687 -0.0015515 0.00548759 -0.00332536 -0.00478608 -0.0160644 -0.0365586 -0.0502076 -0.00145699 -0.00757342 0.00268104 0.00692515 0.000327423 0.0127199 0.0309466 -0.0043063 -0.00262718 -0.00689485 0.000109083 -0.00530618 0.0093878 0.0133052 0.0145472 0.00750304 0.0085339 -0.0105162 -0.00228745
internal_weight=523.763 189.707 93.7741 14.1656 334.056 79.6085 95.9333 88.8692 20.2536 8.14196 6.77259 68.6156 28.6401 131.704 46.9829 84.7207 23.401 1.36937 202.352 121.846 47.6021 74.2436 21.1304 58.4781 18.9958 18.7804 39.4824 37.5241 38.0785 12.1117
internal_count=36000 14600 7811 1314 21400 6497 6789 6351 1825 803 418 4526 2170 8239 2675 5564 1177 385 13161 7811 2996 4815 1679 4818 2310 2030 2508 2280 1926 1022
is_linear=0
shrinkage=0.08


Tree=111
num_leaves=31
num_cat=0
split_feature=2 2 6 6 6 6 6 6 6 6 6 2 2 2 6 8 6 6 8 2 6 6 10 6 10 6 6 6 10 6
split_gain=0.209655 0.917657 2.96171 1.63928 1.27723 0.475361 1.16527 0.368418 1.03492 0.905957 0.361117 0.47445 3.25507 0.421357 0.389893 0.343791 0.320133 0.394341 0.31457 0.311831 0.305203 0.299297 0.279018 0.277788 0.401307 1.94923 0.39783 0.260526 2.19929 1.06916
threshold=7.5000000000000009 6.5000000000000009 -0.37940952255126059 0.60355339059327384 0.91597561503675362 0.12940952255126045 -1.0000000180025095e-35 -0.78656609248549303 -0.70710678118654735 -0.5 -0.37940952255126059 4.5000000000000009 3.5000000000000004 1.5000000000000002 -0.98296291314453399 1.0000000180025095e-35 0.25881904510252091 -0.25881904510252113 1.0000000180025095e-35 8.5000000000000018 -1.0000000180025095e-35 -0.98296291314453399 1.5000000000000002 0.91597561503675362 1.0000000180025095e-35 0.98296291314453421 0.98296291314453421 -0.78656609248549303 1.5000000000000002 -0.70710678118654735
decision_type=2 2 2 2 2 2 2 2 2 2 2 2 2 2 2 2 2 2 2 2 2 2 2 2 2 2 2 2 2 2
left_child=1 10 7 5 -5 6 -4 22 -9 -10 11 12 13 -1 -15 27 17 19 -16 -2 -19 -21 -3 -18 25 -25 -26 -13 29 -29
right_child=16 2 3 4 -6 -7 -8 8 9 -11 -12 15 -14 14 18 -17 23 20 -20 21 -22 -23 -24 24 26 -27 -28 28 -30 -31
leaf_value=-0.00082008193614169548 -0.0084248637550796961 0.035069594851849892 -0.05678849757705845 0.016844112033811937 -0.037380201244065915 -0.061004167066882373 -0.00015702258583619262 0.088808073695253884 -0.12678275763787361 0.022726085419676304 0.0023991348920763662 -0.0025202625916416537 0.057274053257688314 0.0088193134864935473 -0.085390670938864738 0.0038143178212345203 -0.005587218504822633 0.02816546378665593 -0.025754801435793381 0.027286921582492806 0.0072743708246717454 0.0039398809373408132 0.0034466762150982058 -0.15919195589121041 0.045433716138324691 0.019566802580326417 0.0005589931837963381 -0.02629578749815575 -0.14235405048526151 -0.00017409620337733041
leaf_weight=41.980669822571144 11.771390981724833 2.1216383612481886 5.5301012876589084 6.9446142197120917 4.6360236064065248 6.5174226829840327 4.0126272088382446 1.4764839149429474 0.30111277219839516 1.872033715946597 236.69530426558777 25.14112048484094 6.2794214926743726 1.9494651509230605 0.64508595965889881 16.691012461324135 32.534593131735164 8.1970037771970965 4.6223880507750437 3.984958938817722 9.8579885034414474 29.743309290555775 11.277787231258117 0.48296517552807872 2.6922659750562161 2.0368889886885881 2.3839406277402304 16.323427437688224 0.82219378685112943 26.002775925444439
leaf_count=8470 166 36 48 114 66 102 39 33 60 30 20910 480 770 210 2135 150 441 70 350 30 154 385 72 36 48 30 40 108 105 312
internal_value=7.56567e-10 -0.000792187 -0.0116317 -0.0278062 -0.00486326 -0.0443499 -0.0329755 0.0145913 0.0371248 0.00201003 0.000492214 -0.00272128 0.00303333 -0.00388978 -0.0217461 -0.00647801 0.00322301 0.00675534 -0.0330582 0.00278574 0.016759 0.00669831 0.00845379 -0.00237111 0.0114037 -0.0146948 0.0243592 -0.00899361 -0.0127654 -0.0102481
internal_weight=525.528 421.843 44.6898 27.6408 11.5806 16.0602 9.54273 17.0491 3.64963 2.17315 377.153 140.458 55.477 49.1976 7.21694 84.9805 103.685 63.5547 5.26747 45.4997 18.055 33.7283 13.3994 40.1307 7.59606 2.51985 5.07621 68.2895 43.1484 42.3262
internal_count=36000 34600 600 369 180 189 87 231 123 90 34000 13090 11935 11165 2695 1155 1400 805 2485 581 224 415 108 595 154 66 88 1005 525 420
is_linear=0
shrinkage=0.08


Tree=112
num_leaves=31
num_cat=0
split_feature=2 7 7 7 7 7 2 10 7 2 2 2 2 10 7 7 2 7 2 7 10 7 2 10 7 7 7 7 7 2
split_gain=1.22815 0.397854 0.335654 0.116487 0.215898 0.0988155 0.582395 1.06879 1.96673 1.22905 1.79351 0.646588 0.386492 0.951478 1.92356 1.7785 1.7046 0.493654 0.381134 0.342555 0.281236 0.910376 0.337212 0.524252 0.469679 0.34679 0.600136 0.322733 0.706237 0.37357
threshold=9.5000000000000018 -0.12940952255126037 0.78656609248549303 -1.0000000180025095e-35 0.25881904510252057 -0.12940952255126037 6.5000000000000009 1.5000000000000002 -0.9159756150367534 5.5000000000000009 1.5000000000000002 5.5000000000000009 6.5000000000000009 1.0000000180025095e-35 0.25881904510252057 0.98296291314453421 8.5000000000000018 1.0000000180025095e-35 5.5000000000000009 -0.9159756150367534 1.0000000180025095e-35 0.98296291314453421 1.5000000000000002 1.5000000000000002 0.25881904510252057 0.98296291314453421 0.91597561503675351 0.60355339059327384 0.78656609248549303 1.0000000180025095e-35
decision_type=2 2 2 2 2 2 2 2 2 2 2 2 2 2 2 2 2 2 2 2 2 2 2 2 2 2 2 2 2 2
left_child=5 -2 3 -3 -5 6 7 19 9 10 -9 -10 18 14 16 -16 -14 -15 20 -1 21 -7 24 25 -22 26 -24 -26 -29 -30
right_child=1 2 -4 4 -6 12 -8 8 11 -11 -12 -13 13 17 15 -17 -18 -19 -20 -21 22 -23 23 -25 27 -27 -28 28 29 -31
leaf_value=0.0074462911414015856 -0.0015196816536821531 0.032786230690322424 0.002797035324183282 0.0038896970761716611 0.02334637194307523 -0.0035571018801819 0.0076965875926234889 0.029197989378557002 0.0018078438037516156 0.0074333650423471041 -0.071072686130593796 -0.03210878664200658 0.035222905362645024 -0.019171846623777397 -0.069228356506976438 0.037607348220029355 -0.035009342051331896 0.0044471865045501756 0.008629473446440477 -0.0013107346413596494 -0.085769464454744593 -0.094763827820938534 0.013672775975432091 -0.0068987208866932367 0.02817555236092549 0.060389154093343528 -0.12215781785056638 -0.08740212967129557 -0.015711606309356484 0.017556169318497267
leaf_weight=41.51277663969995 9.5022835347481287 4.7700165039859703 8.0708755169034685 4.7237001186658807 16.057747701182961 125.32209664620314 49.842679276021954 1.347451146284582 26.845858438431609 2.5360524004063327 7.4751031855676047 4.1539817835437125 4.5855657417560014 7.2490519994171327 6.6219835858937577 1.1740509319351984 4.2723624472273514 25.891405581411163 24.645346557023004 91.830247834304373 0.31258366987185837 0.70433814331772637 7.4261796882219624 28.511434755622759 6.1044235858662459 0.98110726248705749 0.21418189914402308 0.50036468986581795 2.8370373273864944 9.0556282250545337
leaf_count=3780 270 18 123 57 132 10504 630 532 2108 28 420 62 25 30 158 12 25 520 330 8370 1050 606 801 1650 966 54 135 882 943 779
internal_value=1.85998e-09 0.0129343 0.0170193 0.0215117 0.0189238 -0.00115735 6.40322e-05 -0.00210116 -0.0131716 -0.0416496 -0.0557585 -0.00273699 -0.00223171 -0.0085585 -0.0241583 -0.0531393 0.00134844 -0.000719175 -0.000706941 0.00141553 -0.00197143 -0.00406684 0.00274902 -0.00167161 0.0114758 0.0156146 0.00986504 0.0131191 0.00570279 0.00962002
internal_weight=525.078 43.1246 33.6223 25.5515 20.7814 481.953 225.544 175.701 42.3584 11.3586 8.82255 30.9998 256.409 49.7944 16.654 7.79603 8.85793 33.1405 206.615 133.343 181.969 126.026 55.9429 37.1329 18.81 8.62147 7.64036 18.4975 12.393 11.8927
internal_count=36000 600 330 207 189 35400 15930 15300 3150 980 952 2170 19470 770 220 170 50 550 18700 12150 18370 11110 7260 2640 4620 990 936 3570 2604 1722
is_linear=0
shrinkage=0.08


Tree=113
num_leaves=31
num_cat=0
split_feature=2 2 6 8 6 2 6 6 2 2 6 6 2 7 7 7 6 7 6 7 7 7 6 2 7 2 2 7 7 6
split_gain=0.343554 0.622892 0.790033 0.533915 0.764483 1.26567 0.386827 0.34593 0.216318 0.386939 0.164443 0.15744 0.145345 0.24663 0.177713 0.213624 0.946894 0.135664 0.134677 1.24 0.269215 0.187711 0.212617 0.42977 0.154159 0.167869 0.125342 0.26895 0.408494 0.290633
threshold=9.5000000000000018 5.5000000000000009 -0.98296291314453399 1.0000000180025095e-35 -0.60355339059327362 8.5000000000000018 0.98296291314453421 -0.98296291314453399 7.5000000000000009 6.5000000000000009 0.91597561503675362 -0.5 8.5000000000000018 -0.37940952255126015 0.25881904510252057 0.98296291314453421 0.78656609248549325 0.25881904510252057 0.12940952255126045 -0.9159756150367534 -0.70710678118654757 0.1294095225512602 -0.5 6.5000000000000009 -0.5 7.5000000000000009 4.5000000000000009 0.60355339059327384 0.78656609248549303 0.98296291314453421
decision_type=2 2 2 2 2 2 2 2 2 2 2 2 2 2 2 2 2 2 2 2 2 2 2 2 2 2 2 2 2 2
left_child=1 26 -3 6 5 -5 12 -2 9 -8 11 -9 18 -14 -15 16 -16 -12 21 -20 -21 22 23 -4 -22 -26 -1 29 -29 -28
right_child=7 2 3 4 -6 -7 8 10 -10 -11 17 -13 13 14 15 -17 -18 -19 19 20 24 -23 -24 -25 25 -27 27 28 -30 -31
leaf_value=-0.0031986105142146832 -0.023436848253159299 0.041900807564372845 -0.12456728581356984 -0.13945252870499342 -0.14343307494441648 0.069275699769797888 0.0070132068348262916 0.0007083968547213895 0.01064057364426739 -0.032621899145882288 0.0023170298680372527 -0.0094467861237699218 0.0045391221677692504 0.031181650023125031 -0.11874434737446825 0.039162912224808541 0.01517782219303266 0.036588843574977714 0.045950298004496494 -0.016362626886296947 0.013782526899477 0.0072121981083492015 0.00030509085868394339 -0.013052491911006395 0.0044659917843858669 -0.015991355258685693 -0.0031412158791249583 0.011996035687054239 -0.00039835812731015886 0.0095620266140104479
leaf_weight=121.86990047785821 6.5544412378221741 3.6741754242393645 0.23605895796208587 0.28944561533717206 0.37595359570695908 0.51985031832009554 2.4746328721521405 16.90464545978466 2.1949623454129323 4.3428844969021156 2.3513574422686352 23.151809895090992 12.765822522836972 5.3608463956043106 0.38680949671834275 1.1137134383898226 2.6717642254661769 1.0781605523079636 4.8804998763298491 4.0660374697763464 9.9458565618842822 24.335760010377271 26.025978627149019 3.50978894229047 20.332787663588537 2.9381138454482416 131.27175179478581 25.97015505458694 49.371169796868344 12.635969187656881
leaf_count=31000 18 60 63 48 50 12 30 183 40 30 54 333 150 42 108 12 34 12 88 64 80 328 216 105 330 110 1536 252 492 120
internal_value=-9.27871e-10 0.00066613 0.00532252 0.00427881 -0.049167 -0.00537619 0.00477533 -0.00630398 -0.0112025 -0.0182351 -0.00372162 -0.00516109 0.0059898 0.0118096 0.0215455 0.00916437 -0.00175895 0.0130913 0.00464178 0.00803139 0.00306762 0.00200042 -0.00225973 -0.02008 0.00544607 0.00188311 -0.00114174 1.56928e-06 0.00387399 -0.00202579
internal_weight=523.601 473.561 132.442 128.768 1.18525 0.809296 127.582 50.0404 9.01248 6.81752 43.486 40.0565 118.57 22.299 9.53313 4.17229 3.05857 3.42952 96.2709 42.1633 37.2828 54.1076 29.7718 3.74585 33.2168 23.2709 341.119 219.249 75.3413 143.908
internal_count=36000 35400 2000 1940 110 60 1830 600 100 60 582 516 1730 346 196 154 142 66 1384 672 584 712 384 168 520 440 33400 2400 744 1656
is_linear=0
shrinkage=0.08


Tree=114
num_leaves=31
num_cat=0
split_feature=10 6 6 10 6 6 10 7 6 6 7 7 7 6 6 10 7 6 7 6 7 6 6 6 6 6 6 8 6 6
split_gain=0.656235 1.36387 2.01421 3.15463 0.923696 1.03061 0.565639 0.917813 0.401511 0.393065 0.375041 0.260299 0.207424 0.151414 0.158752 0.265376 0.123504 0.120828 0.238367 0.11305 0.089674 0.0713507 0.296418 0.0685057 0.258729 0.0751816 0.0661798 0.145516 0.0534972 0.047671
threshold=1.0000000180025095e-35 0.25881904510252091 0.37940952255126054 1.5000000000000002 0.25881904510252091 0.37940952255126054 1.5000000000000002 1.0000000180025095e-35 -0.98296291314453399 -0.91597561503675329 1.0000000180025095e-35 0.25881904510252057 0.91597561503675351 -0.70710678118654735 -0.78656609248549303 1.5000000000000002 0.91597561503675351 0.78656609248549325 0.37940952255126048 0.60355339059327384 0.1294095225512602 0.78656609248549325 0.98296291314453421 0.78656609248549325 0.91597561503675362 0.98296291314453421 0.12940952255126045 1.0000000180025095e-35 -1.0000000180025095e-35 0.91597561503675362
decision_type=2 2 2 2 2 2 2 2 2 2 2 2 2 2 2 2 2 2 2 2 2 2 2 2 2 2 2 2 2 2
left_child=4 9 3 -3 8 -6 11 29 -1 20 -7 21 13 14 15 -11 -10 19 -19 -9 -2 -4 -23 -12 -25 -26 27 28 -18 -8
right_child=1 2 6 -5 5 10 7 17 16 12 23 -13 -14 -15 -16 -17 26 18 -20 -21 -22 22 -24 24 25 -27 -28 -29 -30 -31
leaf_value=0.017705402055370967 -0.012341810407160578 -0.078036113805882115 -0.00087742122762071446 0.0038968681752401119 0.02338094366736523 -0.00074681923567587489 0.00090674537451443913 -0.023740446973733637 -0.0011621402879041672 -0.093774417500076326 0.0052733658771458129 0.012110425907243429 0.012274648311569077 0.00040588294739476153 0.021637033330434347 0.0057949064510514885 -0.019112646058583468 -0.01216145047764697 -0.028972381263541621 -0.0079493023272776669 0.00027111262962562925 -0.094813993279125347 -0.0072517478199143493 0.018833690377710596 -0.0030263727783145489 0.0078384204141698187 -0.003372855554233385 0.00363270148941577 -0.0074495757873373125 0.0094054425302174931
leaf_weight=6.7549200850626212 12.295500093761804 6.6805285615191661 8.3095304339367448 5.4701799390741144 21.385197112580499 52.257000312776654 12.006658113597952 4.0061712019742091 144.60243680840358 0.1731294462333669 25.515387432344141 12.496517442472394 17.615961177021745 54.43619721396135 4.5439391672243792 16.331053963564045 7.2795944159588517 9.5090294247493148 12.486562879043049 10.522601182819926 5.1055826739120667 0.27276144416100523 2.6641804830251203 14.796137302677378 5.4406557037727934 16.252521756388887 18.125064671628934 3.4950100346759418 3.8472402616753252 6.5166908636456347
leaf_count=642 949 385 630 418 1177 3317 874 228 9416 490 1712 1155 1533 3431 803 532 535 532 494 380 657 455 350 1391 428 1070 963 107 642 304
internal_value=4.63035e-10 -0.00357643 -0.0108325 -0.0411504 0.00225315 0.00726243 -0.00615707 -0.0106087 -0.00143766 0.00239526 0.00424569 0.00416399 0.00445803 0.00263384 0.00839596 0.00475042 -0.00216678 -0.0179651 -0.0217048 -0.0123036 -0.0086411 -0.00466569 -0.0153839 0.00845333 0.0106769 0.00511353 -0.00660305 -0.0106072 -0.01508 0.00389667
internal_weight=521.194 201.443 90.9414 12.1507 319.751 135.647 78.7907 55.0477 184.104 110.501 114.262 23.743 93.1003 75.4843 21.0481 16.5042 177.349 36.5244 21.9956 14.5288 17.4011 11.2465 2.93694 62.0047 36.4893 21.6932 32.7469 14.6218 11.1268 18.5233
internal_count=36000 14600 6205 803 21400 9095 5402 2812 12305 8395 7918 2590 6789 5256 1825 1022 11663 1634 1026 608 1606 1435 805 4601 2889 1498 2247 1284 1177 1178
is_linear=0
shrinkage=0.08


Tree=115
num_leaves=31
num_cat=0
split_feature=2 7 2 6 7 6 6 2 2 6 6 7 6 2 7 7 2 7 6 2 6 7 6 7 2 2 7 2 2 6
split_gain=0.828656 2.43434 5.33217 4.56292 1.9547 1.65622 1.39828 0.489948 0.486064 1.22107 0.718332 0.629306 0.461263 0.430014 0.57202 0.537196 0.441331 0.505609 0.315797 0.295023 0.238172 0.216526 0.447413 0.164073 0.530556 0.176027 0.158425 0.161739 0.232956 0.153481
threshold=6.5000000000000009 -0.9159756150367534 7.5000000000000009 0.25881904510252091 -0.9159756150367534 0.25881904510252091 0.25881904510252091 4.5000000000000009 9.5000000000000018 -0.98296291314453399 -0.98296291314453399 0.60355339059327384 -0.60355339059327362 2.5000000000000004 0.91597561503675351 0.60355339059327384 1.0000000180025095e-35 0.98296291314453421 0.98296291314453421 7.5000000000000009 0.12940952255126045 0.37940952255126048 0.78656609248549325 0.98296291314453421 8.5000000000000018 8.5000000000000018 0.37940952255126048 8.5000000000000018 7.5000000000000009 0.78656609248549325
decision_type=2 2 2 2 2 2 2 2 2 2 2 2 2 2 2 2 2 2 2 2 2 2 2 2 2 2 2 2 2 2
left_child=4 2 3 -2 5 -1 -4 -7 9 -3 -10 18 19 14 -6 21 -16 20 26 -13 -18 -15 -23 24 -14 -25 29 28 -28 -11
right_child=1 8 6 -5 13 7 -8 -9 10 11 -12 12 23 15 16 -17 17 -19 -20 -21 -22 22 -24 25 -26 -27 27 -29 -30 -31
leaf_value=0.00082868263950846188 0.0069875185978309608 0.045655814508593996 -0.0028184359683907723 -0.090080117606034946 -0.0021960217486403409 0.0022200579361769555 0.07340321180662733 0.035533328841454666 -0.029031512374616736 0.0026167970928643114 -0.0016346893316238099 -0.040699755470855491 -0.0045877717077516299 -0.00034526658741448321 -0.0047239622212189598 0.0062235064227692954 -0.04115098892369394 0.00066734931886051408 0.026399225500196095 0.016812422779093752 -0.094246535990854752 0.00022260824131042529 -0.026261198051204165 -0.002232289860327993 -0.12038029119720961 0.038749485153553913 0.014445438554493824 0.030773092187325931 -0.01251692189438071 -0.01873099112667858
leaf_weight=20.995256002210226 4.4670582478865954 4.3633553893305352 17.247894242114857 10.122995157471451 85.536132516055204 3.2425992910930317 1.6913903694075987 21.966111874928174 7.2320544221438459 32.52957008696103 40.011900502329809 4.2719263343606135 5.202671797553192 112.12019315691305 6.1759268211098952 98.004618930015567 4.2857336857778137 1.9100777641288003 4.4032823430607086 0.6588867401878814 0.61876209513866332 10.602367807976409 6.6388471562313489 1.748984795762226 0.26620894427469455 1.0880786753259599 7.8514052309328672 2.3065423433436072 2.7759857158453087 2.3083631932386188
leaf_count=2890 51 42 119 33 20385 1705 77 165 18 406 498 33 225 3185 1176 2170 474 474 70 44 711 210 455 30 90 12 57 38 38 119
internal_value=1.43316e-09 -0.00500798 -0.0240126 -0.0603608 0.00202621 0.0174255 0.00398861 0.0312482 0.00043737 0.00467996 -0.00582857 0.00194663 -0.0136322 -0.000157047 -0.00457153 0.00175592 -0.0202131 -0.0342507 0.00589894 -0.0330146 -0.0478496 -0.00162873 -0.00997516 -0.00212579 -0.0102242 0.0134852 0.00400937 0.0115703 0.00740259 0.00120229
internal_weight=522.645 150.549 33.5293 14.5901 372.097 46.204 18.9393 25.2087 117.019 69.7753 47.244 65.4119 13.2368 325.893 98.5266 227.366 12.9905 6.81457 52.1751 4.93081 4.9045 129.361 17.2412 8.30594 5.46888 2.83706 47.7719 12.9339 10.6274 34.8379
internal_count=36000 2000 280 84 34000 4760 196 1870 1720 1204 516 1162 434 29240 23220 6020 2835 1659 728 77 1185 3850 665 357 315 42 658 133 95 525
is_linear=0
shrinkage=0.08


Tree=116
num_leaves=31
num_cat=0
split_feature=10 6 7 10 7 6 6 6 7 10 7 6 7 6 7 8 6 7 6 7 6 8 7 10 10 6 6 8 6 7
split_gain=1.12095 0.348718 3.60034 0.27937 0.218715 0.26666 0.193006 0.158307 0.135098 0.131074 0.122375 0.119795 0.385269 0.0813376 0.0769088 0.0844258 0.148717 0.0566857 0.0551885 0.0571364 0.0483997 0.557896 0.0585864 0.148 0.0399935 0.0641368 0.0370455 0.0661328 0.0584986 0.0368189
threshold=1.0000000180025095e-35 0.12940952255126045 -0.9159756150367534 1.5000000000000002 -0.9159756150367534 0.25881904510252091 -0.91597561503675329 -0.98296291314453399 -0.60355339059327384 1.5000000000000002 0.60355339059327384 0.78656609248549325 1.0000000180025095e-35 0.98296291314453421 0.91597561503675351 1.0000000180025095e-35 -1.0000000180025095e-35 -0.37940952255126015 0.60355339059327384 -0.37940952255126015 -0.37940952255126059 1.0000000180025095e-35 0.98296291314453421 1.5000000000000002 1.5000000000000002 1.0000000180025095e-35 -0.60355339059327362 1.0000000180025095e-35 -0.78656609248549303 0.1294095225512602
decision_type=2 2 2 2 2 2 2 2 2 2 2 2 2 2 2 2 2 2 2 2 2 2 2 2 2 2 2 2 2 2
left_child=4 6 3 -3 5 -1 29 -6 24 11 17 -4 -13 -14 18 16 -16 -11 -9 -20 26 22 -22 -24 25 -8 28 -28 -10 -2
right_child=1 2 9 -5 7 -7 8 14 20 10 -12 12 13 -15 15 -17 -18 -19 19 -21 21 -23 23 -25 -26 -27 27 -29 -30 -31
leaf_value=0.00039114884667980094 -0.0085729936220195063 0.053081981015653659 -0.0041919596751264698 0.090972304446297225 0.01048127722059187 -0.012204742131861089 0.00050004936061242319 -0.00075997693406584278 0.0046595982264189036 6.1218639366998875e-05 0.013294149464501201 -0.092947457305135914 0.013785759700217873 -0.0028902031808283506 -0.017351383193881752 0.0059271212536209329 -0.0040258996431579031 0.0067807940313012825 -0.00012493567148869265 -0.0043802712340254108 0.017271763664092138 -0.14954208853641968 0.017361146372872397 -0.011367085119639724 -0.0022766285287573172 0.011558477818803772 -0.0046000385378337349 0.0075484871909180006 0.014861875873869668 -0.00039951937589349464
leaf_weight=16.537533930892096 11.328146341954382 2.2235648740697789 16.369880557696892 2.8309494474833627 6.4281347395553885 30.772342370584738 17.533230453282162 148.64366173683811 16.465381977365723 12.146717808165699 14.136286761597146 0.24111682592774641 7.161803305600186 2.5343493632644822 7.0988719771849018 3.4626843932201146 21.884245596578694 23.734118059361212 28.042967075831257 72.151164162853092 7.1315913693142612 0.13724356321472519 2.8573691365891136 1.918116479697346 21.075372898165369 4.1513489830867902 5.9645724155234365 5.5235826379994251 4.6023196720016122 5.122159070534507
leaf_count=1819 949 385 1505 418 642 1177 910 9095 1022 874 950 455 595 350 535 107 1605 1330 1605 4815 365 73 210 228 1254 245 730 292 803 657
internal_value=4.20686e-09 0.00499485 0.00891574 0.0743037 -0.00276099 -0.00780175 0.00192121 -0.00193211 0.00341808 0.00458547 0.0069898 1.41802e-05 0.00694305 0.00942705 -0.00221579 -0.0058792 -0.00728973 0.00450602 -0.00173812 -0.00318926 0.00649849 0.0108313 0.0126798 0.0058222 0.000205098 0.0026171 0.00489554 0.00124105 0.00688832 -0.00602801
internal_weight=520.211 185.189 81.3788 5.05451 335.022 47.3099 103.81 287.712 87.3601 76.3243 50.0171 26.3072 9.93727 9.69615 281.284 32.4458 28.9831 35.8808 248.838 100.194 44.6002 12.0443 11.9071 4.77549 42.76 21.6846 32.5559 11.4882 21.0677 16.4503
internal_count=36000 14600 6862 803 21400 2996 7738 18404 6132 6059 3154 2905 1400 945 17762 2247 2140 2204 15515 6420 3723 876 803 438 2409 1155 2847 1022 1825 1606
is_linear=0
shrinkage=0.08


Tree=117
num_leaves=31
num_cat=0
split_feature=10 2 7 6 7 6 10 2 2 6 2 2 2 7 2 7 6 2 6 7 2 6 2 6 2 7 6 7 6 10
split_gain=0.892899 1.31278 0.684676 0.806411 0.616194 2.03191 2.74966 0.69005 0.365252 0.354665 0.695473 0.437578 0.302707 0.296158 0.295866 0.586409 0.554584 0.466119 0.573064 0.381308 0.367756 0.540462 0.335005 0.718704 2.79878 0.664445 0.648768 0.547642 0.375091 0.644499
threshold=1.0000000180025095e-35 4.5000000000000009 -0.9159756150367534 0.25881904510252091 -0.9159756150367534 0.25881904510252091 1.5000000000000002 6.5000000000000009 3.5000000000000004 0.98296291314453421 8.5000000000000018 7.5000000000000009 5.5000000000000009 0.60355339059327384 1.5000000000000002 0.91597561503675351 0.12940952255126045 1.0000000180025095e-35 -1.0000000180025095e-35 -0.70710678118654757 1.0000000180025095e-35 0.37940952255126054 4.5000000000000009 -0.91597561503675329 8.5000000000000018 0.60355339059327384 0.37940952255126054 -0.70710678118654757 0.60355339059327384 1.5000000000000002
decision_type=2 2 2 2 2 2 2 2 2 2 2 2 2 2 2 2 2 2 2 2 2 2 2 2 2 2 2 2 2 2
left_child=1 8 3 -3 5 -2 -7 -8 -1 14 11 -11 13 -4 15 19 17 -17 -19 20 -6 -22 25 24 -24 28 -25 -28 -16 -30
right_child=4 2 12 -5 9 6 7 -9 -10 10 -12 -13 -14 -15 22 16 -18 18 -20 -21 21 -23 23 26 -26 -27 27 -29 29 -31
leaf_value=-0.0044024001199386084 -0.00067040087625460851 0.0028912389132868311 -0.0018145465186426204 0.027486099376511652 -0.0033548597789245537 -0.075700500644960769 -0.02159371435041341 0.034300198718853224 -0.02021033465525704 -0.021529123886058165 -0.14187981763357571 0.019153955327400322 0.0076210902066644517 0.0059058162600470303 0.032358042823456938 0.013304511658889892 -0.099315427254037247 -0.044939008078874479 0.0088939839833067566 0.0034651369506384661 -0.099976635489075483 -0.020079422177714613 -0.0075512161393393321 0.0091590240361764403 -0.15372483025423006 -0.085024367921650218 -0.030195571343694005 -0.0013940255258507756 -0.10013094948000165 0.014147919136863439
leaf_weight=61.624916323395155 26.736010134673052 16.090919372974895 76.99512639286695 18.162062959228933 4.9222782292126785 6.522775056129829 3.8074703608790514 2.2483829481207067 11.028656478705669 7.9588584191988012 0.2747450243332431 2.148871687008068 79.870795472059399 54.175232162437169 5.7186613854801163 2.0836094569549424 0.59719944588141594 4.6452584265935002 1.7394809194374827 23.300748379029304 0.70796613648417439 2.3093533130595461 11.579387681726981 45.134104526674491 0.90375204256270159 0.39129359660728358 4.7008776213333467 41.753300707518065 0.38945287688693508 1.6710354378592456
leaf_count=17600 1241 255 990 165 552 385 385 33 800 690 20 20 1032 558 1260 276 378 114 114 4914 304 152 176 760 44 1302 80 560 320 520
internal_value=3.08503e-10 0.00264344 0.00544109 0.0159322 -0.00415574 -0.0131452 -0.0396605 -0.000841739 -0.00680201 -0.00198661 -0.0162937 -0.01288 0.00373832 0.00137407 -0.00101286 -0.00689219 -0.0248051 -0.0195506 -0.0302726 -0.00169409 -0.0168351 -0.038826 0.0010984 -0.000126203 -0.0181339 0.0166968 0.00232817 -0.00430857 0.0218134 -0.00745193
internal_weight=520.193 317.948 245.294 34.253 202.245 39.3146 12.5786 6.05585 72.6536 162.93 10.3825 10.1077 211.041 131.17 152.548 40.3059 9.06555 8.46835 6.38474 31.2403 7.9396 3.01732 112.242 104.071 12.4831 8.17044 91.5883 46.4542 7.77915 2.06049
internal_count=36000 21400 3000 420 14600 2044 803 418 18400 12556 730 710 2580 1548 11826 6804 882 504 228 5922 1008 456 5022 1620 220 3402 1400 640 2100 840
is_linear=0
shrinkage=0.08


Tree=118
num_leaves=31
num_cat=0
split_feature=10 6 6 7 7 6 10 8 7 7 6 7 7 10 7 7 7 10 7 6 10 7 8 7 8 7 8 6 6 8
split_gain=0.175395 1.26426 0.68132 0.539765 1.12602 0.420751 0.498234 0.393688 0.189178 0.395901 0.178057 2.52271 0.181025 0.161646 0.158742 0.150309 0.272512 0.456399 0.149198 0.263159 0.120262 0.135011 0.108401 0.0869166 0.0767692 0.0660574 0.0469619 0.0417135 0.040589 0.0751124
threshold=1.0000000180025095e-35 -0.70710678118654735 -0.70710678118654735 -0.37940952255126015 -0.12940952255126037 -0.78656609248549303 1.5000000000000002 1.0000000180025095e-35 -0.37940952255126015 0.1294095225512602 0.12940952255126045 -0.9159756150367534 0.91597561503675351 1.5000000000000002 0.60355339059327384 0.78656609248549303 0.60355339059327384 1.5000000000000002 -0.9159756150367534 0.25881904510252091 1.5000000000000002 0.1294095225512602 1.0000000180025095e-35 0.91597561503675351 1.0000000180025095e-35 -0.37940952255126015 1.0000000180025095e-35 0.78656609248549325 0.12940952255126045 1.0000000180025095e-35
decision_type=2 2 2 2 2 2 2 2 2 2 2 2 2 2 2 2 2 2 2 2 2 2 2 2 2 2 2 2 2 2
left_child=2 3 8 -2 -5 20 22 -8 -1 -10 12 13 26 -12 -11 16 25 -18 19 -4 21 -6 -7 -20 -16 27 -3 -13 29 -25
right_child=1 10 18 4 5 6 7 -9 9 14 11 15 -14 -15 24 -17 17 -19 23 -21 -22 -23 -24 28 -26 -27 -28 -29 -30 -31
leaf_value=-0.0056903996156609585 0.0050683708110698987 -0.00047452938431956311 0.00087849405988079819 -0.053372370304549749 -0.0094657418928241043 0.019908248427438675 -0.045783297255283531 0.022251984381706686 0.015957391315383544 -0.00043823329546626918 0.076847580571508284 0.0024849785038356044 0.01122251617952613 0.048192005929900902 0.010325143426419443 0.011634425908885287 -0.11115510804181997 -0.006876311715998641 -0.0015558476430418927 -0.011628059000810709 0.0019834517642055246 -0.094153855561177266 -0.1071045044843621 -0.01257779850124971 -0.0025066489272363812 0.0066454523454402403 0.0073055744671080445 -0.007283009898177391 -0.0035642292977673979 0.00086873136853934333
leaf_weight=9.4506126024643873 10.610494391183236 49.259665627969298 16.491483269019227 4.3893381245022765 8.5547298138080823 1.344272834547154 4.7245754194427718 0.61521312654076599 20.094834056046238 35.087837372688227 1.7144213112014757 16.674176761829589 11.829223210157577 4.7518317767326153 18.357558556177541 12.943922099049813 0.2758881525078295 10.191596725737327 165.8438886199292 31.024087591807984 10.823352556094051 0.12219834347070069 0.044426033880881621 10.798213311238213 3.5631309121527002 33.726560008050001 5.5220248204332156 3.362179346902848 18.054221704827796 3.5271625721652518
leaf_count=856 584 3139 1819 511 210 315 342 76 1391 1605 385 1314 876 418 963 1095 350 380 11128 1177 798 525 70 1177 214 2555 292 365 963 107
internal_value=2.67685e-09 0.00192853 -0.00111129 -0.0104811 -0.0158696 -0.00959358 -0.026843 -0.0379447 0.00499249 0.0063019 0.00533368 0.00779136 0.00224768 0.0557896 0.00289845 0.00376971 0.00218478 -0.00962475 -0.00326115 -0.00728734 -0.00364173 -0.0106584 0.015845 -0.00229605 0.00823938 0.00448407 0.000309709 0.000845872 -0.00608726 -0.00926702
internal_weight=523.773 191.48 332.293 41.2286 30.6181 26.2288 6.72849 5.33979 86.554 77.1034 150.251 83.6406 66.6109 6.46625 57.0085 77.1743 64.2304 10.4675 245.739 47.5156 19.5003 8.67693 1.3887 198.223 21.9207 53.7629 54.7817 20.0364 32.3796 14.3254
internal_count=36000 14600 21400 3431 2847 2336 803 418 5029 4173 11169 6862 4307 803 2782 6059 4964 730 16371 2996 1533 735 385 13375 1177 4234 3431 1679 2247 1284
is_linear=0
shrinkage=0.08


Tree=119
num_leaves=31
num_cat=0
split_feature=2 10 2 10 6 6 2 2 6 6 6 2 6 2 10 2 6 6 6 6 2 2 6 8 6 2 2 10 2 2
split_gain=0.207896 0.501207 0.492124 0.440808 0.716734 3.48615 1.00784 0.67668 0.503573 0.337248 0.635659 1.55837 0.418914 0.383294 0.43607 0.359069 2.33126 0.321688 0.927026 2.35496 0.375447 0.327104 0.406683 0.301685 0.298145 0.441604 0.37982 0.537212 0.297944 0.273731
threshold=4.5000000000000009 1.0000000180025095e-35 3.5000000000000004 1.0000000180025095e-35 0.25881904510252091 0.37940952255126054 7.5000000000000009 5.5000000000000009 -0.98296291314453399 -0.60355339059327362 -0.78656609248549303 6.5000000000000009 0.12940952255126045 5.5000000000000009 1.5000000000000002 6.5000000000000009 -0.25881904510252113 0.78656609248549325 0.25881904510252091 0.37940952255126054 6.5000000000000009 8.5000000000000018 0.98296291314453421 1.0000000180025095e-35 0.91597561503675362 8.5000000000000018 5.5000000000000009 1.5000000000000002 6.5000000000000009 5.5000000000000009
decision_type=2 2 2 2 2 2 2 2 2 2 2 2 2 2 2 2 2 2 2 2 2 2 2 2 2 2 2 2 2 2
left_child=1 2 -1 17 8 6 7 -6 -5 10 28 -12 13 14 -11 16 -15 18 20 -20 -2 -19 -23 -16 29 26 -26 -28 -10 -7
right_child=3 -3 -4 4 5 24 -8 -9 9 12 11 -13 -14 15 23 -17 -18 21 19 -21 -22 22 -24 -25 25 -27 27 -29 -30 -31
leaf_value=-0.0041999060897278343 -0.0015487422904971833 0.0035031985156194333 -0.022096117586078778 -0.017575156815385407 -0.029208033167489388 -0.0090834884185722192 -0.0036349587565880689 -0.070308892304499215 0.02310122543212334 0.027725726180348902 -0.12707937802626135 0.049048915634401967 0.023813785298138931 -0.15854251060093466 -0.019117726925135897 -0.0029845472812103143 0.0044272885375452849 0.0010612320071568015 0.03861079222697316 0.0028854687633227778 0.0082016697647335976 -0.018996125170431116 0.019612790617209858 0.010992919206873951 0.013690012455299111 0.040885385417980452 -0.0078157447656647863 -0.11420481132612668 -0.0016393574518976904 0.0042427245540617485
leaf_weight=61.427808756219747 103.00227625020489 47.293611352558401 11.708459377037796 7.3353563833225044 4.0418609994085255 20.940034511906561 3.0961297122994429 7.0098910305241589 4.2653528655700947 5.455068456300066 0.34442675614263762 4.8317114914243575 4.7272010234446489 0.71549198601860586 3.5412936601787806 31.990838722726039 2.6146659459918729 41.996422498603351 16.389782306541747 42.251160970365163 33.492999387177406 11.608416579023467 2.0551988563965997 5.3420380922034383 7.7386446970049274 2.5564626038540146 2.9718145558144902 0.33834423462394614 11.553577864006911 18.651617672177963
leaf_count=17600 1265 12600 800 60 33 156 44 33 120 53 68 102 90 30 96 318 23 480 165 510 460 90 30 10 66 44 44 66 180 364
internal_value=4.27121e-09 -0.00291476 -0.00706493 0.000875686 -0.00255393 -0.00868137 -0.043976 -0.0552774 0.00243479 0.00438194 0.0129942 0.0373291 0.0010573 -0.00110894 0.00992223 -0.00558699 -0.0305871 0.00292777 0.00445797 0.0128705 0.000843799 -0.00243692 -0.0131888 -0.00101053 0.000705337 0.010922 0.00398909 -0.0186902 0.00503159 -0.00280551
internal_weight=521.288 120.43 73.1363 400.858 150.062 67.3448 14.1479 11.0518 82.717 75.3817 20.9951 5.17614 54.3866 49.6594 14.3384 35.321 3.33016 250.796 195.136 58.6409 136.495 55.66 13.6636 8.88333 53.1969 13.6053 11.0488 3.31016 15.8189 39.5917
internal_count=36000 31000 18400 5000 2000 850 110 66 1150 1090 470 170 620 530 159 371 53 3000 2400 675 1725 600 120 106 740 220 176 110 300 520
is_linear=0
shrinkage=0.08


end of trees

feature_importances:
time_of_day_sin=1192
time_of_day_cos=983
historical_fraud_count=896
atm_type_encoded=374
is_weekend=155

parameters:
[boosting: gbdt]
[objective: lambdarank]
[metric: ndcg]
[tree_learner: serial]
[device_type: cpu]
[data_sample_strategy: bagging]
[data: ]
[valid: ]
[num_iterations: 120]
[learning_rate: 0.08]
[num_leaves: 31]
[num_threads: 0]
[seed: 0]
[deterministic: 0]
[force_col_wise: 0]
[force_row_wise: 0]
[histogram_pool_size: -1]
[max_depth: -1]
[min_data_in_leaf: 10]
[min_sum_hessian_in_leaf: 0.001]
[bagging_fraction: 1]
[pos_bagging_fraction: 1]
[neg_bagging_fraction: 1]
[bagging_freq: 0]
[bagging_seed: 3]
[bagging_by_query: 0]
[feature_fraction: 0.85]
[feature_fraction_bynode: 1]
[feature_fraction_seed: 2]
[extra_trees: 0]
[extra_seed: 6]
[early_stopping_round: 0]
[early_stopping_min_delta: 0]
[first_metric_only: 0]
[max_delta_step: 0]
[lambda_l1: 0]
[lambda_l2: 0]
[linear_lambda: 0]
[min_gain_to_split: 0]
[drop_rate: 0.1]
[max_drop: 50]
[skip_drop: 0.5]
[xgboost_dart_mode: 0]
[uniform_drop: 0]
[drop_seed: 4]
[top_rate: 0.2]
[other_rate: 0.1]
[min_data_per_group: 100]
[max_cat_threshold: 32]
[cat_l2: 10]
[cat_smooth: 10]
[max_cat_to_onehot: 4]
[top_k: 20]
[monotone_constraints: ]
[monotone_constraints_method: basic]
[monotone_penalty: 0]
[feature_contri: ]
[forcedsplits_filename: ]
[refit_decay_rate: 0.9]
[cegb_tradeoff: 1]
[cegb_penalty_split: 0]
[cegb_penalty_feature_lazy: ]
[cegb_penalty_feature_coupled: ]
[path_smooth: 0]
[interaction_constraints: ]
[verbosity: -1]
[saved_feature_importance_type: 0]
[use_quantized_grad: 0]
[num_grad_quant_bins: 4]
[quant_train_renew_leaf: 0]
[stochastic_rounding: 1]
[linear_tree: 0]
[max_bin: 255]
[max_bin_by_feature: ]
[min_data_in_bin: 3]
[bin_construct_sample_cnt: 200000]
[data_random_seed: 1]
[is_enable_sparse: 1]
[enable_bundle: 1]
[use_missing: 1]
[zero_as_missing: 0]
[feature_pre_filter: 1]
[pre_partition: 0]
[two_round: 0]
[header: 0]
[label_column: ]
[weight_column: ]
[group_column: ]
[ignore_column: ]
[categorical_feature: ]
[forcedbins_filename: ]
[precise_float_parser: 0]
[parser_config_file: ]
[objective_seed: 5]
[num_class: 1]
[is_unbalance: 0]
[scale_pos_weight: 1]
[sigmoid: 1]
[boost_from_average: 1]
[reg_sqrt: 0]
[alpha: 0.9]
[fair_c: 1]
[poisson_max_delta_step: 0.7]
[tweedie_variance_power: 1.5]
[lambdarank_truncation_level: 30]
[lambdarank_norm: 1]
[label_gain: ]
[lambdarank_position_bias_regularization: 0]
[eval_at: 1,3,5]
[multi_error_top_k: 1]
[auc_mu_weights: ]
[num_machines: 1]
[local_listen_port: 12400]
[time_out: 120]
[machine_list_filename: ]
[machines: ]
[gpu_platform_id: -1]
[gpu_device_id: -1]
[gpu_device_id_list: ]
[gpu_use_dp: 0]
[num_gpu: 1]

end of parameters

pandas_categorical:[]
